#include "yaogui_table_image.h"

/* 用户原图羽化后预合成到界面底色，避免真机大图 alpha 混合。 */
static const uint8_t yaogui_table_map[] = {
    0xb6, 0xee, 0xb6, 0xee, 0xb6, 0xee, 0xb6, 0xee, 0xb6, 0xee, 0xb6, 0xee, 0xb6, 0xee, 0xb6, 0xee,
    0xb6, 0xee, 0xb6, 0xee, 0xb6, 0xee, 0xb6, 0xee, 0xb6, 0xee, 0xb6, 0xee, 0xb6, 0xee, 0xb6, 0xee,
    0xb6, 0xee, 0xb6, 0xee, 0xb6, 0xee, 0xb6, 0xee, 0xb6, 0xee, 0xb6, 0xee, 0xb6, 0xee, 0xb6, 0xee,
    0xb6, 0xee, 0xb6, 0xee, 0xb6, 0xee, 0xb6, 0xee, 0xb6, 0xee, 0xb6, 0xee, 0xb6, 0xee, 0xb6, 0xee,
    0xb6, 0xee, 0xb6, 0xee, 0xb6, 0xee, 0xb6, 0xee, 0xb6, 0xee, 0xb6, 0xee, 0xb6, 0xee, 0xb6, 0xee,
    0xb6, 0xee, 0xb6, 0xee, 0xb6, 0xee, 0xb6, 0xee, 0xb6, 0xee, 0xb6, 0xee, 0xb6, 0xee, 0xb6, 0xee,
    0xb6, 0xee, 0xb6, 0xee, 0xb6, 0xee, 0xb6, 0xee, 0xb6, 0xee, 0xb6, 0xee, 0xb6, 0xee, 0xb6, 0xee,
    0xb6, 0xee, 0xb6, 0xee, 0xb6, 0xee, 0xb6, 0xee, 0xb6, 0xee, 0xb6, 0xee, 0xb6, 0xee, 0xb6, 0xee,
    0xb6, 0xee, 0xb6, 0xee, 0xb6, 0xee, 0xb6, 0xee, 0xb6, 0xee, 0xb6, 0xee, 0xb6, 0xee, 0xb6, 0xee,
    0xb6, 0xee, 0xb6, 0xee, 0xb6, 0xee, 0xb6, 0xee, 0xb6, 0xee, 0xb6, 0xee, 0xb6, 0xee, 0xb6, 0xee,
    0xb6, 0xee, 0xb6, 0xee, 0xb6, 0xee, 0xb6, 0xee, 0xb6, 0xee, 0xb6, 0xee, 0xb6, 0xee, 0xb6, 0xee,
    0xb6, 0xee, 0xb6, 0xee, 0xb6, 0xee, 0xb6, 0xee, 0xb6, 0xee, 0xb6, 0xee, 0xb6, 0xee, 0xb6, 0xee,
    0xb6, 0xee, 0xb6, 0xee, 0xb6, 0xee, 0xb6, 0xee, 0xb6, 0xee, 0xb6, 0xee, 0xb6, 0xee, 0xb6, 0xee,
    0xb6, 0xee, 0xb6, 0xee, 0xb6, 0xee, 0xb6, 0xee, 0xb6, 0xee, 0xb6, 0xee, 0xb6, 0xee, 0xb6, 0xee,
    0xb6, 0xee, 0xb6, 0xee, 0xb6, 0xee, 0xb6, 0xee, 0xb6, 0xee, 0xb6, 0xee, 0xb6, 0xee, 0xb6, 0xee,
    0xb6, 0xee, 0xb6, 0xee, 0xb6, 0xee, 0xb6, 0xee, 0xb6, 0xee, 0xb6, 0xee, 0xb6, 0xee, 0xb6, 0xee,
    0xb6, 0xee, 0xb6, 0xee, 0xb6, 0xee, 0xb6, 0xee, 0xb6, 0xee, 0xb6, 0xee, 0xb6, 0xee, 0xb6, 0xee,
    0xb6, 0xee, 0xb6, 0xee, 0xb6, 0xee, 0xb6, 0xee, 0xb6, 0xee, 0xb6, 0xee, 0xb6, 0xee, 0xb6, 0xee,
    0xb6, 0xee, 0xb6, 0xee, 0xb6, 0xee, 0xb6, 0xee, 0xb6, 0xee, 0xb6, 0xee, 0xb6, 0xee, 0xb6, 0xee,
    0xb6, 0xee, 0xb6, 0xee, 0xb6, 0xee, 0xb6, 0xee, 0xb6, 0xee, 0xb6, 0xee, 0xb6, 0xee, 0xb6, 0xee,
    0xb6, 0xee, 0xb6, 0xee, 0xb6, 0xee, 0xb6, 0xee, 0xb6, 0xee, 0xb6, 0xee, 0xb6, 0xee, 0xb6, 0xee,
    0xb6, 0xee, 0xb6, 0xee, 0xb6, 0xee, 0xb6, 0xee, 0xb6, 0xee, 0xb6, 0xee, 0xb6, 0xee, 0xb6, 0xee,
    0xb6, 0xee, 0xb6, 0xee, 0xb6, 0xee, 0xb6, 0xee, 0xb6, 0xee, 0xb6, 0xee, 0xb6, 0xee, 0xb6, 0xee,
    0xb6, 0xee, 0xb6, 0xee, 0xb6, 0xee, 0xb6, 0xee, 0xb6, 0xee, 0xb6, 0xee, 0xb6, 0xee, 0xb6, 0xee,
    0xb6, 0xee, 0xb6, 0xee, 0xb6, 0xee, 0xb6, 0xee, 0xb6, 0xee, 0xb6, 0xee, 0xb6, 0xee, 0xb6, 0xee,
    0xb6, 0xee, 0xb6, 0xee, 0xb6, 0xee, 0xb6, 0xee, 0xb6, 0xee, 0xb6, 0xee, 0xb6, 0xee, 0xb6, 0xee,
    0xb6, 0xee, 0xb6, 0xee, 0xb6, 0xee, 0xb6, 0xee, 0xb6, 0xee, 0xb6, 0xee, 0xb6, 0xee, 0xb6, 0xee,
    0xb6, 0xee, 0xb6, 0xee, 0xb6, 0xee, 0xb6, 0xee, 0xb6, 0xee, 0xb6, 0xee, 0xb6, 0xee, 0xb6, 0xee,
    0xb6, 0xee, 0xb6, 0xee, 0xb6, 0xee, 0xb6, 0xee, 0xb6, 0xee, 0xb6, 0xee, 0xb6, 0xee, 0xb6, 0xee,
    0xb6, 0xee, 0xb6, 0xee, 0xb6, 0xee, 0xb6, 0xee, 0xb6, 0xee, 0xb6, 0xee, 0xb6, 0xee, 0xb6, 0xee,
    0xb6, 0xee, 0xb6, 0xee, 0xb6, 0xee, 0xb6, 0xee, 0xb6, 0xee, 0xb6, 0xee, 0xb6, 0xee, 0xb6, 0xee,
    0xb6, 0xee, 0xb6, 0xee, 0xb6, 0xee, 0xb6, 0xee, 0xb6, 0xee, 0xb6, 0xee, 0xb6, 0xee, 0xb6, 0xee,
    0xb6, 0xee, 0xb6, 0xee, 0xb6, 0xee, 0xb6, 0xee, 0xb6, 0xee, 0xb6, 0xee, 0xb6, 0xee, 0xb6, 0xee,
    0xb6, 0xee, 0xb6, 0xee, 0xb6, 0xee, 0xb6, 0xee, 0xb6, 0xee, 0xb6, 0xee, 0xb6, 0xee, 0xb6, 0xee,
    0xb6, 0xee, 0xb6, 0xee, 0xb6, 0xee, 0xb6, 0xee, 0xb6, 0xee, 0xb6, 0xee, 0xb6, 0xee, 0xb6, 0xee,
    0xb6, 0xee, 0xb6, 0xee, 0xb6, 0xee, 0xb6, 0xee, 0xb6, 0xee, 0xb6, 0xee, 0xb6, 0xee, 0xb6, 0xee,
    0xb6, 0xee, 0xb6, 0xee, 0xb6, 0xee, 0xb6, 0xee, 0xb6, 0xee, 0xb6, 0xee, 0xb6, 0xee, 0xb6, 0xee,
    0xb6, 0xee, 0xb6, 0xee, 0xb6, 0xee, 0xb6, 0xee, 0xb6, 0xee, 0xb6, 0xee, 0xb6, 0xee, 0xb6, 0xee,
    0xb6, 0xee, 0xb6, 0xee, 0xb6, 0xee, 0xb6, 0xee, 0xb6, 0xee, 0xb6, 0xee, 0xb6, 0xee, 0xb6, 0xee,
    0xb6, 0xee, 0xb6, 0xee, 0xb6, 0xee, 0xb6, 0xee, 0xb6, 0xee, 0xb6, 0xee, 0xb6, 0xee, 0xb6, 0xee,
    0xb6, 0xee, 0xb6, 0xee, 0xb6, 0xee, 0xb6, 0xee, 0xb6, 0xee, 0xb6, 0xee, 0xb6, 0xee, 0xb6, 0xee,
    0xb6, 0xee, 0xb6, 0xee, 0xb6, 0xee, 0xb6, 0xee, 0xb6, 0xee, 0xb6, 0xee, 0xb6, 0xee, 0xb6, 0xee,
    0xb6, 0xee, 0xb6, 0xee, 0xb6, 0xee, 0xb6, 0xee, 0xb6, 0xee, 0xb6, 0xee, 0xb6, 0xee, 0xb6, 0xee,
    0xb6, 0xee, 0xb6, 0xee, 0xb6, 0xee, 0xb6, 0xee, 0xb6, 0xee, 0xb6, 0xee, 0xb6, 0xee, 0xb6, 0xee,
    0xb6, 0xee, 0xb6, 0xee, 0xb6, 0xee, 0xb6, 0xee, 0xb6, 0xee, 0xb6, 0xee, 0xb6, 0xee, 0xb6, 0xee,
    0xb6, 0xee, 0xb6, 0xee, 0xb6, 0xee, 0xb6, 0xee, 0xb6, 0xee, 0xb6, 0xee, 0xb6, 0xee, 0xb6, 0xee,
    0xb6, 0xee, 0xb6, 0xee, 0xb6, 0xee, 0xb6, 0xee, 0xb6, 0xee, 0xb6, 0xee, 0xb6, 0xee, 0xb6, 0xee,
    0xb6, 0xee, 0xb6, 0xee, 0xb6, 0xee, 0xb6, 0xee, 0xb6, 0xee, 0xb6, 0xee, 0xb6, 0xee, 0xb6, 0xee,
    0xb6, 0xee, 0xb6, 0xee, 0xb6, 0xee, 0xb6, 0xee, 0xb6, 0xee, 0xb6, 0xee, 0xb6, 0xee, 0xb6, 0xee,
    0xb6, 0xee, 0xb6, 0xee, 0xb6, 0xee, 0xb6, 0xee, 0xb6, 0xee, 0xb6, 0xee, 0xb6, 0xee, 0xb6, 0xee,
    0xb6, 0xee, 0xb6, 0xee, 0xb6, 0xee, 0xb6, 0xee, 0xb6, 0xee, 0xb6, 0xee, 0xb6, 0xee, 0xb6, 0xee,
    0xb6, 0xee, 0xb6, 0xee, 0xb6, 0xee, 0xb6, 0xee, 0xb6, 0xee, 0xb6, 0xee, 0xb6, 0xee, 0xb6, 0xee,
    0xb6, 0xee, 0xb6, 0xee, 0xb6, 0xee, 0xb6, 0xee, 0xb6, 0xee, 0xb6, 0xee, 0xb6, 0xee, 0xb6, 0xee,
    0xb6, 0xee, 0xb6, 0xee, 0xb6, 0xee, 0xb6, 0xee, 0xb6, 0xee, 0xb6, 0xee, 0xb6, 0xee, 0xb6, 0xee,
    0xb6, 0xee, 0xb6, 0xee, 0xb6, 0xee, 0xb6, 0xee, 0xb6, 0xee, 0xb6, 0xee, 0xb6, 0xee, 0xb6, 0xee,
    0xb6, 0xee, 0xb6, 0xee, 0xb6, 0xee, 0xb6, 0xee, 0xb6, 0xee, 0xb6, 0xee, 0xb6, 0xee, 0xb6, 0xee,
    0xb6, 0xee, 0xb6, 0xee, 0xb6, 0xee, 0xb6, 0xee, 0xb6, 0xee, 0xb6, 0xee, 0xb6, 0xee, 0xb6, 0xee,
    0xb6, 0xee, 0xb6, 0xee, 0xb6, 0xee, 0xb6, 0xee, 0xb6, 0xee, 0xb6, 0xee, 0xb6, 0xee, 0xb6, 0xee,
    0xb6, 0xee, 0xb6, 0xee, 0xb6, 0xee, 0xb6, 0xee, 0xb6, 0xee, 0xb6, 0xee, 0xb6, 0xee, 0xb6, 0xee,
    0xb6, 0xee, 0xb6, 0xee, 0xb6, 0xee, 0xb6, 0xee, 0xb6, 0xee, 0xb6, 0xee, 0xb6, 0xee, 0xb6, 0xee,
    0xb6, 0xee, 0xb6, 0xee, 0xb6, 0xee, 0xb6, 0xee, 0xb6, 0xee, 0xb6, 0xee, 0xb6, 0xee, 0xb6, 0xee,
    0xb6, 0xee, 0xb6, 0xee, 0xb6, 0xee, 0xb6, 0xee, 0xb6, 0xee, 0xb6, 0xee, 0xb6, 0xee, 0xb6, 0xee,
    0xb6, 0xee, 0xb6, 0xee, 0xb6, 0xee, 0xb6, 0xee, 0xb6, 0xee, 0xb6, 0xee, 0xb6, 0xee, 0xb6, 0xee,
    0xb6, 0xee, 0xb6, 0xee, 0xb6, 0xee, 0xb6, 0xee, 0xb6, 0xee, 0xb6, 0xee, 0xb6, 0xee, 0xb6, 0xee,
    0xb6, 0xee, 0xb6, 0xee, 0xb6, 0xee, 0xb6, 0xee, 0xb6, 0xee, 0xb6, 0xee, 0xb6, 0xee, 0xb6, 0xee,
    0xb6, 0xee, 0xb6, 0xee, 0xb6, 0xee, 0xb6, 0xee, 0xb6, 0xee, 0xb6, 0xee, 0xb6, 0xee, 0xb6, 0xee,
    0xb6, 0xee, 0xb6, 0xee, 0xb6, 0xee, 0xb6, 0xee, 0xb6, 0xee, 0xb6, 0xee, 0xb6, 0xee, 0xb6, 0xee,
    0xb6, 0xee, 0xb6, 0xee, 0xb6, 0xee, 0xb6, 0xee, 0xb6, 0xee, 0xb6, 0xee, 0xb6, 0xee, 0xb6, 0xee,
    0xb6, 0xee, 0xb6, 0xee, 0xb6, 0xee, 0xb6, 0xee, 0xb6, 0xee, 0xb6, 0xee, 0xb6, 0xee, 0xb6, 0xee,
    0xb6, 0xee, 0xb6, 0xee, 0xb6, 0xee, 0xb6, 0xee, 0xb6, 0xee, 0xb6, 0xee, 0xb6, 0xee, 0xb6, 0xee,
    0xb6, 0xee, 0xb6, 0xee, 0xb6, 0xee, 0xb6, 0xee, 0xb6, 0xee, 0xb6, 0xee, 0xb6, 0xee, 0xb6, 0xee,
    0xb6, 0xee, 0xb6, 0xee, 0xb6, 0xee, 0xb6, 0xee, 0xb6, 0xee, 0xb6, 0xee, 0xb6, 0xee, 0xb6, 0xee,
    0xb6, 0xee, 0xb6, 0xee, 0xb6, 0xee, 0xb6, 0xee, 0xb6, 0xee, 0xb6, 0xee, 0xb6, 0xee, 0xb6, 0xee,
    0xb6, 0xee, 0xb6, 0xee, 0xb6, 0xee, 0xb6, 0xee, 0xb6, 0xee, 0xb6, 0xee, 0xb6, 0xee, 0xb6, 0xee,
    0xb6, 0xee, 0xb6, 0xee, 0xb6, 0xee, 0xb6, 0xee, 0xb6, 0xee, 0xb6, 0xee, 0xb6, 0xee, 0xb6, 0xee,
    0xb6, 0xee, 0xb6, 0xee, 0xb6, 0xee, 0xb6, 0xee, 0xb6, 0xee, 0xb6, 0xee, 0xb6, 0xee, 0xb6, 0xee,
    0xb6, 0xee, 0xb6, 0xee, 0xb6, 0xee, 0xb6, 0xee, 0xb6, 0xee, 0xb6, 0xee, 0xb6, 0xee, 0xb6, 0xee,
    0xb6, 0xee, 0xb6, 0xee, 0xb6, 0xee, 0xb6, 0xee, 0xb6, 0xee, 0xb6, 0xee, 0xb6, 0xee, 0xb6, 0xee,
    0xb6, 0xee, 0xb6, 0xee, 0xb6, 0xee, 0xb6, 0xee, 0xb6, 0xee, 0xb6, 0xee, 0xb6, 0xee, 0xb6, 0xee,
    0xb6, 0xee, 0xb6, 0xee, 0xb6, 0xee, 0xb6, 0xee, 0xb6, 0xee, 0xb6, 0xee, 0xb6, 0xee, 0xb6, 0xee,
    0xb6, 0xee, 0xb6, 0xee, 0xb6, 0xee, 0xb6, 0xee, 0xb6, 0xee, 0xb6, 0xee, 0xb6, 0xee, 0xb6, 0xee,
    0xb6, 0xee, 0xb6, 0xee, 0xb6, 0xee, 0xb6, 0xee, 0xb6, 0xee, 0xb6, 0xee, 0xb6, 0xee, 0xb6, 0xee,
    0xb6, 0xee, 0xb6, 0xee, 0xb6, 0xee, 0xb6, 0xee, 0xb6, 0xee, 0xb6, 0xee, 0xb6, 0xee, 0xb6, 0xee,
    0xb6, 0xee, 0xb6, 0xee, 0xb6, 0xee, 0xb6, 0xee, 0xb6, 0xee, 0xb6, 0xee, 0xb6, 0xee, 0xb6, 0xee,
    0xb6, 0xee, 0xb6, 0xee, 0xb6, 0xee, 0xb6, 0xee, 0xb6, 0xee, 0xb6, 0xee, 0xb6, 0xee, 0xb6, 0xee,
    0xb6, 0xee, 0xb6, 0xee, 0xb6, 0xee, 0xb6, 0xee, 0xb6, 0xee, 0xb6, 0xee, 0xb6, 0xee, 0xb6, 0xee,
    0xb6, 0xee, 0xb6, 0xee, 0xb6, 0xee, 0xb6, 0xee, 0xb6, 0xee, 0xb6, 0xee, 0xb6, 0xee, 0xb6, 0xee,
    0xb6, 0xee, 0xb6, 0xee, 0xb6, 0xee, 0xb6, 0xee, 0xb6, 0xee, 0xb6, 0xee, 0xb6, 0xee, 0xb6, 0xee,
    0xb6, 0xee, 0xb6, 0xee, 0xb6, 0xee, 0xb6, 0xee, 0xb6, 0xee, 0xb6, 0xee, 0xb6, 0xee, 0xb6, 0xee,
    0xb6, 0xee, 0xb6, 0xee, 0xb6, 0xee, 0xb6, 0xee, 0xb6, 0xee, 0xb6, 0xee, 0xb6, 0xee, 0xb6, 0xee,
    0xb6, 0xee, 0xb6, 0xee, 0xb6, 0xee, 0xb6, 0xee, 0xb6, 0xee, 0xb6, 0xee, 0xb6, 0xee, 0xb6, 0xee,
    0xb6, 0xee, 0xb6, 0xee, 0xb6, 0xee, 0xb6, 0xee, 0xb6, 0xee, 0xb6, 0xee, 0xb6, 0xee, 0xb6, 0xee,
    0xb6, 0xee, 0xb6, 0xee, 0xb6, 0xee, 0xb6, 0xee, 0xb6, 0xee, 0xb6, 0xee, 0xb6, 0xee, 0xb6, 0xee,
    0xb6, 0xee, 0xb6, 0xee, 0xb6, 0xee, 0xb6, 0xee, 0xb6, 0xee, 0xb6, 0xee, 0xb6, 0xee, 0xb6, 0xee,
    0xb6, 0xee, 0xb6, 0xee, 0xb6, 0xee, 0xb6, 0xee, 0xb6, 0xee, 0xb6, 0xee, 0xb6, 0xee, 0xb6, 0xee,
    0xb6, 0xee, 0xb6, 0xee, 0xb6, 0xee, 0xb6, 0xee, 0xb6, 0xee, 0xb6, 0xee, 0xb6, 0xee, 0xb6, 0xee,
    0xb6, 0xee, 0xb6, 0xee, 0xb6, 0xee, 0xb6, 0xee, 0xb6, 0xee, 0xb6, 0xee, 0xb6, 0xee, 0xb6, 0xee,
    0xb6, 0xee, 0xb6, 0xee, 0xb6, 0xee, 0xb6, 0xee, 0xb6, 0xee, 0xb6, 0xee, 0xb6, 0xee, 0xb6, 0xee,
    0xb6, 0xee, 0xb6, 0xee, 0xb6, 0xee, 0xb6, 0xee, 0xb6, 0xee, 0xb6, 0xee, 0xb6, 0xee, 0xb6, 0xee,
    0xb6, 0xee, 0xb6, 0xee, 0xb6, 0xee, 0xb6, 0xee, 0xb6, 0xee, 0xb6, 0xee, 0xb6, 0xee, 0xb6, 0xee,
    0xb6, 0xee, 0xb6, 0xee, 0xb6, 0xee, 0xb6, 0xee, 0xb6, 0xee, 0xb6, 0xee, 0xb6, 0xee, 0xb6, 0xee,
    0xb6, 0xee, 0xb6, 0xee, 0xb6, 0xee, 0xb6, 0xee, 0xb6, 0xee, 0xb6, 0xee, 0xb6, 0xee, 0xb6, 0xee,
    0xb6, 0xee, 0xb6, 0xee, 0xb6, 0xee, 0xb6, 0xee, 0xb6, 0xee, 0xb6, 0xee, 0xb6, 0xee, 0xb6, 0xee,
    0xb6, 0xee, 0xb6, 0xee, 0xb6, 0xee, 0xb6, 0xee, 0xb6, 0xee, 0xb6, 0xee, 0xb6, 0xee, 0xb6, 0xee,
    0xb6, 0xee, 0xb6, 0xee, 0xb6, 0xee, 0xb6, 0xee, 0xb6, 0xee, 0xb6, 0xee, 0xb6, 0xee, 0xb6, 0xee,
    0xb6, 0xee, 0xb6, 0xee, 0xb6, 0xee, 0xb6, 0xee, 0xb6, 0xee, 0xb6, 0xee, 0xb6, 0xee, 0xb6, 0xee,
    0xb6, 0xee, 0xb6, 0xee, 0xb6, 0xee, 0xb6, 0xee, 0xb6, 0xee, 0xb6, 0xee, 0xb6, 0xee, 0xb6, 0xee,
    0xb6, 0xee, 0xb6, 0xee, 0xb6, 0xee, 0xb6, 0xee, 0xb6, 0xee, 0xb6, 0xee, 0xb6, 0xee, 0xb6, 0xee,
    0xb6, 0xee, 0xb6, 0xee, 0xb6, 0xee, 0xb6, 0xee, 0xb6, 0xee, 0xb6, 0xee, 0xb6, 0xee, 0xb6, 0xee,
    0xb6, 0xee, 0xb6, 0xee, 0xb6, 0xee, 0xb6, 0xee, 0xb6, 0xee, 0xb6, 0xee, 0xb6, 0xee, 0xb6, 0xee,
    0xb6, 0xee, 0xb6, 0xee, 0xb6, 0xee, 0xb6, 0xee, 0xb6, 0xee, 0xb6, 0xee, 0xb6, 0xee, 0xb6, 0xee,
    0xb6, 0xee, 0xb6, 0xee, 0xb6, 0xee, 0xb6, 0xee, 0xb6, 0xee, 0xb6, 0xee, 0xb6, 0xee, 0xb6, 0xee,
    0xb6, 0xee, 0xb6, 0xee, 0xb6, 0xee, 0xb6, 0xee, 0xb6, 0xee, 0xb6, 0xee, 0xb6, 0xee, 0xb6, 0xee,
    0xb6, 0xee, 0xb6, 0xee, 0xb6, 0xee, 0xb6, 0xee, 0xb6, 0xee, 0xb6, 0xee, 0xb6, 0xee, 0xb6, 0xee,
    0xb6, 0xee, 0xb6, 0xee, 0xb6, 0xee, 0xb6, 0xee, 0xb6, 0xee, 0xb6, 0xee, 0xb6, 0xee, 0xb6, 0xee,
    0xb6, 0xee, 0xb6, 0xee, 0xb6, 0xee, 0xb6, 0xee, 0xb6, 0xee, 0xb6, 0xee, 0xb6, 0xee, 0xb6, 0xee,
    0xb6, 0xee, 0xb6, 0xee, 0xb6, 0xee, 0xb6, 0xee, 0xb6, 0xee, 0xb6, 0xee, 0xb6, 0xee, 0xb6, 0xee,
    0xb6, 0xee, 0xb6, 0xee, 0xb6, 0xee, 0xb6, 0xee, 0xb6, 0xee, 0xb6, 0xee, 0xb6, 0xee, 0xb6, 0xee,
    0xb6, 0xee, 0xb6, 0xee, 0xb6, 0xee, 0xb6, 0xee, 0xb6, 0xee, 0xb6, 0xee, 0xb6, 0xee, 0xb6, 0xee,
    0xb6, 0xee, 0xb6, 0xee, 0xb6, 0xee, 0xb6, 0xee, 0xb6, 0xee, 0xb6, 0xee, 0xb6, 0xee, 0xb6, 0xee,
    0xb6, 0xee, 0xb6, 0xee, 0xb6, 0xee, 0xb6, 0xee, 0xb6, 0xee, 0xb6, 0xee, 0xb6, 0xee, 0xb6, 0xee,
    0xb6, 0xee, 0xb6, 0xee, 0xb6, 0xee, 0xb6, 0xee, 0xb6, 0xee, 0xb6, 0xee, 0xb6, 0xee, 0xb6, 0xee,
    0xb6, 0xee, 0xb6, 0xee, 0xb6, 0xee, 0xb6, 0xee, 0xb6, 0xee, 0xb6, 0xee, 0xb6, 0xee, 0xb6, 0xee,
    0xb6, 0xee, 0xb6, 0xee, 0xb6, 0xee, 0xb6, 0xee, 0xb6, 0xee, 0xb6, 0xee, 0xb6, 0xee, 0xb6, 0xee,
    0xb6, 0xee, 0xb6, 0xee, 0xb6, 0xee, 0xb6, 0xee, 0xb6, 0xee, 0xb6, 0xee, 0xb6, 0xee, 0xb6, 0xee,
    0xb6, 0xee, 0xb6, 0xee, 0xb6, 0xee, 0xb6, 0xee, 0xb6, 0xee, 0xb6, 0xee, 0xb6, 0xee, 0xb6, 0xee,
    0xb6, 0xee, 0xb6, 0xee, 0xb6, 0xee, 0xb6, 0xee, 0xb6, 0xee, 0xb6, 0xee, 0xb6, 0xee, 0xb6, 0xee,
    0xb6, 0xee, 0xb6, 0xee, 0xb6, 0xee, 0xb6, 0xee, 0xb6, 0xee, 0xb6, 0xee, 0xb6, 0xee, 0xb6, 0xee,
    0xb6, 0xee, 0xb6, 0xee, 0xb6, 0xee, 0xb6, 0xee, 0xb6, 0xee, 0xb6, 0xee, 0xb6, 0xee, 0xb6, 0xee,
    0xb6, 0xee, 0xb6, 0xee, 0xb6, 0xee, 0xb6, 0xee, 0xb6, 0xee, 0xb6, 0xee, 0xb6, 0xee, 0xb6, 0xee,
    0xb6, 0xee, 0xb6, 0xee, 0xb6, 0xee, 0xb6, 0xee, 0xb6, 0xee, 0xb6, 0xee, 0xb6, 0xee, 0xb6, 0xee,
    0xb6, 0xee, 0xb6, 0xee, 0xb6, 0xee, 0xb6, 0xee, 0xb6, 0xee, 0xb6, 0xee, 0xb6, 0xee, 0xb6, 0xee,
    0xb6, 0xee, 0xb6, 0xee, 0xb6, 0xee, 0xb6, 0xee, 0xb6, 0xee, 0xb6, 0xee, 0xb6, 0xee, 0xb6, 0xee,
    0xb6, 0xee, 0xb6, 0xee, 0xb6, 0xee, 0xb6, 0xee, 0xb6, 0xee, 0xb6, 0xee, 0xb6, 0xee, 0xb6, 0xee,
    0xb6, 0xee, 0xb6, 0xee, 0xb6, 0xee, 0xb6, 0xee, 0xb6, 0xee, 0xb6, 0xee, 0xb6, 0xee, 0xb6, 0xee,
    0xb6, 0xee, 0xb6, 0xee, 0xb6, 0xee, 0xb6, 0xee, 0xb6, 0xee, 0xb6, 0xee, 0xb6, 0xee, 0xb6, 0xee,
    0xb6, 0xee, 0xb6, 0xee, 0xb6, 0xee, 0xb6, 0xee, 0xb6, 0xee, 0xb6, 0xee, 0xb6, 0xee, 0xb6, 0xee,
    0xb6, 0xee, 0xb6, 0xee, 0xb6, 0xee, 0xb6, 0xee, 0xb6, 0xee, 0xb6, 0xee, 0xb6, 0xee, 0xb6, 0xee,
    0xb6, 0xee, 0xb6, 0xee, 0xb6, 0xee, 0xb6, 0xee, 0xb6, 0xee, 0xb6, 0xee, 0xb6, 0xee, 0xb6, 0xee,
    0xb6, 0xee, 0xb6, 0xee, 0xb6, 0xee, 0xb6, 0xee, 0xb6, 0xee, 0xb6, 0xee, 0xb6, 0xee, 0xb6, 0xee,
    0xb6, 0xee, 0xb6, 0xee, 0xb6, 0xee, 0xb6, 0xee, 0xb6, 0xee, 0xb6, 0xee, 0xb6, 0xee, 0xb6, 0xee,
    0xb6, 0xee, 0xb6, 0xee, 0xb6, 0xee, 0xb6, 0xee, 0xb6, 0xee, 0xb6, 0xee, 0xb6, 0xee, 0xb6, 0xee,
    0xb6, 0xee, 0xb6, 0xee, 0xb6, 0xee, 0xb6, 0xee, 0xb6, 0xee, 0xb6, 0xee, 0xb6, 0xee, 0xb6, 0xee,
    0xb6, 0xee, 0xb6, 0xee, 0xb6, 0xee, 0xb6, 0xee, 0xb6, 0xee, 0xb6, 0xee, 0xb6, 0xee, 0xb6, 0xee,
    0xb6, 0xee, 0xb6, 0xee, 0xb6, 0xee, 0xb6, 0xee, 0xb6, 0xee, 0xb6, 0xee, 0xb6, 0xee, 0xb6, 0xee,
    0xb6, 0xee, 0xb6, 0xee, 0xb6, 0xee, 0xb6, 0xee, 0xb6, 0xee, 0xb6, 0xee, 0xb6, 0xee, 0xb6, 0xee,
    0xb6, 0xee, 0xb6, 0xee, 0xb6, 0xee, 0xb6, 0xee, 0xb6, 0xee, 0xb6, 0xee, 0xb6, 0xee, 0xb6, 0xee,
    0xb6, 0xee, 0xb6, 0xee, 0xb6, 0xee, 0xb6, 0xee, 0xb6, 0xee, 0xb6, 0xee, 0xb6, 0xee, 0xb6, 0xee,
    0xb6, 0xee, 0xb6, 0xee, 0xb6, 0xee, 0xb6, 0xee, 0xb6, 0xee, 0xb6, 0xee, 0xb6, 0xee, 0xb6, 0xee,
    0xb6, 0xee, 0xb6, 0xee, 0xb6, 0xee, 0xb6, 0xee, 0xb6, 0xee, 0xb6, 0xee, 0xb6, 0xee, 0xb6, 0xee,
    0xb6, 0xee, 0xb6, 0xee, 0xb6, 0xee, 0xb6, 0xee, 0xb6, 0xee, 0xb6, 0xee, 0xb6, 0xee, 0xb6, 0xee,
    0xb6, 0xee, 0xb6, 0xee, 0xb6, 0xee, 0xb6, 0xee, 0xb6, 0xee, 0xb6, 0xee, 0xb6, 0xee, 0xb6, 0xee,
    0xb6, 0xee, 0xb6, 0xee, 0xb6, 0xee, 0xb6, 0xee, 0xb6, 0xee, 0xb6, 0xee, 0xb6, 0xee, 0xb6, 0xee,
    0xb6, 0xee, 0xb6, 0xee, 0xb6, 0xee, 0xb6, 0xee, 0xb6, 0xee, 0xb6, 0xee, 0xb6, 0xee, 0xb6, 0xee,
    0xb6, 0xee, 0xb6, 0xee, 0xb6, 0xee, 0xb6, 0xee, 0xb6, 0xee, 0xb6, 0xee, 0xb6, 0xee, 0xb6, 0xee,
    0xb6, 0xee, 0xb6, 0xee, 0xb6, 0xee, 0xb6, 0xee, 0xb6, 0xee, 0xb6, 0xee, 0xb6, 0xee, 0xb6, 0xee,
    0xb6, 0xee, 0xb6, 0xee, 0xb6, 0xee, 0xb6, 0xee, 0xb6, 0xee, 0xb6, 0xee, 0xb6, 0xee, 0xb6, 0xee,
    0xb6, 0xee, 0xb6, 0xee, 0xb6, 0xee, 0xb6, 0xee, 0xb6, 0xee, 0xb6, 0xee, 0xb6, 0xee, 0xb6, 0xee,
    0xb6, 0xee, 0xb6, 0xee, 0xb6, 0xee, 0xb6, 0xee, 0xb6, 0xee, 0xb6, 0xee, 0xb6, 0xee, 0xb6, 0xee,
    0xb6, 0xee, 0xb6, 0xee, 0xb6, 0xee, 0xb6, 0xee, 0xb6, 0xee, 0xb6, 0xee, 0xb6, 0xee, 0xb6, 0xee,
    0xb6, 0xee, 0xb6, 0xee, 0xb6, 0xee, 0xb6, 0xee, 0xb6, 0xee, 0xb6, 0xee, 0xb6, 0xee, 0xb6, 0xee,
    0xb6, 0xee, 0xb6, 0xee, 0xb6, 0xee, 0xb6, 0xee, 0xb6, 0xee, 0xb6, 0xee, 0xb6, 0xee, 0xb6, 0xee,
    0xb6, 0xee, 0xb6, 0xee, 0xb6, 0xee, 0xb6, 0xee, 0xb6, 0xee, 0xb6, 0xee, 0xb6, 0xee, 0xb6, 0xee,
    0xb6, 0xee, 0xb6, 0xee, 0xb6, 0xee, 0xb6, 0xee, 0xb6, 0xee, 0xb6, 0xee, 0xb6, 0xee, 0xb6, 0xee,
    0xb6, 0xee, 0xb6, 0xee, 0xb6, 0xee, 0xb6, 0xee, 0xb6, 0xee, 0xb6, 0xee, 0xb6, 0xee, 0xb6, 0xee,
    0xb6, 0xee, 0xb6, 0xee, 0xb6, 0xee, 0xb6, 0xee, 0xb6, 0xee, 0xb6, 0xee, 0xb6, 0xee, 0xb6, 0xee,
    0xb6, 0xee, 0xb6, 0xee, 0xb6, 0xee, 0xb6, 0xee, 0xb6, 0xee, 0xb6, 0xee, 0xb6, 0xee, 0xb6, 0xee,
    0xb6, 0xee, 0xb6, 0xee, 0xb6, 0xee, 0xb6, 0xee, 0xb6, 0xee, 0xb6, 0xee, 0xb6, 0xee, 0xb6, 0xee,
    0xb6, 0xee, 0xb6, 0xee, 0xb6, 0xee, 0xb6, 0xee, 0xb6, 0xee, 0xb6, 0xee, 0xb6, 0xee, 0xb6, 0xee,
    0xb6, 0xee, 0xb6, 0xee, 0xb6, 0xee, 0xb6, 0xee, 0xb6, 0xee, 0xb6, 0xee, 0xb6, 0xee, 0xb6, 0xee,
    0xb6, 0xee, 0xb6, 0xee, 0xb6, 0xee, 0xb6, 0xee, 0xb6, 0xee, 0xb6, 0xee, 0xb6, 0xee, 0xb6, 0xee,
    0xb6, 0xee, 0xb6, 0xee, 0xb6, 0xee, 0xb6, 0xee, 0xb6, 0xee, 0xb6, 0xee, 0xb6, 0xee, 0xb6, 0xee,
    0xb6, 0xee, 0xb6, 0xee, 0xb6, 0xee, 0xb6, 0xee, 0xb6, 0xee, 0xb6, 0xee, 0xb6, 0xee, 0xb6, 0xee,
    0xb6, 0xee, 0xb6, 0xee, 0xb6, 0xee, 0xb6, 0xee, 0xb6, 0xee, 0xb6, 0xee, 0xb6, 0xee, 0xb6, 0xee,
    0xb6, 0xee, 0xb6, 0xee, 0xb6, 0xee, 0xb6, 0xee, 0xb6, 0xee, 0xb6, 0xee, 0xb6, 0xee, 0xb6, 0xee,
    0xb6, 0xee, 0xb6, 0xee, 0xb6, 0xee, 0xb6, 0xee, 0xb6, 0xee, 0xb6, 0xee, 0xb6, 0xee, 0xb6, 0xee,
    0xb6, 0xee, 0xb6, 0xee, 0xb6, 0xee, 0xb6, 0xee, 0xb6, 0xee, 0xb6, 0xee, 0xb6, 0xee, 0xb6, 0xee,
    0xb6, 0xee, 0xb6, 0xee, 0xb6, 0xee, 0xb6, 0xee, 0xb6, 0xee, 0xb6, 0xee, 0xb6, 0xee, 0xb6, 0xee,
    0xb6, 0xee, 0xb6, 0xee, 0xb6, 0xee, 0xb6, 0xee, 0xb6, 0xee, 0xb6, 0xee, 0xb6, 0xee, 0xb6, 0xee,
    0xb6, 0xee, 0xb6, 0xee, 0xb6, 0xee, 0xb6, 0xee, 0xb6, 0xee, 0xb6, 0xee, 0xb6, 0xee, 0xb6, 0xee,
    0xb6, 0xee, 0xb6, 0xee, 0xb6, 0xee, 0xb6, 0xee, 0xb6, 0xee, 0xb6, 0xee, 0xb6, 0xee, 0xb6, 0xee,
    0xb6, 0xee, 0xb6, 0xee, 0xb6, 0xee, 0xb6, 0xee, 0xb6, 0xee, 0xb6, 0xee, 0xb6, 0xee, 0xb6, 0xee,
    0xb6, 0xee, 0xb6, 0xee, 0xb6, 0xee, 0xb6, 0xee, 0xb6, 0xee, 0xb6, 0xee, 0xb6, 0xee, 0xb6, 0xee,
    0xb6, 0xee, 0xb6, 0xee, 0xb6, 0xee, 0xb6, 0xee, 0xb6, 0xee, 0xb6, 0xee, 0xb6, 0xee, 0xb6, 0xee,
    0xb6, 0xee, 0xb6, 0xee, 0xb6, 0xee, 0xb6, 0xee, 0xb6, 0xee, 0xb6, 0xee, 0xb6, 0xee, 0xb6, 0xee,
    0xb6, 0xee, 0xb6, 0xee, 0xb6, 0xee, 0xb6, 0xee, 0xb6, 0xee, 0xb6, 0xee, 0xb6, 0xee, 0xb6, 0xee,
    0xb6, 0xee, 0xb6, 0xee, 0xb6, 0xee, 0xb6, 0xee, 0xb6, 0xee, 0xb6, 0xee, 0xb6, 0xee, 0xb6, 0xee,
    0xb6, 0xee, 0xb6, 0xee, 0xb6, 0xee, 0xb6, 0xee, 0xb6, 0xee, 0xb6, 0xee, 0xb6, 0xee, 0xb6, 0xee,
    0xb6, 0xee, 0xb6, 0xee, 0xb6, 0xee, 0xb6, 0xee, 0xb6, 0xee, 0xb6, 0xee, 0xb6, 0xee, 0xb6, 0xee,
    0xb6, 0xee, 0xb6, 0xee, 0xb6, 0xee, 0xb6, 0xee, 0xb6, 0xee, 0xb6, 0xee, 0xb6, 0xee, 0xb6, 0xee,
    0xb6, 0xee, 0xb6, 0xee, 0xb6, 0xee, 0xb6, 0xee, 0xb6, 0xee, 0xb6, 0xee, 0xb6, 0xee, 0xb6, 0xee,
    0xb6, 0xee, 0xb6, 0xee, 0xb6, 0xee, 0xb6, 0xee, 0xb6, 0xee, 0xb6, 0xee, 0xb6, 0xee, 0xb6, 0xee,
    0xb6, 0xee, 0xb6, 0xee, 0xb6, 0xee, 0xb6, 0xee, 0xb6, 0xee, 0xb6, 0xee, 0xb6, 0xee, 0xb6, 0xee,
    0xb6, 0xee, 0xb6, 0xee, 0xb6, 0xee, 0xb6, 0xee, 0xb6, 0xee, 0xb6, 0xee, 0xb6, 0xee, 0xb6, 0xee,
    0xb6, 0xee, 0xb6, 0xee, 0xb6, 0xee, 0xb6, 0xee, 0xb6, 0xee, 0xb6, 0xee, 0xb6, 0xee, 0xb6, 0xee,
    0xb6, 0xee, 0xb6, 0xee, 0xb6, 0xee, 0xb6, 0xee, 0xb6, 0xee, 0xb6, 0xee, 0xb6, 0xee, 0xb6, 0xee,
    0xb6, 0xee, 0xb6, 0xee, 0xb6, 0xee, 0xb6, 0xee, 0xb6, 0xee, 0xb6, 0xee, 0xb6, 0xee, 0xb6, 0xee,
    0xb6, 0xee, 0xb6, 0xee, 0xb6, 0xee, 0xb6, 0xee, 0xb6, 0xee, 0xb6, 0xee, 0xb6, 0xee, 0xb6, 0xee,
    0xb6, 0xee, 0xb6, 0xee, 0xb6, 0xee, 0xb6, 0xee, 0xb6, 0xee, 0xb6, 0xee, 0xb6, 0xee, 0xb6, 0xee,
    0xb6, 0xee, 0xb6, 0xee, 0xb6, 0xee, 0xb6, 0xee, 0xb6, 0xee, 0xb6, 0xee, 0xb6, 0xee, 0xb6, 0xee,
    0xb6, 0xee, 0xb6, 0xee, 0xb6, 0xee, 0xb6, 0xee, 0xb6, 0xee, 0xb6, 0xee, 0xb6, 0xee, 0xb6, 0xee,
    0xb6, 0xee, 0xb6, 0xee, 0xb6, 0xee, 0xb6, 0xee, 0xb6, 0xee, 0xb6, 0xee, 0xb6, 0xee, 0xb6, 0xee,
    0xb6, 0xee, 0xb6, 0xee, 0xb6, 0xee, 0xb6, 0xee, 0xb6, 0xee, 0xb6, 0xee, 0xb6, 0xee, 0xb6, 0xee,
    0xb6, 0xee, 0xb6, 0xee, 0xb6, 0xee, 0xb6, 0xee, 0xb6, 0xee, 0xb6, 0xee, 0xb6, 0xee, 0xb6, 0xee,
    0xb6, 0xee, 0xb6, 0xee, 0xb6, 0xee, 0xb6, 0xee, 0xb6, 0xee, 0xb6, 0xee, 0xb6, 0xee, 0xb6, 0xee,
    0xb6, 0xee, 0xb6, 0xee, 0xb6, 0xee, 0xb6, 0xee, 0xb6, 0xee, 0xb6, 0xee, 0xb6, 0xee, 0xb6, 0xee,
    0xb6, 0xee, 0xb6, 0xee, 0xb6, 0xee, 0xb6, 0xee, 0xb6, 0xee, 0xb6, 0xee, 0xb6, 0xee, 0xb6, 0xee,
    0xb6, 0xee, 0xb6, 0xee, 0xb6, 0xee, 0xb6, 0xee, 0xb6, 0xee, 0xb6, 0xee, 0xb6, 0xee, 0xb6, 0xee,
    0xb6, 0xee, 0xb6, 0xee, 0xb6, 0xee, 0xb6, 0xee, 0xb6, 0xee, 0xb6, 0xee, 0xb6, 0xee, 0xb6, 0xee,
    0xb6, 0xee, 0xb6, 0xee, 0xb6, 0xee, 0xb6, 0xee, 0xb6, 0xee, 0xb6, 0xee, 0xb6, 0xee, 0xb6, 0xee,
    0xb6, 0xee, 0xb6, 0xee, 0xb6, 0xee, 0xb6, 0xee, 0xb6, 0xee, 0xb6, 0xee, 0xb6, 0xee, 0xb6, 0xee,
    0xb6, 0xee, 0xb6, 0xee, 0xb6, 0xee, 0xb6, 0xee, 0xb6, 0xee, 0xb6, 0xee, 0xb6, 0xee, 0xb6, 0xee,
    0xb6, 0xee, 0xb6, 0xee, 0xb6, 0xee, 0xb6, 0xee, 0xb6, 0xee, 0xb6, 0xee, 0xb6, 0xee, 0xb6, 0xee,
    0xb6, 0xee, 0xb6, 0xee, 0xb6, 0xee, 0xb6, 0xee, 0xb6, 0xee, 0xb6, 0xee, 0xb6, 0xee, 0xb6, 0xee,
    0xb6, 0xee, 0xb6, 0xee, 0xb6, 0xee, 0xb6, 0xee, 0xb6, 0xee, 0xb6, 0xee, 0xb6, 0xee, 0xb6, 0xee,
    0xb6, 0xee, 0xb6, 0xee, 0xb6, 0xee, 0xb6, 0xee, 0xb6, 0xee, 0xb6, 0xee, 0xb6, 0xee, 0xb6, 0xee,
    0xb6, 0xee, 0xb6, 0xee, 0xb6, 0xee, 0xb6, 0xee, 0xb6, 0xee, 0xb6, 0xee, 0xb6, 0xee, 0xb6, 0xee,
    0xb6, 0xee, 0xb6, 0xee, 0xb6, 0xee, 0xb6, 0xee, 0xb6, 0xee, 0xb6, 0xee, 0xb6, 0xee, 0xb6, 0xee,
    0xb6, 0xee, 0xb6, 0xee, 0xb6, 0xee, 0xb6, 0xee, 0xb6, 0xee, 0xb6, 0xee, 0xb6, 0xee, 0xb6, 0xee,
    0xb6, 0xee, 0xb6, 0xee, 0xb6, 0xee, 0xb6, 0xee, 0xb6, 0xee, 0xb6, 0xee, 0xb6, 0xee, 0xb6, 0xee,
    0xb6, 0xee, 0xb6, 0xee, 0xb6, 0xee, 0xb6, 0xee, 0xb6, 0xee, 0xb6, 0xee, 0xb6, 0xee, 0xb6, 0xee,
    0xb6, 0xee, 0xb6, 0xee, 0xb6, 0xee, 0xb6, 0xee, 0xb6, 0xee, 0xb6, 0xee, 0xb6, 0xee, 0xb6, 0xee,
    0xb6, 0xee, 0xb6, 0xee, 0xb6, 0xee, 0xb6, 0xee, 0xb6, 0xee, 0xb6, 0xee, 0xb6, 0xee, 0xb6, 0xee,
    0xb6, 0xee, 0xb6, 0xee, 0xb6, 0xee, 0xb6, 0xee, 0xb6, 0xee, 0xb6, 0xee, 0xb6, 0xee, 0xb6, 0xee,
    0xb6, 0xee, 0xb6, 0xee, 0xb6, 0xee, 0xb6, 0xee, 0xb6, 0xee, 0xb6, 0xee, 0xb6, 0xee, 0xb6, 0xee,
    0xb6, 0xee, 0xb6, 0xee, 0xb6, 0xee, 0xb6, 0xee, 0xb6, 0xee, 0xb6, 0xee, 0xb6, 0xee, 0xb6, 0xee,
    0xb6, 0xee, 0xb6, 0xee, 0xb6, 0xee, 0xb6, 0xee, 0xb6, 0xee, 0xb6, 0xee, 0xb6, 0xee, 0xb6, 0xee,
    0xb6, 0xee, 0xb6, 0xee, 0xb6, 0xee, 0xb6, 0xee, 0xb6, 0xee, 0xb6, 0xee, 0xb6, 0xee, 0xb6, 0xee,
    0xb6, 0xee, 0xb6, 0xee, 0xb6, 0xee, 0xb6, 0xee, 0xb6, 0xee, 0xb6, 0xee, 0xb6, 0xee, 0xb6, 0xee,
    0xb6, 0xee, 0xb6, 0xee, 0xb6, 0xee, 0xb6, 0xee, 0xb6, 0xee, 0xb6, 0xee, 0xb6, 0xee, 0xb6, 0xee,
    0xb6, 0xee, 0xb6, 0xee, 0xb6, 0xee, 0xb6, 0xee, 0xb6, 0xee, 0xb6, 0xee, 0xb6, 0xee, 0xb6, 0xee,
    0xb6, 0xee, 0xb6, 0xee, 0xb6, 0xee, 0xb6, 0xee, 0xb6, 0xee, 0xb6, 0xee, 0xb6, 0xee, 0xb6, 0xee,
    0xb6, 0xee, 0xb6, 0xee, 0xb6, 0xee, 0xb6, 0xee, 0xb6, 0xee, 0xb6, 0xee, 0xb6, 0xee, 0xb6, 0xee,
    0xb6, 0xee, 0xb6, 0xee, 0xb6, 0xee, 0xb6, 0xee, 0xb6, 0xee, 0xb6, 0xee, 0xb6, 0xee, 0xb6, 0xee,
    0xb6, 0xee, 0xb6, 0xee, 0xb6, 0xee, 0xb6, 0xee, 0xb6, 0xee, 0xb6, 0xee, 0xb6, 0xee, 0xb6, 0xee,
    0xb6, 0xee, 0xb6, 0xee, 0xb6, 0xee, 0xb6, 0xee, 0xb6, 0xee, 0xb6, 0xee, 0xb6, 0xee, 0xb6, 0xee,
    0xb6, 0xee, 0xb6, 0xee, 0xb6, 0xee, 0xb6, 0xee, 0xb6, 0xee, 0xb6, 0xee, 0xb6, 0xee, 0xb6, 0xee,
    0xb6, 0xee, 0xb6, 0xee, 0xb6, 0xee, 0xb6, 0xee, 0xb6, 0xee, 0xb6, 0xee, 0xb6, 0xee, 0xb6, 0xee,
    0xb6, 0xee, 0xb6, 0xee, 0xb6, 0xee, 0xb6, 0xee, 0xb6, 0xee, 0xb6, 0xee, 0xb6, 0xee, 0xb6, 0xee,
    0xb6, 0xee, 0xb6, 0xee, 0xb6, 0xee, 0xb6, 0xee, 0xb6, 0xee, 0xb6, 0xee, 0xb6, 0xee, 0xb6, 0xee,
    0xb6, 0xee, 0xb6, 0xee, 0xb6, 0xee, 0xb6, 0xee, 0xb6, 0xee, 0xb6, 0xee, 0xb6, 0xee, 0xb6, 0xee,
    0xb6, 0xee, 0xb6, 0xee, 0xb6, 0xee, 0xb6, 0xee, 0xb6, 0xee, 0xb6, 0xee, 0xb6, 0xee, 0xb6, 0xee,
    0xb6, 0xee, 0xb6, 0xee, 0xb6, 0xee, 0xb6, 0xee, 0xb6, 0xee, 0xb6, 0xee, 0xb6, 0xee, 0xb6, 0xee,
    0xb6, 0xee, 0xb6, 0xee, 0xb6, 0xee, 0xb6, 0xee, 0xb6, 0xee, 0xb6, 0xee, 0xb6, 0xee, 0xb6, 0xee,
    0xb6, 0xee, 0xb6, 0xee, 0xb6, 0xee, 0xb6, 0xee, 0xb6, 0xee, 0xb6, 0xee, 0xb6, 0xee, 0xb6, 0xee,
    0xb6, 0xee, 0xb6, 0xee, 0xb6, 0xee, 0xb6, 0xee, 0xb6, 0xee, 0xb6, 0xee, 0xb6, 0xee, 0xb6, 0xee,
    0xb6, 0xee, 0xb6, 0xee, 0xb6, 0xee, 0xb6, 0xee, 0xb6, 0xee, 0xb6, 0xee, 0xb6, 0xee, 0xb6, 0xee,
    0xb6, 0xee, 0xb6, 0xee, 0xb6, 0xee, 0xb6, 0xee, 0xb6, 0xee, 0xb6, 0xee, 0xb6, 0xee, 0xb6, 0xee,
    0xb6, 0xee, 0xb6, 0xee, 0xb6, 0xee, 0xb6, 0xee, 0xb6, 0xee, 0xb6, 0xee, 0xb6, 0xee, 0xb6, 0xee,
    0xb6, 0xee, 0xb6, 0xee, 0xb6, 0xee, 0xb6, 0xee, 0xb6, 0xee, 0xb6, 0xee, 0xb6, 0xee, 0xb6, 0xee,
    0xb6, 0xee, 0xb6, 0xee, 0xb6, 0xee, 0xb6, 0xee, 0xb6, 0xee, 0xb6, 0xee, 0xb6, 0xee, 0xb6, 0xee,
    0xb6, 0xee, 0xb6, 0xee, 0xb6, 0xee, 0xb6, 0xee, 0xb6, 0xee, 0xb6, 0xee, 0xb6, 0xee, 0xb6, 0xee,
    0xb6, 0xee, 0xb6, 0xee, 0xb6, 0xee, 0xb6, 0xee, 0xb6, 0xee, 0xb6, 0xee, 0xb6, 0xee, 0xb6, 0xee,
    0xb6, 0xee, 0xb6, 0xee, 0xb6, 0xee, 0xb6, 0xee, 0xb6, 0xee, 0xb6, 0xee, 0xb6, 0xee, 0xb6, 0xee,
    0xb6, 0xee, 0xb6, 0xee, 0xb6, 0xee, 0xb6, 0xee, 0xb6, 0xee, 0xb6, 0xee, 0xb6, 0xee, 0xb6, 0xee,
    0xb6, 0xee, 0xb6, 0xee, 0xb6, 0xee, 0xb6, 0xee, 0xb6, 0xee, 0xb6, 0xee, 0xb6, 0xee, 0xb6, 0xee,
    0xb6, 0xee, 0xb6, 0xee, 0xb6, 0xee, 0xb6, 0xee, 0xb6, 0xee, 0xb6, 0xee, 0xb6, 0xee, 0xb6, 0xee,
    0xb6, 0xee, 0xb6, 0xee, 0xb6, 0xee, 0xb6, 0xee, 0xb6, 0xee, 0xb6, 0xee, 0xb6, 0xee, 0xb6, 0xee,
    0xb6, 0xee, 0xb6, 0xee, 0xb6, 0xee, 0xb6, 0xee, 0xb6, 0xee, 0xb6, 0xee, 0xb6, 0xee, 0xb6, 0xee,
    0xb6, 0xee, 0xb6, 0xee, 0xb6, 0xee, 0xb6, 0xee, 0xb6, 0xee, 0xb6, 0xee, 0xb6, 0xee, 0xb6, 0xee,
    0xb6, 0xee, 0xb6, 0xee, 0xb6, 0xee, 0xb6, 0xee, 0xb6, 0xee, 0xb6, 0xee, 0xb6, 0xee, 0xb6, 0xee,
    0xb6, 0xee, 0xb6, 0xee, 0xb6, 0xee, 0xb6, 0xee, 0xb6, 0xee, 0xb6, 0xee, 0xb6, 0xee, 0xb6, 0xee,
    0xb6, 0xee, 0xb6, 0xee, 0xb6, 0xee, 0xb6, 0xee, 0xb6, 0xee, 0xb6, 0xee, 0xb6, 0xee, 0xb6, 0xee,
    0xb6, 0xee, 0xb6, 0xee, 0xb6, 0xee, 0xb6, 0xee, 0xb6, 0xee, 0xb6, 0xee, 0xb6, 0xee, 0xb6, 0xee,
    0xb6, 0xee, 0xb6, 0xee, 0xb6, 0xee, 0xb6, 0xee, 0xb6, 0xee, 0xb6, 0xee, 0xb6, 0xee, 0xb6, 0xee,
    0xb6, 0xee, 0xb6, 0xee, 0xb6, 0xee, 0xb6, 0xee, 0xb6, 0xee, 0xb6, 0xee, 0xb6, 0xee, 0xb6, 0xee,
    0xb6, 0xee, 0xb6, 0xee, 0xb6, 0xee, 0xb6, 0xee, 0xb6, 0xee, 0xb6, 0xee, 0xb6, 0xee, 0xb6, 0xee,
    0xb6, 0xee, 0xb6, 0xee, 0xb6, 0xee, 0xb6, 0xee, 0xb6, 0xee, 0xb6, 0xee, 0xb6, 0xee, 0xb6, 0xee,
    0xb6, 0xee, 0xb6, 0xee, 0xb6, 0xee, 0xb6, 0xee, 0xb6, 0xee, 0xb6, 0xee, 0xb6, 0xee, 0xb6, 0xee,
    0xb6, 0xee, 0xb6, 0xee, 0xb6, 0xee, 0xb6, 0xee, 0xb6, 0xee, 0xb6, 0xee, 0xb6, 0xee, 0xb6, 0xee,
    0xb6, 0xee, 0xb6, 0xee, 0xb6, 0xee, 0xb6, 0xee, 0xb6, 0xee, 0xb6, 0xee, 0xb6, 0xee, 0xb6, 0xee,
    0xb6, 0xee, 0xb6, 0xee, 0xb6, 0xee, 0xb6, 0xee, 0xb6, 0xee, 0xb6, 0xee, 0xb6, 0xee, 0xb6, 0xee,
    0xb6, 0xee, 0xb6, 0xee, 0xb6, 0xee, 0xb6, 0xee, 0xb6, 0xee, 0xb6, 0xee, 0xb6, 0xee, 0xb6, 0xee,
    0xb6, 0xee, 0xb6, 0xee, 0xb6, 0xee, 0xb6, 0xee, 0xb6, 0xee, 0xb6, 0xee, 0xb6, 0xee, 0xb6, 0xee,
    0xb6, 0xee, 0xb6, 0xee, 0xb6, 0xee, 0xb6, 0xee, 0xb6, 0xee, 0xb6, 0xee, 0xb6, 0xee, 0xb6, 0xee,
    0xb6, 0xee, 0xb6, 0xee, 0xb6, 0xee, 0xb6, 0xee, 0xb6, 0xee, 0xb6, 0xee, 0xb6, 0xee, 0xb6, 0xee,
    0xb6, 0xee, 0xb6, 0xee, 0xb6, 0xee, 0xb6, 0xee, 0xb6, 0xee, 0xb6, 0xee, 0xb6, 0xee, 0xb6, 0xee,
    0xb6, 0xee, 0xb6, 0xee, 0xb6, 0xee, 0xb6, 0xee, 0xb6, 0xee, 0xb6, 0xee, 0xb6, 0xee, 0xb6, 0xee,
    0xb6, 0xee, 0xb6, 0xee, 0xb6, 0xee, 0xb6, 0xee, 0xb6, 0xee, 0xb6, 0xee, 0xb6, 0xee, 0xb6, 0xee,
    0xb6, 0xee, 0xb6, 0xee, 0xb6, 0xee, 0xb6, 0xee, 0xb6, 0xee, 0xb6, 0xee, 0xb6, 0xee, 0xb6, 0xee,
    0xb6, 0xee, 0xb6, 0xee, 0xb6, 0xee, 0xb6, 0xee, 0xb6, 0xee, 0xb6, 0xee, 0xb6, 0xee, 0xb6, 0xee,
    0xb6, 0xee, 0xb6, 0xee, 0xb6, 0xee, 0xb6, 0xee, 0xb6, 0xee, 0xb6, 0xee, 0xb6, 0xee, 0xb6, 0xee,
    0xb6, 0xee, 0xb6, 0xee, 0xb6, 0xee, 0xb6, 0xee, 0xb6, 0xee, 0xb6, 0xee, 0xb6, 0xee, 0xb6, 0xee,
    0xb6, 0xee, 0xb6, 0xee, 0xb6, 0xee, 0xb6, 0xee, 0xb6, 0xee, 0xb6, 0xee, 0xb6, 0xee, 0xb6, 0xee,
    0xb6, 0xee, 0xb6, 0xee, 0xb6, 0xee, 0xb6, 0xee, 0xb6, 0xee, 0xb6, 0xee, 0xb6, 0xee, 0xb6, 0xee,
    0xb6, 0xee, 0xb6, 0xee, 0xb6, 0xee, 0xb6, 0xee, 0xb6, 0xee, 0xb6, 0xee, 0xb6, 0xee, 0xb6, 0xee,
    0xb6, 0xee, 0xb6, 0xee, 0xb6, 0xee, 0xb6, 0xee, 0xb6, 0xee, 0xb6, 0xee, 0xb6, 0xee, 0xb6, 0xee,
    0xb6, 0xee, 0xb6, 0xee, 0xb6, 0xee, 0xb6, 0xee, 0xb6, 0xee, 0xb6, 0xee, 0xb6, 0xee, 0xb6, 0xee,
    0xb6, 0xee, 0xb6, 0xee, 0xb6, 0xee, 0xb6, 0xee, 0xb6, 0xee, 0xb6, 0xee, 0xb6, 0xee, 0xb6, 0xee,
    0xb6, 0xee, 0xb6, 0xee, 0xb6, 0xee, 0xb6, 0xee, 0xb6, 0xee, 0xb6, 0xee, 0xb6, 0xee, 0xb6, 0xee,
    0xb6, 0xee, 0xb6, 0xee, 0xb6, 0xee, 0xb6, 0xee, 0xb6, 0xee, 0xb6, 0xee, 0xb6, 0xee, 0xb6, 0xee,
    0xb6, 0xee, 0xb6, 0xee, 0xb6, 0xee, 0xb6, 0xee, 0xb6, 0xee, 0xb6, 0xee, 0xb6, 0xee, 0xb6, 0xee,
    0xb6, 0xee, 0xb6, 0xee, 0xb6, 0xee, 0xb6, 0xee, 0xb6, 0xee, 0xb6, 0xee, 0xb6, 0xee, 0xb6, 0xee,
    0xb6, 0xee, 0xb6, 0xee, 0xb6, 0xee, 0xb6, 0xee, 0xb6, 0xee, 0xb6, 0xee, 0xb6, 0xee, 0xb6, 0xee,
    0xb6, 0xee, 0xb6, 0xee, 0xb6, 0xee, 0xb6, 0xee, 0xb6, 0xee, 0xb6, 0xee, 0xb6, 0xee, 0xb6, 0xee,
    0xb6, 0xee, 0xb6, 0xee, 0xb6, 0xee, 0xb6, 0xee, 0xb6, 0xee, 0xb6, 0xee, 0xb6, 0xee, 0xb6, 0xee,
    0xb6, 0xee, 0xb6, 0xee, 0xb6, 0xee, 0xb6, 0xee, 0xb6, 0xee, 0xb6, 0xee, 0xb6, 0xee, 0xb6, 0xee,
    0xb6, 0xee, 0xb6, 0xee, 0xb6, 0xee, 0xb6, 0xee, 0xb6, 0xee, 0xb6, 0xee, 0xb6, 0xee, 0xb6, 0xee,
    0xb6, 0xee, 0xb6, 0xee, 0xb6, 0xee, 0xb6, 0xee, 0xb6, 0xee, 0xb6, 0xee, 0xb6, 0xee, 0xb6, 0xee,
    0xb6, 0xee, 0xb6, 0xee, 0xb6, 0xee, 0xb6, 0xee, 0xb6, 0xee, 0xb6, 0xee, 0xb6, 0xee, 0xb6, 0xee,
    0xb6, 0xee, 0xb6, 0xee, 0xb6, 0xee, 0xb6, 0xee, 0xb6, 0xee, 0xb6, 0xee, 0xb6, 0xee, 0xb6, 0xee,
    0xb6, 0xee, 0xb6, 0xee, 0xb6, 0xee, 0xb6, 0xee, 0xb6, 0xee, 0xb6, 0xee, 0xb6, 0xee, 0xb6, 0xee,
    0xb6, 0xee, 0xb6, 0xee, 0xb6, 0xee, 0xb6, 0xee, 0xb6, 0xee, 0xb6, 0xee, 0xb6, 0xee, 0xb6, 0xee,
    0xb6, 0xee, 0xb6, 0xee, 0xb6, 0xee, 0xb6, 0xee, 0xb6, 0xee, 0xb6, 0xee, 0xb6, 0xee, 0xb6, 0xee,
    0xb6, 0xee, 0xb6, 0xee, 0xb6, 0xee, 0xb6, 0xee, 0xb6, 0xee, 0xb6, 0xee, 0xb6, 0xee, 0xb6, 0xee,
    0xb6, 0xee, 0xb6, 0xee, 0xb6, 0xee, 0xb6, 0xee, 0xb6, 0xee, 0xb6, 0xee, 0xb6, 0xee, 0xb6, 0xee,
    0xb6, 0xee, 0xb6, 0xee, 0xb6, 0xee, 0xb6, 0xee, 0xb6, 0xee, 0xb6, 0xee, 0xb6, 0xee, 0xb6, 0xee,
    0xb6, 0xee, 0xb6, 0xee, 0xb6, 0xee, 0xb6, 0xee, 0xb6, 0xee, 0xb6, 0xee, 0xb6, 0xee, 0xb6, 0xee,
    0xb6, 0xee, 0xb6, 0xee, 0xb6, 0xee, 0xb6, 0xee, 0xb6, 0xee, 0xb6, 0xee, 0xb6, 0xee, 0xb6, 0xee,
    0xb6, 0xee, 0xb6, 0xee, 0xb6, 0xee, 0xb6, 0xee, 0xb6, 0xee, 0xb6, 0xee, 0xb6, 0xee, 0xb6, 0xee,
    0xb6, 0xee, 0xb6, 0xee, 0xb6, 0xee, 0xb6, 0xee, 0xb6, 0xee, 0xb6, 0xee, 0xb6, 0xee, 0xb6, 0xee,
    0xb6, 0xee, 0xb6, 0xee, 0xb6, 0xee, 0xb6, 0xee, 0xb6, 0xee, 0xb6, 0xee, 0xb6, 0xee, 0xb6, 0xee,
    0xb6, 0xee, 0xb6, 0xee, 0xb6, 0xee, 0xb6, 0xee, 0xb6, 0xee, 0xb6, 0xee, 0xb6, 0xee, 0xb6, 0xee,
    0xb6, 0xee, 0xb6, 0xee, 0xb6, 0xee, 0xb6, 0xee, 0xb6, 0xee, 0xb6, 0xee, 0xb6, 0xee, 0xb6, 0xee,
    0xb6, 0xee, 0xb6, 0xee, 0xb6, 0xee, 0xb6, 0xee, 0xb6, 0xee, 0xb6, 0xee, 0xb6, 0xee, 0xb6, 0xee,
    0xb6, 0xee, 0xb6, 0xee, 0xb6, 0xee, 0xb6, 0xee, 0xb6, 0xee, 0xb6, 0xee, 0xb6, 0xee, 0xb6, 0xee,
    0xb6, 0xee, 0xb6, 0xee, 0xb6, 0xee, 0xb6, 0xee, 0xb6, 0xee, 0xb6, 0xee, 0xb6, 0xee, 0xb6, 0xee,
    0xb6, 0xee, 0xb6, 0xee, 0xb6, 0xee, 0xb6, 0xee, 0xb6, 0xee, 0xb6, 0xee, 0xb6, 0xee, 0xb6, 0xee,
    0xb6, 0xee, 0xb6, 0xee, 0xb6, 0xee, 0xb6, 0xee, 0xb6, 0xee, 0xb6, 0xee, 0xb6, 0xee, 0xb6, 0xee,
    0xb6, 0xee, 0xb6, 0xee, 0xb6, 0xee, 0xb6, 0xee, 0xb6, 0xee, 0xb6, 0xee, 0xb6, 0xee, 0xb6, 0xee,
    0xb6, 0xee, 0xb6, 0xee, 0xb6, 0xee, 0xb6, 0xee, 0xb6, 0xee, 0xb6, 0xee, 0xb6, 0xee, 0xb6, 0xee,
    0xb6, 0xee, 0xb6, 0xee, 0xb6, 0xee, 0xb6, 0xee, 0xb6, 0xee, 0xb6, 0xee, 0xb6, 0xee, 0xb6, 0xee,
    0xb6, 0xee, 0xb6, 0xee, 0xb6, 0xee, 0xb6, 0xee, 0xb6, 0xee, 0xb6, 0xee, 0xb6, 0xee, 0xb6, 0xee,
    0xb6, 0xee, 0xb6, 0xee, 0xb6, 0xee, 0xb6, 0xee, 0xb6, 0xee, 0xb6, 0xee, 0xb6, 0xee, 0xb6, 0xee,
    0xb6, 0xee, 0xb6, 0xee, 0xb6, 0xee, 0xb6, 0xee, 0xb6, 0xee, 0xb6, 0xee, 0xb6, 0xee, 0xb6, 0xee,
    0xb6, 0xee, 0xb6, 0xee, 0xb6, 0xee, 0xb6, 0xee, 0xb6, 0xee, 0xb6, 0xee, 0xb6, 0xee, 0xb6, 0xee,
    0xb6, 0xee, 0xb6, 0xee, 0xb6, 0xee, 0xb6, 0xee, 0xb6, 0xee, 0xb6, 0xee, 0xb6, 0xee, 0xb6, 0xee,
    0xb6, 0xee, 0xb6, 0xee, 0xb6, 0xee, 0xb6, 0xee, 0xb6, 0xee, 0xb6, 0xee, 0xb6, 0xee, 0xb6, 0xee,
    0xb6, 0xee, 0xb6, 0xee, 0xb6, 0xee, 0xb6, 0xee, 0xb6, 0xee, 0xb6, 0xee, 0xb6, 0xee, 0xb6, 0xee,
    0xb6, 0xee, 0xb6, 0xee, 0xb6, 0xee, 0xb6, 0xee, 0xb6, 0xee, 0xb6, 0xee, 0xb6, 0xee, 0xb6, 0xee,
    0xb6, 0xee, 0xb6, 0xee, 0xb6, 0xee, 0xb6, 0xee, 0xb6, 0xee, 0xb6, 0xee, 0xb6, 0xee, 0xb6, 0xee,
    0xb6, 0xee, 0xb6, 0xee, 0xb6, 0xee, 0xb6, 0xee, 0xb6, 0xee, 0xb6, 0xee, 0xb6, 0xee, 0xb6, 0xee,
    0xb6, 0xee, 0xb6, 0xee, 0xb6, 0xee, 0xb6, 0xee, 0xb6, 0xee, 0xb6, 0xee, 0xb6, 0xee, 0xb6, 0xee,
    0xb6, 0xee, 0xb6, 0xee, 0xb6, 0xee, 0xb6, 0xee, 0xb6, 0xee, 0xb6, 0xee, 0xb6, 0xee, 0xb6, 0xee,
    0xb6, 0xee, 0xb6, 0xee, 0xb6, 0xee, 0xb6, 0xee, 0xb6, 0xee, 0xb6, 0xee, 0xb6, 0xee, 0xb6, 0xee,
    0xb6, 0xee, 0xb6, 0xee, 0xb6, 0xee, 0xb6, 0xee, 0xb6, 0xee, 0xb6, 0xee, 0xb6, 0xee, 0xb6, 0xee,
    0xb6, 0xee, 0xb6, 0xee, 0xb6, 0xee, 0xb6, 0xee, 0xb6, 0xee, 0xb6, 0xee, 0xb6, 0xee, 0xb6, 0xee,
    0xb6, 0xee, 0xb6, 0xee, 0xb6, 0xee, 0xb6, 0xee, 0xb6, 0xee, 0xb6, 0xee, 0xb6, 0xee, 0xb6, 0xee,
    0xb6, 0xee, 0xb6, 0xee, 0xb6, 0xee, 0xb6, 0xee, 0xb6, 0xee, 0xb6, 0xee, 0xb6, 0xee, 0xb6, 0xee,
    0xb6, 0xee, 0xb6, 0xee, 0xb6, 0xee, 0xb6, 0xee, 0xb6, 0xee, 0xb6, 0xee, 0xb6, 0xee, 0xb6, 0xee,
    0xb6, 0xee, 0xb6, 0xee, 0xb6, 0xee, 0xb6, 0xee, 0xb6, 0xee, 0xb6, 0xee, 0xb6, 0xee, 0xb6, 0xee,
    0xb6, 0xee, 0xb6, 0xee, 0xb6, 0xee, 0xb6, 0xee, 0xb6, 0xee, 0xb6, 0xee, 0xb6, 0xee, 0xb6, 0xee,
    0xb6, 0xee, 0xb6, 0xee, 0xb6, 0xee, 0xb6, 0xee, 0xb6, 0xee, 0xb6, 0xee, 0xb6, 0xee, 0xb6, 0xee,
    0xb6, 0xee, 0xb6, 0xee, 0xb6, 0xee, 0xb6, 0xee, 0xb6, 0xee, 0xb6, 0xee, 0xb6, 0xee, 0xb6, 0xee,
    0xb6, 0xee, 0xb6, 0xee, 0xb6, 0xee, 0xb6, 0xee, 0xb6, 0xee, 0xb6, 0xee, 0xb6, 0xee, 0xb6, 0xee,
    0xb6, 0xee, 0xb6, 0xee, 0xb6, 0xee, 0xb6, 0xee, 0xb6, 0xee, 0xb6, 0xee, 0xb6, 0xee, 0xb6, 0xee,
    0xb6, 0xee, 0xb6, 0xee, 0xb6, 0xee, 0xb6, 0xee, 0xb6, 0xee, 0xb6, 0xee, 0xb6, 0xee, 0xb6, 0xee,
    0xb6, 0xee, 0xb6, 0xee, 0xb6, 0xee, 0xb6, 0xee, 0xb6, 0xee, 0xb6, 0xee, 0xb6, 0xee, 0xb6, 0xee,
    0xb6, 0xee, 0xb6, 0xee, 0xb6, 0xee, 0xb6, 0xee, 0xb6, 0xee, 0xb6, 0xee, 0xb6, 0xee, 0xb6, 0xee,
    0xb6, 0xee, 0xb6, 0xee, 0xb6, 0xee, 0xb6, 0xee, 0xb6, 0xee, 0xb6, 0xee, 0xb6, 0xee, 0xb6, 0xee,
    0xb6, 0xee, 0xb6, 0xee, 0xb6, 0xee, 0xb6, 0xee, 0xb6, 0xee, 0xb6, 0xee, 0xb6, 0xee, 0xb6, 0xee,
    0xb6, 0xee, 0xb6, 0xee, 0xb6, 0xee, 0xb6, 0xee, 0xb6, 0xee, 0xb6, 0xee, 0xb6, 0xee, 0xb6, 0xee,
    0xb6, 0xee, 0xb6, 0xee, 0xb6, 0xee, 0xb6, 0xee, 0xb6, 0xee, 0xb6, 0xee, 0xb6, 0xee, 0xb6, 0xee,
    0xb6, 0xee, 0xb6, 0xee, 0xb6, 0xee, 0xb6, 0xee, 0xb6, 0xee, 0xb6, 0xee, 0xb6, 0xee, 0xb6, 0xee,
    0xb6, 0xee, 0xb6, 0xee, 0xb6, 0xee, 0xb6, 0xee, 0xb6, 0xee, 0xb6, 0xee, 0xb6, 0xee, 0xb6, 0xee,
    0xb6, 0xee, 0xb6, 0xee, 0xb6, 0xee, 0xb6, 0xee, 0xb6, 0xee, 0xb6, 0xee, 0xb6, 0xee, 0xb6, 0xee,
    0xb6, 0xee, 0xb6, 0xee, 0xb6, 0xee, 0xb6, 0xee, 0xb6, 0xee, 0xb6, 0xe6, 0xb6, 0xe6, 0xb6, 0xee,
    0xb6, 0xee, 0xb6, 0xe6, 0xb6, 0xe6, 0xb6, 0xe6, 0xb6, 0xe6, 0xb6, 0xe6, 0xb6, 0xe6, 0xb6, 0xee,
    0xb6, 0xee, 0xb6, 0xe6, 0xb6, 0xe6, 0xb6, 0xe6, 0xb6, 0xee, 0xb6, 0xee, 0xb6, 0xee, 0xb6, 0xee,
    0xb6, 0xee, 0xb6, 0xee, 0xb6, 0xee, 0xb6, 0xee, 0xb6, 0xee, 0xb6, 0xee, 0xb6, 0xee, 0xb6, 0xee,
    0xb6, 0xee, 0xb6, 0xee, 0xb6, 0xee, 0xb6, 0xee, 0xb6, 0xee, 0xb6, 0xee, 0xb6, 0xee, 0xb6, 0xee,
    0xb6, 0xee, 0xb6, 0xee, 0xb6, 0xee, 0xb6, 0xee, 0xb6, 0xee, 0xb6, 0xe6, 0xb6, 0xe6, 0xb6, 0xe6,
    0xb6, 0xe6, 0xb6, 0xe6, 0xb6, 0xe6, 0xb6, 0xe6, 0xb6, 0xe6, 0xb6, 0xe6, 0xb6, 0xe6, 0xb6, 0xe6,
    0xb6, 0xe6, 0xb6, 0xe6, 0xb6, 0xee, 0xb6, 0xee, 0xb6, 0xee, 0xb6, 0xee, 0xb6, 0xee, 0xb6, 0xee,
    0xb6, 0xee, 0xb6, 0xee, 0xb6, 0xee, 0xb6, 0xe6, 0xb6, 0xe6, 0xb6, 0xe6, 0xb6, 0xe6, 0xb6, 0xee,
    0xb6, 0xee, 0xb6, 0xee, 0xb6, 0xee, 0xb6, 0xee, 0xb6, 0xe6, 0xb6, 0xe6, 0xb6, 0xee, 0xb6, 0xee,
    0xb6, 0xee, 0xb6, 0xee, 0xb6, 0xee, 0xb6, 0xee, 0xb6, 0xee, 0xb6, 0xee, 0xb6, 0xee, 0xb6, 0xee,
    0xb6, 0xee, 0xb6, 0xee, 0xb6, 0xee, 0xb6, 0xee, 0xb6, 0xee, 0xb6, 0xee, 0xb6, 0xee, 0xb6, 0xee,
    0xb6, 0xee, 0xb6, 0xee, 0xb6, 0xee, 0xb6, 0xee, 0xb6, 0xee, 0xb6, 0xee, 0xb6, 0xee, 0xb6, 0xee,
    0xb6, 0xee, 0xb6, 0xee, 0xb6, 0xee, 0xb6, 0xee, 0xb6, 0xee, 0xb6, 0xee, 0xb6, 0xee, 0xb6, 0xee,
    0xb6, 0xee, 0xb6, 0xee, 0xb6, 0xee, 0xb6, 0xee, 0xb6, 0xee, 0xb6, 0xee, 0xb6, 0xee, 0xb6, 0xee,
    0xb6, 0xee, 0xb6, 0xee, 0xb6, 0xee, 0xb6, 0xee, 0xb6, 0xee, 0xb6, 0xee, 0xb6, 0xee, 0xb6, 0xee,
    0xb6, 0xee, 0xb6, 0xee, 0xb6, 0xee, 0xb6, 0xee, 0xb6, 0xee, 0xb6, 0xee, 0xb6, 0xee, 0xb6, 0xee,
    0xb6, 0xee, 0xb6, 0xee, 0xb6, 0xee, 0xb6, 0xee, 0xb6, 0xee, 0xb6, 0xee, 0xb6, 0xee, 0xb6, 0xee,
    0xb6, 0xee, 0xb6, 0xee, 0xb6, 0xee, 0xb6, 0xee, 0xb6, 0xee, 0xb6, 0xee, 0xb6, 0xee, 0xb6, 0xee,
    0xb6, 0xee, 0xb6, 0xee, 0xb6, 0xee, 0xb6, 0xee, 0xb6, 0xee, 0xb6, 0xee, 0xb6, 0xee, 0xb6, 0xee,
    0xb6, 0xee, 0xb6, 0xee, 0xb6, 0xee, 0xb6, 0xee, 0xb6, 0xee, 0xb6, 0xee, 0xb6, 0xee, 0xb6, 0xee,
    0xb6, 0xee, 0xb6, 0xee, 0xb6, 0xee, 0xb6, 0xee, 0xb6, 0xee, 0xb6, 0xee, 0xb6, 0xee, 0xb6, 0xee,
    0xb6, 0xee, 0xb6, 0xee, 0xb6, 0xee, 0xb6, 0xee, 0xb6, 0xee, 0xb6, 0xee, 0xb6, 0xee, 0xb6, 0xee,
    0xb6, 0xee, 0xb6, 0xee, 0xb6, 0xee, 0xb6, 0xee, 0xb6, 0xee, 0xb6, 0xee, 0xb6, 0xee, 0xb6, 0xee,
    0xb6, 0xee, 0xb6, 0xee, 0xb6, 0xee, 0xb6, 0xee, 0xb6, 0xee, 0xb6, 0xee, 0xb6, 0xee, 0xb6, 0xee,
    0xb6, 0xee, 0xb6, 0xee, 0xb6, 0xee, 0xb6, 0xee, 0xb6, 0xee, 0xb6, 0xee, 0xb6, 0xee, 0xb6, 0xee,
    0xb6, 0xee, 0xb6, 0xee, 0xb6, 0xee, 0xb6, 0xee, 0xb6, 0xee, 0xb6, 0xee, 0xb6, 0xee, 0xb6, 0xee,
    0xb6, 0xe6, 0xb6, 0xe6, 0x95, 0xe6, 0x75, 0xde, 0x96, 0xe6, 0x96, 0xe6, 0x95, 0xe6, 0x55, 0xde,
    0x55, 0xde, 0x75, 0xde, 0x54, 0xde, 0x75, 0xde, 0x75, 0xde, 0x95, 0xe6, 0x96, 0xe6, 0x95, 0xe6,
    0x55, 0xde, 0x95, 0xe6, 0x96, 0xe6, 0xb6, 0xe6, 0xb6, 0xe6, 0xb6, 0xe6, 0xb6, 0xe6, 0xb6, 0xe6,
    0xb6, 0xe6, 0xb6, 0xe6, 0xb6, 0xe6, 0xb6, 0xe6, 0xb6, 0xe6, 0xb6, 0xe6, 0xb6, 0xe6, 0xb6, 0xe6,
    0xb6, 0xe6, 0xb6, 0xe6, 0xb6, 0xe6, 0xb6, 0xe6, 0xb6, 0xe6, 0xb6, 0xe6, 0xb6, 0xe6, 0xb6, 0xe6,
    0xb6, 0xe6, 0xb6, 0xe6, 0x96, 0xe6, 0x75, 0xe6, 0x75, 0xde, 0x55, 0xde, 0x55, 0xde, 0x75, 0xde,
    0x54, 0xde, 0x75, 0xde, 0x75, 0xde, 0x55, 0xde, 0x34, 0xd6, 0x75, 0xde, 0x54, 0xde, 0x95, 0xe6,
    0x96, 0xe6, 0xb6, 0xe6, 0xb6, 0xe6, 0xb6, 0xe6, 0xb6, 0xe6, 0xb6, 0xe6, 0xb6, 0xe6, 0xb6, 0xe6,
    0x95, 0xe6, 0x75, 0xde, 0xb5, 0xe6, 0x95, 0xe6, 0x75, 0xde, 0x96, 0xe6, 0xb6, 0xe6, 0xb6, 0xe6,
    0xb6, 0xe6, 0x96, 0xe6, 0x75, 0xe6, 0x75, 0xde, 0x95, 0xe6, 0xb6, 0xe6, 0xb6, 0xee, 0xb6, 0xee,
    0xb6, 0xee, 0xb6, 0xee, 0xb6, 0xee, 0xb6, 0xee, 0xb6, 0xee, 0xb6, 0xee, 0xb6, 0xee, 0xb6, 0xee,
    0xb6, 0xee, 0xb6, 0xee, 0xb6, 0xee, 0xb6, 0xee, 0xb6, 0xee, 0xb6, 0xee, 0xb6, 0xee, 0xb6, 0xee,
    0xb6, 0xee, 0xb6, 0xee, 0xb6, 0xee, 0xb6, 0xee, 0xb6, 0xee, 0xb6, 0xee, 0xb6, 0xee, 0xb6, 0xee,
    0xb6, 0xee, 0xb6, 0xee, 0xb6, 0xee, 0xb6, 0xee, 0xb6, 0xee, 0xb6, 0xee, 0xb6, 0xee, 0xb6, 0xee,
    0xb6, 0xee, 0xb6, 0xee, 0xb6, 0xee, 0xb6, 0xee, 0xb6, 0xee, 0xb6, 0xee, 0xb6, 0xee, 0xb6, 0xee,
    0xb6, 0xee, 0xb6, 0xee, 0xb6, 0xee, 0xb6, 0xee, 0xb6, 0xee, 0xb6, 0xee, 0xb6, 0xee, 0xb6, 0xee,
    0xb6, 0xee, 0xb6, 0xee, 0xb6, 0xee, 0xb6, 0xee, 0xb6, 0xee, 0xb6, 0xee, 0xb6, 0xee, 0xb6, 0xee,
    0xb6, 0xee, 0xb6, 0xee, 0xb6, 0xee, 0xb6, 0xee, 0xb6, 0xee, 0xb6, 0xee, 0xb6, 0xee, 0xb6, 0xee,
    0xb6, 0xee, 0xb6, 0xee, 0xb6, 0xee, 0xb6, 0xee, 0xb6, 0xee, 0xb6, 0xee, 0xb6, 0xee, 0xb6, 0xee,
    0xb6, 0xee, 0xb6, 0xee, 0xb6, 0xee, 0xb6, 0xee, 0xb6, 0xee, 0xb6, 0xee, 0xb6, 0xee, 0xb6, 0xee,
    0xb6, 0xee, 0xb6, 0xee, 0xb6, 0xee, 0xb6, 0xee, 0xb6, 0xee, 0xb6, 0xee, 0xb6, 0xee, 0xb6, 0xee,
    0xb6, 0xee, 0xb6, 0xee, 0xb6, 0xee, 0xb6, 0xee, 0xb6, 0xee, 0xb6, 0xee, 0xb6, 0xee, 0xb6, 0xee,
    0xb6, 0xee, 0xb6, 0xee, 0xb6, 0xee, 0xb6, 0xee, 0xb6, 0xee, 0xb6, 0xee, 0xb6, 0xee, 0xb6, 0xee,
    0xb6, 0xee, 0xb6, 0xee, 0xb6, 0xee, 0xb6, 0xee, 0xb6, 0xee, 0xb6, 0xee, 0xb6, 0xee, 0xb6, 0xee,
    0xb6, 0xee, 0xb6, 0xee, 0xb6, 0xee, 0xb6, 0xee, 0xb6, 0xee, 0xb6, 0xee, 0xb6, 0xee, 0xb6, 0xee,
    0xb6, 0xee, 0xb6, 0xee, 0xb6, 0xee, 0xb6, 0xee, 0xb6, 0xee, 0xb6, 0xee, 0xb6, 0xee, 0xb6, 0xee,
    0xb6, 0xee, 0xb6, 0xee, 0xb6, 0xee, 0xb6, 0xee, 0xb6, 0xe6, 0x96, 0xe6, 0x14, 0xd6, 0xd3, 0xcd,
    0x92, 0xc5, 0xcf, 0xac, 0x72, 0xbd, 0xd3, 0xc5, 0x72, 0xbd, 0x4e, 0x9c, 0x4e, 0x9c, 0xaf, 0xa4,
    0x2d, 0x94, 0xf0, 0xac, 0xcf, 0xac, 0x92, 0xc5, 0xd3, 0xc5, 0x51, 0xb5, 0x4e, 0x9c, 0x31, 0xb5,
    0xd3, 0xc5, 0xd3, 0xcd, 0xd3, 0xcd, 0xd3, 0xcd, 0xd3, 0xcd, 0xd3, 0xcd, 0xd3, 0xcd, 0xd3, 0xcd,
    0xd3, 0xcd, 0xd3, 0xcd, 0xd3, 0xcd, 0xd3, 0xcd, 0xd3, 0xcd, 0xd3, 0xcd, 0xd3, 0xcd, 0xd3, 0xcd,
    0xd3, 0xcd, 0xd3, 0xcd, 0xd3, 0xcd, 0xd3, 0xcd, 0xd3, 0xcd, 0xd3, 0xcd, 0xd3, 0xcd, 0xd3, 0xcd,
    0xb3, 0xc5, 0x31, 0xb5, 0xd0, 0xac, 0x2e, 0x9c, 0x4e, 0x9c, 0xaf, 0xa4, 0x2d, 0x94, 0xf0, 0xac,
    0xcf, 0xa4, 0x8f, 0xa4, 0x2d, 0x94, 0xf0, 0xac, 0x4e, 0x9c, 0x31, 0xb5, 0xd3, 0xc5, 0xd3, 0xcd,
    0xd3, 0xcd, 0xd3, 0xcd, 0xd3, 0xcd, 0xd3, 0xcd, 0xd3, 0xcd, 0xd3, 0xcd, 0x92, 0xc5, 0xcf, 0xac,
    0x72, 0xbd, 0x51, 0xb5, 0xf0, 0xac, 0xb2, 0xc5, 0xd3, 0xcd, 0xd3, 0xcd, 0xd3, 0xcd, 0xb3, 0xc5,
    0x31, 0xb5, 0x10, 0xb5, 0xb3, 0xc5, 0x14, 0xd6, 0x96, 0xe6, 0xb6, 0xee, 0xb6, 0xee, 0xb6, 0xee,
    0xb6, 0xee, 0xb6, 0xee, 0xb6, 0xee, 0xb6, 0xee, 0xb6, 0xee, 0xb6, 0xee, 0xb6, 0xee, 0xb6, 0xee,
    0xb6, 0xee, 0xb6, 0xee, 0xb6, 0xee, 0xb6, 0xee, 0xb6, 0xee, 0xb6, 0xee, 0xb6, 0xee, 0xb6, 0xee,
    0xb6, 0xee, 0xb6, 0xee, 0xb6, 0xee, 0xb6, 0xee, 0xb6, 0xee, 0xb6, 0xee, 0xb6, 0xee, 0xb6, 0xee,
    0xb6, 0xee, 0xb6, 0xee, 0xb6, 0xee, 0xb6, 0xee, 0xb6, 0xee, 0xb6, 0xee, 0xb6, 0xee, 0xb6, 0xee,
    0xb6, 0xee, 0xb6, 0xee, 0xb6, 0xee, 0xb6, 0xee, 0xb6, 0xee, 0xb6, 0xee, 0xb6, 0xee, 0xb6, 0xee,
    0xb6, 0xee, 0xb6, 0xee, 0xb6, 0xee, 0xb6, 0xee, 0xb6, 0xee, 0xb6, 0xee, 0xb6, 0xee, 0xb6, 0xee,
    0xb6, 0xee, 0xb6, 0xee, 0xb6, 0xee, 0xb6, 0xee, 0xb6, 0xee, 0xb6, 0xee, 0xb6, 0xee, 0xb6, 0xee,
    0xb6, 0xee, 0xb6, 0xee, 0xb6, 0xee, 0xb6, 0xee, 0xb6, 0xee, 0xb6, 0xee, 0xb6, 0xee, 0xb6, 0xee,
    0xb6, 0xee, 0xb6, 0xee, 0xb6, 0xee, 0xb6, 0xee, 0xb6, 0xee, 0xb6, 0xee, 0xb6, 0xee, 0xb6, 0xee,
    0xb6, 0xee, 0xb6, 0xee, 0xb6, 0xee, 0xb6, 0xee, 0xb6, 0xee, 0xb6, 0xee, 0xb6, 0xee, 0xb6, 0xee,
    0xb6, 0xee, 0xb6, 0xee, 0xb6, 0xee, 0xb6, 0xee, 0xb6, 0xee, 0xb6, 0xee, 0xb6, 0xee, 0xb6, 0xee,
    0xb6, 0xee, 0xb6, 0xee, 0xb6, 0xee, 0xb6, 0xee, 0xb6, 0xee, 0xb6, 0xee, 0xb6, 0xee, 0xb6, 0xee,
    0xb6, 0xee, 0xb6, 0xee, 0xb6, 0xee, 0xb6, 0xee, 0xb6, 0xee, 0xb6, 0xee, 0xb6, 0xee, 0xb6, 0xee,
    0xb6, 0xee, 0xb6, 0xee, 0xb6, 0xee, 0xb6, 0xee, 0xb6, 0xee, 0xb6, 0xee, 0xb6, 0xee, 0xb6, 0xee,
    0xb6, 0xee, 0xb6, 0xee, 0xb6, 0xee, 0xb6, 0xee, 0xb6, 0xee, 0xb6, 0xee, 0xb6, 0xee, 0xb6, 0xee,
    0xb6, 0xee, 0xb6, 0xee, 0xb6, 0xee, 0xb6, 0xee, 0xb6, 0xee, 0xb6, 0xee, 0xb6, 0xee, 0xb6, 0xee,
    0xb6, 0xee, 0xb6, 0xe6, 0x75, 0xe6, 0xb2, 0xc5, 0xcc, 0x8b, 0x29, 0x73, 0xe9, 0x72, 0x06, 0x52,
    0xa8, 0x6a, 0x09, 0x73, 0xc9, 0x72, 0xc5, 0x51, 0xa5, 0x49, 0x06, 0x5a, 0xc5, 0x51, 0x47, 0x62,
    0x06, 0x5a, 0xc9, 0x72, 0x09, 0x7b, 0x88, 0x6a, 0xe6, 0x59, 0x67, 0x62, 0xe9, 0x72, 0x2a, 0x7b,
    0x0a, 0x7b, 0x0a, 0x7b, 0x0a, 0x7b, 0x2a, 0x7b, 0x09, 0x7b, 0x09, 0x73, 0x09, 0x73, 0x09, 0x73,
    0x09, 0x73, 0x09, 0x73, 0x09, 0x73, 0x09, 0x73, 0x29, 0x73, 0x09, 0x73, 0x09, 0x73, 0x09, 0x73,
    0x09, 0x73, 0x0a, 0x7b, 0x09, 0x7b, 0x09, 0x7b, 0x09, 0x7b, 0x09, 0x7b, 0xe9, 0x72, 0x67, 0x62,
    0x26, 0x5a, 0xa5, 0x49, 0xc5, 0x49, 0x06, 0x5a, 0xc5, 0x51, 0x46, 0x5a, 0x06, 0x5a, 0xe5, 0x51,
    0xc5, 0x51, 0x47, 0x62, 0xe5, 0x51, 0x67, 0x62, 0x09, 0x73, 0x09, 0x73, 0x09, 0x73, 0x09, 0x73,
    0x09, 0x73, 0x09, 0x73, 0x09, 0x73, 0x09, 0x73, 0xc9, 0x72, 0x06, 0x5a, 0xa8, 0x6a, 0x67, 0x62,
    0x47, 0x5a, 0xe9, 0x72, 0x09, 0x73, 0x09, 0x73, 0x09, 0x73, 0x09, 0x73, 0x67, 0x62, 0x46, 0x5a,
    0x09, 0x73, 0xac, 0x8b, 0x92, 0xc5, 0x75, 0xe6, 0xb6, 0xe6, 0xb6, 0xee, 0xb6, 0xee, 0xb6, 0xee,
    0xb6, 0xee, 0xb6, 0xee, 0xb6, 0xee, 0xb6, 0xee, 0xb6, 0xee, 0xb6, 0xee, 0xb6, 0xee, 0xb6, 0xee,
    0xb6, 0xee, 0xb6, 0xee, 0xb6, 0xee, 0xb6, 0xee, 0xb6, 0xee, 0xb6, 0xee, 0xb6, 0xee, 0xb6, 0xee,
    0xb6, 0xee, 0xb6, 0xee, 0xb6, 0xee, 0xb6, 0xee, 0xb6, 0xee, 0xb6, 0xee, 0xb6, 0xee, 0xb6, 0xee,
    0xb6, 0xee, 0xb6, 0xee, 0xb6, 0xee, 0xb6, 0xee, 0xb6, 0xee, 0xb6, 0xee, 0xb6, 0xee, 0xb6, 0xee,
    0xb6, 0xee, 0xb6, 0xee, 0xb6, 0xee, 0xb6, 0xee, 0xb6, 0xee, 0xb6, 0xee, 0xb6, 0xee, 0xb6, 0xee,
    0xb6, 0xee, 0xb6, 0xee, 0xb6, 0xee, 0xb6, 0xee, 0xb6, 0xee, 0xb6, 0xee, 0xb6, 0xee, 0xb6, 0xee,
    0xb6, 0xee, 0xb6, 0xee, 0xb6, 0xee, 0xb6, 0xee, 0xb6, 0xee, 0xb6, 0xee, 0xb6, 0xee, 0xb6, 0xee,
    0xb6, 0xee, 0xb6, 0xee, 0xb6, 0xee, 0xb6, 0xee, 0xb6, 0xee, 0xb6, 0xee, 0xb6, 0xee, 0xb6, 0xee,
    0xb6, 0xee, 0xb6, 0xee, 0xb6, 0xee, 0xb6, 0xee, 0xb6, 0xee, 0xb6, 0xee, 0xb6, 0xee, 0xb6, 0xee,
    0xb6, 0xee, 0xb6, 0xee, 0xb6, 0xee, 0xb6, 0xee, 0xb6, 0xee, 0xb6, 0xee, 0xb6, 0xee, 0xb6, 0xee,
    0xb6, 0xee, 0xb6, 0xee, 0xb6, 0xee, 0xb6, 0xee, 0xb6, 0xee, 0xb6, 0xee, 0xb6, 0xee, 0xb6, 0xee,
    0xb6, 0xee, 0xb6, 0xee, 0xb6, 0xee, 0xb6, 0xee, 0xb6, 0xee, 0xb6, 0xee, 0xb6, 0xee, 0xb6, 0xee,
    0xb6, 0xee, 0xb6, 0xee, 0xb6, 0xee, 0xb6, 0xee, 0xb6, 0xee, 0xb6, 0xee, 0xb6, 0xee, 0xb6, 0xee,
    0xb6, 0xee, 0xb6, 0xee, 0xb6, 0xee, 0xb6, 0xee, 0xb6, 0xee, 0xb6, 0xee, 0xb6, 0xee, 0xb6, 0xee,
    0xb6, 0xee, 0xb6, 0xee, 0xb6, 0xee, 0xb6, 0xee, 0xb6, 0xee, 0xb6, 0xee, 0xb6, 0xee, 0xb6, 0xee,
    0xb6, 0xee, 0xb6, 0xee, 0xb6, 0xee, 0xb6, 0xee, 0xb6, 0xee, 0xb6, 0xee, 0xb6, 0xe6, 0x95, 0xe6,
    0xd3, 0xc5, 0xec, 0x8b, 0x06, 0x52, 0xa4, 0x49, 0x83, 0x49, 0x63, 0x49, 0x84, 0x49, 0x84, 0x51,
    0x84, 0x49, 0x63, 0x41, 0x43, 0x41, 0x63, 0x49, 0x63, 0x49, 0x63, 0x49, 0x63, 0x49, 0x83, 0x49,
    0x83, 0x49, 0x83, 0x49, 0x63, 0x49, 0x63, 0x49, 0x83, 0x49, 0x84, 0x49, 0x83, 0x49, 0x84, 0x49,
    0x83, 0x49, 0x84, 0x49, 0x83, 0x49, 0xa4, 0x51, 0x83, 0x49, 0x83, 0x49, 0xa4, 0x51, 0x83, 0x49,
    0xa4, 0x51, 0x83, 0x49, 0xa4, 0x51, 0x83, 0x49, 0xa4, 0x51, 0xa4, 0x51, 0x84, 0x49, 0xa4, 0x51,
    0x84, 0x49, 0x84, 0x49, 0x84, 0x49, 0x84, 0x49, 0x84, 0x49, 0x83, 0x49, 0x63, 0x49, 0x42, 0x41,
    0x43, 0x41, 0x63, 0x49, 0x63, 0x49, 0x63, 0x49, 0x43, 0x41, 0x43, 0x41, 0x63, 0x49, 0x63, 0x49,
    0x63, 0x49, 0x83, 0x49, 0x83, 0x49, 0x83, 0x49, 0xa4, 0x51, 0xa4, 0x51, 0xa4, 0x51, 0xa4, 0x51,
    0x83, 0x49, 0xa4, 0x51, 0x83, 0x49, 0x63, 0x49, 0x84, 0x49, 0x63, 0x49, 0x63, 0x49, 0x83, 0x49,
    0x84, 0x49, 0x84, 0x49, 0x84, 0x49, 0x84, 0x49, 0x63, 0x49, 0x63, 0x49, 0x84, 0x49, 0xe5, 0x51,
    0x6b, 0x7b, 0x92, 0xc5, 0x95, 0xe6, 0xb6, 0xe6, 0xb6, 0xee, 0xb6, 0xee, 0xb6, 0xee, 0xb6, 0xee,
    0xb6, 0xee, 0xb6, 0xee, 0xb6, 0xee, 0xb6, 0xee, 0xb6, 0xee, 0xb6, 0xee, 0xb6, 0xee, 0xb6, 0xee,
    0xb6, 0xee, 0xb6, 0xee, 0xb6, 0xee, 0xb6, 0xee, 0xb6, 0xee, 0xb6, 0xee, 0xb6, 0xee, 0xb6, 0xee,
    0xb6, 0xee, 0xb6, 0xee, 0xb6, 0xee, 0xb6, 0xee, 0xb6, 0xee, 0xb6, 0xee, 0xb6, 0xee, 0xb6, 0xee,
    0xb6, 0xee, 0xb6, 0xee, 0xb6, 0xee, 0xb6, 0xee, 0xb6, 0xee, 0xb6, 0xee, 0xb6, 0xee, 0xb6, 0xee,
    0xb6, 0xee, 0xb6, 0xee, 0xb6, 0xee, 0xb6, 0xee, 0xb6, 0xee, 0xb6, 0xee, 0xb6, 0xee, 0xb6, 0xee,
    0xb6, 0xee, 0xb6, 0xee, 0xb6, 0xee, 0xb6, 0xee, 0xb6, 0xee, 0xb6, 0xee, 0xb6, 0xee, 0xb6, 0xee,
    0xb6, 0xee, 0xb6, 0xee, 0xb6, 0xee, 0xb6, 0xee, 0xb6, 0xee, 0xb6, 0xee, 0xb6, 0xee, 0xb6, 0xee,
    0xb6, 0xee, 0xb6, 0xee, 0xb6, 0xee, 0xb6, 0xee, 0xb6, 0xee, 0xb6, 0xee, 0xb6, 0xee, 0xb6, 0xee,
    0xb6, 0xee, 0xb6, 0xee, 0xb6, 0xee, 0xb6, 0xee, 0xb6, 0xee, 0xb6, 0xee, 0xb6, 0xee, 0xb6, 0xee,
    0xb6, 0xee, 0xb6, 0xee, 0xb6, 0xee, 0xb6, 0xee, 0xb6, 0xee, 0xb6, 0xee, 0xb6, 0xee, 0xb6, 0xee,
    0xb6, 0xee, 0xb6, 0xee, 0xb6, 0xee, 0xb6, 0xee, 0xb6, 0xee, 0xb6, 0xee, 0xb6, 0xee, 0xb6, 0xee,
    0xb6, 0xee, 0xb6, 0xee, 0xb6, 0xee, 0xb6, 0xee, 0xb6, 0xee, 0xb6, 0xee, 0xb6, 0xee, 0xb6, 0xee,
    0xb6, 0xee, 0xb6, 0xee, 0xb6, 0xee, 0xb6, 0xee, 0xb6, 0xee, 0xb6, 0xee, 0xb6, 0xee, 0xb6, 0xee,
    0xb6, 0xee, 0xb6, 0xee, 0xb6, 0xee, 0xb6, 0xee, 0xb6, 0xee, 0xb6, 0xee, 0xb6, 0xee, 0xb6, 0xee,
    0xb6, 0xee, 0xb6, 0xee, 0xb6, 0xee, 0xb6, 0xee, 0xb6, 0xee, 0xb6, 0xee, 0xb6, 0xee, 0xb6, 0xee,
    0xb6, 0xee, 0xb6, 0xee, 0xb6, 0xee, 0xb6, 0xee, 0x96, 0xe6, 0xb3, 0xc5, 0x2d, 0x9c, 0xc8, 0x6a,
    0x63, 0x41, 0x43, 0x41, 0x02, 0x39, 0x02, 0x39, 0x02, 0x39, 0x02, 0x39, 0x02, 0x31, 0x02, 0x31,
    0x02, 0x31, 0x02, 0x31, 0x02, 0x31, 0x02, 0x31, 0x02, 0x31, 0x02, 0x31, 0x02, 0x31, 0x02, 0x31,
    0x02, 0x31, 0x02, 0x31, 0x02, 0x31, 0x23, 0x39, 0x02, 0x31, 0x02, 0x31, 0x02, 0x31, 0x02, 0x31,
    0x02, 0x31, 0x02, 0x39, 0x02, 0x31, 0x02, 0x31, 0x02, 0x39, 0x02, 0x31, 0x02, 0x39, 0xe2, 0x30,
    0x22, 0x39, 0xe2, 0x30, 0x02, 0x39, 0x02, 0x39, 0x02, 0x31, 0x23, 0x39, 0x02, 0x31, 0x22, 0x39,
    0x02, 0x31, 0x22, 0x39, 0x02, 0x31, 0x02, 0x31, 0x02, 0x31, 0x02, 0x31, 0x02, 0x31, 0x02, 0x31,
    0x02, 0x31, 0x02, 0x31, 0x02, 0x31, 0x02, 0x31, 0x02, 0x31, 0x02, 0x31, 0x02, 0x31, 0x02, 0x31,
    0x02, 0x39, 0x02, 0x39, 0x02, 0x39, 0x02, 0x39, 0x02, 0x39, 0x02, 0x39, 0x02, 0x31, 0x02, 0x39,
    0xe2, 0x30, 0x02, 0x31, 0x02, 0x31, 0xe2, 0x30, 0x02, 0x39, 0x02, 0x31, 0x02, 0x39, 0x02, 0x31,
    0x02, 0x39, 0x02, 0x31, 0x02, 0x31, 0xe2, 0x30, 0x22, 0x39, 0x63, 0x49, 0xe5, 0x51, 0x6b, 0x7b,
    0xd3, 0xcd, 0x95, 0xe6, 0xb6, 0xe6, 0xb6, 0xee, 0xb6, 0xee, 0xb6, 0xee, 0xb6, 0xee, 0xb6, 0xee,
    0xb6, 0xee, 0xb6, 0xee, 0xb6, 0xee, 0xb6, 0xee, 0xb6, 0xee, 0xb6, 0xee, 0xb6, 0xee, 0xb6, 0xee,
    0xb6, 0xee, 0xb6, 0xee, 0xb6, 0xee, 0xb6, 0xee, 0xb6, 0xee, 0xb6, 0xee, 0xb6, 0xee, 0xb6, 0xee,
    0xb6, 0xee, 0xb6, 0xee, 0xb6, 0xee, 0xb6, 0xee, 0xb6, 0xee, 0xb6, 0xee, 0xb6, 0xee, 0xb6, 0xee,
    0xb6, 0xee, 0xb6, 0xee, 0xb6, 0xee, 0xb6, 0xee, 0xb6, 0xee, 0xb6, 0xee, 0xb6, 0xee, 0xb6, 0xee,
    0xb6, 0xee, 0xb6, 0xee, 0xb6, 0xee, 0xb6, 0xee, 0xb6, 0xee, 0xb6, 0xee, 0xb6, 0xee, 0xb6, 0xee,
    0xb6, 0xee, 0xb6, 0xee, 0xb6, 0xee, 0xb6, 0xee, 0xb6, 0xee, 0xb6, 0xee, 0xb6, 0xee, 0xb6, 0xee,
    0xb6, 0xee, 0xb6, 0xee, 0xb6, 0xee, 0xb6, 0xee, 0xb6, 0xee, 0xb6, 0xee, 0xb6, 0xee, 0xb6, 0xee,
    0xb6, 0xee, 0xb6, 0xee, 0xb6, 0xee, 0xb6, 0xee, 0xb6, 0xee, 0xb6, 0xee, 0xb6, 0xee, 0xb6, 0xee,
    0xb6, 0xee, 0xb6, 0xee, 0xb6, 0xee, 0xb6, 0xee, 0xb6, 0xee, 0xb6, 0xee, 0xb6, 0xee, 0xb6, 0xee,
    0xb6, 0xee, 0xb6, 0xee, 0xb6, 0xee, 0xb6, 0xee, 0xb6, 0xee, 0xb6, 0xee, 0xb6, 0xee, 0xb6, 0xee,
    0xb6, 0xee, 0xb6, 0xee, 0xb6, 0xee, 0xb6, 0xee, 0xb6, 0xee, 0xb6, 0xee, 0xb6, 0xee, 0xb6, 0xee,
    0xb6, 0xee, 0xb6, 0xee, 0xb6, 0xee, 0xb6, 0xee, 0xb6, 0xee, 0xb6, 0xee, 0xb6, 0xee, 0xb6, 0xee,
    0xb6, 0xee, 0xb6, 0xee, 0xb6, 0xee, 0xb6, 0xee, 0xb6, 0xee, 0xb6, 0xee, 0xb6, 0xee, 0xb6, 0xee,
    0xb6, 0xee, 0xb6, 0xee, 0xb6, 0xee, 0xb6, 0xee, 0xb6, 0xee, 0xb6, 0xee, 0xb6, 0xee, 0xb6, 0xee,
    0xb6, 0xee, 0xb6, 0xee, 0xb6, 0xee, 0xb6, 0xee, 0xb6, 0xee, 0xb6, 0xee, 0xb6, 0xee, 0xb6, 0xee,
    0xb6, 0xee, 0xb6, 0xe6, 0xf4, 0xcd, 0x8b, 0x83, 0x06, 0x5a, 0xa4, 0x49, 0x22, 0x39, 0x22, 0x39,
    0x40, 0x18, 0x61, 0x18, 0x60, 0x18, 0x60, 0x18, 0x60, 0x18, 0x60, 0x18, 0x60, 0x18, 0x60, 0x18,
    0x81, 0x20, 0x40, 0x18, 0x61, 0x18, 0x40, 0x18, 0x60, 0x18, 0x40, 0x18, 0x61, 0x18, 0x60, 0x18,
    0x60, 0x18, 0x61, 0x18, 0x40, 0x18, 0x60, 0x18, 0x40, 0x18, 0x61, 0x20, 0x40, 0x18, 0x61, 0x18,
    0x60, 0x18, 0x60, 0x18, 0x81, 0x20, 0x61, 0x18, 0x61, 0x18, 0x40, 0x18, 0x61, 0x18, 0x40, 0x18,
    0x60, 0x18, 0x60, 0x18, 0x60, 0x18, 0x60, 0x18, 0x40, 0x18, 0x60, 0x18, 0x40, 0x18, 0x60, 0x18,
    0x40, 0x18, 0x60, 0x18, 0x40, 0x18, 0x60, 0x18, 0x40, 0x18, 0x40, 0x18, 0x60, 0x18, 0x40, 0x18,
    0x60, 0x18, 0x40, 0x18, 0x60, 0x18, 0x60, 0x18, 0x60, 0x18, 0x60, 0x18, 0x40, 0x18, 0x60, 0x18,
    0x40, 0x18, 0x61, 0x20, 0x40, 0x18, 0x40, 0x18, 0x60, 0x18, 0x60, 0x18, 0x40, 0x18, 0x61, 0x20,
    0x60, 0x18, 0x40, 0x18, 0x61, 0x18, 0x60, 0x18, 0x60, 0x18, 0x40, 0x18, 0x61, 0x18, 0x40, 0x18,
    0x60, 0x18, 0x81, 0x20, 0x02, 0x39, 0x22, 0x41, 0x42, 0x41, 0x67, 0x5a, 0xd0, 0xac, 0xf3, 0xcd,
    0x95, 0xe6, 0xb6, 0xe6, 0xb6, 0xee, 0xb6, 0xee, 0xb6, 0xee, 0xb6, 0xee, 0xb6, 0xee, 0xb6, 0xee,
    0xb6, 0xee, 0xb6, 0xee, 0xb6, 0xee, 0xb6, 0xee, 0xb6, 0xee, 0xb6, 0xee, 0xb6, 0xee, 0xb6, 0xee,
    0xb6, 0xee, 0xb6, 0xee, 0xb6, 0xee, 0xb6, 0xee, 0xb6, 0xee, 0xb6, 0xee, 0xb6, 0xee, 0xb6, 0xee,
    0xb6, 0xee, 0xb6, 0xee, 0xb6, 0xee, 0xb6, 0xee, 0xb6, 0xee, 0xb6, 0xee, 0xb6, 0xee, 0xb6, 0xee,
    0xb6, 0xee, 0xb6, 0xee, 0xb6, 0xee, 0xb6, 0xee, 0xb6, 0xee, 0xb6, 0xee, 0xb6, 0xee, 0xb6, 0xee,
    0xb6, 0xee, 0xb6, 0xee, 0xb6, 0xee, 0xb6, 0xee, 0xb6, 0xee, 0xb6, 0xee, 0xb6, 0xee, 0xb6, 0xee,
    0xb6, 0xee, 0xb6, 0xee, 0xb6, 0xee, 0xb6, 0xee, 0xb6, 0xee, 0xb6, 0xee, 0xb6, 0xee, 0xb6, 0xee,
    0xb6, 0xee, 0xb6, 0xee, 0xb6, 0xee, 0xb6, 0xee, 0xb6, 0xee, 0xb6, 0xee, 0xb6, 0xee, 0xb6, 0xee,
    0xb6, 0xee, 0xb6, 0xee, 0xb6, 0xee, 0xb6, 0xee, 0xb6, 0xee, 0xb6, 0xee, 0xb6, 0xee, 0xb6, 0xee,
    0xb6, 0xee, 0xb6, 0xee, 0xb6, 0xee, 0xb6, 0xee, 0xb6, 0xee, 0xb6, 0xee, 0xb6, 0xee, 0xb6, 0xee,
    0xb6, 0xee, 0xb6, 0xee, 0xb6, 0xee, 0xb6, 0xee, 0xb6, 0xee, 0xb6, 0xee, 0xb6, 0xee, 0xb6, 0xee,
    0xb6, 0xee, 0xb6, 0xee, 0xb6, 0xee, 0xb6, 0xee, 0xb6, 0xee, 0xb6, 0xee, 0xb6, 0xee, 0xb6, 0xee,
    0xb6, 0xee, 0xb6, 0xee, 0xb6, 0xee, 0xb6, 0xee, 0xb6, 0xee, 0xb6, 0xee, 0xb6, 0xee, 0xb6, 0xee,
    0xb6, 0xee, 0xb6, 0xee, 0xb6, 0xee, 0xb6, 0xee, 0xb6, 0xee, 0xb6, 0xee, 0xb6, 0xee, 0xb6, 0xee,
    0xb6, 0xee, 0xb6, 0xee, 0xb6, 0xee, 0xb6, 0xee, 0xb6, 0xee, 0xb6, 0xee, 0xb6, 0xee, 0xb6, 0xee,
    0xb6, 0xee, 0xb6, 0xee, 0xb6, 0xee, 0xb6, 0xee, 0xb6, 0xee, 0xb6, 0xee, 0xb6, 0xe6, 0x55, 0xde,
    0x51, 0xb5, 0x47, 0x5a, 0x63, 0x41, 0x43, 0x39, 0x22, 0x31, 0x60, 0x20, 0x03, 0x31, 0x27, 0x5a,
    0x47, 0x5a, 0x47, 0x5a, 0x27, 0x52, 0x47, 0x5a, 0x47, 0x5a, 0x27, 0x5a, 0x48, 0x5a, 0x27, 0x5a,
    0x48, 0x5a, 0x27, 0x5a, 0x48, 0x5a, 0x47, 0x5a, 0x48, 0x5a, 0x47, 0x5a, 0x27, 0x5a, 0x27, 0x5a,
    0x27, 0x52, 0x47, 0x5a, 0x47, 0x5a, 0x47, 0x5a, 0x27, 0x5a, 0x48, 0x5a, 0x47, 0x5a, 0x27, 0x5a,
    0x48, 0x5a, 0x47, 0x5a, 0x47, 0x5a, 0x27, 0x5a, 0x48, 0x5a, 0x47, 0x5a, 0x48, 0x5a, 0x48, 0x5a,
    0x47, 0x5a, 0x47, 0x5a, 0x47, 0x5a, 0x47, 0x5a, 0x27, 0x5a, 0x48, 0x5a, 0x27, 0x5a, 0x48, 0x5a,
    0x47, 0x5a, 0x47, 0x5a, 0x47, 0x5a, 0x48, 0x5a, 0x68, 0x5a, 0x47, 0x5a, 0x48, 0x5a, 0x47, 0x5a,
    0x48, 0x5a, 0x47, 0x5a, 0x48, 0x5a, 0x27, 0x5a, 0x27, 0x5a, 0x47, 0x5a, 0x27, 0x5a, 0x48, 0x5a,
    0x27, 0x5a, 0x47, 0x5a, 0x27, 0x5a, 0x47, 0x5a, 0x27, 0x5a, 0x48, 0x5a, 0x47, 0x5a, 0x27, 0x5a,
    0x48, 0x5a, 0x47, 0x5a, 0x47, 0x5a, 0x27, 0x5a, 0x48, 0x5a, 0x27, 0x5a, 0x47, 0x5a, 0xe3, 0x30,
    0x80, 0x20, 0x02, 0x31, 0x23, 0x39, 0x84, 0x49, 0x67, 0x62, 0x8b, 0x83, 0x92, 0xc5, 0x75, 0xe6,
    0xb6, 0xe6, 0xb6, 0xee, 0xb6, 0xee, 0xb6, 0xee, 0xb6, 0xee, 0xb6, 0xee, 0xb6, 0xee, 0xb6, 0xee,
    0xb6, 0xee, 0xb6, 0xee, 0xb6, 0xee, 0xb6, 0xee, 0xb6, 0xee, 0xb6, 0xee, 0xb6, 0xee, 0xb6, 0xee,
    0xb6, 0xee, 0xb6, 0xee, 0xb6, 0xee, 0xb6, 0xee, 0xb6, 0xee, 0xb6, 0xee, 0xb6, 0xee, 0xb6, 0xee,
    0xb6, 0xee, 0xb6, 0xee, 0xb6, 0xee, 0xb6, 0xee, 0xb6, 0xee, 0xb6, 0xee, 0xb6, 0xee, 0xb6, 0xee,
    0xb6, 0xee, 0xb6, 0xee, 0xb6, 0xee, 0xb6, 0xee, 0xb6, 0xee, 0xb6, 0xee, 0xb6, 0xee, 0xb6, 0xee,
    0xb6, 0xee, 0xb6, 0xee, 0xb6, 0xee, 0xb6, 0xee, 0xb6, 0xee, 0xb6, 0xee, 0xb6, 0xee, 0xb6, 0xee,
    0xb6, 0xee, 0xb6, 0xee, 0xb6, 0xee, 0xb6, 0xee, 0xb6, 0xee, 0xb6, 0xee, 0xb6, 0xee, 0xb6, 0xee,
    0xb6, 0xee, 0xb6, 0xee, 0xb6, 0xee, 0xb6, 0xee, 0xb6, 0xee, 0xb6, 0xee, 0xb6, 0xee, 0xb6, 0xee,
    0xb6, 0xee, 0xb6, 0xee, 0xb6, 0xee, 0xb6, 0xee, 0xb6, 0xee, 0xb6, 0xee, 0xb6, 0xee, 0xb6, 0xee,
    0xb6, 0xee, 0xb6, 0xee, 0xb6, 0xee, 0xb6, 0xee, 0xb6, 0xee, 0xb6, 0xee, 0xb6, 0xee, 0xb6, 0xee,
    0xb6, 0xee, 0xb6, 0xee, 0xb6, 0xee, 0xb6, 0xee, 0xb6, 0xee, 0xb6, 0xee, 0xb6, 0xee, 0xb6, 0xee,
    0xb6, 0xee, 0xb6, 0xee, 0xb6, 0xee, 0xb6, 0xee, 0xb6, 0xee, 0xb6, 0xee, 0xb6, 0xee, 0xb6, 0xee,
    0xb6, 0xee, 0xb6, 0xee, 0xb6, 0xee, 0xb6, 0xee, 0xb6, 0xee, 0xb6, 0xee, 0xb6, 0xee, 0xb6, 0xee,
    0xb6, 0xee, 0xb6, 0xee, 0xb6, 0xee, 0xb6, 0xee, 0xb6, 0xee, 0xb6, 0xee, 0xb6, 0xee, 0xb6, 0xee,
    0xb6, 0xee, 0xb6, 0xee, 0xb6, 0xee, 0xb6, 0xee, 0xb6, 0xee, 0xb6, 0xee, 0xb6, 0xee, 0xb6, 0xee,
    0xb6, 0xee, 0xb6, 0xee, 0xb6, 0xee, 0xb6, 0xe6, 0x95, 0xe6, 0x51, 0xbd, 0x4a, 0x7b, 0xa4, 0x51,
    0x43, 0x41, 0x02, 0x31, 0x60, 0x18, 0x22, 0x31, 0xea, 0x72, 0xcd, 0x8b, 0x8c, 0x83, 0xcd, 0x8b,
    0xad, 0x83, 0xad, 0x83, 0xad, 0x83, 0x8c, 0x83, 0xcd, 0x8b, 0x8c, 0x83, 0xad, 0x8b, 0xac, 0x83,
    0xad, 0x8b, 0xac, 0x83, 0xad, 0x8b, 0xac, 0x83, 0x8c, 0x83, 0xac, 0x83, 0xac, 0x83, 0x8c, 0x83,
    0xad, 0x83, 0xad, 0x83, 0xad, 0x83, 0xcd, 0x8b, 0xad, 0x83, 0xad, 0x83, 0xcd, 0x8b, 0xad, 0x83,
    0xad, 0x8b, 0x8c, 0x83, 0xad, 0x83, 0x8c, 0x83, 0xac, 0x83, 0xac, 0x83, 0x8c, 0x83, 0x8c, 0x83,
    0x8c, 0x83, 0x8c, 0x83, 0x8c, 0x83, 0xad, 0x83, 0x8c, 0x83, 0xad, 0x83, 0x8c, 0x83, 0xac, 0x83,
    0xad, 0x8b, 0xad, 0x83, 0xad, 0x8b, 0xac, 0x83, 0xad, 0x83, 0x8c, 0x83, 0xad, 0x83, 0x8c, 0x83,
    0xac, 0x83, 0x8c, 0x83, 0x8c, 0x83, 0xac, 0x83, 0x8c, 0x83, 0xad, 0x8b, 0xac, 0x83, 0xad, 0x8b,
    0xac, 0x83, 0xac, 0x83, 0xac, 0x83, 0xad, 0x8b, 0xad, 0x83, 0xad, 0x83, 0xad, 0x8b, 0x8c, 0x83,
    0xad, 0x83, 0x8c, 0x83, 0xad, 0x8b, 0x8c, 0x83, 0xad, 0x8b, 0x0a, 0x73, 0xe2, 0x28, 0x81, 0x20,
    0x02, 0x31, 0x22, 0x39, 0x63, 0x49, 0xe5, 0x51, 0x6b, 0x7b, 0x92, 0xbd, 0x75, 0xe6, 0xb6, 0xe6,
    0xb6, 0xee, 0xb6, 0xee, 0xb6, 0xee, 0xb6, 0xee, 0xb6, 0xee, 0xb6, 0xee, 0xb6, 0xee, 0xb6, 0xee,
    0xb6, 0xee, 0xb6, 0xee, 0xb6, 0xee, 0xb6, 0xee, 0xb6, 0xee, 0xb6, 0xee, 0xb6, 0xee, 0xb6, 0xee,
    0xb6, 0xee, 0xb6, 0xee, 0xb6, 0xee, 0xb6, 0xee, 0xb6, 0xee, 0xb6, 0xee, 0xb6, 0xee, 0xb6, 0xee,
    0xb6, 0xee, 0xb6, 0xee, 0xb6, 0xee, 0xb6, 0xee, 0xb6, 0xee, 0xb6, 0xee, 0xb6, 0xee, 0xb6, 0xee,
    0xb6, 0xee, 0xb6, 0xee, 0xb6, 0xee, 0xb6, 0xee, 0xb6, 0xee, 0xb6, 0xee, 0xb6, 0xee, 0xb6, 0xee,
    0xb6, 0xee, 0xb6, 0xee, 0xb6, 0xee, 0xb6, 0xee, 0xb6, 0xee, 0xb6, 0xee, 0xb6, 0xee, 0xb6, 0xee,
    0xb6, 0xee, 0xb6, 0xee, 0xb6, 0xee, 0xb6, 0xee, 0xb6, 0xee, 0xb6, 0xee, 0xb6, 0xee, 0xb6, 0xee,
    0xb6, 0xee, 0xb6, 0xee, 0xb6, 0xee, 0xb6, 0xee, 0xb6, 0xee, 0xb6, 0xee, 0xb6, 0xee, 0xb6, 0xee,
    0xb6, 0xee, 0xb6, 0xee, 0xb6, 0xee, 0xb6, 0xee, 0xb6, 0xee, 0xb6, 0xee, 0xb6, 0xee, 0xb6, 0xee,
    0xb6, 0xee, 0xb6, 0xee, 0xb6, 0xee, 0xb6, 0xee, 0xb6, 0xee, 0xb6, 0xee, 0xb6, 0xee, 0xb6, 0xee,
    0xb6, 0xee, 0xb6, 0xee, 0xb6, 0xee, 0xb6, 0xee, 0xb6, 0xee, 0xb6, 0xee, 0xb6, 0xee, 0xb6, 0xee,
    0xb6, 0xee, 0xb6, 0xee, 0xb6, 0xee, 0xb6, 0xee, 0xb6, 0xee, 0xb6, 0xee, 0xb6, 0xee, 0xb6, 0xee,
    0xb6, 0xee, 0xb6, 0xee, 0xb6, 0xee, 0xb6, 0xee, 0xb6, 0xee, 0xb6, 0xee, 0xb6, 0xee, 0xb6, 0xee,
    0xb6, 0xee, 0xb6, 0xee, 0xb6, 0xee, 0xb6, 0xee, 0xb6, 0xee, 0xb6, 0xee, 0xb6, 0xee, 0xb6, 0xee,
    0xb6, 0xee, 0xb6, 0xee, 0xb6, 0xee, 0xb6, 0xee, 0xb6, 0xee, 0xb6, 0xee, 0xb6, 0xee, 0xb6, 0xe6,
    0xb6, 0xe6, 0x95, 0xe6, 0x72, 0xbd, 0x2a, 0x7b, 0xc4, 0x51, 0x43, 0x41, 0x23, 0x39, 0x60, 0x20,
    0xe2, 0x28, 0x0a, 0x73, 0x8c, 0x83, 0x4b, 0x7b, 0x4b, 0x7b, 0x4b, 0x7b, 0x6b, 0x7b, 0x4b, 0x7b,
    0x4b, 0x7b, 0x4b, 0x7b, 0x6c, 0x83, 0x4b, 0x7b, 0x6b, 0x7b, 0x4b, 0x7b, 0x6b, 0x7b, 0x4b, 0x7b,
    0x6b, 0x7b, 0x4b, 0x7b, 0x4b, 0x7b, 0x6b, 0x7b, 0x4b, 0x7b, 0x6b, 0x7b, 0x2a, 0x7b, 0x6c, 0x83,
    0x4b, 0x7b, 0x4b, 0x7b, 0x4b, 0x7b, 0x4b, 0x7b, 0x6b, 0x83, 0x4b, 0x7b, 0x4b, 0x7b, 0x4b, 0x7b,
    0x6b, 0x7b, 0x4b, 0x7b, 0x6b, 0x7b, 0x6b, 0x7b, 0x4b, 0x7b, 0x4b, 0x7b, 0x4b, 0x7b, 0x4b, 0x7b,
    0x4b, 0x7b, 0x6b, 0x7b, 0x4b, 0x7b, 0x6b, 0x7b, 0x4b, 0x7b, 0x4b, 0x7b, 0x4b, 0x7b, 0x4b, 0x7b,
    0x4b, 0x7b, 0x4b, 0x7b, 0x6b, 0x7b, 0x4b, 0x7b, 0x6b, 0x7b, 0x4b, 0x7b, 0x6b, 0x7b, 0x4b, 0x7b,
    0x4b, 0x7b, 0x4b, 0x7b, 0x2b, 0x7b, 0x6b, 0x7b, 0x4b, 0x7b, 0x6b, 0x7b, 0x4b, 0x7b, 0x4b, 0x7b,
    0x4b, 0x7b, 0x6b, 0x7b, 0x4b, 0x7b, 0x4b, 0x7b, 0x6b, 0x7b, 0x4b, 0x7b, 0x4b, 0x7b, 0x4b, 0x7b,
    0x6b, 0x7b, 0x4b, 0x7b, 0x6b, 0x7b, 0x8c, 0x83, 0x0b, 0x73, 0xe2, 0x28, 0x60, 0x18, 0x23, 0x39,
    0x02, 0x39, 0x63, 0x41, 0xe5, 0x49, 0x6b, 0x7b, 0x92, 0xbd, 0x75, 0xe6, 0xb6, 0xe6, 0xb6, 0xee,
    0xb6, 0xee, 0xb6, 0xee, 0xb6, 0xee, 0xb6, 0xee, 0xb6, 0xee, 0xb6, 0xee, 0xb6, 0xee, 0xb6, 0xee,
    0xb6, 0xee, 0xb6, 0xee, 0xb6, 0xee, 0xb6, 0xee, 0xb6, 0xee, 0xb6, 0xee, 0xb6, 0xee, 0xb6, 0xee,
    0xb6, 0xee, 0xb6, 0xee, 0xb6, 0xee, 0xb6, 0xee, 0xb6, 0xee, 0xb6, 0xee, 0xb6, 0xee, 0xb6, 0xee,
    0xb6, 0xee, 0xb6, 0xee, 0xb6, 0xee, 0xb6, 0xee, 0xb6, 0xee, 0xb6, 0xee, 0xb6, 0xee, 0xb6, 0xee,
    0xb6, 0xee, 0xb6, 0xee, 0xb6, 0xee, 0xb6, 0xee, 0xb6, 0xee, 0xb6, 0xee, 0xb6, 0xee, 0xb6, 0xee,
    0xb6, 0xee, 0xb6, 0xee, 0xb6, 0xee, 0xb6, 0xee, 0xb6, 0xee, 0xb6, 0xee, 0xb6, 0xee, 0xb6, 0xee,
    0xb6, 0xee, 0xb6, 0xee, 0xb6, 0xee, 0xb6, 0xee, 0xb6, 0xee, 0xb6, 0xee, 0xb6, 0xee, 0xb6, 0xee,
    0xb6, 0xee, 0xb6, 0xee, 0xb6, 0xee, 0xb6, 0xee, 0xb6, 0xee, 0xb6, 0xee, 0xb6, 0xee, 0xb6, 0xee,
    0xb6, 0xee, 0xb6, 0xee, 0xb6, 0xee, 0xb6, 0xee, 0xb6, 0xee, 0xb6, 0xee, 0xb6, 0xee, 0xb6, 0xee,
    0xb6, 0xee, 0xb6, 0xee, 0xb6, 0xee, 0xb6, 0xee, 0xb6, 0xee, 0xb6, 0xee, 0xb6, 0xee, 0xb6, 0xee,
    0xb6, 0xee, 0xb6, 0xee, 0xb6, 0xee, 0xb6, 0xee, 0xb6, 0xee, 0xb6, 0xee, 0xb6, 0xee, 0xb6, 0xee,
    0xb6, 0xee, 0xb6, 0xee, 0xb6, 0xee, 0xb6, 0xee, 0xb6, 0xee, 0xb6, 0xee, 0xb6, 0xee, 0xb6, 0xee,
    0xb6, 0xee, 0xb6, 0xee, 0xb6, 0xee, 0xb6, 0xee, 0xb6, 0xee, 0xb6, 0xee, 0xb6, 0xee, 0xb6, 0xee,
    0xb6, 0xee, 0xb6, 0xee, 0xb6, 0xee, 0xb6, 0xee, 0xb6, 0xee, 0xb6, 0xee, 0xb6, 0xee, 0xb6, 0xee,
    0xb6, 0xee, 0xb6, 0xee, 0xb6, 0xee, 0xb6, 0xee, 0xb6, 0xee, 0xb6, 0xe6, 0x55, 0xde, 0x51, 0xb5,
    0x4a, 0x7b, 0xc4, 0x51, 0x21, 0x41, 0x22, 0x39, 0x60, 0x18, 0xe2, 0x30, 0x0a, 0x73, 0x8c, 0x83,
    0x4b, 0x7b, 0x4b, 0x7b, 0x6c, 0x83, 0x8c, 0x83, 0x6c, 0x7b, 0x6c, 0x7b, 0x4b, 0x7b, 0x4b, 0x7b,
    0x8c, 0x83, 0x4b, 0x7b, 0x6c, 0x83, 0x6c, 0x7b, 0x6c, 0x83, 0x6c, 0x7b, 0x6c, 0x83, 0x6c, 0x7b,
    0x4b, 0x7b, 0x6c, 0x83, 0x6c, 0x7b, 0x4b, 0x7b, 0x6c, 0x83, 0x6c, 0x83, 0x6c, 0x83, 0x8c, 0x83,
    0x4b, 0x7b, 0x6c, 0x7b, 0x8c, 0x83, 0x4b, 0x7b, 0x6c, 0x7b, 0x4b, 0x7b, 0x6c, 0x83, 0x6c, 0x7b,
    0x6c, 0x7b, 0x6c, 0x83, 0x6c, 0x7b, 0x6c, 0x7b, 0x6c, 0x7b, 0x6c, 0x7b, 0x6b, 0x7b, 0x8c, 0x83,
    0x6c, 0x7b, 0x8c, 0x83, 0x4b, 0x7b, 0x6c, 0x7b, 0x8c, 0x83, 0x6c, 0x83, 0x6c, 0x7b, 0x4b, 0x7b,
    0x8c, 0x83, 0x6c, 0x7b, 0x6c, 0x83, 0x6b, 0x7b, 0x6c, 0x83, 0x6c, 0x83, 0x6c, 0x83, 0x6c, 0x7b,
    0x4b, 0x7b, 0x8c, 0x83, 0x4b, 0x7b, 0x8c, 0x83, 0x4b, 0x7b, 0x6b, 0x7b, 0x6c, 0x7b, 0x6c, 0x83,
    0x6c, 0x7b, 0x6c, 0x7b, 0x6c, 0x83, 0x6b, 0x7b, 0x6c, 0x83, 0x6b, 0x7b, 0x8c, 0x83, 0x6c, 0x83,
    0x6b, 0x83, 0x4b, 0x7b, 0x8c, 0x83, 0x0b, 0x73, 0x23, 0x31, 0x81, 0x20, 0xe2, 0x30, 0x02, 0x39,
    0x63, 0x41, 0xe5, 0x51, 0x6b, 0x83, 0x92, 0xc5, 0x75, 0xe6, 0xb6, 0xe6, 0xb6, 0xee, 0xb6, 0xee,
    0xb6, 0xee, 0xb6, 0xee, 0xb6, 0xee, 0xb6, 0xee, 0xb6, 0xee, 0xb6, 0xee, 0xb6, 0xee, 0xb6, 0xee,
    0xb6, 0xee, 0xb6, 0xee, 0xb6, 0xee, 0xb6, 0xee, 0xb6, 0xee, 0xb6, 0xee, 0xb6, 0xee, 0xb6, 0xee,
    0xb6, 0xee, 0xb6, 0xee, 0xb6, 0xee, 0xb6, 0xee, 0xb6, 0xee, 0xb6, 0xee, 0xb6, 0xee, 0xb6, 0xee,
    0xb6, 0xee, 0xb6, 0xee, 0xb6, 0xee, 0xb6, 0xee, 0xb6, 0xee, 0xb6, 0xee, 0xb6, 0xee, 0xb6, 0xee,
    0xb6, 0xee, 0xb6, 0xee, 0xb6, 0xee, 0xb6, 0xee, 0xb6, 0xee, 0xb6, 0xee, 0xb6, 0xee, 0xb6, 0xee,
    0xb6, 0xee, 0xb6, 0xee, 0xb6, 0xee, 0xb6, 0xee, 0xb6, 0xee, 0xb6, 0xee, 0xb6, 0xee, 0xb6, 0xee,
    0xb6, 0xee, 0xb6, 0xee, 0xb6, 0xee, 0xb6, 0xee, 0xb6, 0xee, 0xb6, 0xee, 0xb6, 0xee, 0xb6, 0xee,
    0xb6, 0xee, 0xb6, 0xee, 0xb6, 0xee, 0xb6, 0xee, 0xb6, 0xee, 0xb6, 0xee, 0xb6, 0xee, 0xb6, 0xee,
    0xb6, 0xee, 0xb6, 0xee, 0xb6, 0xee, 0xb6, 0xee, 0xb6, 0xee, 0xb6, 0xee, 0xb6, 0xee, 0xb6, 0xee,
    0xb6, 0xee, 0xb6, 0xee, 0xb6, 0xee, 0xb6, 0xee, 0xb6, 0xee, 0xb6, 0xee, 0xb6, 0xee, 0xb6, 0xee,
    0xb6, 0xee, 0xb6, 0xee, 0xb6, 0xee, 0xb6, 0xee, 0xb6, 0xee, 0xb6, 0xee, 0xb6, 0xee, 0xb6, 0xee,
    0xb6, 0xee, 0xb6, 0xee, 0xb6, 0xee, 0xb6, 0xee, 0xb6, 0xee, 0xb6, 0xee, 0xb6, 0xee, 0xb6, 0xee,
    0xb6, 0xee, 0xb6, 0xee, 0xb6, 0xee, 0xb6, 0xee, 0xb6, 0xee, 0xb6, 0xee, 0xb6, 0xee, 0xb6, 0xee,
    0xb6, 0xee, 0xb6, 0xee, 0xb6, 0xee, 0xb6, 0xee, 0xb6, 0xee, 0xb6, 0xee, 0xb6, 0xee, 0xb6, 0xee,
    0xb6, 0xee, 0xb6, 0xe6, 0x95, 0xe6, 0xf3, 0xcd, 0xcf, 0xac, 0x09, 0x73, 0xc5, 0x51, 0x21, 0x41,
    0x22, 0x39, 0x81, 0x20, 0xe3, 0x28, 0x0b, 0x73, 0x8c, 0x83, 0x6b, 0x7b, 0x4b, 0x7b, 0x6c, 0x83,
    0x4b, 0x7b, 0x4b, 0x7b, 0x6c, 0x83, 0x4b, 0x7b, 0x4b, 0x7b, 0x6b, 0x7b, 0x8c, 0x83, 0x4b, 0x7b,
    0x6c, 0x83, 0x4b, 0x7b, 0x6c, 0x7b, 0x4b, 0x7b, 0x6c, 0x7b, 0x4b, 0x7b, 0x6c, 0x7b, 0x6c, 0x7b,
    0x4b, 0x7b, 0x6c, 0x7b, 0x2b, 0x7b, 0x4b, 0x7b, 0x0b, 0x73, 0x4b, 0x7b, 0x0a, 0x73, 0x2b, 0x7b,
    0x4b, 0x7b, 0x2b, 0x73, 0x2b, 0x73, 0x2b, 0x7b, 0x2b, 0x7b, 0x0b, 0x73, 0x4b, 0x7b, 0x2b, 0x7b,
    0x2b, 0x7b, 0x2b, 0x7b, 0x2b, 0x73, 0x2b, 0x7b, 0x0a, 0x73, 0x2b, 0x7b, 0x2b, 0x7b, 0x4b, 0x7b,
    0x2b, 0x7b, 0x2b, 0x73, 0x4b, 0x7b, 0x2b, 0x7b, 0x2b, 0x7b, 0x2b, 0x73, 0x4b, 0x7b, 0x2b, 0x73,
    0x2b, 0x73, 0x2b, 0x7b, 0x4b, 0x7b, 0x4b, 0x7b, 0x6c, 0x83, 0x6c, 0x7b, 0x4b, 0x7b, 0x6c, 0x83,
    0x4b, 0x7b, 0x6c, 0x83, 0x4b, 0x7b, 0x6b, 0x7b, 0x6c, 0x7b, 0x6c, 0x83, 0x6c, 0x7b, 0x6c, 0x7b,
    0x6c, 0x7b, 0x4b, 0x7b, 0x6b, 0x7b, 0x4b, 0x7b, 0x6b, 0x7b, 0x6b, 0x7b, 0x6c, 0x83, 0x6b, 0x83,
    0x4b, 0x7b, 0x8c, 0x83, 0x0a, 0x73, 0x03, 0x31, 0x60, 0x18, 0x22, 0x39, 0x22, 0x39, 0x63, 0x49,
    0xc5, 0x51, 0x6b, 0x7b, 0x92, 0xc5, 0x75, 0xe6, 0xb6, 0xe6, 0xb6, 0xee, 0xb6, 0xee, 0xb6, 0xee,
    0xb6, 0xee, 0xb6, 0xee, 0xb6, 0xee, 0xb6, 0xee, 0xb6, 0xee, 0xb6, 0xee, 0xb6, 0xee, 0xb6, 0xee,
    0xb6, 0xee, 0xb6, 0xee, 0xb6, 0xee, 0xb6, 0xee, 0xb6, 0xee, 0xb6, 0xee, 0xb6, 0xee, 0xb6, 0xee,
    0xb6, 0xee, 0xb6, 0xee, 0xb6, 0xee, 0xb6, 0xee, 0xb6, 0xee, 0xb6, 0xee, 0xb6, 0xee, 0xb6, 0xee,
    0xb6, 0xee, 0xb6, 0xee, 0xb6, 0xee, 0xb6, 0xee, 0xb6, 0xee, 0xb6, 0xee, 0xb6, 0xee, 0xb6, 0xee,
    0xb6, 0xee, 0xb6, 0xee, 0xb6, 0xee, 0xb6, 0xee, 0xb6, 0xee, 0xb6, 0xee, 0xb6, 0xee, 0xb6, 0xee,
    0xb6, 0xee, 0xb6, 0xee, 0xb6, 0xee, 0xb6, 0xee, 0xb6, 0xee, 0xb6, 0xee, 0xb6, 0xee, 0xb6, 0xee,
    0xb6, 0xee, 0xb6, 0xee, 0xb6, 0xee, 0xb6, 0xee, 0xb6, 0xee, 0xb6, 0xee, 0xb6, 0xee, 0xb6, 0xee,
    0xb6, 0xee, 0xb6, 0xee, 0xb6, 0xee, 0xb6, 0xee, 0xb6, 0xee, 0xb6, 0xee, 0xb6, 0xee, 0xb6, 0xee,
    0xb6, 0xee, 0xb6, 0xee, 0xb6, 0xee, 0xb6, 0xee, 0xb6, 0xee, 0xb6, 0xee, 0xb6, 0xee, 0xb6, 0xee,
    0xb6, 0xee, 0xb6, 0xee, 0xb6, 0xee, 0xb6, 0xee, 0xb6, 0xee, 0xb6, 0xee, 0xb6, 0xee, 0xb6, 0xee,
    0xb6, 0xee, 0xb6, 0xee, 0xb6, 0xee, 0xb6, 0xee, 0xb6, 0xee, 0xb6, 0xee, 0xb6, 0xee, 0xb6, 0xee,
    0xb6, 0xee, 0xb6, 0xee, 0xb6, 0xee, 0xb6, 0xee, 0xb6, 0xee, 0xb6, 0xee, 0xb6, 0xee, 0xb6, 0xee,
    0xb6, 0xee, 0xb6, 0xee, 0xb6, 0xee, 0xb6, 0xee, 0xb6, 0xee, 0xb6, 0xee, 0xb6, 0xee, 0xb6, 0xee,
    0xb6, 0xee, 0xb6, 0xee, 0xb6, 0xee, 0xb6, 0xee, 0xb6, 0xee, 0xb6, 0xee, 0xb6, 0xe6, 0x95, 0xe6,
    0xd3, 0xcd, 0x8b, 0x7b, 0x26, 0x5a, 0x83, 0x41, 0x43, 0x39, 0x02, 0x31, 0x81, 0x20, 0xe3, 0x30,
    0x0a, 0x6b, 0x8c, 0x83, 0x6b, 0x7b, 0x8c, 0x83, 0x4b, 0x7b, 0x6b, 0x7b, 0x6b, 0x7b, 0x6b, 0x7b,
    0x6b, 0x7b, 0x4b, 0x7b, 0x6b, 0x7b, 0x4b, 0x7b, 0x6c, 0x83, 0x6b, 0x7b, 0x6c, 0x83, 0x4b, 0x7b,
    0x6b, 0x7b, 0x4b, 0x7b, 0x6b, 0x7b, 0x6b, 0x7b, 0x6c, 0x83, 0x8c, 0x7b, 0x6b, 0x7b, 0x4b, 0x7b,
    0xa9, 0x62, 0xe6, 0x49, 0xc6, 0x49, 0xc6, 0x49, 0xe6, 0x49, 0xc6, 0x49, 0xe6, 0x51, 0xe6, 0x51,
    0xe6, 0x49, 0xe6, 0x49, 0xe6, 0x49, 0xe6, 0x51, 0xc6, 0x49, 0xe6, 0x49, 0xe6, 0x49, 0x07, 0x52,
    0xc6, 0x49, 0xe6, 0x49, 0x07, 0x52, 0xe6, 0x49, 0xa5, 0x49, 0xe6, 0x49, 0xe6, 0x49, 0xe6, 0x49,
    0x06, 0x52, 0xe6, 0x49, 0xe6, 0x51, 0xc5, 0x49, 0xc6, 0x49, 0x07, 0x5a, 0xc6, 0x49, 0xe6, 0x49,
    0x27, 0x52, 0x2a, 0x7b, 0x6b, 0x83, 0x6b, 0x7b, 0x4b, 0x7b, 0x6b, 0x83, 0x4b, 0x7b, 0x6c, 0x7b,
    0x6b, 0x7b, 0x6b, 0x7b, 0x6b, 0x7b, 0x6c, 0x83, 0x6c, 0x83, 0x6b, 0x7b, 0x6b, 0x7b, 0x6b, 0x7b,
    0x6c, 0x83, 0x4b, 0x7b, 0x6c, 0x83, 0x6c, 0x83, 0x6c, 0x83, 0x6b, 0x7b, 0x6b, 0x7b, 0x4b, 0x7b,
    0xac, 0x83, 0x0a, 0x73, 0xe2, 0x30, 0x81, 0x18, 0xe2, 0x30, 0x22, 0x41, 0x22, 0x41, 0xe5, 0x51,
    0x6b, 0x7b, 0x92, 0xbd, 0x75, 0xde, 0xb6, 0xe6, 0xb6, 0xee, 0xb6, 0xee, 0xb6, 0xee, 0xb6, 0xee,
    0xb6, 0xee, 0xb6, 0xee, 0xb6, 0xee, 0xb6, 0xee, 0xb6, 0xee, 0xb6, 0xee, 0xb6, 0xee, 0xb6, 0xee,
    0xb6, 0xee, 0xb6, 0xee, 0xb6, 0xee, 0xb6, 0xee, 0xb6, 0xee, 0xb6, 0xee, 0xb6, 0xee, 0xb6, 0xee,
    0xb6, 0xee, 0xb6, 0xee, 0xb6, 0xee, 0xb6, 0xee, 0xb6, 0xee, 0xb6, 0xee, 0xb6, 0xee, 0xb6, 0xee,
    0xb6, 0xee, 0xb6, 0xee, 0xb6, 0xee, 0xb6, 0xee, 0xb6, 0xee, 0xb6, 0xee, 0xb6, 0xee, 0xb6, 0xee,
    0xb6, 0xee, 0xb6, 0xee, 0xb6, 0xee, 0xb6, 0xee, 0xb6, 0xee, 0xb6, 0xee, 0xb6, 0xee, 0xb6, 0xee,
    0xb6, 0xee, 0xb6, 0xee, 0xb6, 0xee, 0xb6, 0xee, 0xb6, 0xee, 0xb6, 0xee, 0xb6, 0xee, 0xb6, 0xee,
    0xb6, 0xee, 0xb6, 0xee, 0xb6, 0xee, 0xb6, 0xee, 0xb6, 0xee, 0xb6, 0xee, 0xb6, 0xee, 0xb6, 0xee,
    0xb6, 0xee, 0xb6, 0xee, 0xb6, 0xee, 0xb6, 0xee, 0xb6, 0xee, 0xb6, 0xee, 0xb6, 0xee, 0xb6, 0xee,
    0xb6, 0xee, 0xb6, 0xee, 0xb6, 0xee, 0xb6, 0xee, 0xb6, 0xee, 0xb6, 0xee, 0xb6, 0xee, 0xb6, 0xee,
    0xb6, 0xee, 0xb6, 0xee, 0xb6, 0xee, 0xb6, 0xee, 0xb6, 0xee, 0xb6, 0xee, 0xb6, 0xee, 0xb6, 0xee,
    0xb6, 0xee, 0xb6, 0xee, 0xb6, 0xee, 0xb6, 0xee, 0xb6, 0xee, 0xb6, 0xee, 0xb6, 0xee, 0xb6, 0xee,
    0xb6, 0xee, 0xb6, 0xee, 0xb6, 0xee, 0xb6, 0xee, 0xb6, 0xee, 0xb6, 0xee, 0xb6, 0xee, 0xb6, 0xee,
    0xb6, 0xee, 0xb6, 0xee, 0xb6, 0xee, 0xb6, 0xee, 0xb6, 0xee, 0xb6, 0xee, 0xb6, 0xee, 0xb6, 0xee,
    0xb6, 0xee, 0xb6, 0xee, 0xb6, 0xee, 0xb6, 0xe6, 0x95, 0xe6, 0xf3, 0xcd, 0xaf, 0xa4, 0x46, 0x5a,
    0x63, 0x49, 0x01, 0x39, 0x23, 0x39, 0x60, 0x20, 0xe2, 0x28, 0x2b, 0x73, 0x8d, 0x83, 0x6c, 0x83,
    0x6b, 0x7b, 0x6c, 0x83, 0x6b, 0x7b, 0x8c, 0x83, 0x8c, 0x83, 0xac, 0x83, 0x8c, 0x83, 0x4b, 0x7b,
    0x6c, 0x83, 0x6b, 0x7b, 0x8c, 0x83, 0x6b, 0x7b, 0x8c, 0x83, 0x6b, 0x7b, 0x6c, 0x83, 0x6c, 0x83,
    0x6b, 0x7b, 0x6c, 0x83, 0x6c, 0x83, 0x8c, 0x7b, 0x6b, 0x83, 0x4b, 0x7b, 0xe7, 0x49, 0xe3, 0x20,
    0x64, 0x39, 0x04, 0x29, 0x04, 0x29, 0x04, 0x29, 0xc3, 0x20, 0xc2, 0x18, 0x04, 0x29, 0xe3, 0x20,
    0xe3, 0x20, 0x04, 0x29, 0x24, 0x29, 0x04, 0x29, 0xc3, 0x20, 0x03, 0x21, 0x24, 0x29, 0xe3, 0x20,
    0x61, 0x10, 0x04, 0x29, 0x24, 0x29, 0xc2, 0x20, 0xe3, 0x20, 0xe3, 0x20, 0x03, 0x29, 0xe3, 0x20,
    0x44, 0x31, 0x44, 0x29, 0xe3, 0x20, 0xc2, 0x20, 0xa2, 0x18, 0x04, 0x21, 0x24, 0x29, 0xa9, 0x62,
    0x6c, 0x83, 0x6c, 0x83, 0x6c, 0x83, 0x8c, 0x83, 0x6c, 0x83, 0x8c, 0x83, 0x6c, 0x7b, 0x6c, 0x7b,
    0x6b, 0x7b, 0x6c, 0x83, 0x6c, 0x83, 0x6c, 0x83, 0x6c, 0x83, 0x6b, 0x7b, 0x8c, 0x83, 0x6b, 0x7b,
    0x8c, 0x83, 0x6b, 0x7b, 0x8c, 0x83, 0x6c, 0x83, 0x4b, 0x7b, 0x8c, 0x83, 0x8c, 0x83, 0xad, 0x8b,
    0x0a, 0x73, 0x03, 0x31, 0x60, 0x18, 0x02, 0x39, 0x22, 0x39, 0x63, 0x41, 0xe5, 0x51, 0x6b, 0x7b,
    0x92, 0xc5, 0x75, 0xe6, 0xb6, 0xe6, 0xb6, 0xee, 0xb6, 0xee, 0xb6, 0xee, 0xb6, 0xee, 0xb6, 0xee,
    0xb6, 0xee, 0xb6, 0xee, 0xb6, 0xee, 0xb6, 0xee, 0xb6, 0xee, 0xb6, 0xee, 0xb6, 0xee, 0xb6, 0xee,
    0xb6, 0xee, 0xb6, 0xee, 0xb6, 0xee, 0xb6, 0xee, 0xb6, 0xee, 0xb6, 0xee, 0xb6, 0xee, 0xb6, 0xee,
    0xb6, 0xee, 0xb6, 0xee, 0xb6, 0xee, 0xb6, 0xee, 0xb6, 0xee, 0xb6, 0xee, 0xb6, 0xee, 0xb6, 0xee,
    0xb6, 0xee, 0xb6, 0xee, 0xb6, 0xee, 0xb6, 0xee, 0xb6, 0xee, 0xb6, 0xee, 0xb6, 0xee, 0xb6, 0xee,
    0xb6, 0xee, 0xb6, 0xee, 0xb6, 0xee, 0xb6, 0xee, 0xb6, 0xee, 0xb6, 0xee, 0xb6, 0xee, 0xb6, 0xee,
    0xb6, 0xee, 0xb6, 0xee, 0xb6, 0xee, 0xb6, 0xee, 0xb6, 0xee, 0xb6, 0xee, 0xb6, 0xee, 0xb6, 0xee,
    0xb6, 0xee, 0xb6, 0xee, 0xb6, 0xee, 0xb6, 0xee, 0xb6, 0xee, 0xb6, 0xee, 0xb6, 0xee, 0xb6, 0xee,
    0xb6, 0xee, 0xb6, 0xee, 0xb6, 0xee, 0xb6, 0xee, 0xb6, 0xee, 0xb6, 0xee, 0xb6, 0xee, 0xb6, 0xee,
    0xb6, 0xee, 0xb6, 0xee, 0xb6, 0xee, 0xb6, 0xee, 0xb6, 0xee, 0xb6, 0xee, 0xb6, 0xee, 0xb6, 0xee,
    0xb6, 0xee, 0xb6, 0xee, 0xb6, 0xee, 0xb6, 0xee, 0xb6, 0xee, 0xb6, 0xee, 0xb6, 0xee, 0xb6, 0xee,
    0xb6, 0xee, 0xb6, 0xee, 0xb6, 0xee, 0xb6, 0xee, 0xb6, 0xee, 0xb6, 0xee, 0xb6, 0xee, 0xb6, 0xee,
    0xb6, 0xee, 0xb6, 0xee, 0xb6, 0xee, 0xb6, 0xee, 0xb6, 0xee, 0xb6, 0xee, 0xb6, 0xee, 0xb6, 0xee,
    0xb6, 0xee, 0xb6, 0xee, 0xb6, 0xee, 0xb6, 0xee, 0xb6, 0xee, 0xb6, 0xee, 0xb6, 0xee, 0xb6, 0xee,
    0xb6, 0xe6, 0x95, 0xe6, 0x92, 0xc5, 0x8b, 0x7b, 0x87, 0x62, 0x63, 0x49, 0x22, 0x41, 0x02, 0x39,
    0x61, 0x20, 0xe2, 0x28, 0x2a, 0x73, 0x8c, 0x83, 0x2b, 0x7b, 0x4c, 0x83, 0x4b, 0x7b, 0x6b, 0x7b,
    0x4b, 0x7b, 0x6b, 0x7b, 0x6b, 0x7b, 0x6c, 0x83, 0x6c, 0x83, 0x6b, 0x7b, 0x6b, 0x7b, 0x4b, 0x7b,
    0x6c, 0x83, 0x4b, 0x7b, 0x6c, 0x83, 0x4b, 0x7b, 0x6c, 0x83, 0x6b, 0x7b, 0x6b, 0x7b, 0x6b, 0x7b,
    0x6b, 0x7b, 0x6b, 0x7b, 0x4b, 0x7b, 0x6c, 0x7b, 0xc6, 0x41, 0xa2, 0x18, 0x24, 0x29, 0x45, 0x29,
    0x45, 0x29, 0xc7, 0x39, 0x66, 0x29, 0x66, 0x29, 0xe4, 0x18, 0x04, 0x21, 0x25, 0x21, 0x45, 0x29,
    0x45, 0x29, 0xa7, 0x31, 0x45, 0x29, 0x45, 0x29, 0x04, 0x21, 0x25, 0x21, 0x25, 0x21, 0x65, 0x29,
    0x45, 0x29, 0x65, 0x29, 0x04, 0x21, 0xa6, 0x31, 0x25, 0x21, 0x24, 0x21, 0x24, 0x21, 0x65, 0x29,
    0x44, 0x29, 0x65, 0x29, 0x04, 0x21, 0x45, 0x29, 0x24, 0x29, 0x89, 0x62, 0x6c, 0x83, 0x4b, 0x7b,
    0x4b, 0x7b, 0x6c, 0x83, 0x6c, 0x7b, 0x6c, 0x7b, 0x4b, 0x7b, 0x6b, 0x7b, 0x6b, 0x7b, 0x6b, 0x7b,
    0x6c, 0x83, 0x6b, 0x7b, 0x6b, 0x7b, 0x4b, 0x7b, 0x6b, 0x7b, 0x6b, 0x7b, 0x6c, 0x83, 0x4b, 0x7b,
    0x4c, 0x7b, 0x4c, 0x7b, 0x4b, 0x7b, 0x6c, 0x83, 0x6b, 0x7b, 0x4b, 0x7b, 0x8c, 0x83, 0x0a, 0x73,
    0xe2, 0x28, 0x60, 0x18, 0x03, 0x31, 0x02, 0x39, 0x63, 0x49, 0xc5, 0x51, 0x6b, 0x83, 0x92, 0xc5,
    0x95, 0xe6, 0xb6, 0xe6, 0xb6, 0xee, 0xb6, 0xee, 0xb6, 0xee, 0xb6, 0xee, 0xb6, 0xee, 0xb6, 0xee,
    0xb6, 0xee, 0xb6, 0xee, 0xb6, 0xee, 0xb6, 0xee, 0xb6, 0xee, 0xb6, 0xee, 0xb6, 0xee, 0xb6, 0xee,
    0xb6, 0xee, 0xb6, 0xee, 0xb6, 0xee, 0xb6, 0xee, 0xb6, 0xee, 0xb6, 0xee, 0xb6, 0xee, 0xb6, 0xee,
    0xb6, 0xee, 0xb6, 0xee, 0xb6, 0xee, 0xb6, 0xee, 0xb6, 0xee, 0xb6, 0xee, 0xb6, 0xee, 0xb6, 0xee,
    0xb6, 0xee, 0xb6, 0xee, 0xb6, 0xee, 0xb6, 0xee, 0xb6, 0xee, 0xb6, 0xee, 0xb6, 0xee, 0xb6, 0xee,
    0xb6, 0xee, 0xb6, 0xee, 0xb6, 0xee, 0xb6, 0xee, 0xb6, 0xee, 0xb6, 0xee, 0xb6, 0xee, 0xb6, 0xee,
    0xb6, 0xee, 0xb6, 0xee, 0xb6, 0xee, 0xb6, 0xee, 0xb6, 0xee, 0xb6, 0xee, 0xb6, 0xee, 0xb6, 0xee,
    0xb6, 0xee, 0xb6, 0xee, 0xb6, 0xee, 0xb6, 0xee, 0xb6, 0xee, 0xb6, 0xee, 0xb6, 0xee, 0xb6, 0xee,
    0xb6, 0xee, 0xb6, 0xee, 0xb6, 0xee, 0xb6, 0xee, 0xb6, 0xee, 0xb6, 0xee, 0xb6, 0xee, 0xb6, 0xee,
    0xb6, 0xee, 0xb6, 0xee, 0xb6, 0xee, 0xb6, 0xee, 0xb6, 0xee, 0xb6, 0xee, 0xb6, 0xee, 0xb6, 0xee,
    0xb6, 0xee, 0xb6, 0xee, 0xb6, 0xee, 0xb6, 0xee, 0xb6, 0xee, 0xb6, 0xee, 0xb6, 0xee, 0xb6, 0xee,
    0xb6, 0xee, 0xb6, 0xee, 0xb6, 0xee, 0xb6, 0xee, 0xb6, 0xee, 0xb6, 0xee, 0xb6, 0xee, 0xb6, 0xee,
    0xb6, 0xee, 0xb6, 0xee, 0xb6, 0xee, 0xb6, 0xee, 0xb6, 0xee, 0xb6, 0xee, 0xb6, 0xee, 0xb6, 0xee,
    0xb6, 0xee, 0xb6, 0xee, 0xb6, 0xee, 0xb6, 0xee, 0xb6, 0xee, 0xb6, 0xe6, 0x75, 0xe6, 0x92, 0xbd,
    0x6a, 0x7b, 0xe5, 0x51, 0x83, 0x49, 0x42, 0x41, 0x23, 0x39, 0x41, 0x18, 0xe3, 0x28, 0x0b, 0x73,
    0xac, 0x83, 0x6b, 0x83, 0x4b, 0x7b, 0x6c, 0x83, 0x6c, 0x83, 0x8c, 0x83, 0x6b, 0x7b, 0x6c, 0x83,
    0x6b, 0x7b, 0x6c, 0x83, 0x6c, 0x83, 0x6b, 0x7b, 0x6c, 0x83, 0x6b, 0x7b, 0x6c, 0x83, 0x4b, 0x7b,
    0x6c, 0x83, 0x6b, 0x7b, 0x6c, 0x83, 0x6b, 0x7b, 0x6b, 0x7b, 0x6c, 0x83, 0x6b, 0x7b, 0x8c, 0x83,
    0x6b, 0x83, 0x6c, 0x7b, 0xe7, 0x41, 0x45, 0x29, 0xa7, 0x31, 0x45, 0x21, 0xa6, 0x31, 0xa6, 0x31,
    0x86, 0x29, 0x66, 0x29, 0x45, 0x21, 0x45, 0x29, 0x25, 0x21, 0x04, 0x21, 0x04, 0x21, 0x25, 0x21,
    0x65, 0x29, 0x45, 0x29, 0x24, 0x21, 0x45, 0x29, 0x44, 0x29, 0xc7, 0x39, 0x45, 0x29, 0x04, 0x21,
    0x85, 0x29, 0x86, 0x29, 0x24, 0x21, 0x24, 0x21, 0x24, 0x21, 0x44, 0x21, 0x24, 0x21, 0xa6, 0x31,
    0x86, 0x31, 0x66, 0x29, 0x44, 0x29, 0x89, 0x62, 0x8c, 0x83, 0x6b, 0x7b, 0x4b, 0x7b, 0x6c, 0x83,
    0x6c, 0x7b, 0x6c, 0x83, 0x6c, 0x7b, 0x6c, 0x83, 0x6b, 0x7b, 0x6c, 0x83, 0x6c, 0x83, 0x6b, 0x7b,
    0x6c, 0x83, 0x6b, 0x7b, 0x6c, 0x83, 0x6b, 0x7b, 0x8c, 0x83, 0x6b, 0x7b, 0x6c, 0x83, 0x4c, 0x7b,
    0x6c, 0x7b, 0x8c, 0x83, 0x4b, 0x7b, 0x8c, 0x83, 0x4b, 0x7b, 0xad, 0x8b, 0xea, 0x72, 0x03, 0x31,
    0x80, 0x20, 0x02, 0x39, 0x22, 0x41, 0x43, 0x41, 0x06, 0x52, 0x6b, 0x7b, 0x92, 0xbd, 0x75, 0xe6,
    0xb6, 0xe6, 0xb6, 0xee, 0xb6, 0xee, 0xb6, 0xee, 0xb6, 0xee, 0xb6, 0xee, 0xb6, 0xee, 0xb6, 0xee,
    0xb6, 0xee, 0xb6, 0xee, 0xb6, 0xee, 0xb6, 0xee, 0xb6, 0xee, 0xb6, 0xee, 0xb6, 0xee, 0xb6, 0xee,
    0xb6, 0xee, 0xb6, 0xee, 0xb6, 0xee, 0xb6, 0xee, 0xb6, 0xee, 0xb6, 0xee, 0xb6, 0xee, 0xb6, 0xee,
    0xb6, 0xee, 0xb6, 0xee, 0xb6, 0xee, 0xb6, 0xee, 0xb6, 0xee, 0xb6, 0xee, 0xb6, 0xee, 0xb6, 0xee,
    0xb6, 0xee, 0xb6, 0xee, 0xb6, 0xee, 0xb6, 0xee, 0xb6, 0xee, 0xb6, 0xee, 0xb6, 0xee, 0xb6, 0xee,
    0xb6, 0xee, 0xb6, 0xee, 0xb6, 0xee, 0xb6, 0xee, 0xb6, 0xee, 0xb6, 0xee, 0xb6, 0xee, 0xb6, 0xee,
    0xb6, 0xee, 0xb6, 0xee, 0xb6, 0xee, 0xb6, 0xee, 0xb6, 0xee, 0xb6, 0xee, 0xb6, 0xee, 0xb6, 0xee,
    0xb6, 0xee, 0xb6, 0xee, 0xb6, 0xee, 0xb6, 0xee, 0xb6, 0xee, 0xb6, 0xee, 0xb6, 0xee, 0xb6, 0xee,
    0xb6, 0xee, 0xb6, 0xee, 0xb6, 0xee, 0xb6, 0xee, 0xb6, 0xee, 0xb6, 0xee, 0xb6, 0xee, 0xb6, 0xee,
    0xb6, 0xee, 0xb6, 0xee, 0xb6, 0xee, 0xb6, 0xee, 0xb6, 0xee, 0xb6, 0xee, 0xb6, 0xee, 0xb6, 0xee,
    0xb6, 0xee, 0xb6, 0xee, 0xb6, 0xee, 0xb6, 0xee, 0xb6, 0xee, 0xb6, 0xee, 0xb6, 0xee, 0xb6, 0xee,
    0xb6, 0xee, 0xb6, 0xee, 0xb6, 0xee, 0xb6, 0xee, 0xb6, 0xee, 0xb6, 0xee, 0xb6, 0xee, 0xb6, 0xee,
    0xb6, 0xee, 0xb6, 0xee, 0xb6, 0xee, 0xb6, 0xee, 0xb6, 0xee, 0xb6, 0xee, 0xb6, 0xee, 0xb6, 0xee,
    0xb6, 0xee, 0xb6, 0xee, 0xb6, 0xee, 0x75, 0xe6, 0x92, 0xbd, 0x6a, 0x7b, 0xc4, 0x51, 0x42, 0x41,
    0x42, 0x41, 0xe1, 0x30, 0x60, 0x18, 0xe3, 0x28, 0xea, 0x6a, 0x8c, 0x83, 0x4b, 0x7b, 0x6b, 0x83,
    0x8c, 0x83, 0x6c, 0x7b, 0x6b, 0x7b, 0x6c, 0x83, 0x4b, 0x7b, 0x6c, 0x83, 0x6b, 0x7b, 0x6c, 0x83,
    0x6b, 0x7b, 0x4b, 0x7b, 0x6b, 0x7b, 0x6b, 0x7b, 0x6c, 0x83, 0x4b, 0x7b, 0x6b, 0x7b, 0x6b, 0x7b,
    0x6c, 0x83, 0x4b, 0x7b, 0x6b, 0x7b, 0x6c, 0x83, 0x6b, 0x7b, 0x6c, 0x83, 0x6b, 0x83, 0x4b, 0x7b,
    0xc6, 0x41, 0x66, 0x29, 0xe8, 0x39, 0xe3, 0x18, 0xe3, 0x18, 0xc7, 0x39, 0x65, 0x29, 0x04, 0x21,
    0x65, 0x29, 0x86, 0x31, 0x24, 0x21, 0x45, 0x29, 0x45, 0x29, 0x25, 0x29, 0xa6, 0x31, 0xe7, 0x39,
    0xe3, 0x18, 0x65, 0x29, 0x86, 0x31, 0xa6, 0x31, 0x44, 0x29, 0x65, 0x29, 0x45, 0x29, 0x24, 0x21,
    0xe7, 0x41, 0xe7, 0x39, 0x45, 0x29, 0x65, 0x29, 0x65, 0x29, 0x85, 0x31, 0x45, 0x29, 0x65, 0x29,
    0x85, 0x39, 0x88, 0x62, 0x6c, 0x83, 0x6b, 0x7b, 0x4b, 0x7b, 0x6c, 0x83, 0x6c, 0x7b, 0x6c, 0x83,
    0x6b, 0x7b, 0x6c, 0x83, 0x6b, 0x7b, 0x6b, 0x7b, 0x6b, 0x7b, 0x6b, 0x7b, 0x6c, 0x83, 0x4b, 0x7b,
    0x6b, 0x7b, 0x4b, 0x7b, 0x8c, 0x83, 0x6b, 0x7b, 0x6b, 0x7b, 0x6c, 0x83, 0x4b, 0x7b, 0x4b, 0x7b,
    0x6c, 0x7b, 0x6c, 0x83, 0x4c, 0x7b, 0x4b, 0x7b, 0xad, 0x83, 0x0b, 0x73, 0x03, 0x31, 0x81, 0x20,
    0x02, 0x31, 0x22, 0x39, 0x63, 0x41, 0xe5, 0x51, 0x6b, 0x7b, 0x92, 0xbd, 0x75, 0xe6, 0xb6, 0xe6,
    0xb6, 0xee, 0xb6, 0xee, 0xb6, 0xee, 0xb6, 0xee, 0xb6, 0xee, 0xb6, 0xee, 0xb6, 0xee, 0xb6, 0xee,
    0xb6, 0xee, 0xb6, 0xee, 0xb6, 0xee, 0xb6, 0xee, 0xb6, 0xee, 0xb6, 0xee, 0xb6, 0xee, 0xb6, 0xee,
    0xb6, 0xee, 0xb6, 0xee, 0xb6, 0xee, 0xb6, 0xee, 0xb6, 0xee, 0xb6, 0xee, 0xb6, 0xee, 0xb6, 0xee,
    0xb6, 0xee, 0xb6, 0xee, 0xb6, 0xee, 0xb6, 0xee, 0xb6, 0xee, 0xb6, 0xee, 0xb6, 0xee, 0xb6, 0xee,
    0xb6, 0xee, 0xb6, 0xee, 0xb6, 0xee, 0xb6, 0xee, 0xb6, 0xee, 0xb6, 0xee, 0xb6, 0xee, 0xb6, 0xee,
    0xb6, 0xee, 0xb6, 0xee, 0xb6, 0xee, 0xb6, 0xee, 0xb6, 0xee, 0xb6, 0xee, 0xb6, 0xee, 0xb6, 0xee,
    0xb6, 0xee, 0xb6, 0xee, 0xb6, 0xee, 0xb6, 0xee, 0xb6, 0xee, 0xb6, 0xee, 0xb6, 0xee, 0xb6, 0xee,
    0xb6, 0xee, 0xb6, 0xee, 0xb6, 0xee, 0xb6, 0xee, 0xb6, 0xee, 0xb6, 0xee, 0xb6, 0xee, 0xb6, 0xee,
    0xb6, 0xee, 0xb6, 0xee, 0xb6, 0xee, 0xb6, 0xee, 0xb6, 0xee, 0xb6, 0xee, 0xb6, 0xee, 0xb6, 0xee,
    0xb6, 0xee, 0xb6, 0xee, 0xb6, 0xee, 0xb6, 0xee, 0xb6, 0xee, 0xb6, 0xee, 0xb6, 0xee, 0xb6, 0xee,
    0xb6, 0xee, 0xb6, 0xee, 0xb6, 0xee, 0xb6, 0xee, 0xb6, 0xee, 0xb6, 0xee, 0xb6, 0xee, 0xb6, 0xee,
    0xb6, 0xee, 0xb6, 0xee, 0xb6, 0xee, 0xb6, 0xee, 0xb6, 0xee, 0xb6, 0xee, 0xb6, 0xee, 0xb6, 0xee,
    0xb6, 0xee, 0xb6, 0xee, 0xb6, 0xee, 0xb6, 0xee, 0xb6, 0xee, 0xb6, 0xee, 0xb6, 0xee, 0xb6, 0xe6,
    0x75, 0xee, 0x92, 0xc5, 0x6b, 0x7b, 0xe5, 0x49, 0x63, 0x41, 0x22, 0x39, 0x22, 0x39, 0x40, 0x18,
    0x23, 0x39, 0xea, 0x72, 0xac, 0x83, 0x8c, 0x83, 0x6c, 0x83, 0x6c, 0x83, 0x6c, 0x7b, 0xac, 0x83,
    0x8c, 0x83, 0x6c, 0x83, 0x6b, 0x7b, 0x6c, 0x83, 0x6c, 0x83, 0x8c, 0x83, 0x6c, 0x83, 0x4b, 0x7b,
    0x6c, 0x83, 0x6c, 0x83, 0x8c, 0x83, 0x6b, 0x7b, 0x6c, 0x83, 0x6c, 0x83, 0x8c, 0x83, 0x6b, 0x7b,
    0x6c, 0x83, 0x8c, 0x83, 0x8c, 0x83, 0x8c, 0x83, 0x4b, 0x7b, 0x6c, 0x83, 0xe6, 0x41, 0x24, 0x21,
    0x25, 0x21, 0x04, 0x21, 0x45, 0x29, 0xc7, 0x39, 0xc3, 0x18, 0x04, 0x21, 0x04, 0x21, 0x04, 0x21,
    0x65, 0x29, 0x04, 0x21, 0xe3, 0x18, 0xc7, 0x39, 0x86, 0x31, 0xa6, 0x31, 0x45, 0x29, 0x86, 0x31,
    0x65, 0x29, 0x86, 0x31, 0x04, 0x21, 0x04, 0x21, 0x65, 0x29, 0x24, 0x21, 0x24, 0x21, 0x45, 0x29,
    0xe3, 0x18, 0x44, 0x21, 0x24, 0x21, 0xe3, 0x18, 0xc3, 0x10, 0xe4, 0x18, 0x45, 0x31, 0xca, 0x6a,
    0x6c, 0x83, 0x6b, 0x7b, 0x6b, 0x7b, 0x8c, 0x83, 0x6c, 0x83, 0x8c, 0x83, 0x6b, 0x7b, 0x6c, 0x83,
    0x6c, 0x83, 0x6c, 0x83, 0x6c, 0x83, 0x6c, 0x83, 0x8c, 0x83, 0x6b, 0x7b, 0x6c, 0x83, 0x6c, 0x83,
    0x8c, 0x83, 0x6c, 0x83, 0x6c, 0x83, 0x6c, 0x7b, 0x6c, 0x83, 0x8c, 0x83, 0x6c, 0x83, 0x8c, 0x83,
    0x6c, 0x7b, 0x6b, 0x7b, 0x6b, 0x7b, 0xcd, 0x8b, 0xea, 0x72, 0x03, 0x29, 0xa1, 0x20, 0x22, 0x31,
    0x43, 0x39, 0x43, 0x41, 0x06, 0x5a, 0x6b, 0x83, 0x92, 0xc5, 0x75, 0xe6, 0xb6, 0xe6, 0xb6, 0xee,
    0xb6, 0xee, 0xb6, 0xee, 0xb6, 0xee, 0xb6, 0xee, 0xb6, 0xee, 0xb6, 0xee, 0xb6, 0xee, 0xb6, 0xee,
    0xb6, 0xee, 0xb6, 0xee, 0xb6, 0xee, 0xb6, 0xee, 0xb6, 0xee, 0xb6, 0xee, 0xb6, 0xee, 0xb6, 0xee,
    0xb6, 0xee, 0xb6, 0xee, 0xb6, 0xee, 0xb6, 0xee, 0xb6, 0xee, 0xb6, 0xee, 0xb6, 0xee, 0xb6, 0xee,
    0xb6, 0xee, 0xb6, 0xee, 0xb6, 0xee, 0xb6, 0xee, 0xb6, 0xee, 0xb6, 0xee, 0xb6, 0xee, 0xb6, 0xee,
    0xb6, 0xee, 0xb6, 0xee, 0xb6, 0xee, 0xb6, 0xee, 0xb6, 0xee, 0xb6, 0xee, 0xb6, 0xee, 0xb6, 0xee,
    0xb6, 0xee, 0xb6, 0xee, 0xb6, 0xee, 0xb6, 0xee, 0xb6, 0xee, 0xb6, 0xee, 0xb6, 0xee, 0xb6, 0xee,
    0xb6, 0xee, 0xb6, 0xee, 0xb6, 0xee, 0xb6, 0xee, 0xb6, 0xee, 0xb6, 0xee, 0xb6, 0xee, 0xb6, 0xee,
    0xb6, 0xee, 0xb6, 0xee, 0xb6, 0xee, 0xb6, 0xee, 0xb6, 0xee, 0xb6, 0xee, 0xb6, 0xee, 0xb6, 0xee,
    0xb6, 0xee, 0xb6, 0xee, 0xb6, 0xee, 0xb6, 0xee, 0xb6, 0xee, 0xb6, 0xee, 0xb6, 0xee, 0xb6, 0xee,
    0xb6, 0xee, 0xb6, 0xee, 0xb6, 0xee, 0xb6, 0xee, 0xb6, 0xee, 0xb6, 0xee, 0xb6, 0xee, 0xb6, 0xee,
    0xb6, 0xee, 0xb6, 0xee, 0xb6, 0xee, 0xb6, 0xee, 0xb6, 0xee, 0xb6, 0xee, 0xb6, 0xee, 0xb6, 0xee,
    0xb6, 0xee, 0xb6, 0xee, 0xb6, 0xee, 0xb6, 0xee, 0xb6, 0xee, 0xb6, 0xee, 0xb6, 0xee, 0xb6, 0xee,
    0xb6, 0xee, 0xb6, 0xee, 0xb6, 0xee, 0xb6, 0xee, 0xb6, 0xe6, 0x75, 0xde, 0xb2, 0xc5, 0x6b, 0x7b,
    0xe5, 0x51, 0x43, 0x41, 0x22, 0x39, 0xe2, 0x30, 0x61, 0x20, 0xe2, 0x28, 0x2a, 0x73, 0x8b, 0x83,
    0x4b, 0x7b, 0x6c, 0x83, 0x6c, 0x7b, 0x6c, 0x7b, 0x4b, 0x7b, 0x6c, 0x7b, 0x6c, 0x7b, 0x6c, 0x7b,
    0x4b, 0x7b, 0x4b, 0x7b, 0x4b, 0x7b, 0x4b, 0x7b, 0x6c, 0x7b, 0x4b, 0x7b, 0x6c, 0x83, 0x6b, 0x7b,
    0x8c, 0x83, 0x4b, 0x7b, 0x4b, 0x7b, 0x6c, 0x83, 0x6c, 0x83, 0x4b, 0x7b, 0x4b, 0x7b, 0x6c, 0x83,
    0x6c, 0x83, 0x6b, 0x83, 0x4b, 0x7b, 0x4b, 0x7b, 0x27, 0x52, 0xe7, 0x41, 0xe7, 0x41, 0xa6, 0x31,
    0xc7, 0x39, 0xe7, 0x39, 0x08, 0x42, 0xa6, 0x39, 0xe7, 0x41, 0xe7, 0x39, 0xc7, 0x39, 0xc7, 0x39,
    0x48, 0x4a, 0x48, 0x4a, 0xc7, 0x39, 0xe7, 0x39, 0xa6, 0x31, 0x08, 0x42, 0x49, 0x4a, 0x86, 0x31,
    0xa6, 0x31, 0x08, 0x42, 0xe7, 0x41, 0xa6, 0x39, 0x28, 0x42, 0xc7, 0x39, 0x66, 0x31, 0xc7, 0x39,
    0x85, 0x31, 0xe7, 0x41, 0xa6, 0x31, 0x28, 0x42, 0x07, 0x4a, 0xea, 0x72, 0x6c, 0x7b, 0x6b, 0x7b,
    0x4b, 0x7b, 0x6c, 0x7b, 0x4b, 0x7b, 0x6c, 0x7b, 0x4b, 0x7b, 0x6b, 0x7b, 0x6b, 0x7b, 0x6c, 0x83,
    0x6b, 0x7b, 0x6b, 0x7b, 0x6c, 0x83, 0x6b, 0x7b, 0x4b, 0x7b, 0x4b, 0x7b, 0x8c, 0x83, 0x6b, 0x7b,
    0x4b, 0x7b, 0x4b, 0x7b, 0x4b, 0x7b, 0x6c, 0x7b, 0x4b, 0x7b, 0x6c, 0x83, 0x6c, 0x83, 0x6b, 0x7b,
    0x4b, 0x7b, 0x6b, 0x7b, 0x8c, 0x83, 0x0a, 0x73, 0xe2, 0x30, 0xa0, 0x18, 0x02, 0x31, 0x02, 0x39,
    0x43, 0x49, 0xe5, 0x51, 0x8b, 0x83, 0x92, 0xbd, 0x75, 0xde, 0xb6, 0xe6, 0xb6, 0xee, 0xb6, 0xee,
    0xb6, 0xee, 0xb6, 0xee, 0xb6, 0xee, 0xb6, 0xee, 0xb6, 0xee, 0xb6, 0xee, 0xb6, 0xee, 0xb6, 0xee,
    0xb6, 0xee, 0xb6, 0xee, 0xb6, 0xee, 0xb6, 0xee, 0xb6, 0xee, 0xb6, 0xee, 0xb6, 0xee, 0xb6, 0xee,
    0xb6, 0xee, 0xb6, 0xee, 0xb6, 0xee, 0xb6, 0xee, 0xb6, 0xee, 0xb6, 0xee, 0xb6, 0xee, 0xb6, 0xee,
    0xb6, 0xee, 0xb6, 0xee, 0xb6, 0xee, 0xb6, 0xee, 0xb6, 0xee, 0xb6, 0xee, 0xb6, 0xee, 0xb6, 0xee,
    0xb6, 0xee, 0xb6, 0xee, 0xb6, 0xee, 0xb6, 0xee, 0xb6, 0xee, 0xb6, 0xee, 0xb6, 0xee, 0xb6, 0xee,
    0xb6, 0xee, 0xb6, 0xee, 0xb6, 0xee, 0xb6, 0xee, 0xb6, 0xee, 0xb6, 0xee, 0xb6, 0xee, 0xb6, 0xee,
    0xb6, 0xee, 0xb6, 0xee, 0xb6, 0xee, 0xb6, 0xee, 0xb6, 0xee, 0xb6, 0xee, 0xb6, 0xee, 0xb6, 0xee,
    0xb6, 0xee, 0xb6, 0xee, 0xb6, 0xee, 0xb6, 0xee, 0xb6, 0xee, 0xb6, 0xee, 0xb6, 0xee, 0xb6, 0xee,
    0xb6, 0xee, 0xb6, 0xee, 0xb6, 0xee, 0xb6, 0xee, 0xb6, 0xee, 0xb6, 0xee, 0xb6, 0xee, 0xb6, 0xee,
    0xb6, 0xee, 0xb6, 0xee, 0xb6, 0xee, 0xb6, 0xee, 0xb6, 0xee, 0xb6, 0xee, 0xb6, 0xee, 0xb6, 0xee,
    0xb6, 0xee, 0xb6, 0xee, 0xb6, 0xee, 0xb6, 0xee, 0xb6, 0xee, 0xb6, 0xee, 0xb6, 0xee, 0xb6, 0xee,
    0xb6, 0xee, 0xb6, 0xee, 0xb6, 0xee, 0xb6, 0xee, 0xb6, 0xee, 0xb6, 0xee, 0xb6, 0xee, 0xb6, 0xee,
    0xb6, 0xee, 0xb6, 0xee, 0x95, 0xe6, 0xf3, 0xcd, 0x6e, 0x9c, 0x47, 0x5a, 0x83, 0x41, 0x22, 0x39,
    0x02, 0x31, 0x60, 0x20, 0x03, 0x31, 0x0b, 0x73, 0xac, 0x83, 0x6b, 0x7b, 0x6c, 0x7b, 0x6c, 0x83,
    0x6c, 0x83, 0x6c, 0x83, 0x6c, 0x83, 0x6c, 0x83, 0x4b, 0x7b, 0x6c, 0x7b, 0x6c, 0x7b, 0x6c, 0x83,
    0x6c, 0x7b, 0x4c, 0x7b, 0x6b, 0x7b, 0x4b, 0x7b, 0x6c, 0x83, 0x6b, 0x7b, 0x8c, 0x83, 0x6b, 0x7b,
    0x6b, 0x7b, 0x4b, 0x7b, 0x8c, 0x83, 0x6c, 0x83, 0x8c, 0x83, 0x6c, 0x83, 0x6b, 0x7b, 0x6c, 0x7b,
    0x4b, 0x7b, 0x8c, 0x83, 0x2b, 0x73, 0x8d, 0x83, 0xce, 0x83, 0x8c, 0x7b, 0x8c, 0x7b, 0x8c, 0x7b,
    0xad, 0x83, 0x8c, 0x7b, 0xad, 0x83, 0x8d, 0x7b, 0x6c, 0x7b, 0x8d, 0x83, 0xce, 0x8b, 0xce, 0x83,
    0x8d, 0x7b, 0xad, 0x83, 0x8d, 0x7b, 0x8c, 0x7b, 0x6c, 0x7b, 0x6c, 0x7b, 0xae, 0x83, 0xad, 0x83,
    0x8c, 0x7b, 0xad, 0x83, 0xce, 0x83, 0xad, 0x83, 0xad, 0x7b, 0x8d, 0x7b, 0xce, 0x83, 0x8c, 0x7b,
    0xad, 0x83, 0xce, 0x83, 0xad, 0x83, 0x4b, 0x7b, 0x6c, 0x7b, 0x6c, 0x83, 0x6c, 0x7b, 0x6c, 0x83,
    0x6c, 0x7b, 0x6c, 0x7b, 0x6c, 0x7b, 0x6c, 0x83, 0x6c, 0x83, 0x8c, 0x83, 0x6b, 0x7b, 0x4b, 0x7b,
    0x6c, 0x83, 0x6c, 0x83, 0x6c, 0x83, 0x6b, 0x7b, 0x6c, 0x83, 0x6b, 0x7b, 0x6b, 0x7b, 0x6c, 0x83,
    0x6c, 0x7b, 0x6c, 0x7b, 0x4b, 0x7b, 0x6c, 0x7b, 0x6c, 0x7b, 0x6c, 0x83, 0x6b, 0x7b, 0x8c, 0x83,
    0x6b, 0x83, 0xac, 0x83, 0x0b, 0x73, 0x02, 0x29, 0x80, 0x20, 0xe2, 0x30, 0x23, 0x41, 0x43, 0x39,
    0xe5, 0x51, 0x6b, 0x7b, 0x92, 0xbd, 0x75, 0xe6, 0xb6, 0xe6, 0xb6, 0xee, 0xb6, 0xee, 0xb6, 0xee,
    0xb6, 0xee, 0xb6, 0xee, 0xb6, 0xee, 0xb6, 0xee, 0xb6, 0xee, 0xb6, 0xee, 0xb6, 0xee, 0xb6, 0xee,
    0xb6, 0xee, 0xb6, 0xee, 0xb6, 0xee, 0xb6, 0xee, 0xb6, 0xee, 0xb6, 0xee, 0xb6, 0xee, 0xb6, 0xee,
    0xb6, 0xee, 0xb6, 0xee, 0xb6, 0xee, 0xb6, 0xee, 0xb6, 0xee, 0xb6, 0xee, 0xb6, 0xee, 0xb6, 0xee,
    0xb6, 0xee, 0xb6, 0xee, 0xb6, 0xee, 0xb6, 0xee, 0xb6, 0xee, 0xb6, 0xee, 0xb6, 0xee, 0xb6, 0xee,
    0xb6, 0xee, 0xb6, 0xee, 0xb6, 0xee, 0xb6, 0xee, 0xb6, 0xee, 0xb6, 0xee, 0xb6, 0xee, 0xb6, 0xee,
    0xb6, 0xee, 0xb6, 0xee, 0xb6, 0xee, 0xb6, 0xee, 0xb6, 0xee, 0xb6, 0xee, 0xb6, 0xee, 0xb6, 0xee,
    0xb6, 0xee, 0xb6, 0xee, 0xb6, 0xee, 0xb6, 0xee, 0xb6, 0xee, 0xb6, 0xee, 0xb6, 0xee, 0xb6, 0xee,
    0xb6, 0xee, 0xb6, 0xee, 0xb6, 0xee, 0xb6, 0xee, 0xb6, 0xee, 0xb6, 0xee, 0xb6, 0xee, 0xb6, 0xee,
    0xb6, 0xee, 0xb6, 0xee, 0xb6, 0xee, 0xb6, 0xee, 0xb6, 0xee, 0xb6, 0xee, 0xb6, 0xee, 0xb6, 0xee,
    0xb6, 0xee, 0xb6, 0xee, 0xb6, 0xee, 0xb6, 0xee, 0xb6, 0xee, 0xb6, 0xee, 0xb6, 0xee, 0xb6, 0xee,
    0xb6, 0xee, 0xb6, 0xee, 0xb6, 0xee, 0xb6, 0xee, 0xb6, 0xee, 0xb6, 0xee, 0xb6, 0xee, 0xb6, 0xee,
    0xb6, 0xee, 0xb6, 0xee, 0xb6, 0xee, 0xb6, 0xee, 0xb6, 0xee, 0xb6, 0xee, 0xb6, 0xee, 0x96, 0xe6,
    0xf3, 0xcd, 0xcc, 0x8b, 0xa8, 0x6a, 0xa4, 0x49, 0x22, 0x39, 0x02, 0x31, 0x61, 0x18, 0xe2, 0x28,
    0x2a, 0x73, 0x8c, 0x83, 0x6c, 0x83, 0x4b, 0x7b, 0x6c, 0x7b, 0x6c, 0x83, 0x6c, 0x83, 0x8c, 0x83,
    0x6c, 0x83, 0x8c, 0x83, 0x4b, 0x7b, 0x6c, 0x83, 0x6c, 0x83, 0x8c, 0x83, 0x6c, 0x83, 0x6c, 0x83,
    0x6c, 0x83, 0x4b, 0x7b, 0x6c, 0x83, 0x6b, 0x7b, 0x8c, 0x83, 0x6b, 0x7b, 0x6b, 0x7b, 0x6b, 0x7b,
    0x8c, 0x83, 0x6b, 0x7b, 0x6c, 0x83, 0x6c, 0x83, 0x6c, 0x7b, 0x6c, 0x7b, 0x6c, 0x7b, 0x8c, 0x83,
    0x8c, 0x83, 0x6c, 0x83, 0x2b, 0x7b, 0x4b, 0x83, 0x6b, 0x83, 0x4b, 0x7b, 0x6c, 0x83, 0x4b, 0x7b,
    0x4b, 0x83, 0x4b, 0x7b, 0x6c, 0x83, 0x4b, 0x83, 0x4b, 0x83, 0x4b, 0x83, 0x6c, 0x83, 0x4b, 0x7b,
    0x6b, 0x83, 0x8c, 0x83, 0x6c, 0x83, 0x6b, 0x83, 0x2b, 0x7b, 0x4b, 0x7b, 0x4b, 0x7b, 0x4b, 0x7b,
    0x6b, 0x7b, 0x4b, 0x7b, 0x6c, 0x83, 0x4b, 0x7b, 0x6c, 0x7b, 0x4b, 0x7b, 0x8c, 0x8b, 0x2b, 0x7b,
    0x8c, 0x83, 0x6b, 0x83, 0x6c, 0x7b, 0x8c, 0x83, 0x6c, 0x7b, 0x8c, 0x83, 0x6c, 0x7b, 0x6c, 0x7b,
    0x6c, 0x7b, 0x6c, 0x83, 0x6c, 0x83, 0x8c, 0x83, 0x6b, 0x7b, 0x4b, 0x7b, 0x6b, 0x7b, 0x6b, 0x7b,
    0x8c, 0x83, 0x6c, 0x83, 0x6c, 0x83, 0x6b, 0x7b, 0x6b, 0x7b, 0x6c, 0x83, 0x6c, 0x83, 0x6c, 0x83,
    0x6c, 0x7b, 0x6c, 0x83, 0x6c, 0x7b, 0x6b, 0x7b, 0x6c, 0x83, 0xac, 0x83, 0x4b, 0x7b, 0x6c, 0x7b,
    0x8c, 0x83, 0x0a, 0x73, 0xe2, 0x28, 0x81, 0x20, 0x23, 0x39, 0x02, 0x39, 0x63, 0x41, 0xe5, 0x49,
    0x6a, 0x7b, 0x92, 0xc5, 0x75, 0xe6, 0xb6, 0xe6, 0xb6, 0xee, 0xb6, 0xee, 0xb6, 0xee, 0xb6, 0xee,
    0xb6, 0xee, 0xb6, 0xee, 0xb6, 0xee, 0xb6, 0xee, 0xb6, 0xee, 0xb6, 0xee, 0xb6, 0xee, 0xb6, 0xee,
    0xb6, 0xee, 0xb6, 0xee, 0xb6, 0xee, 0xb6, 0xee, 0xb6, 0xee, 0xb6, 0xee, 0xb6, 0xee, 0xb6, 0xee,
    0xb6, 0xee, 0xb6, 0xee, 0xb6, 0xee, 0xb6, 0xee, 0xb6, 0xee, 0xb6, 0xee, 0xb6, 0xee, 0xb6, 0xee,
    0xb6, 0xee, 0xb6, 0xee, 0xb6, 0xee, 0xb6, 0xee, 0xb6, 0xee, 0xb6, 0xee, 0xb6, 0xee, 0xb6, 0xee,
    0xb6, 0xee, 0xb6, 0xee, 0xb6, 0xee, 0xb6, 0xee, 0xb6, 0xee, 0xb6, 0xee, 0xb6, 0xee, 0xb6, 0xee,
    0xb6, 0xee, 0xb6, 0xee, 0xb6, 0xee, 0xb6, 0xee, 0xb6, 0xee, 0xb6, 0xee, 0xb6, 0xee, 0xb6, 0xee,
    0xb6, 0xee, 0xb6, 0xee, 0xb6, 0xee, 0xb6, 0xee, 0xb6, 0xee, 0xb6, 0xee, 0xb6, 0xee, 0xb6, 0xee,
    0xb6, 0xee, 0xb6, 0xee, 0xb6, 0xee, 0xb6, 0xee, 0xb6, 0xee, 0xb6, 0xee, 0xb6, 0xee, 0xb6, 0xee,
    0xb6, 0xee, 0xb6, 0xee, 0xb6, 0xee, 0xb6, 0xee, 0xb6, 0xee, 0xb6, 0xee, 0xb6, 0xee, 0xb6, 0xee,
    0xb6, 0xee, 0xb6, 0xee, 0xb6, 0xee, 0xb6, 0xee, 0xb6, 0xee, 0xb6, 0xee, 0xb6, 0xee, 0xb6, 0xee,
    0xb6, 0xee, 0xb6, 0xee, 0xb6, 0xee, 0xb6, 0xee, 0xb6, 0xee, 0xb6, 0xee, 0xb6, 0xee, 0xb6, 0xee,
    0xb6, 0xee, 0xb6, 0xee, 0xb6, 0xee, 0xb6, 0xe6, 0x95, 0xe6, 0xf3, 0xcd, 0xcf, 0xac, 0x67, 0x5a,
    0xa4, 0x49, 0x43, 0x41, 0x03, 0x39, 0x61, 0x20, 0xe3, 0x28, 0xea, 0x6a, 0x8c, 0x83, 0x6b, 0x7b,
    0x6c, 0x83, 0x6c, 0x7b, 0x6c, 0x7b, 0x4b, 0x7b, 0x4b, 0x7b, 0x6c, 0x7b, 0x6c, 0x7b, 0x6c, 0x7b,
    0x4b, 0x7b, 0x6c, 0x7b, 0x4b, 0x7b, 0x6c, 0x83, 0x6c, 0x7b, 0x6c, 0x7b, 0x6c, 0x7b, 0x4b, 0x7b,
    0x6b, 0x7b, 0x4b, 0x7b, 0x8c, 0x83, 0x4b, 0x7b, 0x6b, 0x7b, 0x4b, 0x7b, 0x6b, 0x7b, 0x4b, 0x7b,
    0x6b, 0x7b, 0x6b, 0x7b, 0x6b, 0x7b, 0x6b, 0x7b, 0x6b, 0x7b, 0x4b, 0x7b, 0xea, 0x72, 0xa9, 0x6a,
    0x88, 0x62, 0x88, 0x62, 0x88, 0x62, 0x88, 0x62, 0xa9, 0x6a, 0x68, 0x62, 0x88, 0x62, 0x68, 0x62,
    0xa9, 0x62, 0x47, 0x5a, 0xa9, 0x62, 0xa9, 0x62, 0x89, 0x62, 0x2a, 0x7b, 0x4b, 0x7b, 0x4b, 0x7b,
    0xe9, 0x6a, 0xa9, 0x6a, 0x88, 0x62, 0xa9, 0x6a, 0x88, 0x62, 0x88, 0x62, 0xa9, 0x6a, 0x89, 0x62,
    0x89, 0x62, 0x68, 0x62, 0x89, 0x62, 0x68, 0x62, 0x88, 0x6a, 0x89, 0x62, 0xa9, 0x62, 0x0b, 0x73,
    0x4b, 0x7b, 0x6c, 0x83, 0x6c, 0x7b, 0x6c, 0x83, 0x4b, 0x7b, 0x6c, 0x7b, 0x4b, 0x7b, 0x6b, 0x7b,
    0x6b, 0x7b, 0x6c, 0x83, 0x4b, 0x7b, 0x4b, 0x7b, 0x6b, 0x7b, 0x4b, 0x7b, 0x6b, 0x7b, 0x4b, 0x7b,
    0x6c, 0x83, 0x4b, 0x7b, 0x4b, 0x7b, 0x4b, 0x7b, 0x6c, 0x7b, 0x6c, 0x83, 0x6c, 0x7b, 0x6c, 0x7b,
    0x6c, 0x7b, 0x6b, 0x7b, 0x6c, 0x83, 0x6c, 0x83, 0x4b, 0x7b, 0x6c, 0x7b, 0x4b, 0x7b, 0x6c, 0x83,
    0x0b, 0x73, 0xc2, 0x28, 0x60, 0x18, 0x23, 0x31, 0x22, 0x39, 0x63, 0x49, 0xe5, 0x49, 0x6b, 0x7b,
    0x92, 0xc5, 0x75, 0xe6, 0xb6, 0xe6, 0xb6, 0xee, 0xb6, 0xee, 0xb6, 0xee, 0xb6, 0xee, 0xb6, 0xee,
    0xb6, 0xee, 0xb6, 0xee, 0xb6, 0xee, 0xb6, 0xee, 0xb6, 0xee, 0xb6, 0xee, 0xb6, 0xee, 0xb6, 0xee,
    0xb6, 0xee, 0xb6, 0xee, 0xb6, 0xee, 0xb6, 0xee, 0xb6, 0xee, 0xb6, 0xee, 0xb6, 0xee, 0xb6, 0xee,
    0xb6, 0xee, 0xb6, 0xee, 0xb6, 0xee, 0xb6, 0xee, 0xb6, 0xee, 0xb6, 0xee, 0xb6, 0xee, 0xb6, 0xee,
    0xb6, 0xee, 0xb6, 0xee, 0xb6, 0xee, 0xb6, 0xee, 0xb6, 0xee, 0xb6, 0xee, 0xb6, 0xee, 0xb6, 0xee,
    0xb6, 0xee, 0xb6, 0xee, 0xb6, 0xee, 0xb6, 0xee, 0xb6, 0xee, 0xb6, 0xee, 0xb6, 0xee, 0xb6, 0xee,
    0xb6, 0xee, 0xb6, 0xee, 0xb6, 0xee, 0xb6, 0xee, 0xb6, 0xee, 0xb6, 0xee, 0xb6, 0xee, 0xb6, 0xee,
    0xb6, 0xee, 0xb6, 0xee, 0xb6, 0xee, 0xb6, 0xee, 0xb6, 0xee, 0xb6, 0xee, 0xb6, 0xee, 0xb6, 0xee,
    0xb6, 0xee, 0xb6, 0xee, 0xb6, 0xee, 0xb6, 0xee, 0xb6, 0xee, 0xb6, 0xee, 0xb6, 0xee, 0xb6, 0xee,
    0xb6, 0xee, 0xb6, 0xee, 0xb6, 0xee, 0xb6, 0xee, 0xb6, 0xee, 0xb6, 0xee, 0xb6, 0xee, 0xb6, 0xee,
    0xb6, 0xee, 0xb6, 0xee, 0xb6, 0xee, 0xb6, 0xee, 0xb6, 0xee, 0xb6, 0xee, 0xb6, 0xee, 0xb6, 0xee,
    0xb6, 0xee, 0xb6, 0xee, 0xb6, 0xee, 0xb6, 0xee, 0xb6, 0xee, 0xb6, 0xee, 0xb6, 0xee, 0xb6, 0xee,
    0xb6, 0xe6, 0x95, 0xe6, 0xd3, 0xcd, 0x4d, 0x9c, 0x46, 0x5a, 0xa4, 0x49, 0x22, 0x41, 0x02, 0x39,
    0x40, 0x18, 0xe3, 0x30, 0x0a, 0x73, 0xad, 0x83, 0x4b, 0x7b, 0x6b, 0x7b, 0x8c, 0x83, 0x6b, 0x7b,
    0x6c, 0x7b, 0x6c, 0x7b, 0x6c, 0x83, 0x6c, 0x83, 0x6c, 0x83, 0x8c, 0x83, 0x6c, 0x83, 0x6c, 0x83,
    0x6c, 0x7b, 0x6c, 0x83, 0x6c, 0x83, 0x8c, 0x83, 0x8c, 0x83, 0x6b, 0x7b, 0x6c, 0x83, 0x6b, 0x7b,
    0x8c, 0x83, 0x6c, 0x83, 0x6b, 0x7b, 0x4b, 0x7b, 0x6c, 0x83, 0x6c, 0x83, 0x6c, 0x83, 0x6b, 0x7b,
    0x6b, 0x7b, 0x6c, 0x83, 0x8c, 0x83, 0x4b, 0x7b, 0x27, 0x52, 0x85, 0x39, 0x44, 0x31, 0x65, 0x39,
    0x44, 0x31, 0x44, 0x31, 0x65, 0x31, 0x24, 0x31, 0x44, 0x31, 0x24, 0x29, 0x44, 0x31, 0x24, 0x29,
    0x24, 0x31, 0x03, 0x29, 0x45, 0x31, 0xa9, 0x62, 0x6b, 0x83, 0x4b, 0x7b, 0xa5, 0x41, 0x44, 0x31,
    0x24, 0x31, 0x44, 0x31, 0xe3, 0x28, 0x44, 0x31, 0x03, 0x29, 0x45, 0x31, 0x24, 0x31, 0xe3, 0x28,
    0x44, 0x31, 0x03, 0x29, 0x24, 0x31, 0x24, 0x31, 0x85, 0x39, 0xea, 0x6a, 0x6c, 0x7b, 0x6c, 0x83,
    0x6c, 0x7b, 0x8c, 0x83, 0x6c, 0x7b, 0x8c, 0x83, 0x6c, 0x7b, 0x6b, 0x83, 0x6c, 0x83, 0x8c, 0x83,
    0x6b, 0x7b, 0x6b, 0x7b, 0x6c, 0x83, 0x6b, 0x7b, 0x6c, 0x83, 0x6b, 0x7b, 0x8c, 0x83, 0x6c, 0x83,
    0x6c, 0x7b, 0x6c, 0x7b, 0x6c, 0x83, 0x6c, 0x83, 0x6c, 0x7b, 0x6c, 0x83, 0x6c, 0x7b, 0x6b, 0x83,
    0x6c, 0x83, 0x8c, 0x83, 0x6c, 0x83, 0x6c, 0x83, 0x4b, 0x7b, 0x4b, 0x7b, 0xad, 0x83, 0x0a, 0x73,
    0x03, 0x31, 0x40, 0x18, 0x23, 0x39, 0x22, 0x39, 0x84, 0x49, 0xe5, 0x51, 0x6b, 0x7b, 0x92, 0xbd,
    0x75, 0xe6, 0xb6, 0xe6, 0xb6, 0xee, 0xb6, 0xee, 0xb6, 0xee, 0xb6, 0xee, 0xb6, 0xee, 0xb6, 0xee,
    0xb6, 0xee, 0xb6, 0xee, 0xb6, 0xee, 0xb6, 0xee, 0xb6, 0xee, 0xb6, 0xee, 0xb6, 0xee, 0xb6, 0xee,
    0xb6, 0xee, 0xb6, 0xee, 0xb6, 0xee, 0xb6, 0xee, 0xb6, 0xee, 0xb6, 0xee, 0xb6, 0xee, 0xb6, 0xee,
    0xb6, 0xee, 0xb6, 0xee, 0xb6, 0xee, 0xb6, 0xee, 0xb6, 0xee, 0xb6, 0xee, 0xb6, 0xee, 0xb6, 0xee,
    0xb6, 0xee, 0xb6, 0xee, 0xb6, 0xee, 0xb6, 0xee, 0xb6, 0xee, 0xb6, 0xee, 0xb6, 0xee, 0xb6, 0xee,
    0xb6, 0xee, 0xb6, 0xee, 0xb6, 0xee, 0xb6, 0xee, 0xb6, 0xee, 0xb6, 0xee, 0xb6, 0xee, 0xb6, 0xee,
    0xb6, 0xee, 0xb6, 0xee, 0xb6, 0xee, 0xb6, 0xee, 0xb6, 0xee, 0xb6, 0xee, 0xb6, 0xee, 0xb6, 0xee,
    0xb6, 0xee, 0xb6, 0xee, 0xb6, 0xee, 0xb6, 0xee, 0xb6, 0xee, 0xb6, 0xee, 0xb6, 0xee, 0xb6, 0xee,
    0xb6, 0xee, 0xb6, 0xee, 0xb6, 0xee, 0xb6, 0xee, 0xb6, 0xee, 0xb6, 0xee, 0xb6, 0xee, 0xb6, 0xee,
    0xb6, 0xee, 0xb6, 0xee, 0xb6, 0xee, 0xb6, 0xee, 0xb6, 0xee, 0xb6, 0xee, 0xb6, 0xee, 0xb6, 0xee,
    0xb6, 0xee, 0xb6, 0xee, 0xb6, 0xee, 0xb6, 0xee, 0xb6, 0xee, 0xb6, 0xee, 0xb6, 0xee, 0xb6, 0xee,
    0xb6, 0xee, 0xb6, 0xee, 0xb6, 0xee, 0xb6, 0xee, 0xb6, 0xee, 0xb6, 0xee, 0x96, 0xe6, 0xb2, 0xc5,
    0xec, 0x8b, 0xc8, 0x6a, 0x64, 0x49, 0x23, 0x39, 0x02, 0x31, 0x80, 0x20, 0x02, 0x31, 0x0a, 0x73,
    0xac, 0x83, 0x6b, 0x83, 0x6b, 0x83, 0x6c, 0x83, 0x6c, 0x83, 0x6b, 0x7b, 0x4b, 0x7b, 0x4b, 0x7b,
    0x6c, 0x7b, 0x6c, 0x83, 0x6c, 0x7b, 0x6c, 0x83, 0x6c, 0x7b, 0x6c, 0x7b, 0x6c, 0x7b, 0x6c, 0x83,
    0x6c, 0x7b, 0x6c, 0x7b, 0x6c, 0x83, 0x6c, 0x83, 0x6c, 0x83, 0x6b, 0x7b, 0x8c, 0x83, 0x6b, 0x7b,
    0x6b, 0x7b, 0x4b, 0x7b, 0x6b, 0x7b, 0x6b, 0x7b, 0x6c, 0x83, 0x6b, 0x7b, 0x6b, 0x83, 0x6c, 0x83,
    0x4b, 0x7b, 0x4b, 0x7b, 0xc6, 0x41, 0x04, 0x21, 0x04, 0x21, 0x04, 0x21, 0xe3, 0x18, 0x04, 0x21,
    0x65, 0x29, 0x86, 0x31, 0xe3, 0x18, 0x04, 0x21, 0xa3, 0x18, 0x04, 0x29, 0x45, 0x29, 0xc3, 0x20,
    0xa2, 0x10, 0x48, 0x52, 0x6b, 0x83, 0x2b, 0x73, 0x44, 0x31, 0xa2, 0x18, 0xc3, 0x18, 0xa3, 0x10,
    0xa2, 0x10, 0x04, 0x21, 0xc3, 0x18, 0x24, 0x21, 0x04, 0x21, 0x04, 0x21, 0x03, 0x21, 0x81, 0x10,
    0x04, 0x21, 0xc3, 0x10, 0x03, 0x29, 0xa9, 0x62, 0x6c, 0x7b, 0x6c, 0x7b, 0x4b, 0x7b, 0x6c, 0x83,
    0x6c, 0x7b, 0x6c, 0x83, 0x6c, 0x83, 0x6c, 0x83, 0x6b, 0x7b, 0x6c, 0x83, 0x4b, 0x7b, 0x4b, 0x7b,
    0x6b, 0x7b, 0x6b, 0x7b, 0x8c, 0x83, 0x6b, 0x7b, 0x6b, 0x7b, 0x6b, 0x7b, 0x6c, 0x7b, 0x6c, 0x7b,
    0x6c, 0x7b, 0x6c, 0x7b, 0x6c, 0x7b, 0x6c, 0x83, 0x6c, 0x83, 0x6b, 0x83, 0x6b, 0x7b, 0x6c, 0x83,
    0x6c, 0x7b, 0x4b, 0x7b, 0x6b, 0x83, 0x6b, 0x83, 0x6b, 0x7b, 0xac, 0x83, 0x0a, 0x73, 0xe2, 0x28,
    0x81, 0x18, 0x02, 0x31, 0x22, 0x39, 0x42, 0x41, 0xe5, 0x51, 0x6b, 0x7b, 0x92, 0xbd, 0x75, 0xe6,
    0xb6, 0xe6, 0xb6, 0xee, 0xb6, 0xee, 0xb6, 0xee, 0xb6, 0xee, 0xb6, 0xee, 0xb6, 0xee, 0xb6, 0xee,
    0xb6, 0xee, 0xb6, 0xee, 0xb6, 0xee, 0xb6, 0xee, 0xb6, 0xee, 0xb6, 0xee, 0xb6, 0xee, 0xb6, 0xee,
    0xb6, 0xee, 0xb6, 0xee, 0xb6, 0xee, 0xb6, 0xee, 0xb6, 0xee, 0xb6, 0xee, 0xb6, 0xee, 0xb6, 0xee,
    0xb6, 0xee, 0xb6, 0xee, 0xb6, 0xee, 0xb6, 0xee, 0xb6, 0xee, 0xb6, 0xee, 0xb6, 0xee, 0xb6, 0xee,
    0xb6, 0xee, 0xb6, 0xee, 0xb6, 0xee, 0xb6, 0xee, 0xb6, 0xee, 0xb6, 0xee, 0xb6, 0xee, 0xb6, 0xee,
    0xb6, 0xee, 0xb6, 0xee, 0xb6, 0xee, 0xb6, 0xee, 0xb6, 0xee, 0xb6, 0xee, 0xb6, 0xee, 0xb6, 0xee,
    0xb6, 0xee, 0xb6, 0xee, 0xb6, 0xee, 0xb6, 0xee, 0xb6, 0xee, 0xb6, 0xee, 0xb6, 0xee, 0xb6, 0xee,
    0xb6, 0xee, 0xb6, 0xee, 0xb6, 0xee, 0xb6, 0xee, 0xb6, 0xee, 0xb6, 0xee, 0xb6, 0xee, 0xb6, 0xee,
    0xb6, 0xee, 0xb6, 0xee, 0xb6, 0xee, 0xb6, 0xee, 0xb6, 0xee, 0xb6, 0xee, 0xb6, 0xee, 0xb6, 0xee,
    0xb6, 0xee, 0xb6, 0xee, 0xb6, 0xee, 0xb6, 0xee, 0xb6, 0xee, 0xb6, 0xee, 0xb6, 0xee, 0xb6, 0xee,
    0xb6, 0xee, 0xb6, 0xee, 0xb6, 0xee, 0xb6, 0xee, 0xb6, 0xee, 0xb6, 0xee, 0xb6, 0xee, 0xb6, 0xee,
    0xb6, 0xee, 0xb6, 0xee, 0xb6, 0xee, 0x96, 0xe6, 0x14, 0xce, 0xab, 0x83, 0x05, 0x52, 0xa4, 0x49,
    0x22, 0x39, 0x03, 0x39, 0x40, 0x18, 0x03, 0x31, 0x2b, 0x73, 0x8c, 0x83, 0x6c, 0x83, 0x4b, 0x7b,
    0x4b, 0x7b, 0x8c, 0x83, 0x6c, 0x83, 0xa9, 0x6a, 0xa9, 0x6a, 0x0a, 0x73, 0x8c, 0x83, 0x4b, 0x7b,
    0x8c, 0x83, 0x8c, 0x83, 0x4b, 0x7b, 0x6c, 0x7b, 0x4b, 0x7b, 0x6c, 0x83, 0x6c, 0x83, 0x8c, 0x83,
    0x8c, 0x83, 0x6b, 0x7b, 0x6b, 0x7b, 0x6b, 0x7b, 0x8c, 0x83, 0x6b, 0x7b, 0x6b, 0x7b, 0x6b, 0x7b,
    0x6c, 0x83, 0x4b, 0x7b, 0x6c, 0x83, 0x6b, 0x7b, 0x6c, 0x83, 0x6c, 0x83, 0x4b, 0x7b, 0x6c, 0x7b,
    0xe7, 0x49, 0x25, 0x29, 0x65, 0x29, 0x86, 0x31, 0x45, 0x29, 0x04, 0x21, 0xa6, 0x31, 0xa6, 0x31,
    0x24, 0x21, 0x65, 0x29, 0x44, 0x21, 0x85, 0x31, 0x85, 0x31, 0x45, 0x29, 0x04, 0x21, 0x48, 0x52,
    0x6b, 0x83, 0x2b, 0x7b, 0xa5, 0x39, 0xc3, 0x18, 0x45, 0x29, 0x04, 0x21, 0x65, 0x29, 0x86, 0x31,
    0x04, 0x21, 0xc7, 0x39, 0x65, 0x29, 0x24, 0x29, 0x24, 0x21, 0x85, 0x31, 0x86, 0x31, 0x66, 0x29,
    0x24, 0x29, 0x88, 0x62, 0x6c, 0x7b, 0x6c, 0x7b, 0x6c, 0x7b, 0x8c, 0x83, 0x6c, 0x83, 0x8c, 0x83,
    0x4b, 0x7b, 0x6c, 0x83, 0x6c, 0x83, 0x8c, 0x83, 0x6c, 0x7b, 0x6c, 0x7b, 0x8c, 0x83, 0x6b, 0x7b,
    0x6b, 0x7b, 0x4b, 0x7b, 0x6c, 0x83, 0x6c, 0x7b, 0x6c, 0x7b, 0x6c, 0x83, 0x6c, 0x7b, 0x6c, 0x83,
    0x6c, 0x83, 0x8c, 0x83, 0x4b, 0x7b, 0x6b, 0x7b, 0x6b, 0x7b, 0x2b, 0x7b, 0x88, 0x62, 0xca, 0x6a,
    0x6c, 0x7b, 0x4b, 0x7b, 0x8c, 0x83, 0x2b, 0x7b, 0xad, 0x83, 0x0b, 0x73, 0x23, 0x31, 0x60, 0x18,
    0x03, 0x31, 0x23, 0x41, 0x43, 0x41, 0x06, 0x52, 0x6b, 0x7b, 0x92, 0xc5, 0x75, 0xe6, 0xb6, 0xe6,
    0xb6, 0xee, 0xb6, 0xee, 0xb6, 0xee, 0xb6, 0xee, 0xb6, 0xee, 0xb6, 0xee, 0xb6, 0xee, 0xb6, 0xee,
    0xb6, 0xee, 0xb6, 0xee, 0xb6, 0xee, 0xb6, 0xee, 0xb6, 0xee, 0xb6, 0xee, 0xb6, 0xee, 0xb6, 0xee,
    0xb6, 0xee, 0xb6, 0xee, 0xb6, 0xee, 0xb6, 0xee, 0xb6, 0xee, 0xb6, 0xee, 0xb6, 0xee, 0xb6, 0xee,
    0xb6, 0xee, 0xb6, 0xee, 0xb6, 0xee, 0xb6, 0xee, 0xb6, 0xee, 0xb6, 0xee, 0xb6, 0xee, 0xb6, 0xee,
    0xb6, 0xee, 0xb6, 0xee, 0xb6, 0xee, 0xb6, 0xee, 0xb6, 0xee, 0xb6, 0xee, 0xb6, 0xee, 0xb6, 0xee,
    0xb6, 0xee, 0xb6, 0xee, 0xb6, 0xee, 0xb6, 0xee, 0xb6, 0xee, 0xb6, 0xee, 0xb6, 0xee, 0xb6, 0xee,
    0xb6, 0xee, 0xb6, 0xee, 0xb6, 0xee, 0xb6, 0xee, 0xb6, 0xee, 0xb6, 0xee, 0xb6, 0xee, 0xb6, 0xee,
    0xb6, 0xee, 0xb6, 0xee, 0xb6, 0xee, 0xb6, 0xee, 0xb6, 0xee, 0xb6, 0xee, 0xb6, 0xee, 0xb6, 0xee,
    0xb6, 0xee, 0xb6, 0xee, 0xb6, 0xee, 0xb6, 0xee, 0xb6, 0xee, 0xb6, 0xee, 0xb6, 0xee, 0xb6, 0xee,
    0xb6, 0xee, 0xb6, 0xee, 0xb6, 0xee, 0xb6, 0xee, 0xb6, 0xee, 0xb6, 0xee, 0xb6, 0xee, 0xb6, 0xee,
    0xb6, 0xee, 0xb6, 0xee, 0xb6, 0xee, 0xb6, 0xee, 0xb6, 0xee, 0xb6, 0xee, 0xb6, 0xee, 0xb6, 0xee,
    0xb6, 0xe6, 0x95, 0xe6, 0x51, 0xb5, 0xa8, 0x6a, 0x84, 0x49, 0x22, 0x39, 0x02, 0x31, 0x81, 0x20,
    0xc2, 0x28, 0x0b, 0x73, 0x6c, 0x83, 0x6b, 0x7b, 0x4b, 0x7b, 0x6b, 0x7b, 0x4b, 0x7b, 0x4b, 0x7b,
    0xea, 0x6a, 0x85, 0x41, 0x03, 0x29, 0x27, 0x52, 0x0a, 0x73, 0x6b, 0x83, 0x4b, 0x7b, 0x4c, 0x7b,
    0x6c, 0x83, 0x6b, 0x7b, 0x4b, 0x7b, 0x6b, 0x7b, 0x6b, 0x7b, 0x6b, 0x7b, 0x6b, 0x7b, 0x4b, 0x7b,
    0x4b, 0x7b, 0x4b, 0x7b, 0x8c, 0x83, 0x4b, 0x7b, 0x6b, 0x7b, 0x6b, 0x7b, 0x6c, 0x83, 0x4b, 0x7b,
    0x6c, 0x83, 0x6c, 0x83, 0x4b, 0x7b, 0x4b, 0x7b, 0x6b, 0x7b, 0x4b, 0x7b, 0xc6, 0x49, 0x65, 0x29,
    0xa7, 0x31, 0x24, 0x21, 0x24, 0x29, 0x45, 0x29, 0xa6, 0x31, 0x45, 0x29, 0x04, 0x21, 0x65, 0x29,
    0x85, 0x29, 0x85, 0x29, 0x86, 0x31, 0x65, 0x29, 0xc3, 0x18, 0x68, 0x52, 0x4b, 0x7b, 0x2b, 0x73,
    0x85, 0x39, 0xc3, 0x18, 0x25, 0x21, 0x24, 0x21, 0x24, 0x21, 0x04, 0x21, 0x24, 0x21, 0x45, 0x29,
    0x86, 0x31, 0x86, 0x31, 0x65, 0x29, 0xa6, 0x31, 0x86, 0x29, 0xa6, 0x31, 0x24, 0x29, 0x89, 0x62,
    0x6c, 0x7b, 0x4b, 0x7b, 0x4b, 0x7b, 0x6c, 0x83, 0x4b, 0x7b, 0x6c, 0x83, 0x6b, 0x7b, 0x4b, 0x7b,
    0x6c, 0x83, 0x6c, 0x83, 0x6c, 0x7b, 0x6c, 0x83, 0x6c, 0x83, 0x6b, 0x7b, 0x4b, 0x7b, 0x4b, 0x7b,
    0x6c, 0x83, 0x4b, 0x7b, 0x4b, 0x7b, 0x6c, 0x7b, 0x6c, 0x7b, 0x6c, 0x7b, 0x8c, 0x83, 0x4b, 0x7b,
    0x6c, 0x83, 0x4b, 0x7b, 0xea, 0x72, 0x07, 0x52, 0x03, 0x31, 0xc6, 0x49, 0xea, 0x6a, 0x6c, 0x83,
    0x4b, 0x7b, 0x6c, 0x7b, 0x4b, 0x7b, 0xad, 0x83, 0x0a, 0x73, 0xe3, 0x28, 0x60, 0x20, 0x02, 0x39,
    0x23, 0x39, 0x43, 0x41, 0xe5, 0x51, 0x8b, 0x83, 0x92, 0xbd, 0x75, 0xde, 0xb6, 0xe6, 0xb6, 0xee,
    0xb6, 0xee, 0xb6, 0xee, 0xb6, 0xee, 0xb6, 0xee, 0xb6, 0xee, 0xb6, 0xee, 0xb6, 0xee, 0xb6, 0xee,
    0xb6, 0xee, 0xb6, 0xee, 0xb6, 0xee, 0xb6, 0xee, 0xb6, 0xee, 0xb6, 0xee, 0xb6, 0xee, 0xb6, 0xee,
    0xb6, 0xee, 0xb6, 0xee, 0xb6, 0xee, 0xb6, 0xee, 0xb6, 0xee, 0xb6, 0xee, 0xb6, 0xee, 0xb6, 0xee,
    0xb6, 0xee, 0xb6, 0xee, 0xb6, 0xee, 0xb6, 0xee, 0xb6, 0xee, 0xb6, 0xee, 0xb6, 0xee, 0xb6, 0xee,
    0xb6, 0xee, 0xb6, 0xee, 0xb6, 0xee, 0xb6, 0xee, 0xb6, 0xee, 0xb6, 0xee, 0xb6, 0xee, 0xb6, 0xee,
    0xb6, 0xee, 0xb6, 0xee, 0xb6, 0xee, 0xb6, 0xee, 0xb6, 0xee, 0xb6, 0xee, 0xb6, 0xee, 0xb6, 0xee,
    0xb6, 0xee, 0xb6, 0xee, 0xb6, 0xee, 0xb6, 0xee, 0xb6, 0xee, 0xb6, 0xee, 0xb6, 0xee, 0xb6, 0xee,
    0xb6, 0xee, 0xb6, 0xee, 0xb6, 0xee, 0xb6, 0xee, 0xb6, 0xee, 0xb6, 0xee, 0xb6, 0xee, 0xb6, 0xee,
    0xb6, 0xee, 0xb6, 0xee, 0xb6, 0xee, 0xb6, 0xee, 0xb6, 0xee, 0xb6, 0xee, 0xb6, 0xee, 0xb6, 0xee,
    0xb6, 0xee, 0xb6, 0xee, 0xb6, 0xee, 0xb6, 0xee, 0xb6, 0xee, 0xb6, 0xee, 0xb6, 0xee, 0xb6, 0xee,
    0xb6, 0xee, 0xb6, 0xee, 0xb6, 0xee, 0xb6, 0xee, 0xb6, 0xee, 0xb6, 0xe6, 0x96, 0xe6, 0x31, 0xbd,
    0x2a, 0x7b, 0xc5, 0x51, 0x22, 0x39, 0x23, 0x39, 0x60, 0x18, 0x02, 0x31, 0x0a, 0x73, 0xac, 0x83,
    0x6c, 0x7b, 0x4b, 0x7b, 0x8c, 0x83, 0x6b, 0x7b, 0x6c, 0x83, 0xca, 0x6a, 0xc6, 0x41, 0xa2, 0x18,
    0x24, 0x29, 0x24, 0x29, 0x07, 0x52, 0x2b, 0x7b, 0x6c, 0x83, 0x8c, 0x83, 0x6b, 0x7b, 0x6b, 0x7b,
    0x6b, 0x7b, 0x6c, 0x83, 0x8c, 0x83, 0x6c, 0x83, 0x6c, 0x83, 0x6b, 0x7b, 0x6c, 0x83, 0x6b, 0x7b,
    0x8c, 0x83, 0x6b, 0x7b, 0x6c, 0x83, 0x4b, 0x7b, 0x6b, 0x7b, 0x4b, 0x7b, 0x6b, 0x7b, 0x6b, 0x7b,
    0x6b, 0x7b, 0x6c, 0x7b, 0x6b, 0x83, 0x6c, 0x7b, 0xe6, 0x41, 0x04, 0x21, 0x65, 0x29, 0xe4, 0x18,
    0x65, 0x29, 0x66, 0x29, 0x45, 0x29, 0x45, 0x29, 0xe4, 0x18, 0x86, 0x29, 0x85, 0x29, 0x04, 0x21,
    0x04, 0x21, 0x45, 0x29, 0x24, 0x21, 0x68, 0x52, 0x6c, 0x83, 0x2b, 0x73, 0x44, 0x31, 0xc3, 0x18,
    0x66, 0x29, 0xa6, 0x31, 0x66, 0x29, 0x66, 0x29, 0x66, 0x29, 0x24, 0x21, 0x66, 0x29, 0x86, 0x29,
    0x25, 0x21, 0x24, 0x21, 0xa3, 0x10, 0xa7, 0x31, 0x86, 0x31, 0x89, 0x62, 0x6c, 0x83, 0x6c, 0x83,
    0x6c, 0x7b, 0x8c, 0x83, 0x6c, 0x7b, 0x6c, 0x83, 0x6b, 0x7b, 0x8c, 0x83, 0x4b, 0x7b, 0x8c, 0x83,
    0x6c, 0x83, 0x4b, 0x7b, 0x8c, 0x83, 0x6b, 0x7b, 0x6b, 0x7b, 0x6b, 0x7b, 0x6c, 0x83, 0x4b, 0x7b,
    0x6c, 0x83, 0x6c, 0x7b, 0x6c, 0x7b, 0x8c, 0x83, 0x4b, 0x7b, 0x8c, 0x83, 0x6c, 0x7b, 0x0a, 0x73,
    0x07, 0x4a, 0xc3, 0x20, 0xe4, 0x20, 0xa2, 0x18, 0xa5, 0x41, 0xc9, 0x6a, 0x6c, 0x83, 0x4b, 0x7b,
    0xac, 0x83, 0x4b, 0x7b, 0x8c, 0x83, 0x0a, 0x73, 0x02, 0x31, 0x60, 0x18, 0x02, 0x31, 0x63, 0x41,
    0x42, 0x41, 0x05, 0x52, 0x6b, 0x7b, 0x92, 0xbd, 0x75, 0xe6, 0xb6, 0xee, 0xb6, 0xee, 0xb6, 0xee,
    0xb6, 0xee, 0xb6, 0xee, 0xb6, 0xee, 0xb6, 0xee, 0xb6, 0xee, 0xb6, 0xee, 0xb6, 0xee, 0xb6, 0xee,
    0xb6, 0xee, 0xb6, 0xee, 0xb6, 0xee, 0xb6, 0xee, 0xb6, 0xee, 0xb6, 0xee, 0xb6, 0xee, 0xb6, 0xee,
    0xb6, 0xee, 0xb6, 0xee, 0xb6, 0xee, 0xb6, 0xee, 0xb6, 0xee, 0xb6, 0xee, 0xb6, 0xee, 0xb6, 0xee,
    0xb6, 0xee, 0xb6, 0xee, 0xb6, 0xee, 0xb6, 0xee, 0xb6, 0xee, 0xb6, 0xee, 0xb6, 0xee, 0xb6, 0xee,
    0xb6, 0xee, 0xb6, 0xee, 0xb6, 0xee, 0xb6, 0xee, 0xb6, 0xee, 0xb6, 0xee, 0xb6, 0xee, 0xb6, 0xee,
    0xb6, 0xee, 0xb6, 0xee, 0xb6, 0xee, 0xb6, 0xee, 0xb6, 0xee, 0xb6, 0xee, 0xb6, 0xee, 0xb6, 0xee,
    0xb6, 0xee, 0xb6, 0xee, 0xb6, 0xee, 0xb6, 0xee, 0xb6, 0xee, 0xb6, 0xee, 0xb6, 0xee, 0xb6, 0xee,
    0xb6, 0xee, 0xb6, 0xee, 0xb6, 0xee, 0xb6, 0xee, 0xb6, 0xee, 0xb6, 0xee, 0xb6, 0xee, 0xb6, 0xee,
    0xb6, 0xee, 0xb6, 0xee, 0xb6, 0xee, 0xb6, 0xee, 0xb6, 0xee, 0xb6, 0xee, 0xb6, 0xee, 0xb6, 0xee,
    0xb6, 0xee, 0xb6, 0xee, 0xb6, 0xee, 0xb6, 0xee, 0xb6, 0xee, 0xb6, 0xee, 0xb6, 0xee, 0xb6, 0xee,
    0xb6, 0xee, 0xb6, 0xee, 0xb6, 0xe6, 0x75, 0xde, 0x51, 0xb5, 0x29, 0x73, 0xc4, 0x51, 0x43, 0x41,
    0x23, 0x39, 0x81, 0x20, 0xc2, 0x28, 0xea, 0x6a, 0x6b, 0x7b, 0x4b, 0x7b, 0x6b, 0x7b, 0x6c, 0x7b,
    0x6b, 0x7b, 0x4b, 0x7b, 0xa9, 0x6a, 0x85, 0x41, 0xc3, 0x18, 0x03, 0x21, 0x65, 0x29, 0xe3, 0x20,
    0x04, 0x29, 0x27, 0x52, 0xea, 0x72, 0x4b, 0x7b, 0x4b, 0x7b, 0x6b, 0x7b, 0x4b, 0x7b, 0x4b, 0x7b,
    0x6b, 0x7b, 0x6b, 0x7b, 0x6b, 0x7b, 0x6b, 0x7b, 0x6b, 0x7b, 0x6b, 0x7b, 0x8c, 0x83, 0x6b, 0x7b,
    0x6b, 0x7b, 0x6b, 0x7b, 0x6b, 0x7b, 0x4b, 0x7b, 0x6c, 0x83, 0x6b, 0x7b, 0x6b, 0x7b, 0x4b, 0x7b,
    0x2b, 0x7b, 0x4b, 0x7b, 0xe7, 0x49, 0xe3, 0x20, 0x24, 0x21, 0x45, 0x29, 0x45, 0x29, 0x24, 0x21,
    0x04, 0x21, 0x65, 0x29, 0x04, 0x21, 0x45, 0x29, 0x24, 0x29, 0x24, 0x21, 0x45, 0x29, 0x45, 0x29,
    0x24, 0x21, 0x88, 0x5a, 0x6b, 0x7b, 0x2b, 0x73, 0xa6, 0x39, 0x65, 0x29, 0x44, 0x29, 0xe3, 0x20,
    0x45, 0x29, 0xa6, 0x31, 0x65, 0x29, 0x45, 0x29, 0x45, 0x29, 0x86, 0x31, 0x45, 0x29, 0x44, 0x29,
    0x45, 0x29, 0x45, 0x29, 0x44, 0x29, 0xa9, 0x62, 0x6b, 0x7b, 0x4b, 0x7b, 0x4b, 0x7b, 0x6c, 0x7b,
    0x4b, 0x7b, 0x6c, 0x7b, 0x4b, 0x7b, 0x4b, 0x7b, 0x6c, 0x83, 0x6c, 0x83, 0x4b, 0x7b, 0x6c, 0x7b,
    0x6c, 0x83, 0x4b, 0x7b, 0x6b, 0x7b, 0x4b, 0x7b, 0x6c, 0x7b, 0x4b, 0x7b, 0x4b, 0x7b, 0x4b, 0x7b,
    0x4b, 0x7b, 0x4b, 0x7b, 0x6c, 0x83, 0x6c, 0x7b, 0xea, 0x72, 0xe6, 0x49, 0x04, 0x29, 0x25, 0x21,
    0x66, 0x29, 0x04, 0x21, 0xc3, 0x20, 0xa5, 0x41, 0xea, 0x6a, 0x6c, 0x83, 0x2a, 0x7b, 0x6b, 0x7b,
    0x6b, 0x7b, 0x6c, 0x7b, 0x0a, 0x73, 0xe2, 0x28, 0x60, 0x18, 0x22, 0x39, 0x22, 0x41, 0x42, 0x41,
    0xc5, 0x51, 0x6b, 0x7b, 0x92, 0xc5, 0x75, 0xe6, 0xb6, 0xe6, 0xb6, 0xee, 0xb6, 0xee, 0xb6, 0xee,
    0xb6, 0xee, 0xb6, 0xee, 0xb6, 0xee, 0xb6, 0xee, 0xb6, 0xee, 0xb6, 0xee, 0xb6, 0xee, 0xb6, 0xee,
    0xb6, 0xee, 0xb6, 0xee, 0xb6, 0xee, 0xb6, 0xee, 0xb6, 0xee, 0xb6, 0xee, 0xb6, 0xee, 0xb6, 0xee,
    0xb6, 0xee, 0xb6, 0xee, 0xb6, 0xee, 0xb6, 0xee, 0xb6, 0xee, 0xb6, 0xee, 0xb6, 0xee, 0xb6, 0xee,
    0xb6, 0xee, 0xb6, 0xee, 0xb6, 0xee, 0xb6, 0xee, 0xb6, 0xee, 0xb6, 0xee, 0xb6, 0xee, 0xb6, 0xee,
    0xb6, 0xee, 0xb6, 0xee, 0xb6, 0xee, 0xb6, 0xee, 0xb6, 0xee, 0xb6, 0xee, 0xb6, 0xee, 0xb6, 0xee,
    0xb6, 0xee, 0xb6, 0xee, 0xb6, 0xee, 0xb6, 0xee, 0xb6, 0xee, 0xb6, 0xee, 0xb6, 0xee, 0xb6, 0xee,
    0xb6, 0xee, 0xb6, 0xee, 0xb6, 0xee, 0xb6, 0xee, 0xb6, 0xee, 0xb6, 0xee, 0xb6, 0xee, 0xb6, 0xee,
    0xb6, 0xee, 0xb6, 0xee, 0xb6, 0xee, 0xb6, 0xee, 0xb6, 0xee, 0xb6, 0xee, 0xb6, 0xee, 0xb6, 0xee,
    0xb6, 0xee, 0xb6, 0xee, 0xb6, 0xee, 0xb6, 0xee, 0xb6, 0xee, 0xb6, 0xee, 0xb6, 0xee, 0xb6, 0xee,
    0xb6, 0xee, 0xb6, 0xee, 0xb6, 0xee, 0xb6, 0xee, 0xb6, 0xee, 0xb6, 0xee, 0xb6, 0xee, 0x96, 0xe6,
    0x75, 0xde, 0x31, 0xbd, 0x4a, 0x7b, 0xc4, 0x51, 0x43, 0x41, 0xe2, 0x38, 0x40, 0x18, 0x02, 0x29,
    0x0a, 0x6b, 0xad, 0x83, 0x2b, 0x7b, 0x6b, 0x7b, 0x8c, 0x83, 0x6c, 0x83, 0x6b, 0x7b, 0xa9, 0x62,
    0xa6, 0x39, 0xc3, 0x20, 0x04, 0x21, 0x24, 0x21, 0xe3, 0x18, 0x86, 0x29, 0x45, 0x31, 0x03, 0x29,
    0x89, 0x62, 0x6b, 0x7b, 0x6b, 0x7b, 0x6b, 0x7b, 0x4b, 0x7b, 0x6b, 0x7b, 0x6b, 0x7b, 0x6c, 0x83,
    0x6c, 0x83, 0x4b, 0x7b, 0x6b, 0x7b, 0x4b, 0x7b, 0x8c, 0x83, 0x4b, 0x7b, 0x6b, 0x7b, 0x6b, 0x7b,
    0x6b, 0x7b, 0x6b, 0x7b, 0x6c, 0x83, 0x6b, 0x7b, 0x6c, 0x7b, 0x6c, 0x83, 0x6c, 0x83, 0x6b, 0x7b,
    0xea, 0x6a, 0xca, 0x62, 0xc9, 0x62, 0x8d, 0x7b, 0xea, 0x62, 0xeb, 0x62, 0x4c, 0x73, 0xeb, 0x62,
    0x0b, 0x63, 0x0b, 0x6b, 0xea, 0x6a, 0x4b, 0x73, 0xca, 0x62, 0x0c, 0x6b, 0x2b, 0x73, 0x0a, 0x6b,
    0x6b, 0x7b, 0x4b, 0x7b, 0xca, 0x6a, 0x0b, 0x6b, 0x0b, 0x6b, 0x2b, 0x73, 0x4c, 0x73, 0xeb, 0x6a,
    0xeb, 0x6a, 0x0b, 0x6b, 0x4c, 0x73, 0x2c, 0x73, 0x0b, 0x6b, 0xca, 0x62, 0x2b, 0x6b, 0xae, 0x7b,
    0x0b, 0x6b, 0x4b, 0x7b, 0x6c, 0x83, 0x6c, 0x7b, 0x4b, 0x7b, 0x8c, 0x83, 0x6c, 0x7b, 0x8c, 0x83,
    0x4b, 0x7b, 0x4b, 0x7b, 0x6c, 0x83, 0x6c, 0x83, 0x4b, 0x7b, 0x6c, 0x7b, 0x8c, 0x83, 0x6b, 0x7b,
    0x6b, 0x7b, 0x6b, 0x7b, 0x6c, 0x83, 0x6c, 0x7b, 0x6c, 0x7b, 0x4b, 0x7b, 0x6c, 0x7b, 0x4b, 0x7b,
    0x6c, 0x83, 0x6c, 0x83, 0x47, 0x5a, 0xe3, 0x28, 0x04, 0x21, 0x25, 0x21, 0x45, 0x21, 0x86, 0x31,
    0x04, 0x21, 0xc2, 0x20, 0xc6, 0x41, 0xa9, 0x6a, 0x6c, 0x83, 0x6b, 0x83, 0x6c, 0x83, 0x4b, 0x7b,
    0x8c, 0x83, 0x0b, 0x73, 0xe2, 0x28, 0x60, 0x20, 0xe2, 0x38, 0x43, 0x41, 0x63, 0x41, 0xe5, 0x51,
    0x6b, 0x83, 0x92, 0xc5, 0x75, 0xe6, 0xb6, 0xe6, 0xb6, 0xee, 0xb6, 0xee, 0xb6, 0xee, 0xb6, 0xee,
    0xb6, 0xee, 0xb6, 0xee, 0xb6, 0xee, 0xb6, 0xee, 0xb6, 0xee, 0xb6, 0xee, 0xb6, 0xee, 0xb6, 0xee,
    0xb6, 0xee, 0xb6, 0xee, 0xb6, 0xee, 0xb6, 0xee, 0xb6, 0xee, 0xb6, 0xee, 0xb6, 0xee, 0xb6, 0xee,
    0xb6, 0xee, 0xb6, 0xee, 0xb6, 0xee, 0xb6, 0xee, 0xb6, 0xee, 0xb6, 0xee, 0xb6, 0xee, 0xb6, 0xee,
    0xb6, 0xee, 0xb6, 0xee, 0xb6, 0xee, 0xb6, 0xee, 0xb6, 0xee, 0xb6, 0xee, 0xb6, 0xee, 0xb6, 0xee,
    0xb6, 0xee, 0xb6, 0xee, 0xb6, 0xee, 0xb6, 0xee, 0xb6, 0xee, 0xb6, 0xee, 0xb6, 0xee, 0xb6, 0xee,
    0xb6, 0xee, 0xb6, 0xee, 0xb6, 0xee, 0xb6, 0xee, 0xb6, 0xee, 0xb6, 0xee, 0xb6, 0xee, 0xb6, 0xee,
    0xb6, 0xee, 0xb6, 0xee, 0xb6, 0xee, 0xb6, 0xee, 0xb6, 0xee, 0xb6, 0xee, 0xb6, 0xee, 0xb6, 0xee,
    0xb6, 0xee, 0xb6, 0xee, 0xb6, 0xee, 0xb6, 0xee, 0xb6, 0xee, 0xb6, 0xee, 0xb6, 0xee, 0xb6, 0xee,
    0xb6, 0xee, 0xb6, 0xee, 0xb6, 0xee, 0xb6, 0xee, 0xb6, 0xee, 0xb6, 0xee, 0xb6, 0xee, 0xb6, 0xee,
    0xb6, 0xee, 0xb6, 0xee, 0xb6, 0xee, 0xb6, 0xee, 0x95, 0xe6, 0x14, 0xd6, 0x71, 0xb5, 0x09, 0x73,
    0xe4, 0x51, 0x21, 0x39, 0xe2, 0x30, 0x81, 0x20, 0xe2, 0x28, 0x0a, 0x73, 0x6b, 0x83, 0x6c, 0x83,
    0x4c, 0x7b, 0x6c, 0x83, 0x4b, 0x7b, 0x4b, 0x7b, 0xa9, 0x6a, 0xa5, 0x41, 0x24, 0x21, 0x86, 0x31,
    0x86, 0x31, 0x86, 0x31, 0x65, 0x29, 0x85, 0x29, 0x24, 0x21, 0x65, 0x31, 0xa9, 0x5a, 0x6c, 0x83,
    0x4b, 0x7b, 0x6c, 0x7b, 0x4b, 0x7b, 0x6b, 0x7b, 0x6c, 0x83, 0x6b, 0x7b, 0x6c, 0x83, 0x4b, 0x7b,
    0x6b, 0x7b, 0x6b, 0x7b, 0x8c, 0x83, 0x4b, 0x7b, 0x6b, 0x7b, 0x4b, 0x7b, 0x4b, 0x7b, 0x4b, 0x7b,
    0x6b, 0x7b, 0x4b, 0x7b, 0x4b, 0x7b, 0x6b, 0x7b, 0x6b, 0x7b, 0x4b, 0x7b, 0x6c, 0x83, 0x8c, 0x83,
    0x8c, 0x7b, 0x6c, 0x7b, 0x6c, 0x7b, 0x6c, 0x7b, 0x8c, 0x83, 0x6c, 0x7b, 0x8c, 0x83, 0x6c, 0x83,
    0x6c, 0x83, 0x6c, 0x7b, 0x8d, 0x83, 0x6c, 0x7b, 0x6b, 0x7b, 0x8c, 0x83, 0x6c, 0x83, 0x6b, 0x83,
    0x8c, 0x83, 0x6c, 0x7b, 0x6c, 0x7b, 0x8c, 0x83, 0x4b, 0x7b, 0x4b, 0x7b, 0xad, 0x83, 0x8c, 0x7b,
    0x8c, 0x83, 0x6c, 0x7b, 0x8c, 0x83, 0x4b, 0x7b, 0x8c, 0x83, 0x6c, 0x7b, 0x8c, 0x7b, 0x4b, 0x7b,
    0x6b, 0x7b, 0x6c, 0x7b, 0x4b, 0x7b, 0x6c, 0x83, 0x4b, 0x7b, 0x6c, 0x83, 0x4b, 0x7b, 0x6b, 0x7b,
    0x4b, 0x7b, 0x6c, 0x83, 0x6c, 0x7b, 0x4b, 0x7b, 0x6c, 0x83, 0x4b, 0x7b, 0x6b, 0x7b, 0x6b, 0x7b,
    0x6c, 0x7b, 0x4c, 0x7b, 0x6c, 0x83, 0x4b, 0x7b, 0x4b, 0x7b, 0x6c, 0x7b, 0x4b, 0x7b, 0x6c, 0x83,
    0x88, 0x62, 0x66, 0x29, 0x65, 0x29, 0x44, 0x29, 0x44, 0x29, 0x65, 0x29, 0x04, 0x21, 0x44, 0x21,
    0xe3, 0x20, 0xc6, 0x49, 0xc9, 0x6a, 0x2b, 0x7b, 0x6c, 0x83, 0x4b, 0x7b, 0x4b, 0x7b, 0x8c, 0x83,
    0x0a, 0x73, 0xe2, 0x30, 0x61, 0x18, 0x02, 0x31, 0x22, 0x39, 0x63, 0x49, 0xe5, 0x51, 0x6b, 0x7b,
    0x92, 0xbd, 0x75, 0xe6, 0xb6, 0xe6, 0xb6, 0xee, 0xb6, 0xee, 0xb6, 0xee, 0xb6, 0xee, 0xb6, 0xee,
    0xb6, 0xee, 0xb6, 0xee, 0xb6, 0xee, 0xb6, 0xee, 0xb6, 0xee, 0xb6, 0xee, 0xb6, 0xee, 0xb6, 0xee,
    0xb6, 0xee, 0xb6, 0xee, 0xb6, 0xee, 0xb6, 0xee, 0xb6, 0xee, 0xb6, 0xee, 0xb6, 0xee, 0xb6, 0xee,
    0xb6, 0xee, 0xb6, 0xee, 0xb6, 0xee, 0xb6, 0xee, 0xb6, 0xee, 0xb6, 0xee, 0xb6, 0xee, 0xb6, 0xee,
    0xb6, 0xee, 0xb6, 0xee, 0xb6, 0xee, 0xb6, 0xee, 0xb6, 0xee, 0xb6, 0xee, 0xb6, 0xee, 0xb6, 0xee,
    0xb6, 0xee, 0xb6, 0xee, 0xb6, 0xee, 0xb6, 0xee, 0xb6, 0xee, 0xb6, 0xee, 0xb6, 0xee, 0xb6, 0xee,
    0xb6, 0xee, 0xb6, 0xee, 0xb6, 0xee, 0xb6, 0xee, 0xb6, 0xee, 0xb6, 0xee, 0xb6, 0xee, 0xb6, 0xee,
    0xb6, 0xee, 0xb6, 0xee, 0xb6, 0xee, 0xb6, 0xee, 0xb6, 0xee, 0xb6, 0xee, 0xb6, 0xee, 0xb6, 0xee,
    0xb6, 0xee, 0xb6, 0xee, 0xb6, 0xee, 0xb6, 0xee, 0xb6, 0xee, 0xb6, 0xee, 0xb6, 0xee, 0xb6, 0xee,
    0xb6, 0xee, 0xb6, 0xee, 0xb6, 0xee, 0xb6, 0xee, 0xb6, 0xee, 0xb6, 0xee, 0xb6, 0xee, 0xb6, 0xee,
    0xb6, 0xe6, 0x95, 0xe6, 0xb3, 0xc5, 0xcc, 0x8b, 0xe9, 0x72, 0xc4, 0x49, 0x42, 0x41, 0x02, 0x39,
    0x40, 0x18, 0x03, 0x31, 0x2b, 0x73, 0x8c, 0x83, 0x6b, 0x7b, 0x6c, 0x83, 0x6c, 0x83, 0x6c, 0x83,
    0x4b, 0x7b, 0xc9, 0x6a, 0xa6, 0x41, 0x81, 0x18, 0x44, 0x29, 0xa6, 0x31, 0x65, 0x29, 0x24, 0x21,
    0x24, 0x21, 0xc3, 0x18, 0xa6, 0x31, 0xeb, 0x62, 0x6c, 0x7b, 0x4b, 0x7b, 0x2b, 0x7b, 0x4b, 0x7b,
    0x6c, 0x83, 0x4b, 0x7b, 0x4b, 0x7b, 0x6c, 0x7b, 0x4b, 0x7b, 0x6c, 0x7b, 0x6c, 0x83, 0x6c, 0x83,
    0x8c, 0x83, 0x6c, 0x7b, 0x6c, 0x83, 0x4b, 0x7b, 0x6c, 0x83, 0x6c, 0x7b, 0x6c, 0x7b, 0x6b, 0x7b,
    0x6c, 0x7b, 0x8c, 0x83, 0x4b, 0x7b, 0x6c, 0x83, 0x0b, 0x73, 0x0b, 0x73, 0xea, 0x72, 0x0a, 0x73,
    0x0a, 0x73, 0x0a, 0x73, 0x0a, 0x73, 0xea, 0x72, 0x0a, 0x73, 0xea, 0x72, 0x2a, 0x7b, 0x0a, 0x73,
    0xea, 0x72, 0x2b, 0x7b, 0x0a, 0x73, 0x2a, 0x7b, 0x0a, 0x73, 0xea, 0x72, 0xea, 0x72, 0x0b, 0x73,
    0x0a, 0x73, 0x0a, 0x73, 0x0a, 0x73, 0x0a, 0x73, 0xea, 0x72, 0x2b, 0x7b, 0x0a, 0x73, 0x0a, 0x73,
    0x0b, 0x7b, 0xe9, 0x72, 0x0a, 0x73, 0x0a, 0x73, 0x2b, 0x7b, 0x4b, 0x83, 0x6c, 0x7b, 0x6c, 0x7b,
    0x4b, 0x7b, 0x6c, 0x7b, 0x4b, 0x7b, 0x6c, 0x83, 0x6c, 0x7b, 0x6b, 0x7b, 0x6b, 0x7b, 0x6c, 0x7b,
    0x6c, 0x83, 0x6c, 0x7b, 0x4b, 0x7b, 0x6b, 0x7b, 0x6c, 0x7b, 0x4b, 0x7b, 0x6c, 0x83, 0x6b, 0x7b,
    0x8c, 0x83, 0x4b, 0x7b, 0x6b, 0x7b, 0x4b, 0x7b, 0x0b, 0x73, 0x6c, 0x83, 0x4c, 0x7b, 0xeb, 0x62,
    0x45, 0x29, 0x04, 0x21, 0x65, 0x29, 0x24, 0x21, 0x24, 0x29, 0x45, 0x29, 0xe3, 0x18, 0xc3, 0x20,
    0x85, 0x39, 0xea, 0x72, 0x4b, 0x83, 0x6c, 0x83, 0x6b, 0x83, 0x4b, 0x7b, 0x6c, 0x83, 0x0b, 0x73,
    0xc2, 0x28, 0x81, 0x20, 0xe2, 0x30, 0x22, 0x41, 0x42, 0x41, 0xe5, 0x51, 0x8b, 0x83, 0x92, 0xc5,
    0x75, 0xe6, 0xb6, 0xe6, 0xb6, 0xee, 0xb6, 0xee, 0xb6, 0xee, 0xb6, 0xee, 0xb6, 0xee, 0xb6, 0xee,
    0xb6, 0xee, 0xb6, 0xee, 0xb6, 0xee, 0xb6, 0xee, 0xb6, 0xee, 0xb6, 0xee, 0xb6, 0xee, 0xb6, 0xee,
    0xb6, 0xee, 0xb6, 0xee, 0xb6, 0xee, 0xb6, 0xee, 0xb6, 0xee, 0xb6, 0xee, 0xb6, 0xee, 0xb6, 0xee,
    0xb6, 0xee, 0xb6, 0xee, 0xb6, 0xee, 0xb6, 0xee, 0xb6, 0xee, 0xb6, 0xee, 0xb6, 0xee, 0xb6, 0xee,
    0xb6, 0xee, 0xb6, 0xee, 0xb6, 0xee, 0xb6, 0xee, 0xb6, 0xee, 0xb6, 0xee, 0xb6, 0xee, 0xb6, 0xee,
    0xb6, 0xee, 0xb6, 0xee, 0xb6, 0xee, 0xb6, 0xee, 0xb6, 0xee, 0xb6, 0xee, 0xb6, 0xee, 0xb6, 0xee,
    0xb6, 0xee, 0xb6, 0xee, 0xb6, 0xee, 0xb6, 0xee, 0xb6, 0xee, 0xb6, 0xee, 0xb6, 0xee, 0xb6, 0xee,
    0xb6, 0xee, 0xb6, 0xee, 0xb6, 0xee, 0xb6, 0xee, 0xb6, 0xee, 0xb6, 0xee, 0xb6, 0xee, 0xb6, 0xee,
    0xb6, 0xee, 0xb6, 0xee, 0xb6, 0xee, 0xb6, 0xee, 0xb6, 0xee, 0xb6, 0xee, 0xb6, 0xee, 0xb6, 0xee,
    0xb6, 0xee, 0xb6, 0xee, 0xb6, 0xee, 0xb6, 0xee, 0xb6, 0xee, 0xb6, 0xe6, 0x95, 0xe6, 0xf4, 0xcd,
    0xcc, 0x83, 0xe5, 0x51, 0x84, 0x49, 0x22, 0x39, 0x22, 0x39, 0x60, 0x18, 0xe3, 0x28, 0x2b, 0x73,
    0x6c, 0x7b, 0x8c, 0x83, 0x6c, 0x7b, 0x8c, 0x83, 0x6b, 0x7b, 0x6b, 0x7b, 0xc9, 0x6a, 0xe6, 0x49,
    0xe3, 0x20, 0x24, 0x29, 0x45, 0x29, 0x24, 0x21, 0x65, 0x29, 0x24, 0x21, 0x86, 0x29, 0x85, 0x31,
    0xaa, 0x62, 0x6c, 0x7b, 0x6c, 0x7b, 0x0a, 0x73, 0x48, 0x5a, 0x68, 0x62, 0xea, 0x6a, 0x8c, 0x83,
    0x6b, 0x7b, 0x8c, 0x83, 0x8c, 0x83, 0x4b, 0x7b, 0x6c, 0x83, 0x6c, 0x83, 0x6c, 0x83, 0x6c, 0x7b,
    0x8c, 0x83, 0x4c, 0x7b, 0x6c, 0x83, 0x6c, 0x83, 0x6c, 0x7b, 0x6c, 0x83, 0x6c, 0x7b, 0x6c, 0x83,
    0x6b, 0x7b, 0x6c, 0x83, 0x69, 0x62, 0xe7, 0x51, 0xc6, 0x41, 0xc6, 0x41, 0xa5, 0x41, 0xa5, 0x41,
    0xe6, 0x49, 0xc6, 0x49, 0xc6, 0x49, 0xa5, 0x41, 0xc6, 0x49, 0xa5, 0x41, 0xe6, 0x49, 0xa5, 0x41,
    0xc6, 0x41, 0xc6, 0x49, 0xc5, 0x41, 0xc6, 0x49, 0xa5, 0x41, 0xe6, 0x49, 0xa5, 0x41, 0xc6, 0x49,
    0xa5, 0x41, 0xc6, 0x41, 0xc6, 0x41, 0xa5, 0x41, 0xe6, 0x49, 0xa5, 0x41, 0xc6, 0x41, 0xa5, 0x41,
    0xc6, 0x49, 0xc6, 0x41, 0x27, 0x52, 0x0a, 0x73, 0x6c, 0x83, 0x6c, 0x7b, 0x4b, 0x7b, 0x8c, 0x83,
    0x6c, 0x83, 0x6c, 0x83, 0x6b, 0x7b, 0x8c, 0x83, 0x6b, 0x7b, 0x6c, 0x83, 0x8c, 0x83, 0x6c, 0x83,
    0x6b, 0x7b, 0x6b, 0x7b, 0x6c, 0x83, 0x6c, 0x7b, 0x8c, 0x83, 0x6b, 0x7b, 0x8c, 0x83, 0x6b, 0x83,
    0x0a, 0x73, 0x48, 0x5a, 0x48, 0x5a, 0x2b, 0x7b, 0x4b, 0x7b, 0x8c, 0x7b, 0x89, 0x5a, 0x65, 0x29,
    0x66, 0x29, 0xa6, 0x31, 0x04, 0x21, 0x04, 0x21, 0x24, 0x21, 0x24, 0x29, 0x03, 0x29, 0xa5, 0x41,
    0xea, 0x72, 0x6b, 0x7b, 0x4b, 0x7b, 0x8c, 0x83, 0x6c, 0x7b, 0xcd, 0x8b, 0x0a, 0x73, 0x03, 0x31,
    0x40, 0x18, 0x02, 0x39, 0x22, 0x39, 0x63, 0x41, 0xe5, 0x49, 0x8b, 0x83, 0x92, 0xc5, 0x95, 0xe6,
    0xb6, 0xe6, 0xb6, 0xee, 0xb6, 0xee, 0xb6, 0xee, 0xb6, 0xee, 0xb6, 0xee, 0xb6, 0xee, 0xb6, 0xee,
    0xb6, 0xee, 0xb6, 0xee, 0xb6, 0xee, 0xb6, 0xee, 0xb6, 0xee, 0xb6, 0xee, 0xb6, 0xee, 0xb6, 0xee,
    0xb6, 0xee, 0xb6, 0xee, 0xb6, 0xee, 0xb6, 0xee, 0xb6, 0xee, 0xb6, 0xee, 0xb6, 0xee, 0xb6, 0xee,
    0xb6, 0xee, 0xb6, 0xee, 0xb6, 0xee, 0xb6, 0xee, 0xb6, 0xee, 0xb6, 0xee, 0xb6, 0xee, 0xb6, 0xee,
    0xb6, 0xee, 0xb6, 0xee, 0xb6, 0xee, 0xb6, 0xee, 0xb6, 0xee, 0xb6, 0xee, 0xb6, 0xee, 0xb6, 0xee,
    0xb6, 0xee, 0xb6, 0xee, 0xb6, 0xee, 0xb6, 0xee, 0xb6, 0xee, 0xb6, 0xee, 0xb6, 0xee, 0xb6, 0xee,
    0xb6, 0xee, 0xb6, 0xee, 0xb6, 0xee, 0xb6, 0xee, 0xb6, 0xee, 0xb6, 0xee, 0xb6, 0xee, 0xb6, 0xee,
    0xb6, 0xee, 0xb6, 0xee, 0xb6, 0xee, 0xb6, 0xee, 0xb6, 0xee, 0xb6, 0xee, 0xb6, 0xee, 0xb6, 0xee,
    0xb6, 0xee, 0xb6, 0xee, 0xb6, 0xee, 0xb6, 0xee, 0xb6, 0xee, 0xb6, 0xee, 0xb6, 0xee, 0xb6, 0xee,
    0xb6, 0xee, 0xb6, 0xee, 0xb6, 0xee, 0x96, 0xe6, 0x14, 0xd6, 0x51, 0xbd, 0xe8, 0x6a, 0x83, 0x49,
    0x23, 0x39, 0x02, 0x31, 0x60, 0x18, 0xc2, 0x28, 0x0a, 0x73, 0xad, 0x83, 0x4b, 0x7b, 0x4b, 0x7b,
    0x4b, 0x7b, 0x6b, 0x7b, 0x4c, 0x7b, 0xca, 0x6a, 0xa5, 0x41, 0x81, 0x18, 0x04, 0x21, 0x65, 0x29,
    0x45, 0x29, 0x66, 0x29, 0x25, 0x21, 0x66, 0x29, 0xe7, 0x41, 0xca, 0x62, 0x6c, 0x83, 0x8c, 0x83,
    0xca, 0x6a, 0x07, 0x4a, 0xc3, 0x20, 0xe3, 0x20, 0x27, 0x52, 0x0a, 0x73, 0x6c, 0x83, 0x6c, 0x7b,
    0x4c, 0x7b, 0x6c, 0x7b, 0x6c, 0x83, 0x6c, 0x7b, 0x6c, 0x83, 0x6c, 0x7b, 0x6c, 0x83, 0x4b, 0x7b,
    0x6c, 0x7b, 0x6b, 0x7b, 0x4b, 0x7b, 0x6c, 0x7b, 0x6c, 0x7b, 0x6b, 0x7b, 0x8c, 0x83, 0x4b, 0x7b,
    0xe7, 0x49, 0x04, 0x29, 0xc2, 0x18, 0xe3, 0x18, 0x04, 0x21, 0xe3, 0x18, 0xc3, 0x18, 0xe3, 0x20,
    0x45, 0x29, 0xc3, 0x18, 0xc2, 0x18, 0x04, 0x21, 0xc3, 0x18, 0xa2, 0x18, 0x04, 0x21, 0xa2, 0x18,
    0x65, 0x29, 0xe3, 0x20, 0xc3, 0x18, 0x03, 0x21, 0xe3, 0x20, 0xe3, 0x20, 0x61, 0x08, 0x24, 0x21,
    0x04, 0x21, 0x45, 0x29, 0xe3, 0x20, 0xe3, 0x20, 0x24, 0x21, 0x03, 0x21, 0x44, 0x29, 0xc2, 0x18,
    0xe2, 0x20, 0x89, 0x62, 0x6c, 0x7b, 0x6c, 0x7b, 0x6c, 0x7b, 0x8c, 0x83, 0x6c, 0x7b, 0x6c, 0x7b,
    0x4b, 0x7b, 0x6b, 0x7b, 0x4b, 0x7b, 0x6b, 0x7b, 0x6b, 0x7b, 0x4b, 0x7b, 0x6b, 0x7b, 0x6b, 0x7b,
    0x6c, 0x7b, 0x4b, 0x7b, 0x6c, 0x7b, 0x4b, 0x7b, 0x4b, 0x7b, 0x2b, 0x73, 0x07, 0x52, 0xc3, 0x20,
    0x44, 0x31, 0x27, 0x52, 0x0a, 0x73, 0x6b, 0x83, 0x6c, 0x7b, 0xca, 0x62, 0xe7, 0x41, 0x45, 0x29,
    0x66, 0x29, 0x86, 0x31, 0x24, 0x21, 0x65, 0x31, 0x24, 0x29, 0xa1, 0x18, 0xa6, 0x41, 0xc9, 0x6a,
    0x4b, 0x7b, 0x6c, 0x83, 0x4b, 0x7b, 0x6c, 0x7b, 0xad, 0x83, 0xea, 0x6a, 0xe2, 0x30, 0x60, 0x18,
    0x22, 0x31, 0x23, 0x39, 0x63, 0x41, 0xc5, 0x51, 0x8b, 0x83, 0x92, 0xbd, 0x75, 0xde, 0xb6, 0xe6,
    0xb6, 0xee, 0xb6, 0xee, 0xb6, 0xee, 0xb6, 0xee, 0xb6, 0xee, 0xb6, 0xee, 0xb6, 0xee, 0xb6, 0xee,
    0xb6, 0xee, 0xb6, 0xee, 0xb6, 0xee, 0xb6, 0xee, 0xb6, 0xee, 0xb6, 0xee, 0xb6, 0xee, 0xb6, 0xee,
    0xb6, 0xee, 0xb6, 0xee, 0xb6, 0xee, 0xb6, 0xee, 0xb6, 0xee, 0xb6, 0xee, 0xb6, 0xee, 0xb6, 0xee,
    0xb6, 0xee, 0xb6, 0xee, 0xb6, 0xee, 0xb6, 0xee, 0xb6, 0xee, 0xb6, 0xee, 0xb6, 0xee, 0xb6, 0xee,
    0xb6, 0xee, 0xb6, 0xee, 0xb6, 0xee, 0xb6, 0xee, 0xb6, 0xee, 0xb6, 0xee, 0xb6, 0xee, 0xb6, 0xee,
    0xb6, 0xee, 0xb6, 0xee, 0xb6, 0xee, 0xb6, 0xee, 0xb6, 0xee, 0xb6, 0xee, 0xb6, 0xee, 0xb6, 0xee,
    0xb6, 0xee, 0xb6, 0xee, 0xb6, 0xee, 0xb6, 0xee, 0xb6, 0xee, 0xb6, 0xee, 0xb6, 0xee, 0xb6, 0xee,
    0xb6, 0xee, 0xb6, 0xee, 0xb6, 0xee, 0xb6, 0xee, 0xb6, 0xee, 0xb6, 0xee, 0xb6, 0xee, 0xb6, 0xee,
    0xb6, 0xee, 0xb6, 0xee, 0xb6, 0xee, 0xb6, 0xee, 0xb6, 0xee, 0xb6, 0xee, 0xb6, 0xee, 0xb6, 0xee,
    0x96, 0xe6, 0xb3, 0xc5, 0xed, 0x8b, 0x09, 0x73, 0xc4, 0x51, 0x22, 0x39, 0x22, 0x39, 0x60, 0x20,
    0x03, 0x31, 0x2b, 0x73, 0xac, 0x8b, 0x4b, 0x7b, 0x4b, 0x7b, 0x8c, 0x83, 0x4b, 0x7b, 0x6c, 0x83,
    0xca, 0x6a, 0x85, 0x39, 0x24, 0x29, 0x45, 0x29, 0x45, 0x29, 0x25, 0x21, 0x45, 0x21, 0x65, 0x29,
    0x45, 0x29, 0xa6, 0x31, 0xca, 0x62, 0x6c, 0x7b, 0x8c, 0x83, 0xea, 0x72, 0x07, 0x52, 0xc2, 0x18,
    0x24, 0x21, 0xe3, 0x18, 0x03, 0x29, 0x47, 0x5a, 0x0a, 0x73, 0x6c, 0x83, 0x8c, 0x83, 0x4b, 0x7b,
    0x6c, 0x83, 0x6c, 0x7b, 0x6c, 0x83, 0x4b, 0x7b, 0x6c, 0x83, 0x6c, 0x7b, 0x8c, 0x83, 0x6c, 0x7b,
    0x6c, 0x83, 0x6c, 0x83, 0x6c, 0x7b, 0x6b, 0x7b, 0x6b, 0x7b, 0x4c, 0x7b, 0xe7, 0x49, 0x65, 0x31,
    0x65, 0x29, 0x65, 0x29, 0x24, 0x21, 0x65, 0x29, 0x65, 0x29, 0x65, 0x29, 0x66, 0x29, 0x85, 0x31,
    0x86, 0x31, 0x24, 0x21, 0x24, 0x21, 0x24, 0x21, 0x86, 0x31, 0x65, 0x29, 0x44, 0x21, 0x85, 0x29,
    0xa6, 0x31, 0xe7, 0x39, 0x65, 0x29, 0x04, 0x21, 0xc7, 0x39, 0x24, 0x21, 0x45, 0x29, 0x65, 0x29,
    0x24, 0x21, 0x86, 0x31, 0xa7, 0x31, 0x44, 0x29, 0x65, 0x29, 0x24, 0x21, 0x03, 0x21, 0xa9, 0x62,
    0x6c, 0x83, 0x6c, 0x7b, 0x4b, 0x7b, 0x8c, 0x83, 0x6c, 0x7b, 0x6c, 0x83, 0x6b, 0x7b, 0x6c, 0x83,
    0x6c, 0x83, 0x6c, 0x83, 0x6c, 0x83, 0x6c, 0x83, 0x8c, 0x83, 0x6b, 0x7b, 0x6c, 0x7b, 0x4b, 0x7b,
    0x6c, 0x83, 0x4c, 0x7b, 0x2b, 0x7b, 0x07, 0x52, 0xe3, 0x20, 0x66, 0x31, 0xc7, 0x39, 0x24, 0x29,
    0x07, 0x52, 0x2a, 0x7b, 0x4b, 0x7b, 0x6c, 0x7b, 0x0b, 0x6b, 0x24, 0x29, 0x65, 0x29, 0x86, 0x31,
    0x45, 0x29, 0x24, 0x21, 0x24, 0x21, 0xe3, 0x20, 0xe3, 0x20, 0xc6, 0x41, 0xea, 0x6a, 0x4b, 0x7b,
    0x4b, 0x7b, 0x6c, 0x83, 0x4b, 0x7b, 0xcd, 0x8b, 0xea, 0x72, 0x23, 0x31, 0x60, 0x18, 0x43, 0x39,
    0x23, 0x41, 0x43, 0x41, 0xe5, 0x51, 0x4a, 0x7b, 0x92, 0xbd, 0x75, 0xe6, 0xb6, 0xee, 0xb6, 0xee,
    0xb6, 0xee, 0xb6, 0xee, 0xb6, 0xee, 0xb6, 0xee, 0xb6, 0xee, 0xb6, 0xee, 0xb6, 0xee, 0xb6, 0xee,
    0xb6, 0xee, 0xb6, 0xee, 0xb6, 0xee, 0xb6, 0xee, 0xb6, 0xee, 0xb6, 0xee, 0xb6, 0xee, 0xb6, 0xee,
    0xb6, 0xee, 0xb6, 0xee, 0xb6, 0xee, 0xb6, 0xee, 0xb6, 0xee, 0xb6, 0xee, 0xb6, 0xee, 0xb6, 0xee,
    0xb6, 0xee, 0xb6, 0xee, 0xb6, 0xee, 0xb6, 0xee, 0xb6, 0xee, 0xb6, 0xee, 0xb6, 0xee, 0xb6, 0xee,
    0xb6, 0xee, 0xb6, 0xee, 0xb6, 0xee, 0xb6, 0xee, 0xb6, 0xee, 0xb6, 0xee, 0xb6, 0xee, 0xb6, 0xee,
    0xb6, 0xee, 0xb6, 0xee, 0xb6, 0xee, 0xb6, 0xee, 0xb6, 0xee, 0xb6, 0xee, 0xb6, 0xee, 0xb6, 0xee,
    0xb6, 0xee, 0xb6, 0xee, 0xb6, 0xee, 0xb6, 0xee, 0xb6, 0xee, 0xb6, 0xee, 0xb6, 0xee, 0xb6, 0xee,
    0xb6, 0xee, 0xb6, 0xee, 0xb6, 0xee, 0xb6, 0xee, 0xb6, 0xee, 0xb6, 0xee, 0xb6, 0xee, 0xb6, 0xee,
    0xb6, 0xee, 0xb6, 0xee, 0xb6, 0xee, 0xb6, 0xee, 0xb6, 0xe6, 0x96, 0xe6, 0xf4, 0xcd, 0xac, 0x83,
    0x26, 0x52, 0x63, 0x41, 0x42, 0x41, 0xe2, 0x30, 0x60, 0x20, 0xe2, 0x28, 0x0b, 0x73, 0x8c, 0x83,
    0x4b, 0x7b, 0x6b, 0x83, 0x6c, 0x83, 0x6c, 0x83, 0x6b, 0x83, 0x2b, 0x73, 0x85, 0x39, 0x04, 0x29,
    0x65, 0x31, 0xe4, 0x18, 0x45, 0x29, 0x04, 0x21, 0x65, 0x29, 0x65, 0x29, 0xc6, 0x41, 0xca, 0x62,
    0x6c, 0x7b, 0x4b, 0x7b, 0xea, 0x72, 0x06, 0x52, 0x03, 0x29, 0x04, 0x21, 0xc7, 0x31, 0xc7, 0x39,
    0xe3, 0x20, 0x03, 0x29, 0x48, 0x5a, 0x2b, 0x73, 0x6c, 0x7b, 0x4b, 0x7b, 0x6c, 0x7b, 0x6c, 0x7b,
    0x8c, 0x83, 0x6c, 0x7b, 0x6c, 0x83, 0x4b, 0x7b, 0x8c, 0x83, 0x6c, 0x83, 0x6c, 0x7b, 0x6c, 0x83,
    0x6c, 0x7b, 0x8c, 0x83, 0x6b, 0x7b, 0x4b, 0x7b, 0xc6, 0x41, 0x24, 0x29, 0x04, 0x19, 0x45, 0x29,
    0x04, 0x21, 0x45, 0x29, 0x45, 0x29, 0x65, 0x31, 0x24, 0x21, 0x65, 0x29, 0x24, 0x21, 0x04, 0x21,
    0x65, 0x29, 0x45, 0x29, 0x03, 0x21, 0xc6, 0x31, 0x86, 0x31, 0x24, 0x21, 0x24, 0x21, 0x24, 0x29,
    0x24, 0x21, 0x45, 0x29, 0x45, 0x29, 0x45, 0x29, 0x86, 0x31, 0xe3, 0x20, 0x04, 0x21, 0x66, 0x31,
    0x25, 0x21, 0x86, 0x31, 0x86, 0x31, 0xa7, 0x31, 0x65, 0x31, 0x89, 0x62, 0x8c, 0x83, 0x6c, 0x7b,
    0x4b, 0x7b, 0x6c, 0x83, 0x6c, 0x7b, 0x8c, 0x83, 0x6b, 0x7b, 0x6b, 0x7b, 0x6b, 0x7b, 0x6c, 0x83,
    0x4b, 0x7b, 0x6b, 0x7b, 0x6c, 0x83, 0x6b, 0x7b, 0x6c, 0x83, 0x6c, 0x7b, 0x8c, 0x83, 0x0b, 0x73,
    0x07, 0x52, 0x23, 0x29, 0x04, 0x21, 0x65, 0x29, 0x25, 0x21, 0xe3, 0x20, 0x03, 0x29, 0x27, 0x52,
    0x0a, 0x73, 0x6b, 0x7b, 0x4c, 0x7b, 0xea, 0x6a, 0x65, 0x31, 0x24, 0x21, 0x86, 0x31, 0x65, 0x29,
    0xc7, 0x31, 0xe7, 0x39, 0x25, 0x21, 0x03, 0x29, 0x06, 0x4a, 0x4b, 0x7b, 0x6b, 0x7b, 0x8c, 0x83,
    0x4b, 0x7b, 0x4b, 0x7b, 0x8c, 0x83, 0x0b, 0x73, 0x03, 0x31, 0x60, 0x20, 0xe2, 0x30, 0x22, 0x41,
    0x43, 0x41, 0xe5, 0x51, 0x6b, 0x7b, 0x92, 0xc5, 0x75, 0xe6, 0xb6, 0xe6, 0xb6, 0xee, 0xb6, 0xee,
    0xb6, 0xee, 0xb6, 0xee, 0xb6, 0xee, 0xb6, 0xee, 0xb6, 0xee, 0xb6, 0xee, 0xb6, 0xee, 0xb6, 0xee,
    0xb6, 0xee, 0xb6, 0xee, 0xb6, 0xee, 0xb6, 0xee, 0xb6, 0xee, 0xb6, 0xee, 0xb6, 0xee, 0xb6, 0xee,
    0xb6, 0xee, 0xb6, 0xee, 0xb6, 0xee, 0xb6, 0xee, 0xb6, 0xee, 0xb6, 0xee, 0xb6, 0xee, 0xb6, 0xee,
    0xb6, 0xee, 0xb6, 0xee, 0xb6, 0xee, 0xb6, 0xee, 0xb6, 0xee, 0xb6, 0xee, 0xb6, 0xee, 0xb6, 0xee,
    0xb6, 0xee, 0xb6, 0xee, 0xb6, 0xee, 0xb6, 0xee, 0xb6, 0xee, 0xb6, 0xee, 0xb6, 0xee, 0xb6, 0xee,
    0xb6, 0xee, 0xb6, 0xee, 0xb6, 0xee, 0xb6, 0xee, 0xb6, 0xee, 0xb6, 0xee, 0xb6, 0xee, 0xb6, 0xee,
    0xb6, 0xee, 0xb6, 0xee, 0xb6, 0xee, 0xb6, 0xee, 0xb6, 0xee, 0xb6, 0xee, 0xb6, 0xee, 0xb6, 0xee,
    0xb6, 0xee, 0xb6, 0xee, 0xb6, 0xee, 0xb6, 0xee, 0xb6, 0xee, 0xb6, 0xee, 0xb6, 0xee, 0xb6, 0xee,
    0xb6, 0xee, 0xb6, 0xee, 0x95, 0xe6, 0x34, 0xd6, 0x11, 0xb5, 0x88, 0x62, 0xa4, 0x51, 0x01, 0x39,
    0x22, 0x39, 0x61, 0x18, 0x03, 0x31, 0x0a, 0x73, 0x8c, 0x83, 0x6c, 0x83, 0x6b, 0x7b, 0x8c, 0x83,
    0x6c, 0x83, 0x8c, 0x83, 0x6b, 0x83, 0x4c, 0x7b, 0xc6, 0x41, 0x24, 0x29, 0xc7, 0x31, 0x24, 0x21,
    0x65, 0x29, 0x86, 0x31, 0x24, 0x21, 0x44, 0x29, 0xea, 0x6a, 0x4b, 0x7b, 0x6b, 0x7b, 0xea, 0x72,
    0x07, 0x4a, 0xc2, 0x20, 0xe3, 0x20, 0x25, 0x21, 0x86, 0x31, 0xa6, 0x31, 0x45, 0x29, 0xe3, 0x18,
    0x24, 0x29, 0x2a, 0x73, 0x8c, 0x83, 0x6c, 0x7b, 0x6c, 0x7b, 0x6c, 0x7b, 0x8c, 0x83, 0x6c, 0x7b,
    0x6c, 0x83, 0x4b, 0x7b, 0x6c, 0x83, 0x4b, 0x7b, 0x6c, 0x7b, 0x8c, 0x83, 0x6c, 0x83, 0x6c, 0x83,
    0x6b, 0x7b, 0x4b, 0x7b, 0x07, 0x52, 0x65, 0x31, 0x45, 0x21, 0x86, 0x31, 0x86, 0x31, 0x65, 0x29,
    0x24, 0x21, 0x65, 0x29, 0x86, 0x31, 0x65, 0x29, 0x85, 0x29, 0x65, 0x29, 0x24, 0x21, 0x24, 0x29,
    0x24, 0x29, 0xa6, 0x31, 0xa6, 0x31, 0x85, 0x31, 0x04, 0x21, 0x24, 0x29, 0x44, 0x29, 0x24, 0x29,
    0x24, 0x21, 0x04, 0x21, 0x24, 0x21, 0x65, 0x29, 0x86, 0x31, 0x04, 0x21, 0x24, 0x21, 0x86, 0x31,
    0xc7, 0x31, 0x65, 0x29, 0x65, 0x31, 0x89, 0x62, 0x8c, 0x83, 0x4b, 0x7b, 0x4b, 0x7b, 0x8c, 0x83,
    0x6c, 0x7b, 0x6c, 0x83, 0x6b, 0x7b, 0x6c, 0x83, 0x6c, 0x83, 0x6c, 0x83, 0x6b, 0x7b, 0x6b, 0x7b,
    0x8c, 0x83, 0x4b, 0x7b, 0x6c, 0x83, 0x4b, 0x7b, 0xad, 0x83, 0xca, 0x6a, 0x44, 0x39, 0x04, 0x21,
    0x86, 0x31, 0x03, 0x19, 0x44, 0x21, 0x25, 0x21, 0xe3, 0x18, 0x04, 0x29, 0x27, 0x52, 0x2a, 0x7b,
    0x4b, 0x83, 0x6c, 0x7b, 0xaa, 0x62, 0x25, 0x29, 0x65, 0x29, 0x86, 0x31, 0x65, 0x29, 0x45, 0x21,
    0x65, 0x29, 0x03, 0x21, 0x27, 0x4a, 0x4b, 0x7b, 0x4b, 0x7b, 0x8c, 0x83, 0x6c, 0x83, 0x6c, 0x83,
    0x2b, 0x7b, 0xcd, 0x8b, 0xea, 0x72, 0xe2, 0x30, 0x80, 0x20, 0x02, 0x31, 0x43, 0x39, 0x63, 0x41,
    0xe6, 0x51, 0x6b, 0x83, 0x92, 0xc5, 0x75, 0xe6, 0xb6, 0xe6, 0xb6, 0xee, 0xb6, 0xee, 0xb6, 0xee,
    0xb6, 0xee, 0xb6, 0xee, 0xb6, 0xee, 0xb6, 0xee, 0xb6, 0xee, 0xb6, 0xee, 0xb6, 0xee, 0xb6, 0xee,
    0xb6, 0xee, 0xb6, 0xee, 0xb6, 0xee, 0xb6, 0xee, 0xb6, 0xee, 0xb6, 0xee, 0xb6, 0xee, 0xb6, 0xee,
    0xb6, 0xee, 0xb6, 0xee, 0xb6, 0xee, 0xb6, 0xee, 0xb6, 0xee, 0xb6, 0xee, 0xb6, 0xee, 0xb6, 0xee,
    0xb6, 0xee, 0xb6, 0xee, 0xb6, 0xee, 0xb6, 0xee, 0xb6, 0xee, 0xb6, 0xee, 0xb6, 0xee, 0xb6, 0xee,
    0xb6, 0xee, 0xb6, 0xee, 0xb6, 0xee, 0xb6, 0xee, 0xb6, 0xee, 0xb6, 0xee, 0xb6, 0xee, 0xb6, 0xee,
    0xb6, 0xee, 0xb6, 0xee, 0xb6, 0xee, 0xb6, 0xee, 0xb6, 0xee, 0xb6, 0xee, 0xb6, 0xee, 0xb6, 0xee,
    0xb6, 0xee, 0xb6, 0xee, 0xb6, 0xee, 0xb6, 0xee, 0xb6, 0xee, 0xb6, 0xee, 0xb6, 0xee, 0xb6, 0xee,
    0xb6, 0xee, 0xb6, 0xee, 0xb6, 0xee, 0xb6, 0xee, 0xb6, 0xee, 0xb6, 0xee, 0xb6, 0xee, 0x75, 0xe6,
    0xb3, 0xc5, 0x2d, 0x9c, 0xe9, 0x6a, 0x84, 0x49, 0x22, 0x39, 0x02, 0x31, 0x81, 0x20, 0xe3, 0x28,
    0x0b, 0x73, 0x6c, 0x83, 0x6b, 0x7b, 0x6c, 0x83, 0x4c, 0x7b, 0x4b, 0x7b, 0x4b, 0x7b, 0x6b, 0x7b,
    0x4b, 0x7b, 0x6c, 0x7b, 0x4c, 0x7b, 0x68, 0x52, 0x85, 0x31, 0xc7, 0x31, 0x24, 0x21, 0x24, 0x21,
    0xa6, 0x39, 0x0b, 0x6b, 0x6c, 0x7b, 0x4b, 0x83, 0xea, 0x72, 0x07, 0x4a, 0x44, 0x29, 0x45, 0x29,
    0x86, 0x31, 0x85, 0x31, 0xa2, 0x18, 0x86, 0x31, 0x86, 0x29, 0x86, 0x31, 0x48, 0x52, 0x2a, 0x73,
    0x4b, 0x7b, 0x6c, 0x83, 0x6c, 0x83, 0x6b, 0x7b, 0x8c, 0x83, 0x4b, 0x7b, 0x6c, 0x83, 0x6c, 0x7b,
    0x6c, 0x83, 0x4b, 0x7b, 0x6c, 0x7b, 0x8c, 0x83, 0x6c, 0x83, 0x6c, 0x7b, 0x4b, 0x83, 0x4b, 0x7b,
    0xc6, 0x41, 0x24, 0x29, 0x86, 0x31, 0xc3, 0x18, 0x04, 0x19, 0xe3, 0x18, 0x04, 0x21, 0xc3, 0x10,
    0xe3, 0x18, 0x03, 0x19, 0xe3, 0x18, 0x86, 0x29, 0x45, 0x29, 0x45, 0x29, 0x04, 0x21, 0xc3, 0x10,
    0x65, 0x29, 0x45, 0x29, 0x65, 0x29, 0x04, 0x21, 0x04, 0x21, 0x45, 0x29, 0x24, 0x21, 0x65, 0x29,
    0x04, 0x21, 0x45, 0x21, 0x45, 0x21, 0x04, 0x21, 0x45, 0x29, 0x24, 0x21, 0x24, 0x19, 0x04, 0x19,
    0x03, 0x21, 0xca, 0x6a, 0x6c, 0x7b, 0x4b, 0x7b, 0x4b, 0x7b, 0x6c, 0x83, 0x6b, 0x7b, 0x6c, 0x83,
    0x6b, 0x7b, 0x6b, 0x7b, 0x6c, 0x7b, 0x6c, 0x83, 0x4b, 0x7b, 0x4b, 0x7b, 0x8c, 0x83, 0x6c, 0x7b,
    0x4b, 0x7b, 0x4b, 0x7b, 0x8c, 0x83, 0x2b, 0x7b, 0x48, 0x52, 0xc7, 0x31, 0x65, 0x29, 0xa6, 0x31,
    0x65, 0x29, 0x24, 0x21, 0x86, 0x31, 0x25, 0x21, 0x03, 0x29, 0x27, 0x52, 0x2a, 0x7b, 0x2b, 0x7b,
    0x8c, 0x83, 0xaa, 0x5a, 0x65, 0x31, 0x04, 0x21, 0x65, 0x29, 0x24, 0x21, 0x65, 0x31, 0x27, 0x4a,
    0x4b, 0x73, 0x6b, 0x7b, 0x4b, 0x7b, 0x2a, 0x7b, 0x4b, 0x7b, 0x6c, 0x83, 0x6c, 0x83, 0x4b, 0x7b,
    0x8c, 0x83, 0x0b, 0x73, 0xe2, 0x28, 0x81, 0x20, 0x02, 0x31, 0x22, 0x39, 0x43, 0x41, 0xe5, 0x51,
    0x6b, 0x7b, 0x92, 0xbd, 0x95, 0xe6, 0xb6, 0xe6, 0xb6, 0xee, 0xb6, 0xee, 0xb6, 0xee, 0xb6, 0xee,
    0xb6, 0xee, 0xb6, 0xee, 0xb6, 0xee, 0xb6, 0xee, 0xb6, 0xee, 0xb6, 0xee, 0xb6, 0xee, 0xb6, 0xee,
    0xb6, 0xee, 0xb6, 0xee, 0xb6, 0xee, 0xb6, 0xee, 0xb6, 0xee, 0xb6, 0xee, 0xb6, 0xee, 0xb6, 0xee,
    0xb6, 0xee, 0xb6, 0xee, 0xb6, 0xee, 0xb6, 0xee, 0xb6, 0xee, 0xb6, 0xee, 0xb6, 0xee, 0xb6, 0xee,
    0xb6, 0xee, 0xb6, 0xee, 0xb6, 0xee, 0xb6, 0xee, 0xb6, 0xee, 0xb6, 0xee, 0xb6, 0xee, 0xb6, 0xee,
    0xb6, 0xee, 0xb6, 0xee, 0xb6, 0xee, 0xb6, 0xee, 0xb6, 0xee, 0xb6, 0xee, 0xb6, 0xee, 0xb6, 0xee,
    0xb6, 0xee, 0xb6, 0xee, 0xb6, 0xee, 0xb6, 0xee, 0xb6, 0xee, 0xb6, 0xee, 0xb6, 0xee, 0xb6, 0xee,
    0xb6, 0xee, 0xb6, 0xee, 0xb6, 0xee, 0xb6, 0xee, 0xb6, 0xee, 0xb6, 0xee, 0xb6, 0xee, 0xb6, 0xee,
    0xb6, 0xee, 0xb6, 0xee, 0xb6, 0xee, 0xb6, 0xee, 0x95, 0xe6, 0x92, 0xc5, 0x4a, 0x7b, 0x06, 0x5a,
    0xa4, 0x49, 0x22, 0x39, 0x22, 0x39, 0x60, 0x18, 0x03, 0x31, 0x0b, 0x73, 0x8c, 0x83, 0x6b, 0x7b,
    0x6c, 0x83, 0x6c, 0x83, 0x6c, 0x83, 0x8c, 0x83, 0xc9, 0x6a, 0xe6, 0x49, 0x28, 0x52, 0x4b, 0x7b,
    0x6b, 0x83, 0x4b, 0x7b, 0x69, 0x52, 0xa6, 0x31, 0xe4, 0x18, 0x65, 0x31, 0x0b, 0x6b, 0x6c, 0x7b,
    0xad, 0x83, 0xea, 0x72, 0x07, 0x52, 0x03, 0x29, 0x04, 0x21, 0xc7, 0x31, 0xe4, 0x18, 0xe3, 0x18,
    0x45, 0x29, 0x25, 0x21, 0x04, 0x21, 0x69, 0x52, 0x4c, 0x7b, 0x6c, 0x83, 0x2b, 0x7b, 0xea, 0x72,
    0x2b, 0x73, 0x6b, 0x7b, 0xac, 0x83, 0x4b, 0x7b, 0x6c, 0x83, 0x6c, 0x7b, 0x8c, 0x83, 0x6b, 0x83,
    0x6c, 0x83, 0x6c, 0x83, 0x4b, 0x7b, 0x6c, 0x83, 0x6b, 0x7b, 0x6c, 0x83, 0x68, 0x5a, 0x28, 0x4a,
    0xaa, 0x52, 0xa6, 0x31, 0x89, 0x52, 0x28, 0x4a, 0x89, 0x52, 0xaa, 0x52, 0x48, 0x4a, 0x28, 0x4a,
    0x89, 0x52, 0x48, 0x4a, 0xeb, 0x62, 0x48, 0x4a, 0x69, 0x4a, 0x69, 0x4a, 0x28, 0x4a, 0x69, 0x4a,
    0x49, 0x4a, 0x69, 0x4a, 0x8a, 0x52, 0x69, 0x4a, 0x28, 0x42, 0x28, 0x42, 0x69, 0x4a, 0x08, 0x42,
    0x69, 0x4a, 0x28, 0x4a, 0x28, 0x42, 0x48, 0x4a, 0x69, 0x4a, 0x8a, 0x52, 0x28, 0x4a, 0xea, 0x6a,
    0x6c, 0x83, 0x6c, 0x83, 0x4b, 0x7b, 0x6c, 0x7b, 0x6b, 0x7b, 0x6c, 0x7b, 0x6c, 0x83, 0x6b, 0x7b,
    0x6c, 0x83, 0x8c, 0x83, 0x6c, 0x83, 0x8c, 0x83, 0x6c, 0x83, 0x6c, 0x7b, 0x2b, 0x7b, 0xea, 0x72,
    0x4b, 0x7b, 0x6c, 0x7b, 0x6c, 0x7b, 0x28, 0x4a, 0xe4, 0x20, 0x25, 0x21, 0x25, 0x21, 0x24, 0x21,
    0x23, 0x21, 0x24, 0x21, 0xc3, 0x18, 0x24, 0x31, 0x07, 0x52, 0x2b, 0x7b, 0x6c, 0x83, 0x6b, 0x7b,
    0xea, 0x6a, 0xc6, 0x39, 0x25, 0x21, 0xe4, 0x20, 0x68, 0x52, 0x4b, 0x7b, 0x4b, 0x7b, 0x2b, 0x7b,
    0x47, 0x5a, 0xe6, 0x49, 0xea, 0x6a, 0x6c, 0x7b, 0x4b, 0x7b, 0xac, 0x83, 0x6b, 0x7b, 0x8c, 0x83,
    0x0b, 0x73, 0xe2, 0x30, 0x81, 0x20, 0x02, 0x39, 0x42, 0x41, 0x22, 0x39, 0x06, 0x52, 0x6b, 0x7b,
    0xf3, 0xcd, 0x96, 0xe6, 0xb6, 0xe6, 0xb6, 0xee, 0xb6, 0xee, 0xb6, 0xee, 0xb6, 0xee, 0xb6, 0xee,
    0xb6, 0xee, 0xb6, 0xee, 0xb6, 0xee, 0xb6, 0xee, 0xb6, 0xee, 0xb6, 0xee, 0xb6, 0xee, 0xb6, 0xee,
    0xb6, 0xee, 0xb6, 0xee, 0xb6, 0xee, 0xb6, 0xee, 0xb6, 0xee, 0xb6, 0xee, 0xb6, 0xee, 0xb6, 0xee,
    0xb6, 0xee, 0xb6, 0xee, 0xb6, 0xee, 0xb6, 0xee, 0xb6, 0xee, 0xb6, 0xee, 0xb6, 0xee, 0xb6, 0xee,
    0xb6, 0xee, 0xb6, 0xee, 0xb6, 0xee, 0xb6, 0xee, 0xb6, 0xee, 0xb6, 0xee, 0xb6, 0xee, 0xb6, 0xee,
    0xb6, 0xee, 0xb6, 0xee, 0xb6, 0xee, 0xb6, 0xee, 0xb6, 0xee, 0xb6, 0xee, 0xb6, 0xee, 0xb6, 0xee,
    0xb6, 0xee, 0xb6, 0xee, 0xb6, 0xee, 0xb6, 0xee, 0xb6, 0xee, 0xb6, 0xee, 0xb6, 0xee, 0xb6, 0xee,
    0xb6, 0xee, 0xb6, 0xee, 0xb6, 0xee, 0xb6, 0xee, 0xb6, 0xee, 0xb6, 0xee, 0xb6, 0xee, 0xb6, 0xee,
    0xb6, 0xee, 0x96, 0xe6, 0x14, 0xce, 0xab, 0x83, 0xe5, 0x51, 0x63, 0x41, 0x23, 0x39, 0x03, 0x31,
    0x80, 0x20, 0xc1, 0x28, 0x2b, 0x73, 0x8c, 0x83, 0x4c, 0x7b, 0x6b, 0x7b, 0x4b, 0x7b, 0x6b, 0x83,
    0x4b, 0x7b, 0xea, 0x6a, 0x85, 0x39, 0x03, 0x29, 0x24, 0x31, 0x68, 0x5a, 0x2b, 0x7b, 0x8c, 0x83,
    0x4c, 0x73, 0x68, 0x52, 0xa6, 0x39, 0xca, 0x62, 0x6c, 0x7b, 0x6c, 0x83, 0x0b, 0x73, 0x07, 0x4a,
    0xc2, 0x18, 0x81, 0x10, 0x24, 0x21, 0x24, 0x21, 0x45, 0x21, 0x24, 0x21, 0x45, 0x29, 0x65, 0x31,
    0x48, 0x52, 0x6c, 0x7b, 0x6c, 0x7b, 0x2b, 0x7b, 0x27, 0x52, 0x64, 0x39, 0x27, 0x52, 0x2b, 0x73,
    0x6c, 0x83, 0x6b, 0x83, 0x6b, 0x7b, 0x4b, 0x7b, 0x6c, 0x83, 0x6b, 0x7b, 0x6c, 0x83, 0x8c, 0x83,
    0x6b, 0x7b, 0x4b, 0x7b, 0x6c, 0x83, 0x6c, 0x83, 0x4b, 0x7b, 0x8d, 0x7b, 0xae, 0x7b, 0x8d, 0x7b,
    0x8c, 0x7b, 0xad, 0x83, 0xad, 0x83, 0x8c, 0x7b, 0x8c, 0x7b, 0x6c, 0x7b, 0xad, 0x83, 0x8c, 0x83,
    0x6c, 0x7b, 0xad, 0x83, 0xad, 0x83, 0x8c, 0x7b, 0xad, 0x83, 0x8d, 0x83, 0x8c, 0x7b, 0x8c, 0x7b,
    0x8d, 0x83, 0xad, 0x83, 0x8c, 0x7b, 0xad, 0x83, 0x8c, 0x7b, 0x8d, 0x7b, 0x6c, 0x7b, 0x8c, 0x7b,
    0x6c, 0x7b, 0x8c, 0x7b, 0xad, 0x7b, 0x8d, 0x7b, 0xad, 0x8b, 0x4b, 0x7b, 0x6c, 0x83, 0x8c, 0x83,
    0x6c, 0x7b, 0x6c, 0x83, 0x4b, 0x7b, 0x6c, 0x7b, 0x6b, 0x7b, 0x6b, 0x7b, 0x6c, 0x83, 0x6b, 0x83,
    0x6b, 0x7b, 0x6b, 0x7b, 0x4b, 0x7b, 0x0a, 0x73, 0x27, 0x52, 0x85, 0x39, 0x89, 0x62, 0x4b, 0x7b,
    0x4b, 0x7b, 0x6c, 0x7b, 0x48, 0x52, 0x45, 0x29, 0x86, 0x29, 0x45, 0x29, 0x45, 0x29, 0x65, 0x29,
    0xc7, 0x39, 0x45, 0x29, 0x24, 0x31, 0x07, 0x52, 0x0a, 0x73, 0x6b, 0x7b, 0x8c, 0x7b, 0xea, 0x62,
    0x45, 0x29, 0xe7, 0x49, 0x4b, 0x7b, 0x6c, 0x83, 0x4b, 0x7b, 0x48, 0x52, 0x65, 0x31, 0x03, 0x29,
    0xa5, 0x41, 0xc9, 0x6a, 0x4b, 0x7b, 0x8c, 0x83, 0x6b, 0x83, 0x2b, 0x7b, 0xad, 0x8b, 0x0a, 0x73,
    0xe2, 0x30, 0x60, 0x20, 0x23, 0x39, 0x02, 0x31, 0x63, 0x41, 0x46, 0x5a, 0xf0, 0xac, 0xf3, 0xcd,
    0x95, 0xe6, 0xb6, 0xe6, 0xb6, 0xee, 0xb6, 0xee, 0xb6, 0xee, 0xb6, 0xee, 0xb6, 0xee, 0xb6, 0xee,
    0xb6, 0xee, 0xb6, 0xee, 0xb6, 0xee, 0xb6, 0xee, 0xb6, 0xee, 0xb6, 0xee, 0xb6, 0xee, 0xb6, 0xee,
    0xb6, 0xee, 0xb6, 0xee, 0xb6, 0xee, 0xb6, 0xee, 0xb6, 0xee, 0xb6, 0xee, 0xb6, 0xee, 0xb6, 0xee,
    0xb6, 0xee, 0xb6, 0xee, 0xb6, 0xee, 0xb6, 0xee, 0xb6, 0xee, 0xb6, 0xee, 0xb6, 0xee, 0xb6, 0xee,
    0xb6, 0xee, 0xb6, 0xee, 0xb6, 0xee, 0xb6, 0xee, 0xb6, 0xee, 0xb6, 0xee, 0xb6, 0xee, 0xb6, 0xee,
    0xb6, 0xee, 0xb6, 0xee, 0xb6, 0xee, 0xb6, 0xee, 0xb6, 0xee, 0xb6, 0xee, 0xb6, 0xee, 0xb6, 0xee,
    0xb6, 0xee, 0xb6, 0xee, 0xb6, 0xee, 0xb6, 0xee, 0xb6, 0xee, 0xb6, 0xee, 0xb6, 0xee, 0xb6, 0xee,
    0xb6, 0xee, 0xb6, 0xee, 0xb6, 0xee, 0xb6, 0xee, 0xb6, 0xee, 0xb6, 0xee, 0xb6, 0xe6, 0x75, 0xde,
    0x31, 0xbd, 0xc8, 0x6a, 0xa4, 0x51, 0x23, 0x41, 0x02, 0x31, 0x81, 0x20, 0xe2, 0x30, 0xea, 0x6a,
    0xac, 0x83, 0x4b, 0x7b, 0x6c, 0x83, 0x6c, 0x7b, 0x6b, 0x7b, 0x6b, 0x83, 0xa9, 0x6a, 0x65, 0x39,
    0xe3, 0x20, 0x04, 0x21, 0xc2, 0x18, 0x24, 0x31, 0x68, 0x5a, 0x6c, 0x7b, 0x4b, 0x7b, 0x4b, 0x7b,
    0x0b, 0x6b, 0x6b, 0x7b, 0x4b, 0x83, 0x0a, 0x73, 0x07, 0x52, 0x03, 0x21, 0x45, 0x21, 0x85, 0x29,
    0x24, 0x21, 0x65, 0x29, 0x65, 0x29, 0xe3, 0x18, 0x24, 0x21, 0xaa, 0x5a, 0x4b, 0x7b, 0x6b, 0x83,
    0x2b, 0x7b, 0x48, 0x5a, 0x65, 0x31, 0xe3, 0x20, 0x03, 0x29, 0x27, 0x52, 0x4b, 0x7b, 0x6b, 0x7b,
    0x6b, 0x7b, 0x4b, 0x7b, 0x6b, 0x7b, 0x4b, 0x7b, 0x6b, 0x7b, 0x6b, 0x7b, 0x4b, 0x7b, 0x6c, 0x7b,
    0x6c, 0x83, 0x6b, 0x7b, 0x6c, 0x83, 0x6c, 0x7b, 0x4b, 0x7b, 0x6c, 0x83, 0x4b, 0x7b, 0x6c, 0x83,
    0x6b, 0x83, 0x4b, 0x7b, 0x6b, 0x83, 0x4b, 0x7b, 0x6b, 0x7b, 0x4b, 0x7b, 0x6b, 0x83, 0x6b, 0x83,
    0x4b, 0x7b, 0x6b, 0x83, 0x4b, 0x7b, 0x6b, 0x83, 0x6b, 0x83, 0x8c, 0x83, 0x4b, 0x7b, 0x6b, 0x83,
    0x6b, 0x83, 0x6b, 0x83, 0x6b, 0x7b, 0x6c, 0x83, 0x4b, 0x7b, 0x6b, 0x83, 0x4b, 0x83, 0x4b, 0x7b,
    0x6b, 0x83, 0x2b, 0x7b, 0x6c, 0x7b, 0x6b, 0x83, 0x6c, 0x7b, 0x6c, 0x83, 0x6c, 0x7b, 0x6c, 0x83,
    0x6c, 0x7b, 0x6c, 0x83, 0x6c, 0x7b, 0x6c, 0x83, 0x6c, 0x83, 0x6b, 0x83, 0x6c, 0x83, 0x6b, 0x7b,
    0x0a, 0x73, 0xe6, 0x49, 0x04, 0x29, 0xc3, 0x20, 0xa6, 0x39, 0x68, 0x5a, 0x2b, 0x7b, 0x4c, 0x83,
    0x4c, 0x7b, 0x68, 0x52, 0x65, 0x29, 0xc7, 0x39, 0xa7, 0x31, 0x44, 0x21, 0x45, 0x29, 0x66, 0x29,
    0x04, 0x21, 0x03, 0x29, 0x07, 0x52, 0x0a, 0x73, 0x4b, 0x7b, 0x6c, 0x7b, 0x4c, 0x7b, 0x0b, 0x73,
    0x6c, 0x83, 0x0a, 0x73, 0x48, 0x5a, 0x24, 0x29, 0xa3, 0x10, 0x24, 0x21, 0xe3, 0x20, 0xe6, 0x49,
    0xca, 0x6a, 0x6c, 0x7b, 0x6b, 0x7b, 0x4b, 0x7b, 0x6c, 0x83, 0x8c, 0x83, 0xea, 0x72, 0xe2, 0x28,
    0x60, 0x18, 0x03, 0x31, 0x43, 0x41, 0x63, 0x49, 0x46, 0x5a, 0xab, 0x83, 0x92, 0xc5, 0x75, 0xe6,
    0xb6, 0xe6, 0xb6, 0xee, 0xb6, 0xee, 0xb6, 0xee, 0xb6, 0xee, 0xb6, 0xee, 0xb6, 0xee, 0xb6, 0xee,
    0xb6, 0xee, 0xb6, 0xee, 0xb6, 0xee, 0xb6, 0xee, 0xb6, 0xee, 0xb6, 0xee, 0xb6, 0xee, 0xb6, 0xee,
    0xb6, 0xee, 0xb6, 0xee, 0xb6, 0xee, 0xb6, 0xee, 0xb6, 0xee, 0xb6, 0xee, 0xb6, 0xee, 0xb6, 0xee,
    0xb6, 0xee, 0xb6, 0xee, 0xb6, 0xee, 0xb6, 0xee, 0xb6, 0xee, 0xb6, 0xee, 0xb6, 0xee, 0xb6, 0xee,
    0xb6, 0xee, 0xb6, 0xee, 0xb6, 0xee, 0xb6, 0xee, 0xb6, 0xee, 0xb6, 0xee, 0xb6, 0xee, 0xb6, 0xee,
    0xb6, 0xee, 0xb6, 0xee, 0xb6, 0xee, 0xb6, 0xee, 0xb6, 0xee, 0xb6, 0xee, 0xb6, 0xee, 0xb6, 0xee,
    0xb6, 0xee, 0xb6, 0xee, 0xb6, 0xee, 0xb6, 0xee, 0xb6, 0xee, 0xb6, 0xee, 0xb6, 0xee, 0xb6, 0xee,
    0xb6, 0xee, 0xb6, 0xee, 0xb6, 0xe6, 0xb6, 0xe6, 0x75, 0xde, 0x31, 0xb5, 0x2a, 0x7b, 0xe5, 0x51,
    0x22, 0x39, 0x22, 0x39, 0x60, 0x20, 0xc2, 0x28, 0x0a, 0x73, 0x8c, 0x83, 0x6b, 0x7b, 0x6b, 0x83,
    0x8d, 0x83, 0x4c, 0x7b, 0x6b, 0x7b, 0xc9, 0x6a, 0x85, 0x41, 0x24, 0x29, 0x25, 0x21, 0x45, 0x21,
    0x45, 0x29, 0x04, 0x29, 0x03, 0x29, 0x68, 0x62, 0x4b, 0x7b, 0x6b, 0x83, 0x8c, 0x83, 0x6c, 0x7b,
    0x0a, 0x73, 0x07, 0x52, 0x03, 0x29, 0x24, 0x21, 0x04, 0x19, 0x65, 0x29, 0x65, 0x29, 0xc6, 0x39,
    0xa6, 0x31, 0x03, 0x21, 0x27, 0x4a, 0x4c, 0x7b, 0x4b, 0x7b, 0x2a, 0x7b, 0x68, 0x5a, 0x03, 0x29,
    0xe3, 0x18, 0x85, 0x29, 0xc3, 0x20, 0x24, 0x31, 0x68, 0x5a, 0x0a, 0x73, 0x6c, 0x83, 0x4b, 0x7b,
    0x6c, 0x83, 0x6b, 0x7b, 0x6c, 0x83, 0x8c, 0x83, 0x6c, 0x83, 0x6c, 0x83, 0x4b, 0x7b, 0x6b, 0x7b,
    0x8c, 0x83, 0x6c, 0x83, 0x4b, 0x7b, 0x8c, 0x83, 0x6c, 0x83, 0x4b, 0x7b, 0xac, 0x83, 0x6c, 0x7b,
    0x6c, 0x83, 0x4b, 0x7b, 0x6c, 0x83, 0x4b, 0x7b, 0x8c, 0x83, 0x6c, 0x83, 0x6b, 0x7b, 0x8c, 0x83,
    0x6b, 0x7b, 0x6b, 0x83, 0x4b, 0x7b, 0x6c, 0x83, 0x4b, 0x7b, 0x6c, 0x83, 0x4b, 0x7b, 0x6c, 0x83,
    0x6b, 0x7b, 0x8c, 0x83, 0x4b, 0x7b, 0x4b, 0x7b, 0x6c, 0x83, 0x6b, 0x7b, 0x6b, 0x83, 0x8d, 0x83,
    0x6c, 0x83, 0x6b, 0x7b, 0x6c, 0x7b, 0x6c, 0x83, 0x4b, 0x7b, 0x6c, 0x83, 0x6c, 0x7b, 0x8c, 0x83,
    0x6c, 0x7b, 0x6b, 0x7b, 0x6b, 0x7b, 0x6b, 0x83, 0x6c, 0x83, 0x0a, 0x73, 0x06, 0x4a, 0xe3, 0x20,
    0x24, 0x29, 0xe7, 0x39, 0x24, 0x29, 0x44, 0x31, 0x68, 0x62, 0x4b, 0x7b, 0x6b, 0x7b, 0x6c, 0x7b,
    0x89, 0x52, 0x24, 0x29, 0x65, 0x29, 0x45, 0x29, 0x04, 0x21, 0x25, 0x21, 0x25, 0x21, 0xe3, 0x20,
    0x03, 0x29, 0x27, 0x52, 0x2a, 0x7b, 0x6b, 0x83, 0x8d, 0x83, 0x6c, 0x83, 0x4b, 0x7b, 0x68, 0x5a,
    0x24, 0x31, 0x65, 0x29, 0x25, 0x21, 0x66, 0x29, 0x24, 0x21, 0xa2, 0x18, 0xa6, 0x41, 0xea, 0x6a,
    0x4b, 0x7b, 0x8c, 0x83, 0x4b, 0x7b, 0x4b, 0x7b, 0xac, 0x83, 0x0b, 0x73, 0xe2, 0x28, 0x60, 0x20,
    0x23, 0x39, 0x02, 0x39, 0x63, 0x41, 0xe5, 0x51, 0x6b, 0x7b, 0x92, 0xbd, 0x75, 0xe6, 0xb6, 0xee,
    0xb6, 0xee, 0xb6, 0xee, 0xb6, 0xee, 0xb6, 0xee, 0xb6, 0xee, 0xb6, 0xee, 0xb6, 0xee, 0xb6, 0xee,
    0xb6, 0xee, 0xb6, 0xee, 0xb6, 0xee, 0xb6, 0xee, 0xb6, 0xee, 0xb6, 0xee, 0xb6, 0xee, 0xb6, 0xee,
    0xb6, 0xee, 0xb6, 0xee, 0xb6, 0xee, 0xb6, 0xee, 0xb6, 0xee, 0xb6, 0xee, 0xb6, 0xee, 0xb6, 0xee,
    0xb6, 0xee, 0xb6, 0xee, 0xb6, 0xee, 0xb6, 0xee, 0xb6, 0xee, 0xb6, 0xee, 0xb6, 0xee, 0xb6, 0xee,
    0xb6, 0xee, 0xb6, 0xee, 0xb6, 0xee, 0xb6, 0xee, 0xb6, 0xee, 0xb6, 0xee, 0xb6, 0xee, 0xb6, 0xee,
    0xb6, 0xee, 0xb6, 0xee, 0xb6, 0xee, 0xb6, 0xee, 0xb6, 0xee, 0xb6, 0xee, 0xb6, 0xee, 0xb6, 0xee,
    0xb6, 0xee, 0xb6, 0xee, 0xb6, 0xee, 0xb6, 0xee, 0xb6, 0xee, 0xb6, 0xee, 0xb6, 0xee, 0xb6, 0xe6,
    0x95, 0xe6, 0xf4, 0xcd, 0x10, 0xbd, 0x29, 0x73, 0xc5, 0x51, 0x23, 0x41, 0x03, 0x31, 0x60, 0x18,
    0xe2, 0x28, 0x0a, 0x73, 0xad, 0x83, 0x6c, 0x83, 0x4c, 0x7b, 0x6c, 0x83, 0x6c, 0x7b, 0x4b, 0x7b,
    0xa9, 0x62, 0xa5, 0x41, 0xc3, 0x20, 0x86, 0x31, 0x86, 0x31, 0x86, 0x29, 0x44, 0x21, 0x45, 0x29,
    0xa3, 0x18, 0xa6, 0x41, 0x4b, 0x7b, 0x6b, 0x83, 0x6b, 0x7b, 0x0a, 0x73, 0x07, 0x52, 0xc2, 0x20,
    0xc3, 0x18, 0x86, 0x29, 0x44, 0x29, 0x45, 0x21, 0x66, 0x29, 0x86, 0x31, 0x24, 0x29, 0x89, 0x5a,
    0x4b, 0x7b, 0x4b, 0x7b, 0x4b, 0x7b, 0x48, 0x5a, 0x03, 0x29, 0xc3, 0x18, 0x65, 0x29, 0x45, 0x21,
    0x65, 0x29, 0x04, 0x21, 0xc2, 0x20, 0x68, 0x5a, 0x4b, 0x7b, 0x4b, 0x7b, 0x6c, 0x83, 0x6b, 0x7b,
    0x6c, 0x83, 0x6c, 0x83, 0x6b, 0x7b, 0x6c, 0x83, 0x6c, 0x7b, 0x8c, 0x83, 0x2b, 0x7b, 0x6b, 0x7b,
    0x6c, 0x83, 0x6c, 0x7b, 0x8c, 0x83, 0x6c, 0x83, 0x6c, 0x7b, 0x4b, 0x7b, 0x6c, 0x7b, 0x4b, 0x7b,
    0x6c, 0x83, 0x6c, 0x83, 0x6c, 0x83, 0x6c, 0x83, 0x8c, 0x83, 0x6c, 0x83, 0x6c, 0x7b, 0x8c, 0x83,
    0x6c, 0x7b, 0x8c, 0x83, 0x6c, 0x7b, 0x8c, 0x83, 0x6c, 0x83, 0x4b, 0x7b, 0x8c, 0x83, 0x4b, 0x7b,
    0x6c, 0x83, 0x2b, 0x7b, 0x6c, 0x7b, 0x6c, 0x7b, 0x6c, 0x83, 0x6c, 0x7b, 0x6c, 0x83, 0x8c, 0x7b,
    0x6c, 0x7b, 0x6c, 0x83, 0x4b, 0x7b, 0x6c, 0x83, 0x6c, 0x7b, 0x6c, 0x83, 0x6c, 0x7b, 0x6c, 0x83,
    0x6b, 0x83, 0x6c, 0x83, 0x2b, 0x73, 0x07, 0x4a, 0xe3, 0x20, 0x24, 0x21, 0x86, 0x31, 0x86, 0x31,
    0x24, 0x21, 0x44, 0x29, 0x44, 0x31, 0x88, 0x5a, 0x4b, 0x7b, 0x4b, 0x7b, 0x4c, 0x7b, 0x69, 0x52,
    0x24, 0x29, 0x65, 0x29, 0x86, 0x31, 0x04, 0x21, 0xc3, 0x18, 0x24, 0x21, 0x24, 0x21, 0x64, 0x31,
    0xe9, 0x6a, 0x6b, 0x83, 0x4b, 0x7b, 0x8d, 0x83, 0x2a, 0x73, 0x64, 0x31, 0xe3, 0x20, 0x45, 0x29,
    0x45, 0x29, 0x25, 0x21, 0x45, 0x29, 0x65, 0x29, 0xe3, 0x20, 0xc6, 0x41, 0xea, 0x6a, 0x2b, 0x7b,
    0x4b, 0x7b, 0x6c, 0x83, 0x6b, 0x7b, 0x8c, 0x83, 0x0b, 0x73, 0xe3, 0x30, 0x60, 0x20, 0x02, 0x31,
    0x22, 0x39, 0x43, 0x41, 0xe5, 0x51, 0x6b, 0x83, 0x92, 0xc5, 0x75, 0xe6, 0xb6, 0xe6, 0xb6, 0xee,
    0xb6, 0xee, 0xb6, 0xee, 0xb6, 0xee, 0xb6, 0xee, 0xb6, 0xee, 0xb6, 0xee, 0xb6, 0xee, 0xb6, 0xee,
    0xb6, 0xee, 0xb6, 0xee, 0xb6, 0xee, 0xb6, 0xee, 0xb6, 0xee, 0xb6, 0xee, 0xb6, 0xee, 0xb6, 0xee,
    0xb6, 0xee, 0xb6, 0xee, 0xb6, 0xee, 0xb6, 0xee, 0xb6, 0xee, 0xb6, 0xee, 0xb6, 0xee, 0xb6, 0xee,
    0xb6, 0xee, 0xb6, 0xee, 0xb6, 0xee, 0xb6, 0xee, 0xb6, 0xee, 0xb6, 0xee, 0xb6, 0xee, 0xb6, 0xee,
    0xb6, 0xee, 0xb6, 0xee, 0xb6, 0xee, 0xb6, 0xee, 0xb6, 0xee, 0xb6, 0xee, 0xb6, 0xee, 0xb6, 0xee,
    0xb6, 0xee, 0xb6, 0xee, 0xb6, 0xee, 0xb6, 0xee, 0xb6, 0xee, 0xb6, 0xee, 0xb6, 0xee, 0xb6, 0xee,
    0xb6, 0xee, 0xb6, 0xee, 0xb6, 0xee, 0xb6, 0xee, 0xb6, 0xe6, 0x75, 0xde, 0xb3, 0xcd, 0x8b, 0x83,
    0x67, 0x5a, 0xc4, 0x49, 0x22, 0x39, 0x23, 0x41, 0x40, 0x18, 0x03, 0x29, 0x2b, 0x73, 0x8c, 0x83,
    0x4b, 0x7b, 0x4b, 0x7b, 0x8c, 0x83, 0x6c, 0x83, 0x8c, 0x83, 0xa9, 0x62, 0xa5, 0x41, 0xa2, 0x18,
    0x45, 0x29, 0x04, 0x21, 0x85, 0x31, 0x24, 0x21, 0x86, 0x29, 0x45, 0x29, 0x24, 0x29, 0xca, 0x62,
    0x6c, 0x7b, 0x6b, 0x83, 0x0a, 0x73, 0x07, 0x4a, 0x44, 0x29, 0x04, 0x21, 0xa6, 0x31, 0x86, 0x31,
    0x24, 0x29, 0x04, 0x21, 0x45, 0x29, 0x04, 0x21, 0x48, 0x52, 0x4c, 0x7b, 0x4b, 0x83, 0x2a, 0x7b,
    0x48, 0x5a, 0x23, 0x29, 0x45, 0x29, 0xc7, 0x39, 0x86, 0x31, 0xc7, 0x39, 0x45, 0x21, 0x04, 0x19,
    0xa2, 0x18, 0xc6, 0x49, 0x6c, 0x83, 0x6b, 0x7b, 0x6c, 0x83, 0x6c, 0x83, 0x6c, 0x83, 0x6b, 0x7b,
    0x6b, 0x7b, 0x6c, 0x83, 0x4b, 0x7b, 0x8c, 0x83, 0x6c, 0x7b, 0xac, 0x83, 0x6b, 0x83, 0x8c, 0x83,
    0x6b, 0x7b, 0x6b, 0x7b, 0x8c, 0x83, 0x8c, 0x83, 0x8c, 0x83, 0x4b, 0x7b, 0xac, 0x83, 0x4b, 0x7b,
    0x6c, 0x83, 0x2b, 0x73, 0x4b, 0x7b, 0x2b, 0x73, 0x0a, 0x73, 0x2b, 0x73, 0x0a, 0x73, 0x4b, 0x7b,
    0x4b, 0x7b, 0x8c, 0x83, 0x4b, 0x7b, 0x8c, 0x83, 0x8c, 0x83, 0x8c, 0x83, 0x8c, 0x83, 0x6b, 0x7b,
    0x6c, 0x83, 0x2b, 0x7b, 0x8c, 0x83, 0x4b, 0x7b, 0x6c, 0x83, 0x6b, 0x7b, 0x4b, 0x7b, 0x8c, 0x83,
    0x6c, 0x83, 0x8c, 0x83, 0x6c, 0x83, 0x8c, 0x83, 0x6c, 0x7b, 0x6c, 0x83, 0x6b, 0x83, 0x8c, 0x83,
    0x2b, 0x73, 0xa6, 0x41, 0xc3, 0x18, 0x45, 0x21, 0x24, 0x21, 0x03, 0x21, 0x24, 0x21, 0x66, 0x29,
    0xe3, 0x18, 0x64, 0x31, 0xa8, 0x62, 0x4b, 0x83, 0x6c, 0x83, 0x6d, 0x7b, 0x8a, 0x5a, 0x66, 0x29,
    0x24, 0x21, 0x03, 0x21, 0x04, 0x21, 0x24, 0x21, 0x45, 0x21, 0x28, 0x4a, 0x4b, 0x73, 0x6b, 0x83,
    0x6c, 0x83, 0x4b, 0x7b, 0x6b, 0x7b, 0xca, 0x5a, 0x65, 0x29, 0xc3, 0x18, 0x45, 0x29, 0x66, 0x29,
    0x45, 0x29, 0x25, 0x21, 0x86, 0x31, 0xc3, 0x20, 0xa5, 0x41, 0xea, 0x72, 0x4b, 0x7b, 0x6c, 0x83,
    0x8c, 0x83, 0x4b, 0x7b, 0x8c, 0x83, 0x0a, 0x73, 0x23, 0x31, 0x60, 0x18, 0x23, 0x39, 0x22, 0x39,
    0x63, 0x49, 0xe5, 0x51, 0x6b, 0x7b, 0x92, 0xc5, 0x75, 0xe6, 0xb6, 0xe6, 0xb6, 0xee, 0xb6, 0xee,
    0xb6, 0xee, 0xb6, 0xee, 0xb6, 0xee, 0xb6, 0xee, 0xb6, 0xee, 0xb6, 0xee, 0xb6, 0xee, 0xb6, 0xee,
    0xb6, 0xee, 0xb6, 0xee, 0xb6, 0xee, 0xb6, 0xee, 0xb6, 0xee, 0xb6, 0xee, 0xb6, 0xee, 0xb6, 0xee,
    0xb6, 0xee, 0xb6, 0xee, 0xb6, 0xee, 0xb6, 0xee, 0xb6, 0xee, 0xb6, 0xee, 0xb6, 0xee, 0xb6, 0xee,
    0xb6, 0xee, 0xb6, 0xee, 0xb6, 0xee, 0xb6, 0xee, 0xb6, 0xee, 0xb6, 0xee, 0xb6, 0xee, 0xb6, 0xee,
    0xb6, 0xee, 0xb6, 0xee, 0xb6, 0xee, 0xb6, 0xee, 0xb6, 0xee, 0xb6, 0xee, 0xb6, 0xee, 0xb6, 0xee,
    0xb6, 0xee, 0xb6, 0xee, 0xb6, 0xee, 0xb6, 0xee, 0xb6, 0xee, 0xb6, 0xee, 0xb6, 0xee, 0xb6, 0xee,
    0xb6, 0xee, 0xb6, 0xee, 0x95, 0xe6, 0xd3, 0xcd, 0x6f, 0x9c, 0x27, 0x5a, 0x62, 0x41, 0x22, 0x39,
    0x02, 0x31, 0x80, 0x20, 0x02, 0x29, 0x0a, 0x73, 0x8c, 0x83, 0x4b, 0x7b, 0x4b, 0x7b, 0x4b, 0x7b,
    0x6b, 0x83, 0x6c, 0x7b, 0xa9, 0x6a, 0x85, 0x39, 0xa2, 0x10, 0x04, 0x21, 0xc7, 0x39, 0x24, 0x21,
    0x45, 0x29, 0x04, 0x21, 0x86, 0x29, 0xe7, 0x41, 0xc9, 0x62, 0x6c, 0x7b, 0x4b, 0x7b, 0x0b, 0x7b,
    0xe7, 0x51, 0xa2, 0x18, 0x24, 0x21, 0x45, 0x21, 0x45, 0x29, 0x24, 0x29, 0x24, 0x21, 0xc3, 0x10,
    0xe3, 0x20, 0x69, 0x52, 0x2b, 0x73, 0x6b, 0x83, 0x0a, 0x73, 0x68, 0x5a, 0x03, 0x21, 0x65, 0x29,
    0x65, 0x29, 0x24, 0x29, 0x24, 0x21, 0x03, 0x21, 0x86, 0x31, 0x65, 0x29, 0xe6, 0x41, 0x2b, 0x73,
    0x4b, 0x7b, 0x6b, 0x83, 0x6c, 0x83, 0x4b, 0x7b, 0x4b, 0x7b, 0x6c, 0x7b, 0x6c, 0x83, 0x6b, 0x7b,
    0x4b, 0x7b, 0x6b, 0x83, 0x6b, 0x7b, 0x6b, 0x7b, 0x6c, 0x83, 0x6b, 0x83, 0x6b, 0x7b, 0x6b, 0x7b,
    0x4b, 0x7b, 0xea, 0x6a, 0x89, 0x5a, 0x27, 0x52, 0xc6, 0x41, 0x65, 0x39, 0x24, 0x29, 0x03, 0x29,
    0xe3, 0x20, 0xe3, 0x20, 0xc3, 0x20, 0xc2, 0x20, 0xe3, 0x20, 0xe3, 0x20, 0x04, 0x29, 0x24, 0x29,
    0x64, 0x39, 0xc6, 0x41, 0x27, 0x52, 0x89, 0x62, 0xea, 0x6a, 0x2b, 0x7b, 0x6c, 0x7b, 0x6c, 0x7b,
    0x6b, 0x7b, 0x6b, 0x83, 0x6b, 0x83, 0x6b, 0x83, 0x4b, 0x73, 0x6b, 0x7b, 0x4b, 0x7b, 0x6c, 0x83,
    0x6c, 0x7b, 0x6b, 0x7b, 0x6b, 0x7b, 0x4b, 0x7b, 0x6b, 0x83, 0x6b, 0x7b, 0x6c, 0x83, 0xea, 0x72,
    0x65, 0x31, 0x82, 0x08, 0xe3, 0x18, 0xe3, 0x18, 0xc7, 0x39, 0x24, 0x21, 0x04, 0x21, 0x04, 0x21,
    0x44, 0x31, 0x88, 0x62, 0x4b, 0x7b, 0x4b, 0x7b, 0x6c, 0x7b, 0x49, 0x52, 0xa6, 0x31, 0x45, 0x21,
    0x45, 0x29, 0x85, 0x31, 0xe7, 0x41, 0x0b, 0x73, 0x6c, 0x83, 0x2b, 0x7b, 0xc9, 0x6a, 0x0a, 0x73,
    0x6c, 0x83, 0x6c, 0x7b, 0xc9, 0x62, 0xc6, 0x39, 0x66, 0x29, 0x45, 0x29, 0x45, 0x29, 0x45, 0x29,
    0x65, 0x29, 0x25, 0x29, 0xc3, 0x20, 0xa6, 0x41, 0xc9, 0x6a, 0x4b, 0x7b, 0x4b, 0x7b, 0x4b, 0x7b,
    0x4b, 0x7b, 0x8c, 0x83, 0x0a, 0x73, 0xe2, 0x30, 0x80, 0x18, 0x02, 0x31, 0x22, 0x41, 0x22, 0x41,
    0xc5, 0x51, 0x6b, 0x83, 0x92, 0xbd, 0x75, 0xe6, 0xb6, 0xe6, 0xb6, 0xee, 0xb6, 0xee, 0xb6, 0xee,
    0xb6, 0xee, 0xb6, 0xee, 0xb6, 0xee, 0xb6, 0xee, 0xb6, 0xee, 0xb6, 0xee, 0xb6, 0xee, 0xb6, 0xee,
    0xb6, 0xee, 0xb6, 0xee, 0xb6, 0xee, 0xb6, 0xee, 0xb6, 0xee, 0xb6, 0xee, 0xb6, 0xee, 0xb6, 0xee,
    0xb6, 0xee, 0xb6, 0xee, 0xb6, 0xee, 0xb6, 0xee, 0xb6, 0xee, 0xb6, 0xee, 0xb6, 0xee, 0xb6, 0xee,
    0xb6, 0xee, 0xb6, 0xee, 0xb6, 0xee, 0xb6, 0xee, 0xb6, 0xee, 0xb6, 0xee, 0xb6, 0xee, 0xb6, 0xee,
    0xb6, 0xee, 0xb6, 0xee, 0xb6, 0xee, 0xb6, 0xee, 0xb6, 0xee, 0xb6, 0xee, 0xb6, 0xee, 0xb6, 0xee,
    0xb6, 0xee, 0xb6, 0xee, 0xb6, 0xee, 0xb6, 0xee, 0xb6, 0xee, 0xb6, 0xee, 0xb6, 0xee, 0x95, 0xe6,
    0xb3, 0xc5, 0xcb, 0x83, 0xc8, 0x6a, 0x84, 0x49, 0x22, 0x41, 0x22, 0x39, 0x60, 0x20, 0x03, 0x31,
    0x0a, 0x73, 0x8c, 0x83, 0x6b, 0x83, 0x6b, 0x7b, 0x8c, 0x83, 0x6b, 0x83, 0x4b, 0x7b, 0xca, 0x6a,
    0xc6, 0x49, 0xe3, 0x20, 0x44, 0x21, 0x86, 0x31, 0xc7, 0x39, 0x86, 0x31, 0xc7, 0x31, 0x86, 0x31,
    0x85, 0x31, 0xea, 0x6a, 0x6c, 0x7b, 0x4c, 0x7b, 0x0a, 0x73, 0x07, 0x4a, 0x24, 0x29, 0x65, 0x31,
    0x24, 0x21, 0x04, 0x21, 0x45, 0x29, 0xe4, 0x18, 0x45, 0x29, 0xe3, 0x20, 0x48, 0x52, 0x4c, 0x7b,
    0x8c, 0x83, 0x4b, 0x7b, 0x68, 0x5a, 0x23, 0x29, 0x03, 0x21, 0x65, 0x29, 0x45, 0x29, 0xa6, 0x31,
    0x86, 0x29, 0xa7, 0x31, 0x65, 0x31, 0xe7, 0x49, 0x4c, 0x7b, 0x6c, 0x7b, 0x8c, 0x83, 0x6b, 0x7b,
    0x8c, 0x83, 0x6c, 0x7b, 0x6c, 0x83, 0x8c, 0x83, 0x6b, 0x7b, 0x6b, 0x83, 0x4b, 0x83, 0x6c, 0x83,
    0x8c, 0x83, 0x6c, 0x83, 0x2b, 0x73, 0x0b, 0x6b, 0x48, 0x52, 0x85, 0x39, 0x03, 0x29, 0x82, 0x18,
    0x41, 0x08, 0x00, 0x00, 0x00, 0x00, 0x00, 0x00, 0x00, 0x00, 0x00, 0x00, 0x00, 0x00, 0x00, 0x00,
    0x00, 0x00, 0x00, 0x00, 0x00, 0x00, 0x00, 0x00, 0x00, 0x00, 0x00, 0x00, 0x00, 0x00, 0x00, 0x00,
    0x20, 0x08, 0x41, 0x10, 0xa2, 0x18, 0xe3, 0x20, 0xa5, 0x39, 0x27, 0x4a, 0xca, 0x62, 0x4b, 0x73,
    0x6c, 0x7b, 0x6c, 0x7b, 0x6b, 0x7b, 0x6b, 0x7b, 0x6b, 0x83, 0x8c, 0x83, 0x6b, 0x7b, 0x8c, 0x83,
    0x6b, 0x7b, 0x6b, 0x7b, 0x8c, 0x83, 0x6c, 0x83, 0x8c, 0x83, 0x8c, 0x83, 0x2b, 0x6b, 0xc6, 0x39,
    0x04, 0x21, 0x45, 0x29, 0x65, 0x29, 0x24, 0x21, 0x86, 0x31, 0x24, 0x21, 0x04, 0x29, 0x64, 0x39,
    0x68, 0x62, 0x6c, 0x83, 0x4b, 0x7b, 0x6c, 0x7b, 0x48, 0x52, 0x03, 0x21, 0x03, 0x21, 0x69, 0x52,
    0x6c, 0x7b, 0x6c, 0x83, 0x4b, 0x7b, 0x68, 0x5a, 0x85, 0x39, 0x27, 0x52, 0x2b, 0x73, 0x4b, 0x7b,
    0x8c, 0x7b, 0xea, 0x62, 0x65, 0x31, 0x24, 0x21, 0xc3, 0x18, 0xa6, 0x31, 0x45, 0x29, 0x04, 0x21,
    0x04, 0x21, 0xc2, 0x20, 0xa5, 0x41, 0xea, 0x72, 0x4b, 0x7b, 0x8c, 0x83, 0x8c, 0x83, 0x2b, 0x7b,
    0xad, 0x83, 0x0a, 0x73, 0x03, 0x31, 0x60, 0x18, 0x22, 0x39, 0x23, 0x39, 0x43, 0x39, 0xe6, 0x51,
    0x6b, 0x7b, 0x92, 0xc5, 0x75, 0xe6, 0xb6, 0xe6, 0xb6, 0xee, 0xb6, 0xee, 0xb6, 0xee, 0xb6, 0xee,
    0xb6, 0xee, 0xb6, 0xee, 0xb6, 0xee, 0xb6, 0xee, 0xb6, 0xee, 0xb6, 0xee, 0xb6, 0xee, 0xb6, 0xee,
    0xb6, 0xee, 0xb6, 0xee, 0xb6, 0xee, 0xb6, 0xee, 0xb6, 0xee, 0xb6, 0xee, 0xb6, 0xee, 0xb6, 0xee,
    0xb6, 0xee, 0xb6, 0xee, 0xb6, 0xee, 0xb6, 0xee, 0xb6, 0xee, 0xb6, 0xee, 0xb6, 0xee, 0xb6, 0xee,
    0xb6, 0xee, 0xb6, 0xee, 0xb6, 0xee, 0xb6, 0xee, 0xb6, 0xee, 0xb6, 0xee, 0xb6, 0xee, 0xb6, 0xee,
    0xb6, 0xee, 0xb6, 0xee, 0xb6, 0xee, 0xb6, 0xee, 0xb6, 0xee, 0xb6, 0xee, 0xb6, 0xee, 0xb6, 0xee,
    0xb6, 0xee, 0xb6, 0xee, 0xb6, 0xee, 0xb6, 0xee, 0x95, 0xe6, 0xd3, 0xcd, 0xcc, 0x83, 0xe5, 0x51,
    0x63, 0x49, 0x23, 0x41, 0xe2, 0x38, 0x80, 0x20, 0xe2, 0x28, 0x0a, 0x73, 0x6c, 0x83, 0x4b, 0x7b,
    0x6b, 0x83, 0x6b, 0x7b, 0x6b, 0x83, 0x2b, 0x7b, 0xa9, 0x6a, 0x85, 0x41, 0x03, 0x21, 0xa6, 0x31,
    0x45, 0x29, 0xc6, 0x31, 0x86, 0x31, 0x85, 0x29, 0xc6, 0x31, 0x85, 0x31, 0xc9, 0x62, 0x4b, 0x7b,
    0x4b, 0x7b, 0x0b, 0x73, 0x07, 0x4a, 0xc2, 0x18, 0x24, 0x21, 0x65, 0x29, 0x44, 0x21, 0x86, 0x31,
    0xc7, 0x31, 0x45, 0x29, 0x04, 0x21, 0x69, 0x52, 0x4b, 0x7b, 0x4b, 0x83, 0x2a, 0x7b, 0x48, 0x5a,
    0x03, 0x21, 0xe3, 0x20, 0x85, 0x31, 0x65, 0x29, 0x45, 0x29, 0x65, 0x31, 0x65, 0x29, 0x45, 0x21,
    0xe7, 0x41, 0x0a, 0x73, 0xac, 0x83, 0x4b, 0x7b, 0x8c, 0x83, 0x6b, 0x7b, 0x4b, 0x7b, 0x6c, 0x83,
    0x6b, 0x83, 0x4b, 0x7b, 0x6b, 0x7b, 0x6c, 0x83, 0x4c, 0x7b, 0x0b, 0x73, 0x89, 0x62, 0xc6, 0x41,
    0x03, 0x29, 0x61, 0x10, 0x20, 0x00, 0x00, 0x00, 0x00, 0x00, 0x00, 0x00, 0x00, 0x00, 0x00, 0x00,
    0x00, 0x00, 0x00, 0x00, 0x00, 0x00, 0x00, 0x00, 0x20, 0x00, 0x00, 0x00, 0x00, 0x00, 0x00, 0x00,
    0x00, 0x00, 0x00, 0x00, 0x00, 0x00, 0x00, 0x00, 0x00, 0x00, 0x00, 0x00, 0x00, 0x00, 0x00, 0x00,
    0x00, 0x00, 0x00, 0x00, 0x00, 0x00, 0x00, 0x00, 0x41, 0x10, 0xe3, 0x20, 0xc6, 0x41, 0x89, 0x5a,
    0x0a, 0x6b, 0x6b, 0x7b, 0x6c, 0x83, 0x6c, 0x83, 0x4b, 0x7b, 0x6c, 0x83, 0x6b, 0x7b, 0x4b, 0x7b,
    0x8c, 0x83, 0x6b, 0x83, 0x4b, 0x7b, 0x6c, 0x7b, 0x8c, 0x83, 0x0b, 0x73, 0xe7, 0x41, 0x24, 0x21,
    0x04, 0x21, 0x45, 0x29, 0xa6, 0x31, 0x24, 0x29, 0xa6, 0x31, 0xe3, 0x20, 0x44, 0x31, 0x68, 0x62,
    0x2b, 0x7b, 0x6b, 0x7b, 0x4b, 0x73, 0x28, 0x4a, 0x07, 0x4a, 0x4b, 0x73, 0x4b, 0x7b, 0x0a, 0x73,
    0x68, 0x5a, 0x03, 0x29, 0x04, 0x21, 0x23, 0x29, 0x07, 0x4a, 0x0a, 0x73, 0x4b, 0x7b, 0x4c, 0x7b,
    0xca, 0x62, 0x85, 0x31, 0xc3, 0x10, 0x65, 0x29, 0x65, 0x29, 0x24, 0x21, 0xa6, 0x31, 0x86, 0x31,
    0xa2, 0x18, 0x85, 0x39, 0xc9, 0x6a, 0x4b, 0x7b, 0x4b, 0x7b, 0x8c, 0x83, 0x4b, 0x7b, 0x6c, 0x7b,
    0xea, 0x72, 0xe2, 0x28, 0x81, 0x18, 0x02, 0x31, 0x43, 0x39, 0x22, 0x41, 0xc5, 0x49, 0x6b, 0x83,
    0x92, 0xc5, 0x95, 0xe6, 0xb6, 0xe6, 0xb6, 0xee, 0xb6, 0xee, 0xb6, 0xee, 0xb6, 0xee, 0xb6, 0xee,
    0xb6, 0xee, 0xb6, 0xee, 0xb6, 0xee, 0xb6, 0xee, 0xb6, 0xee, 0xb6, 0xee, 0xb6, 0xee, 0xb6, 0xee,
    0xb6, 0xee, 0xb6, 0xee, 0xb6, 0xee, 0xb6, 0xee, 0xb6, 0xee, 0xb6, 0xee, 0xb6, 0xee, 0xb6, 0xee,
    0xb6, 0xee, 0xb6, 0xee, 0xb6, 0xee, 0xb6, 0xee, 0xb6, 0xee, 0xb6, 0xee, 0xb6, 0xee, 0xb6, 0xee,
    0xb6, 0xee, 0xb6, 0xee, 0xb6, 0xee, 0xb6, 0xee, 0xb6, 0xee, 0xb6, 0xee, 0xb6, 0xee, 0xb6, 0xee,
    0xb6, 0xee, 0xb6, 0xee, 0xb6, 0xee, 0xb6, 0xee, 0xb6, 0xee, 0xb6, 0xee, 0xb6, 0xee, 0xb6, 0xee,
    0xb6, 0xe6, 0xb6, 0xe6, 0xf4, 0xd5, 0x4e, 0x9c, 0xc8, 0x6a, 0x84, 0x49, 0x23, 0x41, 0x23, 0x39,
    0x60, 0x18, 0x02, 0x31, 0xea, 0x6a, 0x6c, 0x83, 0x4b, 0x7b, 0x6b, 0x83, 0x8c, 0x83, 0x6b, 0x7b,
    0x6b, 0x7b, 0xc9, 0x6a, 0xc6, 0x41, 0xc3, 0x20, 0x24, 0x21, 0x45, 0x21, 0x04, 0x21, 0x65, 0x29,
    0x65, 0x29, 0xe3, 0x18, 0xc6, 0x39, 0xea, 0x62, 0x6b, 0x7b, 0x6c, 0x83, 0xea, 0x72, 0xe7, 0x51,
    0xe3, 0x20, 0xe3, 0x18, 0x04, 0x21, 0x04, 0x21, 0x04, 0x21, 0x44, 0x21, 0x24, 0x21, 0xa6, 0x31,
    0x89, 0x52, 0x4b, 0x73, 0x4b, 0x7b, 0x2b, 0x7b, 0x68, 0x5a, 0x24, 0x31, 0xe3, 0x18, 0x24, 0x21,
    0x65, 0x29, 0x65, 0x29, 0xe3, 0x18, 0x65, 0x29, 0x45, 0x29, 0xe7, 0x39, 0x4b, 0x73, 0x6b, 0x83,
    0x6c, 0x83, 0x4b, 0x7b, 0x4b, 0x7b, 0x6b, 0x83, 0x6c, 0x83, 0x6b, 0x83, 0x6c, 0x83, 0x6c, 0x83,
    0x6c, 0x7b, 0xea, 0x6a, 0xe6, 0x49, 0x24, 0x29, 0x41, 0x08, 0x00, 0x00, 0x00, 0x00, 0x00, 0x00,
    0x00, 0x00, 0x00, 0x00, 0x00, 0x00, 0x00, 0x00, 0x00, 0x00, 0x00, 0x00, 0x00, 0x00, 0x00, 0x00,
    0x00, 0x00, 0x00, 0x00, 0x00, 0x00, 0x00, 0x00, 0x00, 0x00, 0x00, 0x00, 0x00, 0x00, 0x00, 0x00,
    0x00, 0x00, 0x00, 0x00, 0x00, 0x00, 0x00, 0x00, 0x00, 0x00, 0x00, 0x00, 0x00, 0x00, 0x00, 0x00,
    0x00, 0x00, 0x00, 0x00, 0x00, 0x00, 0x00, 0x00, 0x00, 0x00, 0x40, 0x08, 0x03, 0x29, 0xe6, 0x41,
    0xa9, 0x62, 0x4c, 0x7b, 0xad, 0x83, 0x6c, 0x83, 0x6b, 0x7b, 0x6c, 0x7b, 0x6c, 0x83, 0x6c, 0x83,
    0x6b, 0x7b, 0x6c, 0x7b, 0x6b, 0x7b, 0x6b, 0x7b, 0x2b, 0x73, 0xa6, 0x39, 0x04, 0x21, 0x25, 0x29,
    0x24, 0x21, 0x24, 0x21, 0x66, 0x29, 0x25, 0x21, 0xa2, 0x18, 0x65, 0x39, 0x88, 0x62, 0x4b, 0x7b,
    0x6c, 0x7b, 0x8d, 0x83, 0x4c, 0x7b, 0x6c, 0x7b, 0x4b, 0x7b, 0x68, 0x5a, 0x23, 0x29, 0xe3, 0x20,
    0x65, 0x29, 0x86, 0x31, 0xe3, 0x20, 0x27, 0x52, 0x0b, 0x73, 0x4b, 0x7b, 0x6c, 0x7b, 0xea, 0x62,
    0x45, 0x29, 0xc2, 0x18, 0x04, 0x21, 0x45, 0x21, 0x24, 0x21, 0x66, 0x31, 0x66, 0x31, 0xc3, 0x20,
    0xe6, 0x49, 0xea, 0x6a, 0x4b, 0x7b, 0x8c, 0x83, 0xac, 0x83, 0x4b, 0x7b, 0x8c, 0x83, 0x0b, 0x73,
    0x03, 0x29, 0x81, 0x20, 0x02, 0x31, 0x22, 0x41, 0x63, 0x41, 0x06, 0x52, 0x6b, 0x7b, 0x92, 0xbd,
    0x75, 0xe6, 0xb6, 0xe6, 0xb6, 0xee, 0xb6, 0xee, 0xb6, 0xee, 0xb6, 0xee, 0xb6, 0xee, 0xb6, 0xee,
    0xb6, 0xee, 0xb6, 0xee, 0xb6, 0xee, 0xb6, 0xee, 0xb6, 0xee, 0xb6, 0xee, 0xb6, 0xee, 0xb6, 0xee,
    0xb6, 0xee, 0xb6, 0xee, 0xb6, 0xee, 0xb6, 0xee, 0xb6, 0xee, 0xb6, 0xee, 0xb6, 0xee, 0xb6, 0xee,
    0xb6, 0xee, 0xb6, 0xee, 0xb6, 0xee, 0xb6, 0xee, 0xb6, 0xee, 0xb6, 0xee, 0xb6, 0xee, 0xb6, 0xee,
    0xb6, 0xee, 0xb6, 0xee, 0xb6, 0xee, 0xb6, 0xee, 0xb6, 0xee, 0xb6, 0xee, 0xb6, 0xee, 0xb6, 0xee,
    0xb6, 0xee, 0xb6, 0xee, 0xb6, 0xee, 0xb6, 0xee, 0xb6, 0xee, 0xb6, 0xee, 0xb6, 0xe6, 0x55, 0xde,
    0xaf, 0xac, 0x27, 0x5a, 0x84, 0x49, 0x22, 0x39, 0x02, 0x31, 0x81, 0x20, 0x02, 0x29, 0x0a, 0x73,
    0x8c, 0x83, 0x4b, 0x7b, 0x4b, 0x7b, 0x8c, 0x83, 0x6b, 0x7b, 0x6b, 0x7b, 0x8c, 0x83, 0x07, 0x4a,
    0xc2, 0x20, 0x45, 0x29, 0x04, 0x21, 0xc3, 0x18, 0x65, 0x29, 0x65, 0x29, 0xc3, 0x18, 0xc6, 0x41,
    0xa9, 0x5a, 0x8c, 0x7b, 0x6b, 0x7b, 0x0b, 0x73, 0x06, 0x4a, 0xc3, 0x20, 0x24, 0x29, 0x04, 0x21,
    0xa6, 0x31, 0x45, 0x29, 0xc3, 0x18, 0x65, 0x29, 0x04, 0x29, 0x48, 0x52, 0x4b, 0x73, 0x6c, 0x7b,
    0x2b, 0x7b, 0x68, 0x5a, 0x03, 0x29, 0xe3, 0x20, 0x86, 0x31, 0x45, 0x29, 0xe3, 0x18, 0x04, 0x21,
    0x65, 0x29, 0x24, 0x21, 0x28, 0x4a, 0x2b, 0x73, 0x4b, 0x7b, 0x4b, 0x7b, 0x8c, 0x83, 0x4b, 0x7b,
    0x4b, 0x7b, 0x4b, 0x83, 0x6c, 0x83, 0x4b, 0x7b, 0x4c, 0x7b, 0xa9, 0x62, 0x85, 0x39, 0xc2, 0x18,
    0x00, 0x00, 0x00, 0x00, 0x00, 0x00, 0x00, 0x00, 0x00, 0x00, 0x00, 0x00, 0x00, 0x00, 0x00, 0x00,
    0x00, 0x00, 0x00, 0x00, 0x00, 0x00, 0x00, 0x00, 0x00, 0x00, 0x00, 0x00, 0x00, 0x00, 0x00, 0x00,
    0x00, 0x00, 0x00, 0x00, 0x00, 0x00, 0x00, 0x00, 0x00, 0x00, 0x00, 0x00, 0x00, 0x00, 0x00, 0x00,
    0x00, 0x00, 0x00, 0x00, 0x00, 0x00, 0x00, 0x00, 0x00, 0x00, 0x00, 0x00, 0x00, 0x00, 0x00, 0x00,
    0x00, 0x00, 0x00, 0x00, 0x00, 0x00, 0x00, 0x00, 0x00, 0x00, 0x20, 0x00, 0x81, 0x10, 0x85, 0x39,
    0x89, 0x5a, 0x4c, 0x7b, 0x6c, 0x7b, 0x6b, 0x7b, 0x4b, 0x7b, 0x6c, 0x83, 0x4b, 0x7b, 0x4b, 0x7b,
    0x6c, 0x7b, 0x4b, 0x7b, 0x6c, 0x7b, 0x0b, 0x6b, 0xc6, 0x41, 0x04, 0x21, 0x86, 0x31, 0x04, 0x21,
    0xe4, 0x18, 0x45, 0x21, 0x65, 0x31, 0x82, 0x18, 0x24, 0x31, 0x88, 0x5a, 0x4b, 0x7b, 0x6c, 0x83,
    0x4b, 0x7b, 0x6b, 0x7b, 0x68, 0x5a, 0x44, 0x29, 0xc2, 0x18, 0x24, 0x21, 0xa7, 0x31, 0x86, 0x31,
    0x24, 0x29, 0xc2, 0x20, 0x07, 0x52, 0x2a, 0x73, 0x4b, 0x7b, 0x6c, 0x7b, 0xca, 0x62, 0x86, 0x31,
    0xe3, 0x18, 0xe3, 0x18, 0x45, 0x29, 0x24, 0x21, 0x25, 0x21, 0x45, 0x29, 0xa2, 0x18, 0x68, 0x5a,
    0x8c, 0x83, 0x4b, 0x7b, 0x6b, 0x83, 0x6b, 0x7b, 0x4b, 0x7b, 0x8c, 0x83, 0x0b, 0x73, 0xc2, 0x28,
    0x40, 0x18, 0x02, 0x39, 0x22, 0x39, 0x43, 0x41, 0xc5, 0x51, 0x6b, 0x7b, 0x92, 0xbd, 0x75, 0xe6,
    0xb6, 0xe6, 0xb6, 0xee, 0xb6, 0xee, 0xb6, 0xee, 0xb6, 0xee, 0xb6, 0xee, 0xb6, 0xee, 0xb6, 0xee,
    0xb6, 0xee, 0xb6, 0xee, 0xb6, 0xee, 0xb6, 0xee, 0xb6, 0xee, 0xb6, 0xee, 0xb6, 0xee, 0xb6, 0xee,
    0xb6, 0xee, 0xb6, 0xee, 0xb6, 0xee, 0xb6, 0xee, 0xb6, 0xee, 0xb6, 0xee, 0xb6, 0xee, 0xb6, 0xee,
    0xb6, 0xee, 0xb6, 0xee, 0xb6, 0xee, 0xb6, 0xee, 0xb6, 0xee, 0xb6, 0xee, 0xb6, 0xee, 0xb6, 0xee,
    0xb6, 0xee, 0xb6, 0xee, 0xb6, 0xee, 0xb6, 0xee, 0xb6, 0xee, 0xb6, 0xee, 0xb6, 0xee, 0xb6, 0xee,
    0xb6, 0xee, 0xb6, 0xee, 0xb6, 0xe6, 0x95, 0xe6, 0x14, 0xd6, 0x10, 0xad, 0x2a, 0x73, 0xa3, 0x49,
    0x22, 0x39, 0x22, 0x39, 0x60, 0x20, 0xe2, 0x30, 0x0a, 0x73, 0x8c, 0x83, 0x4b, 0x7b, 0x6b, 0x7b,
    0x6c, 0x83, 0x6c, 0x7b, 0x6c, 0x7b, 0x4b, 0x7b, 0x6c, 0x7b, 0xea, 0x62, 0xe7, 0x39, 0x66, 0x29,
    0x66, 0x29, 0x25, 0x29, 0x45, 0x29, 0x25, 0x21, 0xa6, 0x39, 0xea, 0x62, 0x6c, 0x7b, 0x6b, 0x83,
    0xea, 0x72, 0x06, 0x4a, 0xc2, 0x18, 0x03, 0x21, 0x45, 0x29, 0x04, 0x21, 0x24, 0x29, 0xe4, 0x18,
    0x04, 0x19, 0x24, 0x21, 0x89, 0x5a, 0x2b, 0x7b, 0x6b, 0x83, 0x4b, 0x7b, 0x47, 0x52, 0x03, 0x29,
    0xa2, 0x18, 0x45, 0x21, 0xa6, 0x31, 0x65, 0x29, 0x24, 0x21, 0xe3, 0x20, 0x65, 0x29, 0x28, 0x42,
    0x2b, 0x73, 0x4b, 0x7b, 0x4b, 0x7b, 0x6c, 0x83, 0x8c, 0x83, 0x6c, 0x7b, 0x6c, 0x7b, 0x6c, 0x7b,
    0x4b, 0x7b, 0xa9, 0x62, 0x84, 0x39, 0x61, 0x10, 0x00, 0x00, 0x00, 0x00, 0x00, 0x00, 0x00, 0x00,
    0x00, 0x00, 0x00, 0x00, 0x00, 0x00, 0x00, 0x00, 0x00, 0x00, 0x00, 0x00, 0x00, 0x00, 0x00, 0x00,
    0x00, 0x00, 0x00, 0x00, 0x00, 0x00, 0x00, 0x00, 0x00, 0x00, 0x00, 0x00, 0x00, 0x00, 0x00, 0x00,
    0x00, 0x00, 0x00, 0x00, 0x00, 0x00, 0x00, 0x00, 0x00, 0x00, 0x00, 0x00, 0x00, 0x00, 0x00, 0x00,
    0x00, 0x00, 0x00, 0x00, 0x00, 0x00, 0x00, 0x00, 0x00, 0x00, 0x00, 0x00, 0x00, 0x00, 0x00, 0x00,
    0x00, 0x00, 0x00, 0x00, 0x00, 0x00, 0x00, 0x00, 0x00, 0x00, 0x00, 0x00, 0x40, 0x10, 0x44, 0x31,
    0x89, 0x5a, 0x2b, 0x73, 0x6b, 0x7b, 0x6c, 0x83, 0x6b, 0x83, 0x6c, 0x7b, 0x8d, 0x83, 0x4b, 0x7b,
    0x6b, 0x7b, 0x6c, 0x83, 0x0b, 0x6b, 0xe7, 0x39, 0x86, 0x29, 0x45, 0x29, 0x24, 0x21, 0xe3, 0x18,
    0xc6, 0x39, 0x24, 0x21, 0xc3, 0x18, 0x89, 0x5a, 0x6b, 0x7b, 0x6b, 0x83, 0x4b, 0x83, 0x6c, 0x7b,
    0x27, 0x4a, 0xc3, 0x18, 0x66, 0x29, 0x24, 0x21, 0xa6, 0x31, 0x24, 0x21, 0x24, 0x21, 0x45, 0x29,
    0x03, 0x21, 0x27, 0x52, 0x0a, 0x73, 0x4b, 0x83, 0x4c, 0x7b, 0xeb, 0x62, 0x04, 0x21, 0xe3, 0x18,
    0x65, 0x29, 0x24, 0x21, 0x45, 0x29, 0x24, 0x21, 0x85, 0x31, 0x0b, 0x6b, 0x6b, 0x83, 0x4b, 0x7b,
    0x8c, 0x83, 0x4b, 0x7b, 0x6b, 0x83, 0x4b, 0x7b, 0x8c, 0x83, 0x0a, 0x73, 0x03, 0x31, 0x61, 0x20,
    0x02, 0x31, 0x43, 0x39, 0x23, 0x41, 0xe6, 0x51, 0x6b, 0x83, 0x92, 0xc5, 0x75, 0xe6, 0xb6, 0xe6,
    0xb6, 0xee, 0xb6, 0xee, 0xb6, 0xee, 0xb6, 0xee, 0xb6, 0xee, 0xb6, 0xee, 0xb6, 0xee, 0xb6, 0xee,
    0xb6, 0xee, 0xb6, 0xee, 0xb6, 0xee, 0xb6, 0xee, 0xb6, 0xee, 0xb6, 0xee, 0xb6, 0xee, 0xb6, 0xee,
    0xb6, 0xee, 0xb6, 0xee, 0xb6, 0xee, 0xb6, 0xee, 0xb6, 0xee, 0xb6, 0xee, 0xb6, 0xee, 0xb6, 0xee,
    0xb6, 0xee, 0xb6, 0xee, 0xb6, 0xee, 0xb6, 0xee, 0xb6, 0xee, 0xb6, 0xee, 0xb6, 0xee, 0xb6, 0xee,
    0xb6, 0xee, 0xb6, 0xee, 0xb6, 0xee, 0xb6, 0xee, 0xb6, 0xee, 0xb6, 0xee, 0xb6, 0xee, 0xb6, 0xe6,
    0x95, 0xe6, 0xd3, 0xcd, 0x0d, 0x94, 0x67, 0x62, 0x83, 0x49, 0x22, 0x39, 0x02, 0x31, 0x80, 0x20,
    0xc2, 0x28, 0x0a, 0x73, 0x8c, 0x83, 0x6c, 0x83, 0x6b, 0x7b, 0x6c, 0x83, 0x6b, 0x7b, 0x6b, 0x7b,
    0x6c, 0x7b, 0x6c, 0x83, 0x4b, 0x7b, 0x6c, 0x7b, 0x4c, 0x73, 0xc6, 0x39, 0x25, 0x21, 0x66, 0x29,
    0x04, 0x21, 0x65, 0x31, 0xea, 0x62, 0x6b, 0x7b, 0x4c, 0x83, 0xea, 0x7a, 0x06, 0x52, 0x44, 0x31,
    0x65, 0x29, 0xa6, 0x31, 0x24, 0x21, 0x24, 0x21, 0x45, 0x21, 0x24, 0x21, 0x04, 0x21, 0x28, 0x4a,
    0x8c, 0x7b, 0x4b, 0x7b, 0x2b, 0x7b, 0x47, 0x5a, 0x03, 0x29, 0x04, 0x21, 0x24, 0x21, 0x04, 0x19,
    0x44, 0x29, 0x45, 0x29, 0x25, 0x21, 0x04, 0x19, 0x07, 0x4a, 0x4b, 0x7b, 0x6c, 0x83, 0x6b, 0x7b,
    0x8c, 0x83, 0x6b, 0x7b, 0x6c, 0x83, 0x6c, 0x83, 0x6c, 0x7b, 0xea, 0x6a, 0xc6, 0x41, 0x81, 0x10,
    0x00, 0x00, 0x00, 0x00, 0x00, 0x00, 0x00, 0x00, 0x00, 0x00, 0x00, 0x00, 0x00, 0x00, 0x00, 0x00,
    0x00, 0x00, 0x00, 0x00, 0x00, 0x00, 0x00, 0x00, 0x00, 0x00, 0x00, 0x00, 0x00, 0x00, 0x00, 0x00,
    0x00, 0x00, 0x00, 0x00, 0x00, 0x00, 0x00, 0x00, 0x00, 0x00, 0x00, 0x00, 0x00, 0x00, 0x00, 0x00,
    0x00, 0x00, 0x00, 0x00, 0x00, 0x00, 0x00, 0x00, 0x00, 0x00, 0x00, 0x00, 0x00, 0x00, 0x00, 0x00,
    0x00, 0x00, 0x00, 0x00, 0x00, 0x00, 0x00, 0x00, 0x00, 0x00, 0x00, 0x00, 0x00, 0x00, 0x00, 0x00,
    0x00, 0x00, 0x00, 0x00, 0x00, 0x00, 0x00, 0x00, 0x00, 0x00, 0x00, 0x00, 0x41, 0x08, 0x85, 0x39,
    0xa9, 0x62, 0x4c, 0x7b, 0x8c, 0x83, 0x6b, 0x83, 0x6c, 0x83, 0x6b, 0x7b, 0x6b, 0x7b, 0x6b, 0x7b,
    0x6c, 0x7b, 0x4c, 0x7b, 0x07, 0x4a, 0x25, 0x21, 0x04, 0x19, 0x45, 0x21, 0x65, 0x29, 0x45, 0x29,
    0x08, 0x4a, 0x4b, 0x73, 0x6b, 0x7b, 0x4b, 0x7b, 0x4b, 0x83, 0x6c, 0x83, 0x4b, 0x7b, 0x27, 0x4a,
    0x04, 0x21, 0x86, 0x31, 0x45, 0x21, 0x24, 0x21, 0x24, 0x29, 0x45, 0x21, 0x65, 0x29, 0x03, 0x29,
    0x27, 0x5a, 0x2b, 0x7b, 0x4b, 0x83, 0x8c, 0x83, 0xea, 0x62, 0x03, 0x21, 0x05, 0x19, 0x46, 0x21,
    0x04, 0x21, 0xe7, 0x49, 0x0a, 0x73, 0x6c, 0x7b, 0x6c, 0x83, 0x6c, 0x83, 0x6c, 0x83, 0x6c, 0x83,
    0x8c, 0x83, 0x4b, 0x7b, 0x6b, 0x7b, 0xad, 0x8b, 0x0a, 0x73, 0x02, 0x31, 0x81, 0x18, 0x23, 0x31,
    0x22, 0x39, 0x63, 0x49, 0xe5, 0x51, 0x6a, 0x7b, 0x92, 0xc5, 0x75, 0xde, 0xb6, 0xe6, 0xb6, 0xee,
    0xb6, 0xee, 0xb6, 0xee, 0xb6, 0xee, 0xb6, 0xee, 0xb6, 0xee, 0xb6, 0xee, 0xb6, 0xee, 0xb6, 0xee,
    0xb6, 0xee, 0xb6, 0xee, 0xb6, 0xee, 0xb6, 0xee, 0xb6, 0xee, 0xb6, 0xee, 0xb6, 0xee, 0xb6, 0xee,
    0xb6, 0xee, 0xb6, 0xee, 0xb6, 0xee, 0xb6, 0xee, 0xb6, 0xee, 0xb6, 0xee, 0xb6, 0xee, 0xb6, 0xee,
    0xb6, 0xee, 0xb6, 0xee, 0xb6, 0xee, 0xb6, 0xee, 0xb6, 0xee, 0xb6, 0xee, 0xb6, 0xee, 0xb6, 0xee,
    0xb6, 0xee, 0xb6, 0xee, 0xb6, 0xee, 0xb6, 0xee, 0xb6, 0xe6, 0x96, 0xe6, 0xb3, 0xc5, 0x0d, 0x94,
    0xe9, 0x6a, 0x84, 0x49, 0x42, 0x41, 0x02, 0x31, 0x60, 0x18, 0x02, 0x31, 0x0b, 0x73, 0xad, 0x83,
    0x6b, 0x7b, 0x6c, 0x83, 0x4b, 0x7b, 0x6c, 0x83, 0x6b, 0x7b, 0x6c, 0x83, 0x6c, 0x83, 0x6c, 0x7b,
    0x8c, 0x83, 0x4b, 0x7b, 0x4c, 0x7b, 0x0b, 0x6b, 0xe7, 0x41, 0x45, 0x29, 0x65, 0x29, 0xc9, 0x62,
    0x4b, 0x7b, 0x6c, 0x83, 0xea, 0x72, 0x07, 0x4a, 0xe2, 0x20, 0x44, 0x29, 0x86, 0x31, 0x04, 0x21,
    0x04, 0x21, 0x65, 0x31, 0xa6, 0x31, 0x44, 0x29, 0x48, 0x52, 0x4c, 0x73, 0x8c, 0x83, 0x2a, 0x7b,
    0x68, 0x5a, 0x24, 0x31, 0xc3, 0x20, 0x45, 0x29, 0x65, 0x29, 0x86, 0x31, 0x24, 0x21, 0x25, 0x21,
    0x65, 0x29, 0xc6, 0x41, 0x4c, 0x73, 0x6c, 0x83, 0x6b, 0x83, 0x6b, 0x7b, 0x6c, 0x83, 0x6c, 0x83,
    0x6c, 0x83, 0x2b, 0x73, 0x07, 0x4a, 0xc2, 0x18, 0x00, 0x00, 0x00, 0x00, 0x00, 0x00, 0x00, 0x00,
    0x00, 0x00, 0x00, 0x00, 0x00, 0x00, 0x00, 0x00, 0x00, 0x00, 0x00, 0x00, 0x00, 0x00, 0x00, 0x00,
    0x00, 0x00, 0x00, 0x00, 0x00, 0x00, 0x00, 0x00, 0x00, 0x00, 0x00, 0x00, 0x00, 0x00, 0x00, 0x00,
    0x00, 0x00, 0x00, 0x00, 0x00, 0x00, 0x00, 0x00, 0x00, 0x00, 0x00, 0x00, 0x00, 0x00, 0x00, 0x00,
    0x00, 0x00, 0x00, 0x00, 0x00, 0x00, 0x00, 0x00, 0x00, 0x00, 0x00, 0x00, 0x00, 0x00, 0x00, 0x00,
    0x00, 0x00, 0x00, 0x00, 0x00, 0x00, 0x00, 0x00, 0x00, 0x00, 0x00, 0x00, 0x00, 0x00, 0x00, 0x00,
    0x00, 0x00, 0x00, 0x00, 0x00, 0x00, 0x00, 0x00, 0x00, 0x00, 0x00, 0x00, 0x61, 0x10, 0xe6, 0x49,
    0x0b, 0x73, 0x6c, 0x7b, 0x8c, 0x83, 0x4b, 0x7b, 0x8c, 0x83, 0x4b, 0x7b, 0x8c, 0x83, 0x6c, 0x7b,
    0xeb, 0x6a, 0xe7, 0x41, 0x24, 0x21, 0x25, 0x21, 0x24, 0x29, 0x28, 0x52, 0x4c, 0x73, 0x6c, 0x83,
    0x2b, 0x7b, 0xa9, 0x62, 0xa9, 0x6a, 0x4b, 0x7b, 0x6c, 0x83, 0x2b, 0x73, 0x89, 0x5a, 0xc6, 0x39,
    0x86, 0x29, 0x65, 0x29, 0x24, 0x29, 0x04, 0x21, 0xa6, 0x31, 0xe3, 0x20, 0xe3, 0x28, 0x48, 0x5a,
    0x0a, 0x73, 0x4b, 0x7b, 0x6c, 0x7b, 0xa9, 0x62, 0x65, 0x29, 0x04, 0x21, 0x28, 0x4a, 0x0b, 0x73,
    0x4b, 0x7b, 0x6c, 0x83, 0x6c, 0x83, 0x6c, 0x7b, 0x6c, 0x83, 0x4b, 0x7b, 0x4b, 0x7b, 0x6c, 0x83,
    0x8c, 0x83, 0x6c, 0x83, 0x8c, 0x83, 0x0a, 0x73, 0x02, 0x29, 0x80, 0x20, 0x02, 0x31, 0x22, 0x39,
    0x43, 0x41, 0xe5, 0x51, 0x6b, 0x7b, 0x92, 0xbd, 0x75, 0xe6, 0xb6, 0xe6, 0xb6, 0xee, 0xb6, 0xee,
    0xb6, 0xee, 0xb6, 0xee, 0xb6, 0xee, 0xb6, 0xee, 0xb6, 0xee, 0xb6, 0xee, 0xb6, 0xee, 0xb6, 0xee,
    0xb6, 0xee, 0xb6, 0xee, 0xb6, 0xee, 0xb6, 0xee, 0xb6, 0xee, 0xb6, 0xee, 0xb6, 0xee, 0xb6, 0xee,
    0xb6, 0xee, 0xb6, 0xee, 0xb6, 0xee, 0xb6, 0xee, 0xb6, 0xee, 0xb6, 0xee, 0xb6, 0xee, 0xb6, 0xee,
    0xb6, 0xee, 0xb6, 0xee, 0xb6, 0xee, 0xb6, 0xee, 0xb6, 0xee, 0xb6, 0xee, 0xb6, 0xee, 0xb6, 0xee,
    0xb6, 0xee, 0xb6, 0xee, 0x96, 0xe6, 0xf3, 0xcd, 0x8b, 0x83, 0x05, 0x52, 0x84, 0x49, 0x23, 0x39,
    0x03, 0x39, 0x60, 0x18, 0xe2, 0x28, 0x2b, 0x73, 0x8c, 0x83, 0x6b, 0x83, 0x4b, 0x7b, 0x6b, 0x7b,
    0x4b, 0x7b, 0x6b, 0x7b, 0x6b, 0x7b, 0x6b, 0x7b, 0x6c, 0x83, 0x4b, 0x7b, 0x6b, 0x7b, 0x4b, 0x7b,
    0x8c, 0x83, 0xad, 0x83, 0x0b, 0x6b, 0x27, 0x4a, 0xc9, 0x62, 0x6c, 0x83, 0x6c, 0x83, 0x0b, 0x73,
    0xe6, 0x49, 0x24, 0x29, 0x65, 0x29, 0x24, 0x21, 0x45, 0x29, 0x04, 0x21, 0x25, 0x29, 0x04, 0x21,
    0x45, 0x29, 0x48, 0x52, 0x6c, 0x7b, 0x8c, 0x83, 0x2a, 0x73, 0x48, 0x5a, 0x03, 0x21, 0xc3, 0x18,
    0x65, 0x29, 0x65, 0x29, 0xc7, 0x31, 0x45, 0x29, 0x45, 0x21, 0x45, 0x21, 0x07, 0x4a, 0x6c, 0x7b,
    0x4b, 0x7b, 0x4c, 0x83, 0x4b, 0x83, 0x6c, 0x83, 0x4b, 0x7b, 0x4c, 0x7b, 0xca, 0x62, 0x03, 0x29,
    0x00, 0x08, 0x00, 0x00, 0x20, 0x00, 0x00, 0x00, 0x00, 0x00, 0x00, 0x00, 0x00, 0x00, 0x00, 0x00,
    0x00, 0x00, 0x00, 0x00, 0x00, 0x00, 0x00, 0x00, 0x00, 0x00, 0x00, 0x00, 0x00, 0x00, 0x00, 0x00,
    0x00, 0x00, 0x00, 0x00, 0x00, 0x00, 0x00, 0x00, 0x00, 0x00, 0x00, 0x00, 0x00, 0x00, 0x00, 0x00,
    0x00, 0x00, 0x00, 0x00, 0x00, 0x00, 0x00, 0x00, 0x00, 0x00, 0x00, 0x00, 0x00, 0x00, 0x00, 0x00,
    0x00, 0x00, 0x00, 0x00, 0x00, 0x00, 0x00, 0x00, 0x00, 0x00, 0x00, 0x00, 0x00, 0x00, 0x00, 0x00,
    0x00, 0x00, 0x00, 0x00, 0x00, 0x00, 0x00, 0x00, 0x00, 0x00, 0x00, 0x00, 0x00, 0x00, 0x00, 0x00,
    0x00, 0x00, 0x00, 0x00, 0x00, 0x00, 0x00, 0x00, 0x00, 0x00, 0x00, 0x00, 0x03, 0x29, 0x89, 0x5a,
    0x4b, 0x73, 0x8c, 0x83, 0x6b, 0x7b, 0x4b, 0x7b, 0x6c, 0x83, 0x6c, 0x7b, 0x4c, 0x7b, 0x2b, 0x73,
    0x07, 0x42, 0x44, 0x29, 0x69, 0x52, 0x6c, 0x7b, 0x4b, 0x83, 0x2b, 0x7b, 0x27, 0x52, 0x03, 0x29,
    0x44, 0x31, 0x69, 0x62, 0x2b, 0x7b, 0x6c, 0x83, 0x2b, 0x73, 0x27, 0x4a, 0x65, 0x31, 0x65, 0x29,
    0xa7, 0x31, 0x45, 0x29, 0x04, 0x21, 0x65, 0x29, 0x04, 0x21, 0x03, 0x29, 0x07, 0x52, 0x0a, 0x73,
    0x6b, 0x7b, 0x8c, 0x83, 0xa9, 0x62, 0x28, 0x4a, 0x0b, 0x73, 0x8c, 0x83, 0x6c, 0x7b, 0x4b, 0x7b,
    0x6c, 0x7b, 0x4b, 0x7b, 0x8c, 0x83, 0x4b, 0x7b, 0x6b, 0x7b, 0x6c, 0x83, 0x6c, 0x83, 0x4b, 0x7b,
    0x8c, 0x83, 0x8c, 0x83, 0xea, 0x72, 0x02, 0x31, 0x60, 0x20, 0x43, 0x39, 0x03, 0x39, 0x43, 0x41,
    0xe5, 0x51, 0x6a, 0x7b, 0x92, 0xc5, 0x75, 0xe6, 0xb6, 0xe6, 0xb6, 0xee, 0xb6, 0xee, 0xb6, 0xee,
    0xb6, 0xee, 0xb6, 0xee, 0xb6, 0xee, 0xb6, 0xee, 0xb6, 0xee, 0xb6, 0xee, 0xb6, 0xee, 0xb6, 0xee,
    0xb6, 0xee, 0xb6, 0xee, 0xb6, 0xee, 0xb6, 0xee, 0xb6, 0xee, 0xb6, 0xee, 0xb6, 0xee, 0xb6, 0xee,
    0xb6, 0xee, 0xb6, 0xee, 0xb6, 0xee, 0xb6, 0xee, 0xb6, 0xee, 0xb6, 0xee, 0xb6, 0xee, 0xb6, 0xee,
    0xb6, 0xee, 0xb6, 0xee, 0xb6, 0xee, 0xb6, 0xee, 0xb6, 0xee, 0xb6, 0xee, 0xb6, 0xe6, 0x95, 0xe6,
    0xf3, 0xd5, 0xf0, 0xac, 0x67, 0x5a, 0x63, 0x41, 0x23, 0x41, 0x03, 0x39, 0x40, 0x18, 0xe2, 0x28,
    0xea, 0x72, 0xad, 0x83, 0x4b, 0x7b, 0x6b, 0x7b, 0x6c, 0x83, 0x6c, 0x83, 0x4b, 0x7b, 0x6c, 0x83,
    0x6b, 0x7b, 0x6b, 0x7b, 0x6b, 0x83, 0x6c, 0x83, 0x4b, 0x7b, 0x6b, 0x83, 0x6c, 0x83, 0x4b, 0x7b,
    0x6c, 0x7b, 0x6b, 0x7b, 0x6c, 0x7b, 0x6b, 0x83, 0xea, 0x72, 0x07, 0x52, 0xe2, 0x20, 0x45, 0x29,
    0x86, 0x31, 0x45, 0x29, 0x44, 0x29, 0x65, 0x29, 0x65, 0x29, 0xc7, 0x31, 0xa9, 0x5a, 0x2b, 0x73,
    0x6b, 0x83, 0x2a, 0x7b, 0x68, 0x5a, 0x23, 0x29, 0x24, 0x21, 0x45, 0x21, 0x04, 0x19, 0x04, 0x19,
    0x24, 0x21, 0x65, 0x31, 0x45, 0x29, 0x07, 0x42, 0x0b, 0x73, 0x4b, 0x7b, 0x6c, 0x83, 0x6c, 0x83,
    0x6c, 0x7b, 0x4b, 0x7b, 0x2b, 0x7b, 0x07, 0x4a, 0x61, 0x10, 0x00, 0x00, 0x00, 0x00, 0x21, 0x00,
    0x00, 0x00, 0x00, 0x00, 0x00, 0x00, 0x00, 0x00, 0x00, 0x00, 0x00, 0x00, 0x00, 0x00, 0x00, 0x00,
    0x00, 0x00, 0x00, 0x00, 0x00, 0x00, 0x00, 0x00, 0x00, 0x00, 0x00, 0x00, 0x00, 0x00, 0x00, 0x00,
    0x00, 0x00, 0x00, 0x00, 0x00, 0x00, 0x00, 0x00, 0x00, 0x00, 0x00, 0x00, 0x00, 0x00, 0x00, 0x00,
    0x00, 0x00, 0x00, 0x00, 0x00, 0x00, 0x00, 0x00, 0x00, 0x00, 0x00, 0x00, 0x00, 0x00, 0x00, 0x00,
    0x00, 0x00, 0x00, 0x00, 0x00, 0x00, 0x00, 0x00, 0x00, 0x00, 0x00, 0x00, 0x00, 0x00, 0x00, 0x00,
    0x00, 0x00, 0x00, 0x00, 0x00, 0x00, 0x00, 0x00, 0x00, 0x00, 0x00, 0x00, 0x00, 0x00, 0x00, 0x00,
    0x00, 0x00, 0x00, 0x00, 0x00, 0x00, 0x00, 0x00, 0x00, 0x00, 0x61, 0x08, 0xa6, 0x41, 0x2b, 0x73,
    0x6c, 0x7b, 0x6b, 0x7b, 0x4b, 0x7b, 0x6c, 0x83, 0x6c, 0x83, 0x6b, 0x83, 0x0b, 0x6b, 0xaa, 0x5a,
    0x2c, 0x73, 0x6c, 0x83, 0x0a, 0x7b, 0x48, 0x5a, 0x24, 0x29, 0xe3, 0x20, 0x04, 0x21, 0x65, 0x39,
    0x68, 0x62, 0x2b, 0x7b, 0x8c, 0x83, 0x6c, 0x7b, 0x48, 0x52, 0x04, 0x21, 0x86, 0x31, 0x86, 0x31,
    0x24, 0x21, 0x25, 0x21, 0x66, 0x29, 0x45, 0x29, 0x03, 0x29, 0x27, 0x52, 0x0a, 0x73, 0x6b, 0x83,
    0x6b, 0x7b, 0x6c, 0x7b, 0x4b, 0x7b, 0x6c, 0x83, 0x6c, 0x7b, 0x4b, 0x7b, 0x6c, 0x83, 0x4b, 0x7b,
    0x8c, 0x83, 0x6c, 0x7b, 0x6c, 0x83, 0x4b, 0x7b, 0x6c, 0x7b, 0x6c, 0x83, 0x6c, 0x83, 0x4b, 0x7b,
    0x6c, 0x83, 0x2b, 0x73, 0xe2, 0x28, 0x40, 0x18, 0x03, 0x31, 0x23, 0x41, 0x63, 0x41, 0xe5, 0x49,
    0x8b, 0x83, 0x92, 0xc5, 0x75, 0xe6, 0xb6, 0xe6, 0xb6, 0xee, 0xb6, 0xee, 0xb6, 0xee, 0xb6, 0xee,
    0xb6, 0xee, 0xb6, 0xee, 0xb6, 0xee, 0xb6, 0xee, 0xb6, 0xee, 0xb6, 0xee, 0xb6, 0xee, 0xb6, 0xee,
    0xb6, 0xee, 0xb6, 0xee, 0xb6, 0xee, 0xb6, 0xee, 0xb6, 0xee, 0xb6, 0xee, 0xb6, 0xee, 0xb6, 0xee,
    0xb6, 0xee, 0xb6, 0xee, 0xb6, 0xee, 0xb6, 0xee, 0xb6, 0xee, 0xb6, 0xee, 0xb6, 0xee, 0xb6, 0xee,
    0xb6, 0xee, 0xb6, 0xee, 0xb6, 0xee, 0xb6, 0xe6, 0x95, 0xe6, 0xd3, 0xcd, 0x2d, 0x94, 0x47, 0x5a,
    0xa4, 0x49, 0x23, 0x39, 0x23, 0x39, 0x60, 0x20, 0x03, 0x31, 0x0a, 0x73, 0x8c, 0x83, 0x4b, 0x7b,
    0x6c, 0x83, 0x8c, 0x83, 0x6c, 0x83, 0x8c, 0x83, 0x6c, 0x83, 0x6c, 0x83, 0x6b, 0x7b, 0x6c, 0x83,
    0x6c, 0x83, 0x6c, 0x83, 0x8c, 0x83, 0x6b, 0x83, 0x6b, 0x83, 0x6c, 0x83, 0x6c, 0x83, 0x6b, 0x83,
    0x4b, 0x7b, 0x4b, 0x7b, 0x48, 0x52, 0x03, 0x29, 0x86, 0x31, 0x45, 0x29, 0x65, 0x31, 0x24, 0x21,
    0xa6, 0x31, 0x65, 0x31, 0x64, 0x29, 0x89, 0x52, 0x4b, 0x7b, 0x6c, 0x7b, 0x4b, 0x7b, 0x48, 0x5a,
    0x24, 0x29, 0x03, 0x21, 0x86, 0x31, 0x45, 0x29, 0x04, 0x21, 0x86, 0x31, 0x45, 0x29, 0x45, 0x29,
    0x28, 0x4a, 0x2b, 0x73, 0x8c, 0x83, 0x6b, 0x83, 0x4b, 0x7b, 0x8c, 0x83, 0x6c, 0x7b, 0xea, 0x6a,
    0x85, 0x39, 0x00, 0x00, 0x00, 0x00, 0x00, 0x00, 0x00, 0x00, 0x00, 0x00, 0x00, 0x00, 0x00, 0x00,
    0x00, 0x00, 0x00, 0x00, 0x00, 0x00, 0x00, 0x00, 0x00, 0x00, 0x00, 0x00, 0x00, 0x00, 0x00, 0x00,
    0x00, 0x00, 0x00, 0x00, 0x00, 0x00, 0x00, 0x00, 0x00, 0x00, 0x00, 0x00, 0x00, 0x00, 0x00, 0x00,
    0x00, 0x00, 0x00, 0x00, 0x00, 0x00, 0x00, 0x00, 0x00, 0x00, 0x00, 0x00, 0x00, 0x00, 0x00, 0x00,
    0x00, 0x00, 0x00, 0x00, 0x00, 0x00, 0x00, 0x00, 0x00, 0x00, 0x00, 0x00, 0x00, 0x00, 0x00, 0x00,
    0x00, 0x00, 0x00, 0x00, 0x00, 0x00, 0x00, 0x00, 0x00, 0x00, 0x00, 0x00, 0x00, 0x00, 0x00, 0x00,
    0x00, 0x00, 0x00, 0x00, 0x00, 0x00, 0x00, 0x00, 0x00, 0x00, 0x00, 0x00, 0x00, 0x00, 0x00, 0x00,
    0x00, 0x00, 0x00, 0x00, 0x00, 0x00, 0x00, 0x00, 0x00, 0x00, 0x24, 0x31, 0xca, 0x62, 0x6c, 0x7b,
    0xcd, 0x8b, 0x4b, 0x7b, 0x8c, 0x83, 0x6b, 0x7b, 0x6b, 0x7b, 0xad, 0x83, 0x4c, 0x7b, 0x6c, 0x7b,
    0x47, 0x5a, 0x23, 0x29, 0x03, 0x21, 0x08, 0x42, 0xe7, 0x39, 0xc3, 0x20, 0x64, 0x31, 0xa9, 0x62,
    0x4b, 0x7b, 0x4b, 0x7b, 0x8d, 0x83, 0x27, 0x4a, 0x65, 0x29, 0x24, 0x21, 0x86, 0x31, 0xc7, 0x31,
    0x45, 0x21, 0xe7, 0x39, 0x65, 0x31, 0xe3, 0x20, 0x48, 0x5a, 0x4b, 0x7b, 0x6b, 0x83, 0x8c, 0x83,
    0x6b, 0x7b, 0x6c, 0x83, 0x8c, 0x83, 0x6c, 0x7b, 0x8c, 0x83, 0x6c, 0x83, 0x8c, 0x83, 0x6c, 0x7b,
    0x6c, 0x83, 0x6c, 0x83, 0x6c, 0x83, 0x8c, 0x83, 0x6b, 0x7b, 0x6c, 0x83, 0x4b, 0x7b, 0xcd, 0x8b,
    0x0b, 0x73, 0xe3, 0x30, 0x40, 0x18, 0x23, 0x39, 0x22, 0x39, 0x83, 0x41, 0xe5, 0x51, 0x6b, 0x7b,
    0x92, 0xbd, 0x95, 0xe6, 0xb6, 0xe6, 0xb6, 0xee, 0xb6, 0xee, 0xb6, 0xee, 0xb6, 0xee, 0xb6, 0xee,
    0xb6, 0xee, 0xb6, 0xee, 0xb6, 0xee, 0xb6, 0xee, 0xb6, 0xee, 0xb6, 0xee, 0xb6, 0xee, 0xb6, 0xee,
    0xb6, 0xee, 0xb6, 0xee, 0xb6, 0xee, 0xb6, 0xee, 0xb6, 0xee, 0xb6, 0xee, 0xb6, 0xee, 0xb6, 0xee,
    0xb6, 0xee, 0xb6, 0xee, 0xb6, 0xee, 0xb6, 0xee, 0xb6, 0xee, 0xb6, 0xee, 0xb6, 0xee, 0xb6, 0xee,
    0xb6, 0xee, 0x96, 0xe6, 0xb2, 0xc5, 0xcc, 0x8b, 0xc8, 0x6a, 0x84, 0x49, 0x23, 0x39, 0x02, 0x39,
    0x60, 0x20, 0xc2, 0x28, 0x0b, 0x73, 0x6c, 0x83, 0x6b, 0x7b, 0x6b, 0x83, 0x6b, 0x7b, 0x4b, 0x7b,
    0x6c, 0x83, 0x8c, 0x83, 0x6b, 0x7b, 0x6b, 0x7b, 0x4b, 0x7b, 0x4b, 0x7b, 0x6b, 0x7b, 0x4b, 0x7b,
    0x8c, 0x83, 0x4b, 0x7b, 0x6b, 0x7b, 0x8c, 0x83, 0x4b, 0x7b, 0x2b, 0x7b, 0x6c, 0x83, 0x4c, 0x73,
    0x64, 0x31, 0xc3, 0x18, 0x86, 0x31, 0x24, 0x21, 0xe3, 0x18, 0x45, 0x21, 0x45, 0x21, 0x45, 0x29,
    0x69, 0x5a, 0x2b, 0x7b, 0x6b, 0x7b, 0x2b, 0x7b, 0x68, 0x5a, 0x24, 0x31, 0x04, 0x21, 0x25, 0x21,
    0x24, 0x21, 0x65, 0x31, 0x65, 0x29, 0x04, 0x21, 0x86, 0x31, 0x29, 0x4a, 0x2b, 0x73, 0x6b, 0x83,
    0x2b, 0x7b, 0x6b, 0x7b, 0x6b, 0x83, 0x6b, 0x7b, 0xa9, 0x62, 0xe3, 0x20, 0x00, 0x00, 0x00, 0x00,
    0x00, 0x00, 0x20, 0x00, 0x00, 0x00, 0x00, 0x00, 0x00, 0x00, 0x00, 0x00, 0x00, 0x00, 0x00, 0x00,
    0x00, 0x00, 0x00, 0x00, 0x00, 0x00, 0x00, 0x00, 0x00, 0x00, 0x00, 0x00, 0x00, 0x00, 0x00, 0x00,
    0x00, 0x00, 0x00, 0x00, 0x00, 0x00, 0x00, 0x00, 0x00, 0x00, 0x00, 0x00, 0x00, 0x00, 0x00, 0x00,
    0x00, 0x00, 0x00, 0x00, 0x00, 0x00, 0x00, 0x00, 0x00, 0x00, 0x00, 0x00, 0x00, 0x00, 0x00, 0x00,
    0x00, 0x00, 0x00, 0x00, 0x00, 0x00, 0x00, 0x00, 0x00, 0x00, 0x00, 0x00, 0x00, 0x00, 0x00, 0x00,
    0x00, 0x00, 0x00, 0x00, 0x00, 0x00, 0x00, 0x00, 0x00, 0x00, 0x00, 0x00, 0x00, 0x00, 0x00, 0x00,
    0x00, 0x00, 0x00, 0x00, 0x00, 0x00, 0x00, 0x00, 0x00, 0x00, 0x00, 0x00, 0x00, 0x00, 0x00, 0x00,
    0x00, 0x00, 0x00, 0x00, 0x00, 0x00, 0x00, 0x00, 0xa2, 0x18, 0x68, 0x5a, 0x6c, 0x7b, 0x8c, 0x83,
    0x4b, 0x7b, 0x6b, 0x7b, 0x4b, 0x7b, 0x4b, 0x83, 0x6c, 0x83, 0xa9, 0x62, 0x24, 0x29, 0x04, 0x21,
    0x24, 0x21, 0x65, 0x29, 0x45, 0x29, 0xe3, 0x20, 0xc3, 0x18, 0x44, 0x31, 0x68, 0x5a, 0x2a, 0x7b,
    0x8c, 0x83, 0x6c, 0x7b, 0x48, 0x52, 0x04, 0x21, 0x65, 0x29, 0x44, 0x29, 0x86, 0x31, 0x45, 0x29,
    0x25, 0x21, 0xe4, 0x20, 0xe6, 0x41, 0x4b, 0x7b, 0x4b, 0x7b, 0x4b, 0x7b, 0x6c, 0x7b, 0x6c, 0x83,
    0x6c, 0x7b, 0x4b, 0x7b, 0x6c, 0x7b, 0x8c, 0x83, 0x6c, 0x83, 0x4b, 0x7b, 0x4c, 0x7b, 0x6c, 0x7b,
    0x6b, 0x7b, 0x6b, 0x7b, 0x4b, 0x7b, 0x6b, 0x83, 0x6b, 0x7b, 0x6b, 0x7b, 0x8c, 0x83, 0x0b, 0x73,
    0xe2, 0x28, 0x81, 0x18, 0x02, 0x31, 0x02, 0x39, 0x43, 0x41, 0xe5, 0x51, 0x8b, 0x83, 0xf4, 0xcd,
    0xb6, 0xe6, 0xb6, 0xee, 0xb6, 0xee, 0xb6, 0xee, 0xb6, 0xee, 0xb6, 0xee, 0xb6, 0xee, 0xb6, 0xee,
    0xb6, 0xee, 0xb6, 0xee, 0xb6, 0xee, 0xb6, 0xee, 0xb6, 0xee, 0xb6, 0xee, 0xb6, 0xee, 0xb6, 0xee,
    0xb6, 0xee, 0xb6, 0xee, 0xb6, 0xee, 0xb6, 0xee, 0xb6, 0xee, 0xb6, 0xee, 0xb6, 0xee, 0xb6, 0xee,
    0xb6, 0xee, 0xb6, 0xee, 0xb6, 0xee, 0xb6, 0xee, 0xb6, 0xee, 0xb6, 0xee, 0xb6, 0xe6, 0xf4, 0xcd,
    0x8b, 0x83, 0x06, 0x5a, 0xc5, 0x51, 0x23, 0x39, 0x02, 0x31, 0x40, 0x18, 0x03, 0x31, 0x2b, 0x7b,
    0x8c, 0x83, 0x6b, 0x7b, 0x6c, 0x7b, 0x8c, 0x83, 0x6c, 0x83, 0x6c, 0x7b, 0x6c, 0x7b, 0x8c, 0x83,
    0x4b, 0x7b, 0x6b, 0x7b, 0x4b, 0x7b, 0x6b, 0x7b, 0x6c, 0x83, 0x4b, 0x7b, 0x8c, 0x83, 0x6b, 0x7b,
    0x6c, 0x83, 0x8c, 0x83, 0x6c, 0x83, 0x6c, 0x7b, 0x6c, 0x83, 0x8c, 0x83, 0xea, 0x6a, 0xe7, 0x41,
    0x25, 0x21, 0xa6, 0x31, 0x07, 0x3a, 0xc7, 0x39, 0x24, 0x21, 0x89, 0x5a, 0x4b, 0x7b, 0x6b, 0x83,
    0x4b, 0x7b, 0x68, 0x5a, 0x23, 0x29, 0x03, 0x21, 0x66, 0x29, 0x86, 0x31, 0x65, 0x31, 0x45, 0x29,
    0x45, 0x29, 0x86, 0x31, 0x48, 0x52, 0x2a, 0x73, 0x6c, 0x83, 0x4b, 0x7b, 0x4b, 0x7b, 0x8c, 0x83,
    0x4b, 0x7b, 0x48, 0x52, 0x82, 0x10, 0x00, 0x00, 0x00, 0x00, 0x00, 0x00, 0x00, 0x00, 0x00, 0x00,
    0x00, 0x00, 0x00, 0x00, 0x00, 0x00, 0x00, 0x00, 0x00, 0x00, 0x00, 0x00, 0x00, 0x00, 0x00, 0x00,
    0x00, 0x00, 0x00, 0x00, 0x00, 0x00, 0x00, 0x00, 0x00, 0x00, 0x00, 0x00, 0x00, 0x00, 0x00, 0x00,
    0x00, 0x00, 0x00, 0x00, 0x00, 0x00, 0x00, 0x00, 0x00, 0x00, 0x00, 0x00, 0x00, 0x00, 0x00, 0x00,
    0x00, 0x00, 0x00, 0x00, 0x00, 0x00, 0x00, 0x00, 0x00, 0x00, 0x00, 0x00, 0x00, 0x00, 0x00, 0x00,
    0x00, 0x00, 0x00, 0x00, 0x00, 0x00, 0x00, 0x00, 0x00, 0x00, 0x00, 0x00, 0x00, 0x00, 0x00, 0x00,
    0x00, 0x00, 0x00, 0x00, 0x00, 0x00, 0x00, 0x00, 0x00, 0x00, 0x00, 0x00, 0x00, 0x00, 0x00, 0x00,
    0x00, 0x00, 0x00, 0x00, 0x00, 0x00, 0x00, 0x00, 0x00, 0x00, 0x00, 0x00, 0x00, 0x00, 0x00, 0x00,
    0x00, 0x00, 0x20, 0x00, 0x00, 0x00, 0x81, 0x10, 0x48, 0x52, 0x4b, 0x7b, 0x8c, 0x83, 0x4b, 0x7b,
    0x4b, 0x7b, 0x6c, 0x83, 0x6c, 0x7b, 0x2b, 0x73, 0xa5, 0x39, 0x65, 0x29, 0x45, 0x21, 0x65, 0x29,
    0x03, 0x21, 0xe3, 0x18, 0x04, 0x21, 0xc2, 0x18, 0x85, 0x39, 0x89, 0x62, 0x2b, 0x7b, 0x6c, 0x83,
    0x4b, 0x73, 0xa9, 0x5a, 0x65, 0x29, 0x24, 0x21, 0x66, 0x29, 0x86, 0x31, 0x24, 0x21, 0x85, 0x39,
    0xea, 0x6a, 0xad, 0x83, 0x4b, 0x7b, 0x8c, 0x83, 0x8c, 0x83, 0x6c, 0x83, 0x6c, 0x7b, 0x6c, 0x7b,
    0x6c, 0x83, 0x6c, 0x7b, 0x6c, 0x83, 0x4b, 0x7b, 0x6c, 0x83, 0x6c, 0x7b, 0x6c, 0x7b, 0x6c, 0x7b,
    0x6c, 0x7b, 0x8c, 0x83, 0x6b, 0x7b, 0xac, 0x83, 0x4b, 0x7b, 0xad, 0x83, 0x2b, 0x73, 0x03, 0x31,
    0x80, 0x20, 0xe2, 0x30, 0x43, 0x41, 0x63, 0x49, 0x47, 0x5a, 0x10, 0xad, 0x75, 0xde, 0xb6, 0xe6,
    0xb6, 0xee, 0xb6, 0xee, 0xb6, 0xee, 0xb6, 0xee, 0xb6, 0xee, 0xb6, 0xee, 0xb6, 0xee, 0xb6, 0xee,
    0xb6, 0xee, 0xb6, 0xee, 0xb6, 0xee, 0xb6, 0xee, 0xb6, 0xee, 0xb6, 0xee, 0xb6, 0xee, 0xb6, 0xee,
    0xb6, 0xee, 0xb6, 0xee, 0xb6, 0xee, 0xb6, 0xee, 0xb6, 0xee, 0xb6, 0xee, 0xb6, 0xee, 0xb6, 0xee,
    0xb6, 0xee, 0xb6, 0xee, 0xb6, 0xee, 0xb6, 0xe6, 0x95, 0xe6, 0x51, 0xb5, 0x67, 0x62, 0x63, 0x49,
    0x22, 0x39, 0xe2, 0x30, 0x80, 0x20, 0x03, 0x29, 0x0b, 0x73, 0x8c, 0x83, 0x4b, 0x7b, 0x6c, 0x7b,
    0x4b, 0x7b, 0x6c, 0x83, 0x6c, 0x83, 0x8c, 0x83, 0x6c, 0x83, 0x6c, 0x83, 0x4b, 0x7b, 0x8c, 0x83,
    0x6b, 0x7b, 0x6b, 0x7b, 0x6b, 0x7b, 0x4b, 0x7b, 0x6b, 0x7b, 0x4b, 0x7b, 0x6c, 0x83, 0x6c, 0x83,
    0x6b, 0x7b, 0x6c, 0x7b, 0x6b, 0x7b, 0x6b, 0x7b, 0x8c, 0x83, 0xea, 0x62, 0xa6, 0x39, 0x45, 0x29,
    0x24, 0x21, 0x85, 0x31, 0x48, 0x52, 0x6c, 0x7b, 0x6c, 0x7b, 0x0a, 0x73, 0x48, 0x5a, 0x03, 0x29,
    0xa2, 0x18, 0x65, 0x29, 0xc7, 0x39, 0x45, 0x29, 0x86, 0x31, 0x45, 0x29, 0xe3, 0x20, 0x07, 0x4a,
    0x2b, 0x73, 0x8c, 0x83, 0x4b, 0x7b, 0x8c, 0x83, 0x4b, 0x7b, 0x4c, 0x7b, 0x28, 0x52, 0x41, 0x08,
    0x00, 0x00, 0x00, 0x00, 0x00, 0x00, 0x00, 0x00, 0x00, 0x00, 0x00, 0x00, 0x00, 0x00, 0x00, 0x00,
    0x00, 0x00, 0x00, 0x00, 0x00, 0x00, 0x00, 0x00, 0x00, 0x00, 0x00, 0x00, 0x00, 0x00, 0x00, 0x00,
    0x00, 0x00, 0x00, 0x00, 0x00, 0x00, 0x00, 0x00, 0x00, 0x00, 0x00, 0x00, 0x00, 0x00, 0x00, 0x00,
    0x00, 0x00, 0x00, 0x00, 0x00, 0x00, 0x00, 0x00, 0x00, 0x00, 0x00, 0x00, 0x00, 0x00, 0x00, 0x00,
    0x00, 0x00, 0x00, 0x00, 0x00, 0x00, 0x00, 0x00, 0x00, 0x00, 0x00, 0x00, 0x00, 0x00, 0x00, 0x00,
    0x00, 0x00, 0x00, 0x00, 0x00, 0x00, 0x00, 0x00, 0x00, 0x00, 0x00, 0x00, 0x00, 0x00, 0x00, 0x00,
    0x00, 0x00, 0x00, 0x00, 0x00, 0x00, 0x00, 0x00, 0x00, 0x00, 0x00, 0x00, 0x00, 0x00, 0x00, 0x00,
    0x00, 0x00, 0x00, 0x00, 0x00, 0x00, 0x00, 0x00, 0x00, 0x00, 0x00, 0x00, 0x00, 0x00, 0x00, 0x00,
    0x00, 0x00, 0x00, 0x00, 0x61, 0x10, 0xc6, 0x41, 0x4b, 0x73, 0x6b, 0x7b, 0x6b, 0x83, 0x6b, 0x83,
    0x6b, 0x7b, 0x6c, 0x7b, 0x2b, 0x6b, 0x07, 0x42, 0x45, 0x29, 0x24, 0x29, 0x24, 0x21, 0x24, 0x21,
    0x04, 0x21, 0x65, 0x29, 0x03, 0x21, 0x44, 0x31, 0xa9, 0x62, 0x2b, 0x7b, 0x4b, 0x7b, 0x6c, 0x7b,
    0x68, 0x52, 0x65, 0x29, 0x66, 0x29, 0x45, 0x29, 0x08, 0x4a, 0x0a, 0x6b, 0x6c, 0x83, 0x8c, 0x83,
    0x6c, 0x83, 0x6c, 0x7b, 0x4b, 0x7b, 0x6c, 0x83, 0x8c, 0x83, 0x6c, 0x83, 0x6c, 0x7b, 0x8c, 0x83,
    0x4b, 0x7b, 0x6c, 0x7b, 0x6c, 0x83, 0x6c, 0x7b, 0x6c, 0x7b, 0x6c, 0x7b, 0x4b, 0x7b, 0x6c, 0x7b,
    0x6b, 0x7b, 0x8c, 0x83, 0x6c, 0x83, 0x6b, 0x7b, 0x8c, 0x83, 0xea, 0x72, 0x02, 0x31, 0x80, 0x20,
    0x02, 0x31, 0x22, 0x41, 0x83, 0x49, 0x2a, 0x73, 0x71, 0xbd, 0x95, 0xe6, 0xb6, 0xe6, 0xb6, 0xee,
    0xb6, 0xee, 0xb6, 0xee, 0xb6, 0xee, 0xb6, 0xee, 0xb6, 0xee, 0xb6, 0xee, 0xb6, 0xee, 0xb6, 0xee,
    0xb6, 0xee, 0xb6, 0xee, 0xb6, 0xee, 0xb6, 0xee, 0xb6, 0xee, 0xb6, 0xee, 0xb6, 0xee, 0xb6, 0xee,
    0xb6, 0xee, 0xb6, 0xee, 0xb6, 0xee, 0xb6, 0xee, 0xb6, 0xee, 0xb6, 0xee, 0xb6, 0xee, 0xb6, 0xee,
    0xb6, 0xee, 0x96, 0xe6, 0x34, 0xd6, 0xed, 0x8b, 0xc5, 0x49, 0x63, 0x41, 0x22, 0x39, 0x80, 0x20,
    0x03, 0x31, 0xca, 0x62, 0xad, 0x8b, 0x6c, 0x83, 0x6c, 0x83, 0x6c, 0x83, 0x6c, 0x7b, 0x6c, 0x7b,
    0x6c, 0x7b, 0x8c, 0x83, 0x6c, 0x83, 0x6c, 0x83, 0x4b, 0x7b, 0x6c, 0x83, 0x6b, 0x7b, 0x6c, 0x83,
    0x6c, 0x83, 0x4b, 0x7b, 0x6c, 0x83, 0x6c, 0x83, 0x8c, 0x83, 0x8c, 0x83, 0x6c, 0x83, 0x6c, 0x83,
    0x2a, 0x73, 0x6b, 0x7b, 0x6c, 0x7b, 0x6c, 0x7b, 0x2b, 0x73, 0xc6, 0x39, 0x24, 0x21, 0x27, 0x4a,
    0x4b, 0x7b, 0x8c, 0x83, 0x2b, 0x73, 0x68, 0x5a, 0x24, 0x29, 0xe3, 0x20, 0x24, 0x29, 0xa6, 0x31,
    0x65, 0x29, 0x24, 0x21, 0x45, 0x21, 0x04, 0x21, 0x48, 0x4a, 0x2b, 0x73, 0x6c, 0x83, 0x6c, 0x7b,
    0x6b, 0x83, 0x8c, 0x83, 0x2b, 0x7b, 0x27, 0x52, 0x41, 0x10, 0x00, 0x00, 0x00, 0x00, 0x00, 0x00,
    0x00, 0x00, 0x00, 0x00, 0x00, 0x00, 0x00, 0x00, 0x00, 0x00, 0x00, 0x00, 0x00, 0x00, 0x00, 0x00,
    0x00, 0x00, 0x00, 0x00, 0x00, 0x00, 0x00, 0x00, 0x00, 0x00, 0x00, 0x00, 0x00, 0x00, 0x00, 0x00,
    0x00, 0x00, 0x00, 0x00, 0x00, 0x00, 0x00, 0x00, 0x00, 0x00, 0x00, 0x00, 0x00, 0x00, 0x00, 0x00,
    0x00, 0x00, 0x00, 0x00, 0x00, 0x00, 0x00, 0x00, 0x00, 0x00, 0x00, 0x00, 0x00, 0x00, 0x00, 0x00,
    0x00, 0x00, 0x00, 0x00, 0x00, 0x00, 0x00, 0x00, 0x00, 0x00, 0x00, 0x00, 0x00, 0x00, 0x00, 0x00,
    0x00, 0x00, 0x00, 0x00, 0x00, 0x00, 0x00, 0x00, 0x00, 0x00, 0x00, 0x00, 0x00, 0x00, 0x00, 0x00,
    0x00, 0x00, 0x00, 0x00, 0x00, 0x00, 0x00, 0x00, 0x00, 0x00, 0x00, 0x00, 0x00, 0x00, 0x00, 0x00,
    0x00, 0x00, 0x00, 0x00, 0x00, 0x00, 0x00, 0x00, 0x00, 0x00, 0x00, 0x00, 0x00, 0x00, 0x20, 0x00,
    0x00, 0x00, 0x40, 0x08, 0xc6, 0x41, 0x4b, 0x7b, 0x6c, 0x83, 0x4b, 0x83, 0x6b, 0x83, 0x8c, 0x83,
    0x6c, 0x7b, 0x4c, 0x73, 0xc6, 0x41, 0xe3, 0x18, 0x45, 0x29, 0x45, 0x29, 0x65, 0x31, 0x65, 0x29,
    0x45, 0x29, 0xe3, 0x20, 0x44, 0x31, 0x68, 0x62, 0x2b, 0x7b, 0x8c, 0x83, 0x2b, 0x73, 0x69, 0x52,
    0x86, 0x31, 0x85, 0x39, 0x2b, 0x73, 0x8c, 0x83, 0x6c, 0x7b, 0x6c, 0x7b, 0x6c, 0x7b, 0x6c, 0x83,
    0x4b, 0x7b, 0x8c, 0x83, 0x4b, 0x7b, 0x4b, 0x7b, 0x6c, 0x83, 0x4b, 0x7b, 0x8c, 0x83, 0x4b, 0x7b,
    0x6c, 0x83, 0x6c, 0x83, 0x6c, 0x83, 0x6c, 0x83, 0x6c, 0x7b, 0x6c, 0x83, 0x4b, 0x7b, 0x8c, 0x83,
    0x4b, 0x7b, 0x6c, 0x83, 0x4b, 0x7b, 0x8c, 0x83, 0xea, 0x6a, 0x02, 0x29, 0xa1, 0x20, 0x02, 0x39,
    0x83, 0x49, 0xc5, 0x49, 0xec, 0x8b, 0x34, 0xd6, 0x96, 0xe6, 0xb6, 0xee, 0xb6, 0xee, 0xb6, 0xee,
    0xb6, 0xee, 0xb6, 0xee, 0xb6, 0xee, 0xb6, 0xee, 0xb6, 0xee, 0xb6, 0xee, 0xb6, 0xee, 0xb6, 0xee,
    0xb6, 0xee, 0xb6, 0xee, 0xb6, 0xee, 0xb6, 0xee, 0xb6, 0xee, 0xb6, 0xee, 0xb6, 0xee, 0xb6, 0xee,
    0xb6, 0xee, 0xb6, 0xee, 0xb6, 0xee, 0xb6, 0xee, 0xb6, 0xee, 0xb6, 0xee, 0xb6, 0xee, 0xb6, 0xe6,
    0x14, 0xd6, 0xcc, 0x83, 0x84, 0x41, 0x22, 0x41, 0x23, 0x41, 0x60, 0x20, 0x06, 0x4a, 0x6c, 0x7b,
    0x4b, 0x7b, 0x6c, 0x83, 0x6b, 0x7b, 0x4b, 0x7b, 0x4b, 0x7b, 0x6c, 0x7b, 0x6c, 0x7b, 0x6c, 0x83,
    0x6c, 0x7b, 0x6c, 0x83, 0x4b, 0x7b, 0x4b, 0x7b, 0x6b, 0x7b, 0x6b, 0x7b, 0x6c, 0x83, 0x4b, 0x7b,
    0x6b, 0x7b, 0x4b, 0x7b, 0x6b, 0x7b, 0x6c, 0x7b, 0x6b, 0x7b, 0x4b, 0x7b, 0x6c, 0x83, 0x4b, 0x7b,
    0x4b, 0x7b, 0x8c, 0x83, 0x6c, 0x7b, 0x2b, 0x6b, 0xca, 0x62, 0x4b, 0x7b, 0x4a, 0x7b, 0x4b, 0x7b,
    0x48, 0x5a, 0x03, 0x29, 0x45, 0x29, 0xe7, 0x39, 0x65, 0x29, 0x65, 0x29, 0x24, 0x21, 0x24, 0x21,
    0x65, 0x29, 0x28, 0x4a, 0x0b, 0x73, 0x8c, 0x83, 0x2b, 0x7b, 0x6c, 0x83, 0x6c, 0x83, 0x2b, 0x7b,
    0x07, 0x4a, 0x40, 0x08, 0x00, 0x00, 0x00, 0x00, 0x00, 0x00, 0x00, 0x00, 0x00, 0x00, 0x00, 0x00,
    0x00, 0x00, 0x00, 0x00, 0x00, 0x00, 0x00, 0x00, 0x00, 0x00, 0x00, 0x00, 0x00, 0x00, 0x00, 0x00,
    0x00, 0x00, 0x00, 0x00, 0x00, 0x00, 0x00, 0x00, 0x00, 0x00, 0x00, 0x00, 0x00, 0x00, 0x00, 0x00,
    0x00, 0x00, 0x00, 0x00, 0x00, 0x00, 0x00, 0x00, 0x00, 0x00, 0x00, 0x00, 0x00, 0x00, 0x00, 0x00,
    0x00, 0x00, 0x00, 0x00, 0x00, 0x00, 0x00, 0x00, 0x00, 0x00, 0x00, 0x00, 0x00, 0x00, 0x00, 0x00,
    0x00, 0x00, 0x00, 0x00, 0x00, 0x00, 0x00, 0x00, 0x00, 0x00, 0x00, 0x00, 0x00, 0x00, 0x00, 0x00,
    0x00, 0x00, 0x00, 0x00, 0x00, 0x00, 0x00, 0x00, 0x00, 0x00, 0x00, 0x00, 0x00, 0x00, 0x00, 0x00,
    0x00, 0x00, 0x00, 0x00, 0x00, 0x00, 0x00, 0x00, 0x00, 0x00, 0x00, 0x00, 0x00, 0x00, 0x00, 0x00,
    0x00, 0x00, 0x00, 0x00, 0x00, 0x00, 0x00, 0x00, 0x00, 0x00, 0x00, 0x00, 0x00, 0x00, 0x00, 0x00,
    0x20, 0x08, 0xc6, 0x41, 0x2b, 0x73, 0x6c, 0x83, 0x6b, 0x83, 0x6b, 0x7b, 0x4b, 0x7b, 0x4b, 0x7b,
    0x2b, 0x73, 0xa6, 0x39, 0x04, 0x21, 0x45, 0x29, 0x04, 0x21, 0x45, 0x29, 0xa6, 0x31, 0x44, 0x21,
    0x03, 0x21, 0x64, 0x39, 0x68, 0x62, 0x2a, 0x7b, 0x6c, 0x83, 0x6c, 0x73, 0xaa, 0x5a, 0xea, 0x6a,
    0x6b, 0x83, 0x6b, 0x83, 0x4c, 0x7b, 0x6c, 0x83, 0x4b, 0x7b, 0x8c, 0x83, 0x6c, 0x7b, 0x4b, 0x7b,
    0x6c, 0x7b, 0x6c, 0x7b, 0x6c, 0x7b, 0x6c, 0x7b, 0x6c, 0x7b, 0x4b, 0x7b, 0x6c, 0x7b, 0x4b, 0x7b,
    0x6c, 0x7b, 0x6c, 0x83, 0x6c, 0x7b, 0x6c, 0x83, 0x4c, 0x7b, 0x4b, 0x7b, 0x6b, 0x83, 0x6c, 0x83,
    0x4b, 0x7b, 0x4b, 0x7b, 0x8c, 0x7b, 0x07, 0x4a, 0x60, 0x18, 0x02, 0x39, 0x43, 0x41, 0x84, 0x49,
    0xac, 0x8b, 0x14, 0xd6, 0xb6, 0xe6, 0xb6, 0xee, 0xb6, 0xee, 0xb6, 0xee, 0xb6, 0xee, 0xb6, 0xee,
    0xb6, 0xee, 0xb6, 0xee, 0xb6, 0xee, 0xb6, 0xee, 0xb6, 0xee, 0xb6, 0xee, 0xb6, 0xee, 0xb6, 0xee,
    0xb6, 0xee, 0xb6, 0xee, 0xb6, 0xee, 0xb6, 0xee, 0xb6, 0xee, 0xb6, 0xee, 0xb6, 0xee, 0xb6, 0xee,
    0xb6, 0xee, 0xb6, 0xee, 0xb6, 0xee, 0xb6, 0xee, 0xb6, 0xee, 0xb6, 0xe6, 0x14, 0xd6, 0xcc, 0x8b,
    0xa4, 0x49, 0x22, 0x41, 0x02, 0x39, 0x81, 0x20, 0x06, 0x4a, 0x6c, 0x7b, 0x6c, 0x7b, 0x8c, 0x83,
    0x6c, 0x7b, 0x4b, 0x7b, 0x4b, 0x7b, 0x6c, 0x83, 0x6c, 0x83, 0x8c, 0x83, 0x6c, 0x83, 0x8c, 0x83,
    0x6c, 0x83, 0x6c, 0x83, 0x8c, 0x83, 0x6b, 0x7b, 0x4b, 0x7b, 0x6b, 0x7b, 0x6c, 0x83, 0x6b, 0x7b,
    0x6c, 0x83, 0x6c, 0x83, 0x6c, 0x83, 0x6b, 0x7b, 0x6b, 0x7b, 0x6c, 0x83, 0x8c, 0x83, 0x8c, 0x83,
    0x6b, 0x7b, 0x8c, 0x83, 0x6c, 0x7b, 0x6c, 0x83, 0x2a, 0x7b, 0x68, 0x5a, 0x24, 0x29, 0xe4, 0x20,
    0xc7, 0x39, 0x65, 0x29, 0x04, 0x21, 0xa7, 0x31, 0x45, 0x29, 0x24, 0x21, 0x27, 0x4a, 0x2b, 0x73,
    0x6c, 0x7b, 0x4b, 0x83, 0x8c, 0x83, 0x6c, 0x83, 0x6c, 0x7b, 0x47, 0x52, 0x61, 0x10, 0x00, 0x00,
    0x21, 0x00, 0x00, 0x00, 0x00, 0x00, 0x00, 0x00, 0x00, 0x00, 0x00, 0x00, 0x00, 0x00, 0x00, 0x00,
    0x00, 0x00, 0x00, 0x00, 0x00, 0x00, 0x00, 0x00, 0x00, 0x00, 0x00, 0x00, 0x00, 0x00, 0x00, 0x00,
    0x00, 0x00, 0x00, 0x00, 0x00, 0x00, 0x00, 0x00, 0x00, 0x00, 0x00, 0x00, 0x00, 0x00, 0x00, 0x00,
    0x00, 0x00, 0x00, 0x00, 0x00, 0x00, 0x00, 0x00, 0x00, 0x00, 0x00, 0x00, 0x00, 0x00, 0x00, 0x00,
    0x00, 0x00, 0x00, 0x00, 0x00, 0x00, 0x00, 0x00, 0x00, 0x00, 0x00, 0x00, 0x00, 0x00, 0x00, 0x00,
    0x00, 0x00, 0x00, 0x00, 0x00, 0x00, 0x00, 0x00, 0x00, 0x00, 0x00, 0x00, 0x00, 0x00, 0x00, 0x00,
    0x00, 0x00, 0x00, 0x00, 0x00, 0x00, 0x00, 0x00, 0x00, 0x00, 0x00, 0x00, 0x00, 0x00, 0x00, 0x00,
    0x00, 0x00, 0x00, 0x00, 0x00, 0x00, 0x00, 0x00, 0x00, 0x00, 0x00, 0x00, 0x00, 0x00, 0x00, 0x00,
    0x00, 0x00, 0x00, 0x00, 0x00, 0x00, 0x00, 0x00, 0x00, 0x00, 0x00, 0x00, 0x00, 0x00, 0x40, 0x08,
    0x07, 0x4a, 0x4c, 0x7b, 0x6c, 0x83, 0x6b, 0x83, 0x8c, 0x83, 0x8c, 0x83, 0x6c, 0x7b, 0x6c, 0x7b,
    0xe7, 0x41, 0x24, 0x29, 0x65, 0x29, 0x24, 0x21, 0x04, 0x19, 0x66, 0x29, 0x04, 0x21, 0xa2, 0x18,
    0x44, 0x39, 0xa9, 0x62, 0x2b, 0x7b, 0x6c, 0x7b, 0x6c, 0x7b, 0x8c, 0x83, 0x6b, 0x83, 0x8c, 0x83,
    0x6c, 0x7b, 0x8c, 0x83, 0x6c, 0x83, 0x6c, 0x7b, 0x6c, 0x7b, 0x6c, 0x83, 0x8c, 0x83, 0x6c, 0x83,
    0x6c, 0x83, 0x6c, 0x83, 0x6c, 0x83, 0x6c, 0x7b, 0x8c, 0x83, 0x6c, 0x7b, 0x6c, 0x7b, 0x6c, 0x83,
    0x6c, 0x83, 0x6c, 0x83, 0x6b, 0x7b, 0x8c, 0x83, 0x6c, 0x83, 0x6b, 0x7b, 0x6b, 0x7b, 0x6c, 0x83,
    0x6c, 0x7b, 0x47, 0x52, 0x80, 0x20, 0x23, 0x39, 0x43, 0x41, 0x84, 0x41, 0xcc, 0x8b, 0x14, 0xd6,
    0xb6, 0xe6, 0xb6, 0xee, 0xb6, 0xee, 0xb6, 0xee, 0xb6, 0xee, 0xb6, 0xee, 0xb6, 0xee, 0xb6, 0xee,
    0xb6, 0xee, 0xb6, 0xee, 0xb6, 0xee, 0xb6, 0xee, 0xb6, 0xee, 0xb6, 0xee, 0xb6, 0xee, 0xb6, 0xee,
    0xb6, 0xee, 0xb6, 0xee, 0xb6, 0xee, 0xb6, 0xee, 0xb6, 0xee, 0xb6, 0xee, 0xb6, 0xee, 0xb6, 0xee,
    0xb6, 0xee, 0xb6, 0xee, 0xb6, 0xee, 0xb6, 0xe6, 0x14, 0xd6, 0xcc, 0x83, 0x84, 0x41, 0x42, 0x41,
    0x23, 0x39, 0x40, 0x20, 0x06, 0x4a, 0x4b, 0x7b, 0x8c, 0x83, 0x6c, 0x83, 0x8c, 0x83, 0x6c, 0x7b,
    0x4b, 0x7b, 0x6c, 0x83, 0x6c, 0x7b, 0x6c, 0x83, 0x4b, 0x7b, 0x6c, 0x83, 0x6b, 0x7b, 0x6b, 0x7b,
    0x8c, 0x83, 0x6b, 0x83, 0x6c, 0x83, 0x6c, 0x83, 0x8c, 0x83, 0x6c, 0x83, 0x8c, 0x83, 0x8c, 0x83,
    0x6c, 0x83, 0x4b, 0x7b, 0x6c, 0x83, 0x4b, 0x7b, 0x6c, 0x83, 0x8c, 0x83, 0x4b, 0x7b, 0x8c, 0x83,
    0x4b, 0x7b, 0x6c, 0x83, 0xca, 0x6a, 0x44, 0x31, 0xe4, 0x20, 0x05, 0x21, 0x24, 0x21, 0x04, 0x21,
    0x24, 0x29, 0x86, 0x31, 0x86, 0x31, 0x07, 0x42, 0x2b, 0x73, 0x4b, 0x7b, 0x6c, 0x7b, 0x4c, 0x83,
    0x6c, 0x83, 0x6b, 0x83, 0x68, 0x5a, 0x81, 0x10, 0x00, 0x00, 0x20, 0x00, 0x00, 0x00, 0x00, 0x00,
    0x00, 0x00, 0x00, 0x00, 0x00, 0x00, 0x00, 0x00, 0x00, 0x00, 0x00, 0x00, 0x00, 0x00, 0x00, 0x00,
    0x00, 0x00, 0x00, 0x00, 0x00, 0x00, 0x00, 0x00, 0x00, 0x00, 0x00, 0x00, 0x00, 0x00, 0x00, 0x00,
    0x00, 0x00, 0x00, 0x00, 0x00, 0x00, 0x00, 0x00, 0x00, 0x00, 0x00, 0x00, 0x00, 0x00, 0x00, 0x00,
    0x00, 0x00, 0x00, 0x00, 0x00, 0x00, 0x00, 0x00, 0x00, 0x00, 0x00, 0x00, 0x00, 0x00, 0x00, 0x00,
    0x00, 0x00, 0x00, 0x00, 0x00, 0x00, 0x00, 0x00, 0x00, 0x00, 0x00, 0x00, 0x00, 0x00, 0x00, 0x00,
    0x00, 0x00, 0x00, 0x00, 0x00, 0x00, 0x00, 0x00, 0x00, 0x00, 0x00, 0x00, 0x00, 0x00, 0x00, 0x00,
    0x00, 0x00, 0x00, 0x00, 0x00, 0x00, 0x00, 0x00, 0x00, 0x00, 0x00, 0x00, 0x00, 0x00, 0x00, 0x00,
    0x00, 0x00, 0x00, 0x00, 0x00, 0x00, 0x00, 0x00, 0x00, 0x00, 0x00, 0x00, 0x00, 0x00, 0x00, 0x00,
    0x00, 0x00, 0x00, 0x00, 0x00, 0x00, 0x00, 0x00, 0x00, 0x00, 0x00, 0x00, 0x61, 0x10, 0x27, 0x52,
    0x4b, 0x7b, 0x8c, 0x83, 0x6b, 0x7b, 0x6c, 0x7b, 0x6b, 0x7b, 0x6c, 0x83, 0x6c, 0x7b, 0xa6, 0x31,
    0x65, 0x29, 0x24, 0x21, 0xc3, 0x18, 0x45, 0x29, 0x04, 0x21, 0x24, 0x29, 0xa2, 0x18, 0x85, 0x39,
    0x0b, 0x73, 0x6c, 0x83, 0x6b, 0x83, 0x8c, 0x83, 0x6c, 0x7b, 0x8c, 0x83, 0x4b, 0x7b, 0x6c, 0x83,
    0x6c, 0x7b, 0x6c, 0x7b, 0x6c, 0x7b, 0x6c, 0x83, 0x4b, 0x7b, 0x6c, 0x7b, 0x6c, 0x83, 0x4b, 0x7b,
    0x6c, 0x83, 0x4b, 0x7b, 0x6c, 0x83, 0x6c, 0x7b, 0x6c, 0x83, 0x8c, 0x83, 0x6c, 0x83, 0x6c, 0x7b,
    0x6b, 0x7b, 0xac, 0x83, 0x4b, 0x7b, 0x6b, 0x7b, 0x4c, 0x7b, 0x4c, 0x7b, 0x8c, 0x83, 0x06, 0x52,
    0x80, 0x18, 0x02, 0x39, 0x43, 0x41, 0x64, 0x41, 0xac, 0x83, 0x14, 0xd6, 0x96, 0xe6, 0xb6, 0xee,
    0xb6, 0xee, 0xb6, 0xee, 0xb6, 0xee, 0xb6, 0xee, 0xb6, 0xee, 0xb6, 0xee, 0xb6, 0xee, 0xb6, 0xee,
    0xb6, 0xee, 0xb6, 0xee, 0xb6, 0xee, 0xb6, 0xee, 0xb6, 0xee, 0xb6, 0xee, 0xb6, 0xee, 0xb6, 0xee,
    0xb6, 0xee, 0xb6, 0xee, 0xb6, 0xee, 0xb6, 0xee, 0xb6, 0xee, 0xb6, 0xee, 0xb6, 0xee, 0xb6, 0xee,
    0xb6, 0xee, 0xb6, 0xe6, 0x14, 0xd6, 0xac, 0x83, 0xa4, 0x41, 0x23, 0x41, 0x23, 0x39, 0x60, 0x18,
    0xe6, 0x49, 0x4b, 0x7b, 0x4b, 0x7b, 0x8c, 0x83, 0x6c, 0x83, 0x6b, 0x7b, 0x6b, 0x7b, 0x6c, 0x7b,
    0x6b, 0x7b, 0x6c, 0x83, 0x6b, 0x7b, 0x6c, 0x83, 0x4b, 0x7b, 0x4b, 0x7b, 0x6c, 0x83, 0x6c, 0x83,
    0x6c, 0x83, 0x4b, 0x7b, 0x6c, 0x83, 0x6b, 0x7b, 0x6c, 0x83, 0x6c, 0x83, 0x6c, 0x83, 0x6c, 0x83,
    0x6c, 0x7b, 0x6c, 0x7b, 0x6b, 0x7b, 0x4b, 0x7b, 0x6c, 0x83, 0x6c, 0x83, 0x6b, 0x83, 0x6c, 0x83,
    0xca, 0x6a, 0x85, 0x31, 0x45, 0x29, 0x45, 0x29, 0x86, 0x31, 0x24, 0x21, 0x24, 0x21, 0x24, 0x29,
    0x68, 0x52, 0x2b, 0x73, 0x6c, 0x7b, 0x6c, 0x83, 0x4b, 0x7b, 0x6c, 0x83, 0x6c, 0x7b, 0xa9, 0x62,
    0x82, 0x10, 0x00, 0x00, 0x00, 0x00, 0x00, 0x00, 0x00, 0x00, 0x00, 0x00, 0x00, 0x00, 0x00, 0x00,
    0x00, 0x00, 0x00, 0x00, 0x00, 0x00, 0x00, 0x00, 0x00, 0x00, 0x00, 0x00, 0x00, 0x00, 0x00, 0x00,
    0x00, 0x00, 0x00, 0x00, 0x00, 0x00, 0x00, 0x00, 0x00, 0x00, 0x00, 0x00, 0x00, 0x00, 0x00, 0x00,
    0x00, 0x00, 0x00, 0x00, 0x00, 0x00, 0x00, 0x00, 0x00, 0x00, 0x00, 0x00, 0x00, 0x00, 0x00, 0x00,
    0x00, 0x00, 0x00, 0x00, 0x00, 0x00, 0x00, 0x00, 0x00, 0x00, 0x00, 0x00, 0x00, 0x00, 0x00, 0x00,
    0x00, 0x00, 0x00, 0x00, 0x00, 0x00, 0x00, 0x00, 0x00, 0x00, 0x00, 0x00, 0x00, 0x00, 0x00, 0x00,
    0x00, 0x00, 0x00, 0x00, 0x00, 0x00, 0x00, 0x00, 0x00, 0x00, 0x00, 0x00, 0x00, 0x00, 0x00, 0x00,
    0x00, 0x00, 0x00, 0x00, 0x00, 0x00, 0x00, 0x00, 0x00, 0x00, 0x00, 0x00, 0x00, 0x00, 0x00, 0x00,
    0x00, 0x00, 0x00, 0x00, 0x00, 0x00, 0x00, 0x00, 0x00, 0x00, 0x00, 0x00, 0x00, 0x00, 0x00, 0x00,
    0x00, 0x00, 0x00, 0x00, 0x00, 0x00, 0x00, 0x00, 0x00, 0x00, 0x61, 0x10, 0xa9, 0x62, 0x6b, 0x7b,
    0x4b, 0x7b, 0x6b, 0x7b, 0x6c, 0x83, 0x6c, 0x83, 0x4b, 0x7b, 0x4c, 0x73, 0xc7, 0x39, 0x04, 0x19,
    0x66, 0x29, 0x86, 0x29, 0x66, 0x29, 0x24, 0x21, 0x44, 0x21, 0x85, 0x39, 0x0a, 0x73, 0x6b, 0x7b,
    0x6c, 0x83, 0x6b, 0x7b, 0x4b, 0x7b, 0x6c, 0x83, 0x4b, 0x7b, 0x8c, 0x83, 0x4b, 0x7b, 0x6c, 0x7b,
    0x6c, 0x83, 0x6c, 0x7b, 0x6c, 0x7b, 0x4b, 0x7b, 0x6c, 0x7b, 0x6c, 0x83, 0x6c, 0x7b, 0x4b, 0x7b,
    0x6b, 0x7b, 0x4b, 0x7b, 0x6c, 0x7b, 0x6c, 0x83, 0x6b, 0x7b, 0x6b, 0x7b, 0x4b, 0x7b, 0x6c, 0x7b,
    0x6c, 0x7b, 0x6c, 0x83, 0x6c, 0x7b, 0x6c, 0x7b, 0x6c, 0x7b, 0x06, 0x4a, 0x60, 0x18, 0x02, 0x39,
    0x43, 0x41, 0xa4, 0x49, 0xac, 0x83, 0x14, 0xd6, 0xb6, 0xe6, 0xb6, 0xee, 0xb6, 0xee, 0xb6, 0xee,
    0xb6, 0xee, 0xb6, 0xee, 0xb6, 0xee, 0xb6, 0xee, 0xb6, 0xee, 0xb6, 0xee, 0xb6, 0xee, 0xb6, 0xee,
    0xb6, 0xee, 0xb6, 0xee, 0xb6, 0xee, 0xb6, 0xee, 0xb6, 0xee, 0xb6, 0xee, 0xb6, 0xee, 0xb6, 0xee,
    0xb6, 0xee, 0xb6, 0xee, 0xb6, 0xee, 0xb6, 0xee, 0xb6, 0xee, 0xb6, 0xee, 0xb6, 0xee, 0xb6, 0xe6,
    0x14, 0xd6, 0xcc, 0x83, 0xa4, 0x41, 0x43, 0x41, 0x23, 0x39, 0x60, 0x18, 0x07, 0x52, 0x2b, 0x7b,
    0x6b, 0x7b, 0x8c, 0x83, 0x6c, 0x83, 0x6b, 0x7b, 0x6c, 0x83, 0x6b, 0x7b, 0x6b, 0x7b, 0x6c, 0x83,
    0x6b, 0x7b, 0x6c, 0x7b, 0x4b, 0x7b, 0x6c, 0x7b, 0x6c, 0x83, 0x6c, 0x83, 0x6c, 0x83, 0x4b, 0x7b,
    0x8c, 0x83, 0x4b, 0x7b, 0x6b, 0x7b, 0x6c, 0x83, 0x8c, 0x83, 0x6c, 0x7b, 0x8c, 0x83, 0x6c, 0x83,
    0x6c, 0x7b, 0x6c, 0x83, 0x6c, 0x83, 0x8c, 0x83, 0x4b, 0x7b, 0x8c, 0x83, 0x4b, 0x7b, 0xea, 0x6a,
    0x08, 0x42, 0x86, 0x31, 0x45, 0x29, 0x65, 0x29, 0x24, 0x21, 0xe7, 0x41, 0x0a, 0x6b, 0x6c, 0x83,
    0x8c, 0x7b, 0x6c, 0x83, 0x6b, 0x83, 0x6b, 0x83, 0x0b, 0x6b, 0x03, 0x21, 0x00, 0x00, 0x00, 0x00,
    0x00, 0x00, 0x00, 0x00, 0x00, 0x00, 0x00, 0x00, 0x00, 0x00, 0x00, 0x00, 0x00, 0x00, 0x00, 0x00,
    0x00, 0x00, 0x00, 0x00, 0x00, 0x00, 0x00, 0x00, 0x00, 0x00, 0x00, 0x00, 0x00, 0x00, 0x00, 0x00,
    0x00, 0x00, 0x00, 0x00, 0x00, 0x00, 0x00, 0x00, 0x00, 0x00, 0x00, 0x00, 0x00, 0x00, 0x00, 0x00,
    0x00, 0x00, 0x00, 0x00, 0x00, 0x00, 0x00, 0x00, 0x00, 0x00, 0x00, 0x00, 0x00, 0x00, 0x00, 0x00,
    0x00, 0x00, 0x00, 0x00, 0x00, 0x00, 0x00, 0x00, 0x00, 0x00, 0x00, 0x00, 0x00, 0x00, 0x00, 0x00,
    0x00, 0x00, 0x00, 0x00, 0x00, 0x00, 0x00, 0x00, 0x00, 0x00, 0x00, 0x00, 0x00, 0x00, 0x00, 0x00,
    0x00, 0x00, 0x00, 0x00, 0x00, 0x00, 0x00, 0x00, 0x00, 0x00, 0x00, 0x00, 0x00, 0x00, 0x00, 0x00,
    0x00, 0x00, 0x00, 0x00, 0x00, 0x00, 0x00, 0x00, 0x00, 0x00, 0x00, 0x00, 0x00, 0x00, 0x00, 0x00,
    0x00, 0x00, 0x00, 0x00, 0x00, 0x00, 0x00, 0x00, 0x00, 0x00, 0x00, 0x00, 0x00, 0x00, 0x00, 0x00,
    0x00, 0x00, 0x00, 0x00, 0x00, 0x00, 0x00, 0x00, 0xc2, 0x20, 0xea, 0x6a, 0x6b, 0x83, 0x6b, 0x83,
    0x4c, 0x7b, 0x8d, 0x83, 0x6b, 0x83, 0x6b, 0x7b, 0x2b, 0x73, 0x28, 0x42, 0x86, 0x31, 0x45, 0x21,
    0xc7, 0x39, 0x04, 0x21, 0x07, 0x4a, 0xea, 0x6a, 0x6b, 0x83, 0x6c, 0x7b, 0x6b, 0x7b, 0x6c, 0x83,
    0x6b, 0x83, 0x6c, 0x83, 0x4b, 0x7b, 0x8c, 0x83, 0x6c, 0x7b, 0x6c, 0x7b, 0x6c, 0x83, 0x6c, 0x83,
    0x4b, 0x7b, 0x6c, 0x7b, 0x8c, 0x83, 0x4b, 0x7b, 0x6c, 0x83, 0x4b, 0x7b, 0x6c, 0x83, 0x6b, 0x7b,
    0x6b, 0x7b, 0x6c, 0x83, 0x6b, 0x7b, 0x6c, 0x83, 0x4b, 0x7b, 0x8c, 0x83, 0x6c, 0x7b, 0x6c, 0x83,
    0x6c, 0x7b, 0x6c, 0x83, 0x6c, 0x7b, 0x06, 0x4a, 0x81, 0x20, 0x02, 0x39, 0x63, 0x41, 0x83, 0x41,
    0xac, 0x8b, 0x14, 0xd6, 0xb6, 0xe6, 0xb6, 0xee, 0xb6, 0xee, 0xb6, 0xee, 0xb6, 0xee, 0xb6, 0xee,
    0xb6, 0xee, 0xb6, 0xee, 0xb6, 0xee, 0xb6, 0xee, 0xb6, 0xee, 0xb6, 0xee, 0xb6, 0xee, 0xb6, 0xee,
    0xb6, 0xee, 0xb6, 0xee, 0xb6, 0xee, 0xb6, 0xee, 0xb6, 0xee, 0xb6, 0xee, 0xb6, 0xee, 0xb6, 0xee,
    0xb6, 0xee, 0xb6, 0xee, 0xb6, 0xee, 0xb6, 0xee, 0xb6, 0xee, 0xb6, 0xe6, 0x14, 0xd6, 0xcc, 0x83,
    0xa4, 0x41, 0x23, 0x41, 0x23, 0x39, 0x60, 0x18, 0xe6, 0x51, 0x4b, 0x7b, 0x6b, 0x7b, 0x6c, 0x83,
    0x6c, 0x7b, 0x4b, 0x7b, 0x6b, 0x7b, 0x6b, 0x7b, 0x6b, 0x7b, 0x6c, 0x83, 0x4b, 0x7b, 0x6c, 0x7b,
    0x4b, 0x7b, 0x4b, 0x7b, 0x6c, 0x7b, 0x6c, 0x83, 0x6c, 0x83, 0x4b, 0x7b, 0x6c, 0x83, 0x4b, 0x7b,
    0x6c, 0x83, 0x6c, 0x83, 0x6c, 0x83, 0x4b, 0x7b, 0x6c, 0x7b, 0x6c, 0x7b, 0x4b, 0x7b, 0x6c, 0x7b,
    0x4b, 0x7b, 0x4b, 0x7b, 0x4b, 0x7b, 0x4b, 0x7b, 0x6b, 0x7b, 0x6c, 0x7b, 0x0b, 0x6b, 0xc6, 0x39,
    0xa2, 0x10, 0x24, 0x29, 0x07, 0x4a, 0x4c, 0x7b, 0x8d, 0x83, 0x4b, 0x7b, 0x6b, 0x7b, 0x8c, 0x83,
    0x4b, 0x7b, 0x4b, 0x7b, 0xa5, 0x39, 0x00, 0x00, 0x00, 0x00, 0x00, 0x00, 0x00, 0x00, 0x00, 0x00,
    0x00, 0x00, 0x00, 0x00, 0x00, 0x00, 0x00, 0x00, 0x00, 0x00, 0x00, 0x00, 0x00, 0x00, 0x00, 0x00,
    0x00, 0x00, 0x00, 0x00, 0x00, 0x00, 0x00, 0x00, 0x00, 0x00, 0x00, 0x00, 0x00, 0x00, 0x00, 0x00,
    0x00, 0x00, 0x00, 0x00, 0x00, 0x00, 0x00, 0x00, 0x00, 0x00, 0x00, 0x00, 0x00, 0x00, 0x00, 0x00,
    0x00, 0x00, 0x00, 0x00, 0x00, 0x00, 0x00, 0x00, 0x00, 0x00, 0x00, 0x00, 0x00, 0x00, 0x00, 0x00,
    0x00, 0x00, 0x00, 0x00, 0x00, 0x00, 0x00, 0x00, 0x00, 0x00, 0x00, 0x00, 0x00, 0x00, 0x00, 0x00,
    0x00, 0x00, 0x00, 0x00, 0x00, 0x00, 0x00, 0x00, 0x00, 0x00, 0x00, 0x00, 0x00, 0x00, 0x00, 0x00,
    0x00, 0x00, 0x00, 0x00, 0x00, 0x00, 0x00, 0x00, 0x00, 0x00, 0x00, 0x00, 0x00, 0x00, 0x00, 0x00,
    0x00, 0x00, 0x00, 0x00, 0x00, 0x00, 0x00, 0x00, 0x00, 0x00, 0x00, 0x00, 0x00, 0x00, 0x00, 0x00,
    0x00, 0x00, 0x00, 0x00, 0x00, 0x00, 0x00, 0x00, 0x00, 0x00, 0x00, 0x00, 0x00, 0x00, 0x00, 0x00,
    0x00, 0x00, 0x00, 0x00, 0x00, 0x00, 0x44, 0x31, 0x2b, 0x73, 0x4b, 0x7b, 0x6c, 0x83, 0x6c, 0x83,
    0x6b, 0x83, 0x6b, 0x7b, 0x6c, 0x7b, 0x2b, 0x6b, 0xa6, 0x39, 0xc3, 0x18, 0xa7, 0x31, 0x28, 0x4a,
    0xea, 0x6a, 0x6c, 0x7b, 0x6c, 0x83, 0x4b, 0x7b, 0x6b, 0x7b, 0x6c, 0x83, 0x6b, 0x7b, 0x6c, 0x7b,
    0x4c, 0x7b, 0x8c, 0x83, 0x6c, 0x7b, 0x6c, 0x7b, 0x6c, 0x7b, 0x6c, 0x7b, 0x4b, 0x7b, 0x6c, 0x7b,
    0x6c, 0x83, 0x4b, 0x7b, 0x6c, 0x7b, 0x4b, 0x7b, 0x6c, 0x83, 0x4b, 0x7b, 0x6b, 0x7b, 0x6b, 0x7b,
    0x6b, 0x7b, 0x6c, 0x83, 0x4b, 0x7b, 0x8c, 0x83, 0x6c, 0x7b, 0x6c, 0x7b, 0x6c, 0x7b, 0x6c, 0x7b,
    0x6c, 0x7b, 0x06, 0x4a, 0x80, 0x20, 0x02, 0x31, 0x43, 0x41, 0x84, 0x41, 0xac, 0x8b, 0x14, 0xd6,
    0xb6, 0xe6, 0xb6, 0xee, 0xb6, 0xee, 0xb6, 0xee, 0xb6, 0xee, 0xb6, 0xee, 0xb6, 0xee, 0xb6, 0xee,
    0xb6, 0xee, 0xb6, 0xee, 0xb6, 0xee, 0xb6, 0xee, 0xb6, 0xee, 0xb6, 0xee, 0xb6, 0xee, 0xb6, 0xee,
    0xb6, 0xee, 0xb6, 0xee, 0xb6, 0xee, 0xb6, 0xee, 0xb6, 0xee, 0xb6, 0xee, 0xb6, 0xee, 0xb6, 0xee,
    0xb6, 0xee, 0xb6, 0xee, 0xb6, 0xee, 0xb6, 0xe6, 0x14, 0xd6, 0xcc, 0x83, 0x84, 0x41, 0x22, 0x41,
    0x22, 0x39, 0x80, 0x18, 0xe6, 0x49, 0x4b, 0x7b, 0x6b, 0x7b, 0x6c, 0x83, 0x4c, 0x7b, 0x4b, 0x7b,
    0x6c, 0x83, 0x6c, 0x83, 0x6b, 0x7b, 0x6c, 0x83, 0x4b, 0x7b, 0x8c, 0x83, 0x4b, 0x7b, 0x4b, 0x7b,
    0x4b, 0x7b, 0x4b, 0x7b, 0x6c, 0x83, 0x6c, 0x7b, 0x6c, 0x83, 0x4b, 0x7b, 0x6c, 0x83, 0x8c, 0x83,
    0x6c, 0x83, 0x4b, 0x7b, 0x6c, 0x83, 0x6c, 0x83, 0x6c, 0x7b, 0x6c, 0x83, 0x6c, 0x7b, 0x6c, 0x83,
    0x6b, 0x7b, 0x8c, 0x83, 0x2b, 0x7b, 0x6c, 0x83, 0x6c, 0x7b, 0x0a, 0x6b, 0xe6, 0x39, 0x07, 0x4a,
    0x2c, 0x73, 0x4c, 0x83, 0x8c, 0x83, 0x4b, 0x7b, 0x8c, 0x83, 0x4b, 0x7b, 0x6c, 0x7b, 0x48, 0x52,
    0x20, 0x00, 0x00, 0x00, 0x00, 0x00, 0x00, 0x00, 0x00, 0x00, 0x00, 0x00, 0x00, 0x00, 0x00, 0x00,
    0x00, 0x00, 0x00, 0x00, 0x00, 0x00, 0x00, 0x00, 0x00, 0x00, 0x00, 0x00, 0x00, 0x00, 0x00, 0x00,
    0x00, 0x00, 0x00, 0x00, 0x00, 0x00, 0x00, 0x00, 0x00, 0x00, 0x00, 0x00, 0x00, 0x00, 0x00, 0x00,
    0x00, 0x00, 0x00, 0x00, 0x00, 0x00, 0x00, 0x00, 0x00, 0x00, 0x00, 0x00, 0x00, 0x00, 0x00, 0x00,
    0x00, 0x00, 0x00, 0x00, 0x00, 0x00, 0x00, 0x00, 0x00, 0x00, 0x00, 0x00, 0x00, 0x00, 0x00, 0x00,
    0x00, 0x00, 0x00, 0x00, 0x00, 0x00, 0x00, 0x00, 0x00, 0x00, 0x00, 0x00, 0x00, 0x00, 0x00, 0x00,
    0x00, 0x00, 0x00, 0x00, 0x00, 0x00, 0x00, 0x00, 0x00, 0x00, 0x00, 0x00, 0x00, 0x00, 0x00, 0x00,
    0x00, 0x00, 0x00, 0x00, 0x00, 0x00, 0x00, 0x00, 0x00, 0x00, 0x00, 0x00, 0x00, 0x00, 0x00, 0x00,
    0x00, 0x00, 0x00, 0x00, 0x00, 0x00, 0x00, 0x00, 0x00, 0x00, 0x00, 0x00, 0x00, 0x00, 0x00, 0x00,
    0x00, 0x00, 0x00, 0x00, 0x00, 0x00, 0x00, 0x00, 0x00, 0x00, 0x00, 0x00, 0x00, 0x00, 0x00, 0x00,
    0x00, 0x00, 0x20, 0x00, 0x07, 0x42, 0x6c, 0x7b, 0x6c, 0x7b, 0x8c, 0x83, 0x4b, 0x7b, 0x8c, 0x83,
    0x6c, 0x7b, 0x6c, 0x83, 0x4b, 0x73, 0xc6, 0x39, 0xa6, 0x39, 0x4b, 0x73, 0x6b, 0x83, 0x4b, 0x7b,
    0x4b, 0x7b, 0x4b, 0x7b, 0x6c, 0x83, 0x6c, 0x83, 0x6b, 0x7b, 0x6b, 0x7b, 0x4c, 0x7b, 0x8c, 0x83,
    0x6c, 0x7b, 0x6c, 0x7b, 0x6c, 0x7b, 0x6c, 0x83, 0x6c, 0x83, 0x4b, 0x7b, 0x6c, 0x7b, 0x6c, 0x83,
    0x8c, 0x83, 0x4b, 0x7b, 0x6b, 0x7b, 0x4b, 0x7b, 0x6c, 0x83, 0x6b, 0x7b, 0x6b, 0x7b, 0x6b, 0x7b,
    0x4b, 0x7b, 0x8c, 0x83, 0x6c, 0x7b, 0x6c, 0x83, 0x6c, 0x7b, 0x6c, 0x7b, 0x8c, 0x83, 0x07, 0x52,
    0x81, 0x20, 0x02, 0x39, 0x43, 0x41, 0x84, 0x41, 0xac, 0x8b, 0x14, 0xd6, 0xb6, 0xe6, 0xb6, 0xee,
    0xb6, 0xee, 0xb6, 0xee, 0xb6, 0xee, 0xb6, 0xee, 0xb6, 0xee, 0xb6, 0xee, 0xb6, 0xee, 0xb6, 0xee,
    0xb6, 0xee, 0xb6, 0xee, 0xb6, 0xee, 0xb6, 0xee, 0xb6, 0xee, 0xb6, 0xee, 0xb6, 0xee, 0xb6, 0xee,
    0xb6, 0xee, 0xb6, 0xee, 0xb6, 0xee, 0xb6, 0xee, 0xb6, 0xee, 0xb6, 0xee, 0xb6, 0xee, 0xb6, 0xee,
    0xb6, 0xee, 0xb6, 0xe6, 0x14, 0xd6, 0xcc, 0x83, 0xa4, 0x41, 0x23, 0x41, 0x23, 0x39, 0x80, 0x18,
    0xe6, 0x49, 0x2b, 0x7b, 0x6b, 0x7b, 0x8c, 0x83, 0x6c, 0x83, 0x4b, 0x7b, 0x6b, 0x7b, 0x6b, 0x7b,
    0x6b, 0x7b, 0x6b, 0x7b, 0x4b, 0x7b, 0x6c, 0x7b, 0x4b, 0x7b, 0x6c, 0x7b, 0x4b, 0x7b, 0x4b, 0x7b,
    0x4c, 0x7b, 0x6b, 0x7b, 0x6c, 0x83, 0x4b, 0x7b, 0x6b, 0x7b, 0x6b, 0x7b, 0x6c, 0x83, 0x4b, 0x7b,
    0x4b, 0x7b, 0x6c, 0x7b, 0x4b, 0x7b, 0x4b, 0x7b, 0x4b, 0x7b, 0x4b, 0x7b, 0x6b, 0x7b, 0x4b, 0x7b,
    0x6b, 0x7b, 0x4b, 0x7b, 0x6c, 0x83, 0x6c, 0x7b, 0x6c, 0x73, 0x4b, 0x73, 0x2b, 0x7b, 0x4b, 0x83,
    0x8c, 0x83, 0x4b, 0x7b, 0x4b, 0x7b, 0x4b, 0x7b, 0xca, 0x62, 0x61, 0x10, 0x00, 0x00, 0x00, 0x00,
    0x00, 0x00, 0x00, 0x00, 0x00, 0x00, 0x00, 0x00, 0x00, 0x00, 0x00, 0x00, 0x00, 0x00, 0x00, 0x00,
    0x00, 0x00, 0x00, 0x00, 0x00, 0x00, 0x00, 0x00, 0x00, 0x00, 0x00, 0x00, 0x00, 0x00, 0x00, 0x00,
    0x00, 0x00, 0x00, 0x00, 0x00, 0x00, 0x00, 0x00, 0x00, 0x00, 0x00, 0x00, 0x00, 0x00, 0x00, 0x00,
    0x00, 0x00, 0x00, 0x00, 0x00, 0x00, 0x00, 0x00, 0x00, 0x00, 0x00, 0x00, 0x00, 0x00, 0x00, 0x00,
    0x00, 0x00, 0x00, 0x00, 0x00, 0x00, 0x00, 0x00, 0x00, 0x00, 0x00, 0x00, 0x00, 0x00, 0x00, 0x00,
    0x00, 0x00, 0x00, 0x00, 0x00, 0x00, 0x00, 0x00, 0x00, 0x00, 0x00, 0x00, 0x00, 0x00, 0x00, 0x00,
    0x00, 0x00, 0x00, 0x00, 0x00, 0x00, 0x00, 0x00, 0x00, 0x00, 0x00, 0x00, 0x00, 0x00, 0x00, 0x00,
    0x00, 0x00, 0x00, 0x00, 0x00, 0x00, 0x00, 0x00, 0x00, 0x00, 0x00, 0x00, 0x00, 0x00, 0x00, 0x00,
    0x00, 0x00, 0x00, 0x00, 0x00, 0x00, 0x00, 0x00, 0x00, 0x00, 0x00, 0x00, 0x00, 0x00, 0x00, 0x00,
    0x00, 0x00, 0x00, 0x00, 0x00, 0x00, 0x00, 0x00, 0x00, 0x00, 0x00, 0x00, 0x00, 0x00, 0x00, 0x00,
    0x61, 0x08, 0x89, 0x5a, 0x4b, 0x7b, 0x6b, 0x83, 0x4b, 0x7b, 0x4b, 0x7b, 0x6c, 0x83, 0x4b, 0x7b,
    0x4b, 0x7b, 0x4c, 0x73, 0x4c, 0x73, 0x4b, 0x7b, 0x6b, 0x83, 0x6b, 0x83, 0x4b, 0x7b, 0x6b, 0x7b,
    0x6c, 0x83, 0x6c, 0x83, 0x6b, 0x7b, 0x6c, 0x7b, 0x4b, 0x7b, 0x6c, 0x83, 0x4b, 0x7b, 0x4b, 0x7b,
    0x6c, 0x7b, 0x6c, 0x7b, 0x6c, 0x7b, 0x4b, 0x7b, 0x6c, 0x83, 0x4b, 0x7b, 0x6c, 0x83, 0x6c, 0x7b,
    0x6b, 0x7b, 0x4b, 0x7b, 0x6c, 0x83, 0x6c, 0x83, 0x6b, 0x7b, 0x6b, 0x7b, 0x4b, 0x7b, 0x8c, 0x83,
    0x4b, 0x7b, 0x6c, 0x7b, 0x4b, 0x7b, 0x4b, 0x7b, 0x6c, 0x7b, 0x06, 0x4a, 0x80, 0x20, 0x02, 0x31,
    0x43, 0x41, 0x84, 0x41, 0xcc, 0x8b, 0x14, 0xd6, 0xb6, 0xe6, 0xb6, 0xee, 0xb6, 0xee, 0xb6, 0xee,
    0xb6, 0xee, 0xb6, 0xee, 0xb6, 0xee, 0xb6, 0xee, 0xb6, 0xee, 0xb6, 0xee, 0xb6, 0xee, 0xb6, 0xee,
    0xb6, 0xee, 0xb6, 0xee, 0xb6, 0xee, 0xb6, 0xee, 0xb6, 0xee, 0xb6, 0xee, 0xb6, 0xee, 0xb6, 0xee,
    0xb6, 0xee, 0xb6, 0xee, 0xb6, 0xee, 0xb6, 0xee, 0xb6, 0xee, 0xb6, 0xee, 0xb6, 0xee, 0xb6, 0xe6,
    0x14, 0xd6, 0xcc, 0x83, 0xa4, 0x41, 0x43, 0x41, 0x22, 0x39, 0x60, 0x18, 0xe6, 0x51, 0x2b, 0x7b,
    0x6b, 0x7b, 0x8c, 0x83, 0x6c, 0x83, 0x4b, 0x7b, 0x6b, 0x7b, 0x6b, 0x7b, 0x4b, 0x7b, 0x6b, 0x7b,
    0x4b, 0x7b, 0x6c, 0x7b, 0x6c, 0x7b, 0x6c, 0x83, 0x6c, 0x7b, 0x4b, 0x7b, 0x4c, 0x7b, 0x4b, 0x7b,
    0x6c, 0x83, 0x4b, 0x7b, 0x6b, 0x7b, 0x6b, 0x7b, 0x8c, 0x83, 0x4b, 0x7b, 0x6c, 0x7b, 0x6c, 0x83,
    0x6c, 0x7b, 0x6c, 0x7b, 0x4b, 0x7b, 0x6c, 0x83, 0x6b, 0x7b, 0x8c, 0x83, 0x6b, 0x7b, 0x6c, 0x83,
    0x6b, 0x7b, 0x4b, 0x7b, 0x6c, 0x83, 0x6b, 0x7b, 0x6b, 0x7b, 0x8c, 0x83, 0x8c, 0x83, 0x4b, 0x7b,
    0x6c, 0x83, 0x6c, 0x7b, 0x24, 0x29, 0x00, 0x00, 0x00, 0x00, 0x00, 0x00, 0x00, 0x00, 0x00, 0x00,
    0x00, 0x00, 0x00, 0x00, 0x00, 0x00, 0x00, 0x00, 0x00, 0x00, 0x00, 0x00, 0x00, 0x00, 0x00, 0x00,
    0x00, 0x00, 0x00, 0x00, 0x00, 0x00, 0x00, 0x00, 0x00, 0x00, 0x00, 0x00, 0x00, 0x00, 0x00, 0x00,
    0x00, 0x00, 0x00, 0x00, 0x00, 0x00, 0x00, 0x00, 0x00, 0x00, 0x00, 0x00, 0x00, 0x00, 0x00, 0x00,
    0x00, 0x00, 0x00, 0x00, 0x00, 0x00, 0x00, 0x00, 0x00, 0x00, 0x00, 0x00, 0x00, 0x00, 0x00, 0x00,
    0x00, 0x00, 0x00, 0x00, 0x00, 0x00, 0x00, 0x00, 0x00, 0x00, 0x00, 0x00, 0x00, 0x00, 0x00, 0x00,
    0x00, 0x00, 0x00, 0x00, 0x00, 0x00, 0x00, 0x00, 0x00, 0x00, 0x00, 0x00, 0x00, 0x00, 0x00, 0x00,
    0x00, 0x00, 0x00, 0x00, 0x00, 0x00, 0x00, 0x00, 0x00, 0x00, 0x00, 0x00, 0x00, 0x00, 0x00, 0x00,
    0x00, 0x00, 0x00, 0x00, 0x00, 0x00, 0x00, 0x00, 0x00, 0x00, 0x00, 0x00, 0x00, 0x00, 0x00, 0x00,
    0x00, 0x00, 0x00, 0x00, 0x00, 0x00, 0x00, 0x00, 0x00, 0x00, 0x00, 0x00, 0x00, 0x00, 0x00, 0x00,
    0x00, 0x00, 0x00, 0x00, 0x00, 0x00, 0x00, 0x00, 0x00, 0x00, 0x20, 0x00, 0x00, 0x00, 0xe3, 0x28,
    0x2a, 0x73, 0x8c, 0x83, 0x6c, 0x83, 0x6c, 0x83, 0x6b, 0x7b, 0x4b, 0x7b, 0x6b, 0x7b, 0x6b, 0x83,
    0x6c, 0x83, 0x6b, 0x7b, 0x8c, 0x83, 0x4b, 0x7b, 0x8c, 0x83, 0x4b, 0x7b, 0x6b, 0x7b, 0x6b, 0x7b,
    0x4b, 0x7b, 0x6c, 0x7b, 0x4b, 0x7b, 0x6c, 0x83, 0x4b, 0x7b, 0x6c, 0x7b, 0x6c, 0x7b, 0x6c, 0x83,
    0x6c, 0x7b, 0x6c, 0x7b, 0x6c, 0x83, 0x4b, 0x7b, 0x8c, 0x83, 0x6c, 0x7b, 0x6c, 0x83, 0x6b, 0x7b,
    0x6b, 0x7b, 0x6b, 0x7b, 0x6b, 0x7b, 0x6b, 0x7b, 0x4b, 0x7b, 0x8c, 0x83, 0x4b, 0x7b, 0x6c, 0x7b,
    0x6c, 0x7b, 0x6c, 0x7b, 0x6c, 0x7b, 0x06, 0x4a, 0x80, 0x20, 0x02, 0x31, 0x43, 0x41, 0x83, 0x41,
    0xac, 0x8b, 0x14, 0xd6, 0xb6, 0xe6, 0xb6, 0xee, 0xb6, 0xee, 0xb6, 0xee, 0xb6, 0xee, 0xb6, 0xee,
    0xb6, 0xee, 0xb6, 0xee, 0xb6, 0xee, 0xb6, 0xee, 0xb6, 0xee, 0xb6, 0xee, 0xb6, 0xee, 0xb6, 0xee,
    0xb6, 0xee, 0xb6, 0xee, 0xb6, 0xee, 0xb6, 0xee, 0xb6, 0xee, 0xb6, 0xee, 0xb6, 0xee, 0xb6, 0xee,
    0xb6, 0xee, 0xb6, 0xee, 0xb6, 0xee, 0xb6, 0xee, 0xb6, 0xee, 0xb6, 0xe6, 0x14, 0xd6, 0xcc, 0x83,
    0xa4, 0x41, 0x23, 0x41, 0x22, 0x39, 0x60, 0x18, 0xe6, 0x51, 0x2b, 0x7b, 0x6b, 0x7b, 0x6c, 0x83,
    0x6c, 0x83, 0x6c, 0x83, 0x6b, 0x7b, 0x6c, 0x7b, 0x6b, 0x7b, 0x6c, 0x83, 0x6b, 0x7b, 0x8c, 0x83,
    0x6c, 0x7b, 0x6c, 0x83, 0x6b, 0x7b, 0x4b, 0x7b, 0x6c, 0x83, 0x6b, 0x7b, 0x6c, 0x83, 0x6b, 0x7b,
    0x6c, 0x83, 0x6c, 0x7b, 0x8c, 0x83, 0x6c, 0x7b, 0x6c, 0x83, 0x6c, 0x7b, 0x6b, 0x7b, 0x6c, 0x7b,
    0x6c, 0x7b, 0x6c, 0x83, 0x6b, 0x7b, 0x6c, 0x83, 0x4b, 0x7b, 0x6c, 0x7b, 0x6c, 0x83, 0x6c, 0x83,
    0x4b, 0x7b, 0x4b, 0x7b, 0x8c, 0x83, 0x4b, 0x7b, 0x8c, 0x83, 0x6c, 0x7b, 0x8c, 0x83, 0x27, 0x52,
    0x20, 0x08, 0x00, 0x00, 0x20, 0x00, 0x00, 0x00, 0x00, 0x00, 0x00, 0x00, 0x00, 0x00, 0x00, 0x00,
    0x00, 0x00, 0x00, 0x00, 0x00, 0x00, 0x00, 0x00, 0x00, 0x00, 0x00, 0x00, 0x00, 0x00, 0x00, 0x00,
    0x00, 0x00, 0x00, 0x00, 0x00, 0x00, 0x00, 0x00, 0x00, 0x00, 0x00, 0x00, 0x00, 0x00, 0x00, 0x00,
    0x00, 0x00, 0x00, 0x00, 0x00, 0x00, 0x00, 0x00, 0x00, 0x00, 0x00, 0x00, 0x00, 0x00, 0x00, 0x00,
    0x00, 0x00, 0x00, 0x00, 0x00, 0x00, 0x00, 0x00, 0x00, 0x00, 0x00, 0x00, 0x00, 0x00, 0x00, 0x00,
    0x00, 0x00, 0x00, 0x00, 0x00, 0x00, 0x00, 0x00, 0x00, 0x00, 0x00, 0x00, 0x00, 0x00, 0x00, 0x00,
    0x00, 0x00, 0x00, 0x00, 0x00, 0x00, 0x00, 0x00, 0x00, 0x00, 0x00, 0x00, 0x00, 0x00, 0x00, 0x00,
    0x00, 0x00, 0x00, 0x00, 0x00, 0x00, 0x00, 0x00, 0x00, 0x00, 0x00, 0x00, 0x00, 0x00, 0x00, 0x00,
    0x00, 0x00, 0x00, 0x00, 0x00, 0x00, 0x00, 0x00, 0x00, 0x00, 0x00, 0x00, 0x00, 0x00, 0x00, 0x00,
    0x00, 0x00, 0x00, 0x00, 0x00, 0x00, 0x00, 0x00, 0x00, 0x00, 0x00, 0x00, 0x00, 0x00, 0x00, 0x00,
    0x00, 0x00, 0x00, 0x00, 0x00, 0x00, 0x00, 0x00, 0x00, 0x00, 0x00, 0x00, 0xc6, 0x41, 0x8c, 0x83,
    0x4b, 0x7b, 0x6c, 0x83, 0x6c, 0x83, 0x8c, 0x83, 0x4b, 0x7b, 0x4b, 0x83, 0x6c, 0x83, 0x4b, 0x7b,
    0x8c, 0x83, 0x4b, 0x7b, 0x6c, 0x83, 0x4b, 0x7b, 0x6c, 0x83, 0x8c, 0x83, 0x4b, 0x7b, 0x6c, 0x83,
    0x6c, 0x7b, 0x8c, 0x83, 0x6c, 0x7b, 0x8c, 0x83, 0x6c, 0x83, 0x6c, 0x83, 0x6c, 0x83, 0x4b, 0x7b,
    0x6c, 0x7b, 0x8c, 0x83, 0x8c, 0x83, 0x6b, 0x7b, 0x6c, 0x83, 0x4b, 0x7b, 0x6b, 0x7b, 0x6c, 0x7b,
    0x6b, 0x7b, 0x6c, 0x83, 0x4b, 0x7b, 0x6c, 0x83, 0x6c, 0x7b, 0x6c, 0x83, 0x6c, 0x7b, 0x6c, 0x7b,
    0x8c, 0x83, 0x06, 0x52, 0x80, 0x20, 0x02, 0x31, 0x43, 0x41, 0x84, 0x41, 0xac, 0x8b, 0x14, 0xd6,
    0x96, 0xe6, 0xb6, 0xee, 0xb6, 0xee, 0xb6, 0xee, 0xb6, 0xee, 0xb6, 0xee, 0xb6, 0xee, 0xb6, 0xee,
    0xb6, 0xee, 0xb6, 0xee, 0xb6, 0xee, 0xb6, 0xee, 0xb6, 0xee, 0xb6, 0xee, 0xb6, 0xee, 0xb6, 0xee,
    0xb6, 0xee, 0xb6, 0xee, 0xb6, 0xee, 0xb6, 0xee, 0xb6, 0xee, 0xb6, 0xee, 0xb6, 0xee, 0xb6, 0xee,
    0xb6, 0xee, 0xb6, 0xee, 0xb6, 0xee, 0xb6, 0xe6, 0x14, 0xd6, 0xcc, 0x83, 0xa4, 0x41, 0x43, 0x41,
    0x22, 0x39, 0x80, 0x20, 0xe6, 0x51, 0x4b, 0x7b, 0x6b, 0x7b, 0x6b, 0x7b, 0x6c, 0x83, 0x8c, 0x83,
    0x6c, 0x7b, 0x6c, 0x83, 0x6c, 0x7b, 0x8c, 0x83, 0x6c, 0x7b, 0x6c, 0x83, 0x6b, 0x7b, 0x6c, 0x83,
    0x6c, 0x83, 0x6c, 0x83, 0x8c, 0x83, 0x6c, 0x83, 0x6c, 0x7b, 0x4c, 0x7b, 0x6c, 0x83, 0x6c, 0x7b,
    0x6c, 0x83, 0x6c, 0x83, 0x6b, 0x83, 0x6b, 0x7b, 0x6b, 0x7b, 0x6c, 0x7b, 0x6c, 0x7b, 0x6c, 0x83,
    0x6c, 0x7b, 0x6c, 0x83, 0x6c, 0x7b, 0x6c, 0x83, 0x6c, 0x83, 0x8c, 0x83, 0x6b, 0x83, 0x4b, 0x7b,
    0x6c, 0x7b, 0x4b, 0x83, 0x4b, 0x83, 0x6b, 0x7b, 0x0a, 0x73, 0xc2, 0x20, 0x00, 0x00, 0x00, 0x00,
    0x00, 0x00, 0x00, 0x00, 0x00, 0x00, 0x00, 0x00, 0x00, 0x00, 0x00, 0x00, 0x00, 0x00, 0x00, 0x00,
    0x00, 0x00, 0x00, 0x00, 0x00, 0x00, 0x00, 0x00, 0x00, 0x00, 0x00, 0x00, 0x00, 0x00, 0x00, 0x00,
    0x00, 0x00, 0x00, 0x00, 0x00, 0x00, 0x00, 0x00, 0x00, 0x00, 0x00, 0x00, 0x00, 0x00, 0x20, 0x00,
    0x00, 0x00, 0x00, 0x00, 0x00, 0x00, 0x00, 0x00, 0x20, 0x00, 0x00, 0x00, 0x00, 0x00, 0x00, 0x00,
    0x00, 0x00, 0x00, 0x00, 0x00, 0x00, 0x00, 0x00, 0x00, 0x00, 0x00, 0x00, 0x00, 0x00, 0x00, 0x00,
    0x00, 0x00, 0x00, 0x00, 0x00, 0x00, 0x00, 0x00, 0x00, 0x00, 0x00, 0x00, 0x00, 0x00, 0x00, 0x00,
    0x00, 0x00, 0x00, 0x00, 0x00, 0x00, 0x00, 0x00, 0x00, 0x00, 0x00, 0x00, 0x00, 0x00, 0x00, 0x00,
    0x00, 0x00, 0x00, 0x00, 0x00, 0x00, 0x00, 0x00, 0x00, 0x00, 0x00, 0x00, 0x00, 0x00, 0x00, 0x00,
    0x00, 0x00, 0x00, 0x00, 0x00, 0x00, 0x00, 0x00, 0x00, 0x00, 0x00, 0x00, 0x00, 0x00, 0x00, 0x00,
    0x00, 0x00, 0x00, 0x00, 0x00, 0x00, 0x00, 0x00, 0x00, 0x00, 0x00, 0x00, 0x00, 0x00, 0x00, 0x00,
    0x00, 0x00, 0x00, 0x00, 0x00, 0x00, 0x00, 0x00, 0x82, 0x18, 0xea, 0x6a, 0x6c, 0x83, 0x8c, 0x83,
    0x6b, 0x7b, 0x6b, 0x7b, 0x6c, 0x83, 0x4b, 0x7b, 0x6c, 0x7b, 0x8c, 0x83, 0x6b, 0x83, 0x6b, 0x7b,
    0x6c, 0x83, 0x6c, 0x83, 0x8c, 0x83, 0x8c, 0x83, 0x6b, 0x7b, 0x6c, 0x83, 0x6b, 0x7b, 0x6c, 0x83,
    0x6b, 0x7b, 0x6c, 0x83, 0x6b, 0x7b, 0x6c, 0x83, 0x6b, 0x7b, 0x6b, 0x7b, 0x8c, 0x83, 0x6b, 0x7b,
    0x8c, 0x83, 0x4b, 0x7b, 0x6c, 0x83, 0x6c, 0x83, 0x8c, 0x83, 0x8c, 0x83, 0x6c, 0x7b, 0x6c, 0x83,
    0x6c, 0x7b, 0x6c, 0x83, 0x6c, 0x7b, 0x8c, 0x83, 0x6c, 0x7b, 0x4b, 0x7b, 0x6c, 0x83, 0x06, 0x52,
    0x80, 0x20, 0x02, 0x39, 0x43, 0x41, 0x84, 0x41, 0xac, 0x8b, 0x14, 0xd6, 0x96, 0xe6, 0xb6, 0xee,
    0xb6, 0xee, 0xb6, 0xee, 0xb6, 0xee, 0xb6, 0xee, 0xb6, 0xee, 0xb6, 0xee, 0xb6, 0xee, 0xb6, 0xee,
    0xb6, 0xee, 0xb6, 0xee, 0xb6, 0xee, 0xb6, 0xee, 0xb6, 0xee, 0xb6, 0xee, 0xb6, 0xee, 0xb6, 0xee,
    0xb6, 0xee, 0xb6, 0xee, 0xb6, 0xee, 0xb6, 0xee, 0xb6, 0xee, 0xb6, 0xee, 0xb6, 0xee, 0xb6, 0xee,
    0xb6, 0xee, 0xb6, 0xe6, 0x14, 0xd6, 0xcc, 0x83, 0xa4, 0x41, 0x43, 0x41, 0x23, 0x39, 0x60, 0x18,
    0x07, 0x52, 0x4b, 0x7b, 0x6c, 0x83, 0x6b, 0x7b, 0x6c, 0x7b, 0x6c, 0x7b, 0x4b, 0x7b, 0x6c, 0x83,
    0x6c, 0x7b, 0x6c, 0x7b, 0x4b, 0x7b, 0x6b, 0x7b, 0x4b, 0x7b, 0x6c, 0x83, 0x6b, 0x7b, 0x6b, 0x7b,
    0x6b, 0x83, 0x6c, 0x7b, 0x6c, 0x83, 0x4b, 0x7b, 0x6c, 0x7b, 0x6c, 0x7b, 0x6c, 0x83, 0x6b, 0x7b,
    0x6b, 0x7b, 0x6b, 0x7b, 0x6c, 0x83, 0x6c, 0x83, 0x6c, 0x7b, 0x6c, 0x7b, 0x4b, 0x7b, 0x6c, 0x83,
    0x6c, 0x7b, 0x6c, 0x83, 0x6c, 0x7b, 0x4b, 0x7b, 0x6c, 0x83, 0x6c, 0x7b, 0x6c, 0x83, 0x6c, 0x83,
    0x6c, 0x83, 0x4b, 0x7b, 0xe6, 0x41, 0x00, 0x00, 0x00, 0x00, 0x00, 0x00, 0x00, 0x00, 0x00, 0x00,
    0x00, 0x00, 0x00, 0x00, 0x00, 0x00, 0x00, 0x00, 0x00, 0x00, 0x00, 0x00, 0x20, 0x00, 0x00, 0x00,
    0x00, 0x00, 0x00, 0x00, 0x00, 0x00, 0x00, 0x00, 0x20, 0x00, 0x20, 0x00, 0x41, 0x08, 0x41, 0x08,
    0x20, 0x00, 0x20, 0x00, 0x00, 0x00, 0x00, 0x00, 0x00, 0x00, 0x00, 0x00, 0x00, 0x00, 0x20, 0x00,
    0x00, 0x00, 0x00, 0x00, 0x00, 0x00, 0x00, 0x00, 0x00, 0x00, 0x00, 0x00, 0x00, 0x00, 0x00, 0x00,
    0x00, 0x00, 0x00, 0x00, 0x00, 0x00, 0x00, 0x00, 0x00, 0x00, 0x00, 0x00, 0x00, 0x00, 0x00, 0x00,
    0x00, 0x00, 0x00, 0x00, 0x00, 0x00, 0x00, 0x00, 0x00, 0x00, 0x00, 0x00, 0x00, 0x00, 0x00, 0x00,
    0x00, 0x00, 0x00, 0x00, 0x00, 0x00, 0x00, 0x00, 0x00, 0x00, 0x00, 0x00, 0x00, 0x00, 0x00, 0x00,
    0x00, 0x00, 0x00, 0x00, 0x00, 0x00, 0x00, 0x00, 0x00, 0x00, 0x00, 0x00, 0x00, 0x00, 0x00, 0x00,
    0x00, 0x00, 0x00, 0x00, 0x00, 0x00, 0x00, 0x00, 0x00, 0x00, 0x00, 0x00, 0x00, 0x00, 0x00, 0x00,
    0x00, 0x00, 0x00, 0x00, 0x00, 0x00, 0x00, 0x00, 0x00, 0x00, 0x00, 0x00, 0x00, 0x00, 0x00, 0x00,
    0x00, 0x00, 0x00, 0x00, 0x00, 0x00, 0x85, 0x39, 0x4c, 0x7b, 0x4b, 0x7b, 0x6c, 0x83, 0x6b, 0x7b,
    0x6c, 0x83, 0x4b, 0x7b, 0x6c, 0x83, 0x6b, 0x7b, 0x6b, 0x7b, 0x6b, 0x7b, 0x6b, 0x7b, 0x6b, 0x7b,
    0x6b, 0x7b, 0x6c, 0x83, 0x4b, 0x7b, 0x6b, 0x7b, 0x6b, 0x7b, 0x6c, 0x83, 0x6b, 0x7b, 0x6c, 0x83,
    0x6b, 0x7b, 0x6c, 0x83, 0x6c, 0x83, 0x6b, 0x7b, 0x6b, 0x7b, 0x4b, 0x7b, 0x6c, 0x83, 0x6b, 0x7b,
    0x6c, 0x83, 0x4b, 0x7b, 0x6c, 0x7b, 0x6c, 0x7b, 0x4b, 0x7b, 0x6c, 0x7b, 0x6c, 0x7b, 0x6c, 0x83,
    0x4b, 0x7b, 0x6c, 0x83, 0x6c, 0x7b, 0x6c, 0x7b, 0x6c, 0x83, 0x06, 0x52, 0x60, 0x20, 0x02, 0x39,
    0x43, 0x41, 0x84, 0x41, 0xcc, 0x8b, 0x14, 0xd6, 0xb6, 0xe6, 0xb6, 0xee, 0xb6, 0xee, 0xb6, 0xee,
    0xb6, 0xee, 0xb6, 0xee, 0xb6, 0xee, 0xb6, 0xee, 0xb6, 0xee, 0xb6, 0xee, 0xb6, 0xee, 0xb6, 0xee,
    0xb6, 0xee, 0xb6, 0xee, 0xb6, 0xee, 0xb6, 0xee, 0xb6, 0xee, 0xb6, 0xee, 0xb6, 0xee, 0xb6, 0xee,
    0xb6, 0xee, 0xb6, 0xee, 0xb6, 0xee, 0xb6, 0xee, 0xb6, 0xee, 0xb6, 0xee, 0xb6, 0xee, 0xb6, 0xe6,
    0x14, 0xd6, 0xcc, 0x83, 0xa4, 0x41, 0x23, 0x41, 0x22, 0x39, 0x60, 0x18, 0xe6, 0x51, 0x4b, 0x7b,
    0x6b, 0x7b, 0x6b, 0x7b, 0x6c, 0x7b, 0x6c, 0x7b, 0x6c, 0x7b, 0x6c, 0x83, 0x6c, 0x7b, 0x6c, 0x83,
    0x6c, 0x7b, 0x6c, 0x83, 0x6b, 0x7b, 0x6c, 0x83, 0x6c, 0x83, 0x6b, 0x7b, 0x6c, 0x83, 0x6b, 0x7b,
    0x6c, 0x7b, 0x4b, 0x7b, 0x6c, 0x7b, 0x6c, 0x7b, 0x6c, 0x83, 0x4b, 0x7b, 0x6b, 0x7b, 0x6c, 0x83,
    0x6c, 0x83, 0x6c, 0x83, 0x4c, 0x7b, 0x6c, 0x83, 0x6c, 0x7b, 0x6c, 0x83, 0x6c, 0x7b, 0x6c, 0x83,
    0x6c, 0x7b, 0x6c, 0x7b, 0x6c, 0x83, 0x6b, 0x7b, 0x8c, 0x83, 0x4b, 0x83, 0x6c, 0x7b, 0x0a, 0x6b,
    0x61, 0x10, 0x00, 0x00, 0x00, 0x00, 0x00, 0x00, 0x00, 0x00, 0x00, 0x00, 0x00, 0x00, 0x00, 0x00,
    0x00, 0x00, 0x00, 0x00, 0x20, 0x00, 0x00, 0x00, 0x00, 0x00, 0x00, 0x00, 0xe3, 0x18, 0xe7, 0x39,
    0x8e, 0x73, 0xb2, 0x94, 0xb6, 0xb5, 0x59, 0xce, 0x9a, 0xd6, 0xba, 0xd6, 0x79, 0xce, 0xd7, 0xbd,
    0x14, 0xa5, 0xef, 0x7b, 0x69, 0x4a, 0x24, 0x21, 0x20, 0x00, 0x00, 0x00, 0x00, 0x00, 0x41, 0x08,
    0x00, 0x00, 0x00, 0x00, 0x00, 0x00, 0x00, 0x00, 0x00, 0x00, 0x00, 0x00, 0x00, 0x00, 0x00, 0x00,
    0x00, 0x00, 0x00, 0x00, 0x00, 0x00, 0x00, 0x00, 0x00, 0x00, 0x00, 0x00, 0x00, 0x00, 0x00, 0x00,
    0x00, 0x00, 0x00, 0x00, 0x00, 0x00, 0x00, 0x00, 0x00, 0x00, 0x00, 0x00, 0x00, 0x00, 0x00, 0x00,
    0x00, 0x00, 0x00, 0x00, 0x00, 0x00, 0x00, 0x00, 0x00, 0x00, 0x00, 0x00, 0x00, 0x00, 0x00, 0x00,
    0x00, 0x00, 0x00, 0x00, 0x00, 0x00, 0x00, 0x00, 0x00, 0x00, 0x00, 0x00, 0x00, 0x00, 0x00, 0x00,
    0x00, 0x00, 0x00, 0x00, 0x00, 0x00, 0x00, 0x00, 0x00, 0x00, 0x00, 0x00, 0x00, 0x00, 0x00, 0x00,
    0x00, 0x00, 0x00, 0x00, 0x00, 0x00, 0x00, 0x00, 0x00, 0x00, 0x00, 0x00, 0x00, 0x00, 0x00, 0x00,
    0x00, 0x00, 0x61, 0x10, 0xa9, 0x62, 0x6c, 0x7b, 0x6b, 0x83, 0x4b, 0x7b, 0x6c, 0x83, 0x6b, 0x7b,
    0x6c, 0x83, 0x6b, 0x7b, 0x6c, 0x83, 0x6b, 0x7b, 0x6b, 0x7b, 0x6b, 0x7b, 0x6c, 0x83, 0x8c, 0x83,
    0x6c, 0x83, 0x6c, 0x83, 0x6b, 0x7b, 0x6c, 0x83, 0x6b, 0x7b, 0x6c, 0x83, 0x6b, 0x7b, 0x6b, 0x7b,
    0x6c, 0x83, 0x6b, 0x7b, 0x4b, 0x7b, 0x6b, 0x7b, 0x6b, 0x7b, 0x6b, 0x7b, 0x6c, 0x83, 0x6c, 0x7b,
    0x6c, 0x83, 0x6c, 0x83, 0x6c, 0x83, 0x8c, 0x83, 0x4b, 0x7b, 0x6c, 0x83, 0x4b, 0x7b, 0x6c, 0x7b,
    0x6c, 0x7b, 0x4b, 0x7b, 0x8c, 0x83, 0x06, 0x52, 0x60, 0x20, 0x02, 0x31, 0x43, 0x41, 0x84, 0x41,
    0xcc, 0x8b, 0x14, 0xd6, 0xb6, 0xe6, 0xb6, 0xee, 0xb6, 0xee, 0xb6, 0xee, 0xb6, 0xee, 0xb6, 0xee,
    0xb6, 0xee, 0xb6, 0xee, 0xb6, 0xee, 0xb6, 0xee, 0xb6, 0xee, 0xb6, 0xee, 0xb6, 0xee, 0xb6, 0xee,
    0xb6, 0xee, 0xb6, 0xee, 0xb6, 0xee, 0xb6, 0xee, 0xb6, 0xee, 0xb6, 0xee, 0xb6, 0xee, 0xb6, 0xee,
    0xb6, 0xee, 0xb6, 0xee, 0xb6, 0xee, 0xb6, 0xee, 0xb6, 0xee, 0xb6, 0xe6, 0x14, 0xd6, 0xcc, 0x83,
    0xa4, 0x41, 0x43, 0x41, 0x23, 0x39, 0x80, 0x20, 0xe6, 0x51, 0x4b, 0x7b, 0x6b, 0x83, 0x6c, 0x83,
    0x6c, 0x83, 0x6c, 0x83, 0x6c, 0x7b, 0x6c, 0x83, 0x6c, 0x7b, 0x8c, 0x83, 0x8c, 0x83, 0x8c, 0x83,
    0x6b, 0x7b, 0x6c, 0x83, 0x6b, 0x7b, 0x6c, 0x83, 0x6c, 0x83, 0x6c, 0x7b, 0x6c, 0x83, 0x6c, 0x7b,
    0x6c, 0x83, 0x6c, 0x83, 0x6c, 0x83, 0x6c, 0x7b, 0x6c, 0x83, 0x6c, 0x83, 0x6b, 0x83, 0x6c, 0x83,
    0x6c, 0x83, 0x8c, 0x83, 0x6c, 0x7b, 0x6c, 0x7b, 0x4b, 0x7b, 0x6c, 0x83, 0x6c, 0x7b, 0x6c, 0x7b,
    0x8c, 0x83, 0x6b, 0x7b, 0x6b, 0x7b, 0x6b, 0x83, 0x8c, 0x7b, 0xc5, 0x39, 0x00, 0x00, 0x00, 0x00,
    0x00, 0x00, 0x00, 0x00, 0x00, 0x00, 0x00, 0x00, 0x00, 0x00, 0x00, 0x00, 0x00, 0x00, 0x00, 0x00,
    0x00, 0x00, 0x61, 0x08, 0xcb, 0x5a, 0xf3, 0x9c, 0xdb, 0xde, 0xff, 0xff, 0xff, 0xff, 0xff, 0xff,
    0xff, 0xff, 0xff, 0xff, 0xff, 0xff, 0xff, 0xff, 0xff, 0xff, 0xff, 0xff, 0xff, 0xff, 0xff, 0xff,
    0xff, 0xff, 0x3c, 0xe7, 0x75, 0xad, 0x6d, 0x6b, 0xe3, 0x18, 0x00, 0x00, 0x00, 0x00, 0x00, 0x00,
    0x00, 0x00, 0x00, 0x00, 0x00, 0x00, 0x00, 0x00, 0x00, 0x00, 0x00, 0x00, 0x00, 0x00, 0x00, 0x00,
    0x00, 0x00, 0x00, 0x00, 0x00, 0x00, 0x00, 0x00, 0x00, 0x00, 0x00, 0x00, 0x00, 0x00, 0x00, 0x00,
    0x00, 0x00, 0x00, 0x00, 0x00, 0x00, 0x00, 0x00, 0x00, 0x00, 0x00, 0x00, 0x00, 0x00, 0x00, 0x00,
    0x00, 0x00, 0x00, 0x00, 0x00, 0x00, 0x00, 0x00, 0x00, 0x00, 0x00, 0x00, 0x00, 0x00, 0x00, 0x00,
    0x00, 0x00, 0x00, 0x00, 0x00, 0x00, 0x00, 0x00, 0x00, 0x00, 0x00, 0x00, 0x00, 0x00, 0x00, 0x00,
    0x00, 0x00, 0x00, 0x00, 0x00, 0x00, 0x00, 0x00, 0x00, 0x00, 0x00, 0x00, 0x00, 0x00, 0x00, 0x00,
    0x00, 0x00, 0x00, 0x00, 0x00, 0x00, 0x00, 0x00, 0x00, 0x00, 0x00, 0x00, 0x00, 0x00, 0x00, 0x00,
    0x65, 0x31, 0x6c, 0x7b, 0x6b, 0x83, 0x6c, 0x83, 0x6c, 0x83, 0x6b, 0x7b, 0x8c, 0x83, 0x6c, 0x83,
    0x8c, 0x83, 0x6b, 0x7b, 0x6b, 0x7b, 0x6c, 0x83, 0x6c, 0x83, 0x8c, 0x83, 0x6b, 0x7b, 0x6c, 0x83,
    0x6b, 0x7b, 0x8c, 0x83, 0x6b, 0x7b, 0x6c, 0x83, 0x6b, 0x7b, 0x6c, 0x83, 0x6b, 0x7b, 0x6b, 0x7b,
    0x8c, 0x83, 0x6b, 0x7b, 0x8c, 0x83, 0x6b, 0x7b, 0x6c, 0x7b, 0x6c, 0x7b, 0x6c, 0x83, 0x6c, 0x83,
    0x6c, 0x7b, 0x6c, 0x7b, 0x4b, 0x7b, 0x8c, 0x83, 0x6c, 0x7b, 0x6c, 0x83, 0x6c, 0x83, 0x6c, 0x7b,
    0x6c, 0x83, 0x06, 0x52, 0x81, 0x20, 0x23, 0x39, 0x63, 0x41, 0x63, 0x41, 0xac, 0x83, 0x14, 0xd6,
    0x96, 0xe6, 0xb6, 0xee, 0xb6, 0xee, 0xb6, 0xee, 0xb6, 0xee, 0xb6, 0xee, 0xb6, 0xee, 0xb6, 0xee,
    0xb6, 0xee, 0xb6, 0xee, 0xb6, 0xee, 0xb6, 0xee, 0xb6, 0xee, 0xb6, 0xee, 0xb6, 0xee, 0xb6, 0xee,
    0xb6, 0xee, 0xb6, 0xee, 0xb6, 0xee, 0xb6, 0xee, 0xb6, 0xee, 0xb6, 0xee, 0xb6, 0xee, 0xb6, 0xee,
    0xb6, 0xee, 0xb6, 0xee, 0xb6, 0xee, 0xb6, 0xe6, 0x14, 0xd6, 0xcc, 0x83, 0x84, 0x41, 0x22, 0x39,
    0x22, 0x39, 0x80, 0x18, 0xe6, 0x49, 0x4b, 0x7b, 0x6b, 0x7b, 0x6b, 0x7b, 0x6c, 0x7b, 0x4c, 0x7b,
    0x6c, 0x7b, 0x6c, 0x83, 0x4b, 0x7b, 0x6c, 0x7b, 0x6c, 0x7b, 0x8c, 0x83, 0x6b, 0x7b, 0x6b, 0x7b,
    0x6b, 0x7b, 0x6b, 0x7b, 0x6c, 0x83, 0x4b, 0x7b, 0x6c, 0x83, 0x6c, 0x7b, 0x6c, 0x83, 0x6c, 0x83,
    0x6c, 0x7b, 0x6b, 0x7b, 0x6c, 0x83, 0x6c, 0x83, 0x6b, 0x7b, 0x6c, 0x7b, 0x6c, 0x7b, 0x8c, 0x83,
    0x6c, 0x83, 0x6c, 0x83, 0x4b, 0x7b, 0x6c, 0x83, 0x6c, 0x7b, 0x6c, 0x7b, 0x6b, 0x7b, 0x6b, 0x7b,
    0x4b, 0x7b, 0x8c, 0x83, 0x0b, 0x6b, 0x81, 0x10, 0x00, 0x00, 0x00, 0x00, 0x20, 0x00, 0x00, 0x00,
    0x00, 0x00, 0x00, 0x00, 0x00, 0x00, 0x00, 0x00, 0x00, 0x00, 0x61, 0x08, 0x6d, 0x6b, 0x79, 0xce,
    0xff, 0xff, 0xff, 0xff, 0xff, 0xff, 0xff, 0xff, 0xdf, 0xff, 0xff, 0xff, 0xff, 0xff, 0xff, 0xff,
    0xff, 0xff, 0xff, 0xff, 0xff, 0xff, 0xff, 0xff, 0xdf, 0xff, 0xdf, 0xff, 0xdf, 0xff, 0xff, 0xff,
    0xff, 0xff, 0xff, 0xff, 0xdb, 0xde, 0x51, 0x8c, 0x04, 0x21, 0x00, 0x00, 0x00, 0x00, 0x00, 0x00,
    0x00, 0x00, 0x00, 0x00, 0x00, 0x00, 0x00, 0x00, 0x00, 0x00, 0x00, 0x00, 0x00, 0x00, 0x00, 0x00,
    0x00, 0x00, 0x00, 0x00, 0x00, 0x00, 0x00, 0x00, 0x00, 0x00, 0x00, 0x00, 0x00, 0x00, 0x00, 0x00,
    0x00, 0x00, 0x00, 0x00, 0x00, 0x00, 0x00, 0x00, 0x00, 0x00, 0x00, 0x00, 0x00, 0x00, 0x00, 0x00,
    0x00, 0x00, 0x00, 0x00, 0x00, 0x00, 0x00, 0x00, 0x00, 0x00, 0x00, 0x00, 0x00, 0x00, 0x00, 0x00,
    0x00, 0x00, 0x00, 0x00, 0x00, 0x00, 0x00, 0x00, 0x00, 0x00, 0x00, 0x00, 0x00, 0x00, 0x00, 0x00,
    0x00, 0x00, 0x00, 0x00, 0x00, 0x00, 0x00, 0x00, 0x00, 0x00, 0x00, 0x00, 0x00, 0x00, 0x00, 0x00,
    0x00, 0x00, 0x00, 0x00, 0x00, 0x00, 0x00, 0x00, 0x00, 0x00, 0x00, 0x00, 0x61, 0x10, 0xc9, 0x62,
    0x6c, 0x83, 0x6c, 0x83, 0x4b, 0x7b, 0x4b, 0x7b, 0x8c, 0x83, 0x6c, 0x83, 0x6c, 0x83, 0x6b, 0x7b,
    0x6b, 0x7b, 0x6b, 0x7b, 0x6b, 0x7b, 0x6b, 0x7b, 0x4b, 0x7b, 0x6c, 0x83, 0x6b, 0x7b, 0x8c, 0x83,
    0x6b, 0x7b, 0x6c, 0x83, 0x6b, 0x7b, 0x6c, 0x83, 0x6c, 0x83, 0x4b, 0x7b, 0x6b, 0x7b, 0x8c, 0x83,
    0x6b, 0x7b, 0x4b, 0x7b, 0x6c, 0x7b, 0x4b, 0x7b, 0x6c, 0x7b, 0x6c, 0x7b, 0x6c, 0x7b, 0x6c, 0x83,
    0x4b, 0x7b, 0x8c, 0x83, 0x4b, 0x7b, 0x6c, 0x7b, 0x6c, 0x7b, 0x6c, 0x7b, 0x8c, 0x83, 0x07, 0x52,
    0x80, 0x20, 0x02, 0x39, 0x43, 0x41, 0x84, 0x41, 0xcc, 0x8b, 0x14, 0xd6, 0xb6, 0xe6, 0xb6, 0xee,
    0xb6, 0xee, 0xb6, 0xee, 0xb6, 0xee, 0xb6, 0xee, 0xb6, 0xee, 0xb6, 0xee, 0xb6, 0xee, 0xb6, 0xee,
    0xb6, 0xee, 0xb6, 0xee, 0xb6, 0xee, 0xb6, 0xee, 0xb6, 0xee, 0xb6, 0xee, 0xb6, 0xee, 0xb6, 0xee,
    0xb6, 0xee, 0xb6, 0xee, 0xb6, 0xee, 0xb6, 0xee, 0xb6, 0xee, 0xb6, 0xee, 0xb6, 0xee, 0xb6, 0xee,
    0xb6, 0xee, 0xb6, 0xe6, 0x14, 0xd6, 0xcc, 0x83, 0xa4, 0x41, 0x43, 0x41, 0x23, 0x39, 0x80, 0x20,
    0x07, 0x52, 0x4c, 0x7b, 0x8c, 0x83, 0x6c, 0x83, 0x6c, 0x83, 0x6c, 0x7b, 0x6c, 0x83, 0x8c, 0x83,
    0x6c, 0x7b, 0x6c, 0x83, 0x4b, 0x7b, 0x8c, 0x83, 0x4b, 0x7b, 0x6b, 0x7b, 0x6b, 0x7b, 0x6b, 0x7b,
    0x6b, 0x7b, 0x4b, 0x7b, 0x8c, 0x83, 0x4b, 0x7b, 0x6c, 0x7b, 0x8c, 0x83, 0x6c, 0x83, 0x4b, 0x7b,
    0x6b, 0x7b, 0x6c, 0x83, 0x6b, 0x7b, 0x6c, 0x83, 0x6c, 0x7b, 0x8c, 0x83, 0x6c, 0x7b, 0x4b, 0x7b,
    0x4b, 0x7b, 0x6c, 0x83, 0x4b, 0x7b, 0x4b, 0x7b, 0x6c, 0x83, 0x6b, 0x7b, 0x6b, 0x7b, 0x6c, 0x83,
    0xe7, 0x49, 0x00, 0x00, 0x00, 0x00, 0x00, 0x00, 0x00, 0x00, 0x00, 0x00, 0x00, 0x00, 0x00, 0x00,
    0x00, 0x00, 0x00, 0x00, 0x8a, 0x52, 0x9a, 0xd6, 0xff, 0xff, 0xff, 0xff, 0xdf, 0xff, 0xdf, 0xff,
    0xff, 0xff, 0xff, 0xff, 0xff, 0xff, 0xff, 0xff, 0xff, 0xff, 0xff, 0xff, 0xff, 0xff, 0xff, 0xff,
    0xff, 0xff, 0xff, 0xff, 0xff, 0xff, 0xff, 0xff, 0xff, 0xff, 0xff, 0xff, 0xdf, 0xff, 0xff, 0xff,
    0xff, 0xff, 0xff, 0xff, 0x3c, 0xe7, 0xae, 0x73, 0x61, 0x08, 0x00, 0x00, 0x20, 0x00, 0x00, 0x00,
    0x00, 0x00, 0x00, 0x00, 0x00, 0x00, 0x00, 0x00, 0x00, 0x00, 0x00, 0x00, 0x00, 0x00, 0x00, 0x00,
    0x00, 0x00, 0x00, 0x00, 0x00, 0x00, 0x00, 0x00, 0x00, 0x00, 0x00, 0x00, 0x00, 0x00, 0x00, 0x00,
    0x00, 0x00, 0x00, 0x00, 0x00, 0x00, 0x00, 0x00, 0x00, 0x00, 0x00, 0x00, 0x00, 0x00, 0x00, 0x00,
    0x00, 0x00, 0x00, 0x00, 0x00, 0x00, 0x00, 0x00, 0x00, 0x00, 0x00, 0x00, 0x00, 0x00, 0x00, 0x00,
    0x00, 0x00, 0x00, 0x00, 0x00, 0x00, 0x00, 0x00, 0x00, 0x00, 0x00, 0x00, 0x00, 0x00, 0x00, 0x00,
    0x00, 0x00, 0x00, 0x00, 0x00, 0x00, 0x00, 0x00, 0x00, 0x00, 0x00, 0x00, 0x00, 0x00, 0x00, 0x00,
    0x00, 0x00, 0x00, 0x00, 0x00, 0x00, 0x00, 0x00, 0x00, 0x00, 0xc6, 0x41, 0x8c, 0x7b, 0x6c, 0x83,
    0x6b, 0x7b, 0x4b, 0x7b, 0x8c, 0x83, 0x6c, 0x83, 0x6b, 0x7b, 0x4b, 0x7b, 0x4b, 0x7b, 0x6b, 0x7b,
    0x6b, 0x7b, 0x6c, 0x83, 0x6c, 0x83, 0x6b, 0x7b, 0x6b, 0x7b, 0x8c, 0x83, 0x6c, 0x83, 0x6c, 0x83,
    0x6b, 0x7b, 0x8c, 0x83, 0x6b, 0x7b, 0x6b, 0x7b, 0x6b, 0x83, 0x6c, 0x83, 0x8c, 0x83, 0x4b, 0x7b,
    0x6c, 0x7b, 0x4b, 0x7b, 0x6c, 0x7b, 0x6c, 0x7b, 0x6c, 0x83, 0x8c, 0x83, 0x4b, 0x7b, 0x8c, 0x83,
    0x6b, 0x7b, 0x6c, 0x7b, 0x6c, 0x7b, 0x6c, 0x83, 0x6c, 0x83, 0x06, 0x52, 0x80, 0x20, 0x23, 0x39,
    0x63, 0x41, 0x84, 0x41, 0xac, 0x8b, 0x14, 0xd6, 0x96, 0xe6, 0xb6, 0xee, 0xb6, 0xee, 0xb6, 0xee,
    0xb6, 0xee, 0xb6, 0xee, 0xb6, 0xee, 0xb6, 0xee, 0xb6, 0xee, 0xb6, 0xee, 0xb6, 0xee, 0xb6, 0xee,
    0xb6, 0xee, 0xb6, 0xee, 0xb6, 0xee, 0xb6, 0xee, 0xb6, 0xee, 0xb6, 0xee, 0xb6, 0xee, 0xb6, 0xee,
    0xb6, 0xee, 0xb6, 0xee, 0xb6, 0xee, 0xb6, 0xee, 0xb6, 0xee, 0xb6, 0xee, 0xb6, 0xee, 0xb6, 0xe6,
    0x14, 0xd6, 0xcc, 0x83, 0x84, 0x41, 0x22, 0x41, 0x22, 0x39, 0x60, 0x20, 0xe6, 0x49, 0x4b, 0x7b,
    0x6b, 0x83, 0x8c, 0x83, 0x6c, 0x7b, 0x8b, 0x7b, 0x6c, 0x83, 0x4b, 0x7b, 0x8c, 0x83, 0x6c, 0x83,
    0x6b, 0x7b, 0x6b, 0x7b, 0x4b, 0x7b, 0x6c, 0x83, 0x4c, 0x83, 0x6c, 0x83, 0x6b, 0x7b, 0x4b, 0x7b,
    0x6b, 0x7b, 0x4b, 0x7b, 0x6b, 0x83, 0x8c, 0x83, 0x4b, 0x83, 0x4b, 0x7b, 0x6c, 0x83, 0x6c, 0x83,
    0x6b, 0x7b, 0xac, 0x83, 0x6b, 0x7b, 0x6b, 0x7b, 0x6b, 0x7b, 0x6b, 0x7b, 0x6b, 0x7b, 0x8c, 0x83,
    0x4b, 0x7b, 0x6c, 0x7b, 0x4c, 0x7b, 0x6b, 0x83, 0x6b, 0x83, 0x2b, 0x73, 0xe3, 0x20, 0x00, 0x00,
    0x00, 0x00, 0x00, 0x00, 0x00, 0x00, 0x00, 0x00, 0x20, 0x00, 0x00, 0x00, 0xa2, 0x10, 0xd3, 0x9c,
    0xff, 0xff, 0xff, 0xff, 0xff, 0xff, 0xff, 0xff, 0xff, 0xff, 0xff, 0xff, 0xff, 0xff, 0xff, 0xff,
    0xff, 0xff, 0xff, 0xff, 0xff, 0xff, 0xff, 0xff, 0xff, 0xff, 0xff, 0xff, 0xff, 0xff, 0xff, 0xff,
    0xff, 0xff, 0xff, 0xff, 0xff, 0xff, 0xff, 0xff, 0xff, 0xff, 0xff, 0xff, 0xff, 0xff, 0xdf, 0xff,
    0xff, 0xff, 0xff, 0xff, 0x18, 0xc6, 0x86, 0x31, 0x00, 0x00, 0x20, 0x00, 0x00, 0x00, 0x00, 0x00,
    0x00, 0x00, 0x00, 0x00, 0x00, 0x00, 0x00, 0x00, 0x00, 0x00, 0x00, 0x00, 0x00, 0x00, 0x00, 0x00,
    0x00, 0x00, 0x00, 0x00, 0x00, 0x00, 0x00, 0x00, 0x00, 0x00, 0x00, 0x00, 0x00, 0x00, 0x00, 0x00,
    0x00, 0x00, 0x00, 0x00, 0x00, 0x00, 0x00, 0x00, 0x00, 0x00, 0x00, 0x00, 0x00, 0x00, 0x00, 0x00,
    0x00, 0x00, 0x00, 0x00, 0x00, 0x00, 0x00, 0x00, 0x00, 0x00, 0x00, 0x00, 0x00, 0x00, 0x00, 0x00,
    0x00, 0x00, 0x00, 0x00, 0x00, 0x00, 0x00, 0x00, 0x00, 0x00, 0x00, 0x00, 0x00, 0x00, 0x00, 0x00,
    0x00, 0x00, 0x00, 0x00, 0x00, 0x00, 0x00, 0x00, 0x00, 0x00, 0x00, 0x00, 0x00, 0x00, 0x00, 0x00,
    0x00, 0x00, 0x00, 0x00, 0x00, 0x00, 0xa2, 0x18, 0x0a, 0x6b, 0x6c, 0x7b, 0x8c, 0x83, 0x6c, 0x7b,
    0x8c, 0x83, 0x6b, 0x7b, 0x6b, 0x7b, 0x6c, 0x7b, 0x6c, 0x83, 0x6c, 0x83, 0x4b, 0x7b, 0x6c, 0x7b,
    0x6c, 0x7b, 0x6b, 0x7b, 0x6c, 0x83, 0x6c, 0x83, 0x6b, 0x7b, 0x6b, 0x7b, 0x4b, 0x7b, 0x6b, 0x7b,
    0x8b, 0x7b, 0x8b, 0x83, 0x6b, 0x7b, 0x6c, 0x83, 0x4c, 0x7b, 0x6b, 0x7b, 0x4b, 0x7b, 0x6c, 0x83,
    0x4b, 0x7b, 0x6b, 0x7b, 0x6b, 0x7b, 0x6c, 0x7b, 0x6b, 0x7b, 0x8c, 0x83, 0x6c, 0x7b, 0x6b, 0x7b,
    0x6b, 0x83, 0x6b, 0x7b, 0x8c, 0x83, 0x07, 0x52, 0x60, 0x20, 0x02, 0x39, 0x43, 0x41, 0x84, 0x49,
    0xac, 0x8b, 0x14, 0xd6, 0xb6, 0xe6, 0xb6, 0xee, 0xb6, 0xee, 0xb6, 0xee, 0xb6, 0xee, 0xb6, 0xee,
    0xb6, 0xee, 0xb6, 0xee, 0xb6, 0xee, 0xb6, 0xee, 0xb6, 0xee, 0xb6, 0xee, 0xb6, 0xee, 0xb6, 0xee,
    0xb6, 0xee, 0xb6, 0xee, 0xb6, 0xee, 0xb6, 0xee, 0xb6, 0xee, 0xb6, 0xee, 0xb6, 0xee, 0xb6, 0xee,
    0xb6, 0xee, 0xb6, 0xee, 0xb6, 0xee, 0xb6, 0xee, 0xb6, 0xee, 0xb6, 0xe6, 0x14, 0xd6, 0xcc, 0x8b,
    0xa4, 0x41, 0x43, 0x41, 0x23, 0x39, 0x80, 0x18, 0xe7, 0x51, 0x4c, 0x7b, 0x6b, 0x7b, 0x8c, 0x83,
    0x6c, 0x83, 0x6b, 0x7b, 0x6c, 0x7b, 0x6c, 0x83, 0x6c, 0x83, 0x8c, 0x83, 0x6c, 0x7b, 0x8c, 0x83,
    0x6c, 0x7b, 0x6c, 0x83, 0x6c, 0x83, 0x8c, 0x83, 0x6c, 0x83, 0x6b, 0x7b, 0x6b, 0x7b, 0x6c, 0x83,
    0x8c, 0x83, 0x6b, 0x7b, 0x8d, 0x83, 0x6b, 0x7b, 0x6b, 0x7b, 0x6c, 0x83, 0x8c, 0x83, 0x6c, 0x7b,
    0x6c, 0x83, 0x8c, 0x83, 0x4b, 0x7b, 0x8c, 0x83, 0x8c, 0x83, 0x6c, 0x83, 0x6c, 0x83, 0x6c, 0x7b,
    0x6c, 0x7b, 0x8b, 0x83, 0x6b, 0x7b, 0x69, 0x5a, 0x20, 0x08, 0x00, 0x00, 0x00, 0x00, 0x00, 0x00,
    0x00, 0x00, 0x20, 0x00, 0x00, 0x00, 0x86, 0x31, 0x79, 0xce, 0xff, 0xff, 0xde, 0xf7, 0xdf, 0xff,
    0xff, 0xff, 0xff, 0xff, 0xff, 0xff, 0xff, 0xff, 0xff, 0xff, 0xff, 0xff, 0xff, 0xff, 0xff, 0xff,
    0xff, 0xff, 0xff, 0xff, 0xff, 0xff, 0xff, 0xff, 0xff, 0xff, 0xff, 0xff, 0xff, 0xff, 0xff, 0xff,
    0xff, 0xff, 0xff, 0xff, 0xff, 0xff, 0xff, 0xff, 0xff, 0xff, 0xff, 0xff, 0xff, 0xff, 0xdf, 0xff,
    0xff, 0xff, 0x5d, 0xef, 0xaa, 0x52, 0x00, 0x00, 0x20, 0x00, 0x00, 0x00, 0x00, 0x00, 0x00, 0x00,
    0x00, 0x00, 0x00, 0x00, 0x00, 0x00, 0x00, 0x00, 0x00, 0x00, 0x00, 0x00, 0x00, 0x00, 0x00, 0x00,
    0x00, 0x00, 0x00, 0x00, 0x00, 0x00, 0x00, 0x00, 0x00, 0x00, 0x00, 0x00, 0x00, 0x00, 0x00, 0x00,
    0x00, 0x00, 0x00, 0x00, 0x00, 0x00, 0x00, 0x00, 0x00, 0x00, 0x00, 0x00, 0x00, 0x00, 0x00, 0x00,
    0x00, 0x00, 0x00, 0x00, 0x00, 0x00, 0x00, 0x00, 0x00, 0x00, 0x00, 0x00, 0x00, 0x00, 0x00, 0x00,
    0x00, 0x00, 0x00, 0x00, 0x00, 0x00, 0x00, 0x00, 0x00, 0x00, 0x00, 0x00, 0x00, 0x00, 0x00, 0x00,
    0x00, 0x00, 0x00, 0x00, 0x00, 0x00, 0x00, 0x00, 0x00, 0x00, 0x00, 0x00, 0x00, 0x00, 0x00, 0x00,
    0x00, 0x00, 0x00, 0x00, 0x07, 0x4a, 0x6c, 0x83, 0x6c, 0x7b, 0x6b, 0x7b, 0x8c, 0x83, 0x6b, 0x7b,
    0x6c, 0x83, 0x6c, 0x83, 0xad, 0x83, 0x4b, 0x7b, 0x8c, 0x83, 0x8c, 0x83, 0x4b, 0x7b, 0x8c, 0x83,
    0x4b, 0x7b, 0x8c, 0x83, 0x4b, 0x7b, 0x8c, 0x83, 0x4b, 0x7b, 0x8c, 0x83, 0x6c, 0x83, 0x4b, 0x7b,
    0x8c, 0x83, 0x6c, 0x83, 0x8c, 0x83, 0x6b, 0x83, 0x8c, 0x83, 0x6c, 0x83, 0x6c, 0x7b, 0x8c, 0x83,
    0x4b, 0x7b, 0x6c, 0x83, 0x6c, 0x83, 0x8c, 0x83, 0x6b, 0x83, 0x6c, 0x83, 0x6c, 0x83, 0x8c, 0x83,
    0x6c, 0x83, 0xe6, 0x51, 0x60, 0x20, 0x22, 0x39, 0x43, 0x41, 0x84, 0x41, 0xac, 0x8b, 0x14, 0xd6,
    0x96, 0xe6, 0xb6, 0xee, 0xb6, 0xee, 0xb6, 0xee, 0xb6, 0xee, 0xb6, 0xee, 0xb6, 0xee, 0xb6, 0xee,
    0xb6, 0xee, 0xb6, 0xee, 0xb6, 0xee, 0xb6, 0xee, 0xb6, 0xee, 0xb6, 0xee, 0xb6, 0xee, 0xb6, 0xee,
    0xb6, 0xee, 0xb6, 0xee, 0xb6, 0xee, 0xb6, 0xee, 0xb6, 0xee, 0xb6, 0xee, 0xb6, 0xee, 0xb6, 0xee,
    0xb6, 0xee, 0xb6, 0xee, 0xb6, 0xee, 0xb6, 0xe6, 0x14, 0xd6, 0xcc, 0x83, 0xa4, 0x41, 0x43, 0x41,
    0x22, 0x39, 0x60, 0x18, 0x07, 0x52, 0x4c, 0x7b, 0x6b, 0x7b, 0x6c, 0x83, 0x6c, 0x7b, 0x4b, 0x7b,
    0xea, 0x6a, 0xa9, 0x62, 0xc9, 0x6a, 0xc9, 0x6a, 0xa9, 0x6a, 0xca, 0x6a, 0x0a, 0x73, 0x4b, 0x7b,
    0x4b, 0x7b, 0x2b, 0x73, 0xea, 0x6a, 0xa9, 0x62, 0xea, 0x6a, 0x89, 0x62, 0xc9, 0x6a, 0x0b, 0x73,
    0x2b, 0x7b, 0x6b, 0x7b, 0x4b, 0x7b, 0xea, 0x6a, 0xca, 0x6a, 0xca, 0x6a, 0xa9, 0x6a, 0xc9, 0x6a,
    0xc9, 0x6a, 0x2b, 0x73, 0x4b, 0x7b, 0x6b, 0x83, 0x8c, 0x83, 0x6c, 0x7b, 0x6c, 0x7b, 0x4b, 0x7b,
    0x4b, 0x7b, 0x85, 0x39, 0x00, 0x00, 0x00, 0x00, 0x00, 0x00, 0x00, 0x00, 0x20, 0x00, 0x00, 0x00,
    0x08, 0x42, 0x3c, 0xe7, 0xff, 0xff, 0xdf, 0xff, 0xff, 0xff, 0xff, 0xff, 0xff, 0xff, 0xff, 0xff,
    0xff, 0xff, 0xff, 0xff, 0xff, 0xff, 0xff, 0xff, 0xff, 0xff, 0xff, 0xff, 0xff, 0xff, 0xff, 0xff,
    0xff, 0xff, 0xff, 0xff, 0xff, 0xff, 0xff, 0xff, 0xff, 0xff, 0xff, 0xff, 0xff, 0xff, 0xff, 0xff,
    0xff, 0xff, 0xff, 0xff, 0xff, 0xff, 0xff, 0xff, 0xff, 0xff, 0xff, 0xff, 0xdf, 0xff, 0xff, 0xff,
    0xdf, 0xff, 0xae, 0x73, 0x00, 0x00, 0x00, 0x00, 0x00, 0x00, 0x00, 0x00, 0x00, 0x00, 0x00, 0x00,
    0x00, 0x00, 0x00, 0x00, 0x00, 0x00, 0x00, 0x00, 0x00, 0x00, 0x00, 0x00, 0x00, 0x00, 0x00, 0x00,
    0x00, 0x00, 0x00, 0x00, 0x00, 0x00, 0x00, 0x00, 0x00, 0x00, 0x00, 0x00, 0x00, 0x00, 0x00, 0x00,
    0x00, 0x00, 0x00, 0x00, 0x00, 0x00, 0x00, 0x00, 0x00, 0x00, 0x00, 0x00, 0x00, 0x00, 0x00, 0x00,
    0x00, 0x00, 0x00, 0x00, 0x00, 0x00, 0x00, 0x00, 0x00, 0x00, 0x00, 0x00, 0x00, 0x00, 0x00, 0x00,
    0x00, 0x00, 0x00, 0x00, 0x00, 0x00, 0x00, 0x00, 0x00, 0x00, 0x00, 0x00, 0x00, 0x00, 0x00, 0x00,
    0x00, 0x00, 0x00, 0x00, 0x00, 0x00, 0x00, 0x00, 0x00, 0x00, 0x00, 0x00, 0x00, 0x00, 0x00, 0x00,
    0x24, 0x29, 0x4b, 0x73, 0x4b, 0x7b, 0x6b, 0x7b, 0x6c, 0x83, 0x4b, 0x7b, 0x4b, 0x7b, 0x4c, 0x7b,
    0x2b, 0x7b, 0x0a, 0x73, 0xea, 0x6a, 0xc9, 0x6a, 0xca, 0x6a, 0xc9, 0x6a, 0xc9, 0x6a, 0x2b, 0x73,
    0x6b, 0x7b, 0x2b, 0x7b, 0x2b, 0x73, 0xca, 0x6a, 0xca, 0x6a, 0xea, 0x72, 0xc9, 0x6a, 0xa9, 0x6a,
    0xea, 0x72, 0x2b, 0x7b, 0x4b, 0x7b, 0x2b, 0x7b, 0x0a, 0x73, 0xea, 0x6a, 0xc9, 0x6a, 0xc9, 0x6a,
    0xa9, 0x62, 0xea, 0x72, 0x0a, 0x73, 0x4c, 0x83, 0x4b, 0x7b, 0x4b, 0x7b, 0x6c, 0x83, 0xe6, 0x51,
    0x60, 0x18, 0x02, 0x39, 0x43, 0x41, 0x84, 0x41, 0xac, 0x8b, 0x14, 0xd6, 0x96, 0xe6, 0xb6, 0xee,
    0xb6, 0xee, 0xb6, 0xee, 0xb6, 0xee, 0xb6, 0xee, 0xb6, 0xee, 0xb6, 0xee, 0xb6, 0xee, 0xb6, 0xee,
    0xb6, 0xee, 0xb6, 0xee, 0xb6, 0xee, 0xb6, 0xee, 0xb6, 0xee, 0xb6, 0xee, 0xb6, 0xee, 0xb6, 0xee,
    0xb6, 0xee, 0xb6, 0xee, 0xb6, 0xee, 0xb6, 0xee, 0xb6, 0xee, 0xb6, 0xee, 0xb6, 0xee, 0xb6, 0xee,
    0xb6, 0xee, 0xb6, 0xe6, 0x14, 0xd6, 0xcc, 0x83, 0xa4, 0x41, 0x43, 0x41, 0x23, 0x39, 0x60, 0x18,
    0xe7, 0x51, 0x4c, 0x7b, 0x6b, 0x7b, 0x6c, 0x83, 0x8c, 0x83, 0x2b, 0x73, 0xe6, 0x49, 0x44, 0x31,
    0x44, 0x31, 0x44, 0x39, 0x44, 0x39, 0x44, 0x31, 0x48, 0x52, 0x6b, 0x7b, 0x8c, 0x83, 0x88, 0x62,
    0x44, 0x39, 0x44, 0x31, 0x44, 0x31, 0x64, 0x31, 0x23, 0x29, 0xe6, 0x49, 0x2b, 0x73, 0x8c, 0x83,
    0xea, 0x72, 0xe6, 0x49, 0x04, 0x31, 0x44, 0x31, 0x24, 0x31, 0x24, 0x31, 0x65, 0x39, 0x89, 0x62,
    0x4b, 0x7b, 0x6c, 0x83, 0x6c, 0x83, 0x6c, 0x7b, 0x6c, 0x83, 0x6b, 0x7b, 0x0b, 0x6b, 0x61, 0x10,
    0x00, 0x00, 0x00, 0x00, 0x00, 0x00, 0x00, 0x00, 0x00, 0x00, 0xc7, 0x39, 0x9e, 0xf7, 0xff, 0xff,
    0xdf, 0xff, 0xff, 0xff, 0xff, 0xff, 0xff, 0xff, 0xff, 0xff, 0xff, 0xff, 0xff, 0xff, 0xff, 0xff,
    0xff, 0xff, 0xff, 0xff, 0xff, 0xff, 0xff, 0xff, 0xff, 0xff, 0xff, 0xff, 0xff, 0xff, 0xff, 0xff,
    0xff, 0xff, 0xff, 0xff, 0xff, 0xff, 0xff, 0xff, 0xff, 0xff, 0xff, 0xff, 0xff, 0xff, 0xff, 0xff,
    0xff, 0xff, 0xff, 0xff, 0xff, 0xff, 0xff, 0xff, 0xff, 0xff, 0xbe, 0xf7, 0xdf, 0xff, 0xff, 0xff,
    0x6d, 0x6b, 0x00, 0x00, 0x00, 0x00, 0x00, 0x00, 0x00, 0x00, 0x00, 0x00, 0x00, 0x00, 0x00, 0x00,
    0x00, 0x00, 0x00, 0x00, 0x00, 0x00, 0x00, 0x00, 0x00, 0x00, 0x00, 0x00, 0x00, 0x00, 0x00, 0x00,
    0x00, 0x00, 0x00, 0x00, 0x00, 0x00, 0x00, 0x00, 0x00, 0x00, 0x00, 0x00, 0x00, 0x00, 0x00, 0x00,
    0x00, 0x00, 0x00, 0x00, 0x00, 0x00, 0x00, 0x00, 0x00, 0x00, 0x00, 0x00, 0x00, 0x00, 0x00, 0x00,
    0x00, 0x00, 0x00, 0x00, 0x00, 0x00, 0x00, 0x00, 0x00, 0x00, 0x00, 0x00, 0x00, 0x00, 0x00, 0x00,
    0x00, 0x00, 0x00, 0x00, 0x00, 0x00, 0x00, 0x00, 0x00, 0x00, 0x00, 0x00, 0x00, 0x00, 0x00, 0x00,
    0x00, 0x00, 0x00, 0x00, 0x00, 0x00, 0x00, 0x00, 0x00, 0x00, 0x00, 0x00, 0x40, 0x08, 0xea, 0x6a,
    0x8c, 0x83, 0x6c, 0x83, 0x8c, 0x83, 0x6c, 0x83, 0x8c, 0x83, 0x6c, 0x83, 0x2b, 0x73, 0x07, 0x52,
    0x85, 0x39, 0x44, 0x31, 0x64, 0x39, 0x64, 0x31, 0x85, 0x39, 0x89, 0x62, 0x8c, 0x83, 0x6b, 0x83,
    0x88, 0x5a, 0x85, 0x39, 0x45, 0x39, 0x23, 0x31, 0x64, 0x39, 0x85, 0x39, 0x07, 0x52, 0x0a, 0x73,
    0x8c, 0x83, 0x0a, 0x73, 0xe6, 0x49, 0x24, 0x31, 0x64, 0x39, 0x64, 0x39, 0x44, 0x31, 0xa5, 0x41,
    0x89, 0x62, 0x6c, 0x83, 0x6c, 0x7b, 0x6c, 0x7b, 0x8c, 0x83, 0x07, 0x52, 0x60, 0x20, 0x22, 0x39,
    0x43, 0x41, 0x84, 0x49, 0xac, 0x8b, 0x14, 0xd6, 0xb6, 0xe6, 0xb6, 0xee, 0xb6, 0xee, 0xb6, 0xee,
    0xb6, 0xee, 0xb6, 0xee, 0xb6, 0xee, 0xb6, 0xee, 0xb6, 0xee, 0xb6, 0xee, 0xb6, 0xee, 0xb6, 0xee,
    0xb6, 0xee, 0xb6, 0xee, 0xb6, 0xee, 0xb6, 0xee, 0xb6, 0xee, 0xb6, 0xee, 0xb6, 0xee, 0xb6, 0xee,
    0xb6, 0xee, 0xb6, 0xee, 0xb6, 0xee, 0xb6, 0xee, 0xb6, 0xee, 0xb6, 0xee, 0xb6, 0xee, 0xb6, 0xe6,
    0x14, 0xd6, 0xcc, 0x83, 0x84, 0x41, 0x42, 0x41, 0x22, 0x39, 0x80, 0x20, 0xe7, 0x51, 0x4c, 0x7b,
    0x6b, 0x83, 0x8c, 0x83, 0x6c, 0x83, 0x0a, 0x73, 0x64, 0x31, 0xe3, 0x20, 0xe3, 0x18, 0xe3, 0x18,
    0x03, 0x21, 0x82, 0x18, 0xc6, 0x41, 0x6b, 0x7b, 0x8c, 0x83, 0x27, 0x52, 0xc3, 0x18, 0x45, 0x29,
    0x03, 0x21, 0x45, 0x29, 0x81, 0x10, 0xe2, 0x28, 0x0b, 0x73, 0x8c, 0x83, 0xea, 0x6a, 0x23, 0x29,
    0x82, 0x10, 0x04, 0x21, 0x24, 0x29, 0xa2, 0x18, 0x81, 0x18, 0x48, 0x52, 0x6c, 0x83, 0x6b, 0x83,
    0x6b, 0x7b, 0x4c, 0x7b, 0x6c, 0x83, 0x8c, 0x83, 0x68, 0x52, 0x00, 0x00, 0x00, 0x00, 0x00, 0x00,
    0x20, 0x00, 0x00, 0x00, 0x65, 0x29, 0x5d, 0xef, 0xff, 0xff, 0xdf, 0xff, 0xff, 0xff, 0xff, 0xff,
    0xff, 0xff, 0xff, 0xff, 0xff, 0xff, 0xff, 0xff, 0xff, 0xff, 0xff, 0xff, 0xff, 0xff, 0xff, 0xff,
    0xff, 0xff, 0xff, 0xff, 0xff, 0xff, 0xff, 0xff, 0xff, 0xff, 0xff, 0xff, 0xff, 0xff, 0xff, 0xff,
    0xff, 0xff, 0xff, 0xff, 0xff, 0xff, 0xff, 0xff, 0xff, 0xff, 0xff, 0xff, 0xff, 0xff, 0xff, 0xff,
    0xff, 0xff, 0xff, 0xff, 0xff, 0xff, 0xff, 0xff, 0xdf, 0xff, 0xdf, 0xff, 0xff, 0xff, 0xeb, 0x5a,
    0x00, 0x00, 0x20, 0x00, 0x00, 0x00, 0x00, 0x00, 0x00, 0x00, 0x00, 0x00, 0x00, 0x00, 0x00, 0x00,
    0x00, 0x00, 0x00, 0x00, 0x00, 0x00, 0x00, 0x00, 0x00, 0x00, 0x00, 0x00, 0x00, 0x00, 0x00, 0x00,
    0x00, 0x00, 0x00, 0x00, 0x00, 0x00, 0x00, 0x00, 0x00, 0x00, 0x00, 0x00, 0x00, 0x00, 0x00, 0x00,
    0x00, 0x00, 0x00, 0x00, 0x00, 0x00, 0x00, 0x00, 0x00, 0x00, 0x00, 0x00, 0x00, 0x00, 0x00, 0x00,
    0x00, 0x00, 0x00, 0x00, 0x00, 0x00, 0x00, 0x00, 0x00, 0x00, 0x00, 0x00, 0x00, 0x00, 0x00, 0x00,
    0x00, 0x00, 0x00, 0x00, 0x00, 0x00, 0x00, 0x00, 0x00, 0x00, 0x00, 0x00, 0x00, 0x00, 0x00, 0x00,
    0x00, 0x00, 0x00, 0x00, 0x00, 0x00, 0x00, 0x00, 0x00, 0x00, 0x07, 0x4a, 0x8d, 0x83, 0x4b, 0x7b,
    0x6b, 0x83, 0x6b, 0x83, 0x6c, 0x7b, 0x6b, 0x83, 0x4c, 0x7b, 0x44, 0x31, 0xc3, 0x20, 0xc3, 0x18,
    0xa2, 0x18, 0x24, 0x21, 0xe3, 0x18, 0x07, 0x4a, 0x2b, 0x7b, 0x6c, 0x83, 0x07, 0x4a, 0xc2, 0x20,
    0x04, 0x29, 0xc2, 0x18, 0xe3, 0x20, 0xa2, 0x18, 0x24, 0x31, 0x0a, 0x73, 0x8c, 0x83, 0xc9, 0x62,
    0xe3, 0x20, 0xc3, 0x18, 0x04, 0x21, 0x44, 0x29, 0x04, 0x21, 0xe3, 0x20, 0x48, 0x5a, 0x6c, 0x83,
    0x4b, 0x7b, 0x4b, 0x7b, 0x6c, 0x83, 0x06, 0x52, 0x60, 0x20, 0x02, 0x39, 0x43, 0x41, 0x84, 0x41,
    0xac, 0x83, 0x14, 0xd6, 0x96, 0xe6, 0xb6, 0xee, 0xb6, 0xee, 0xb6, 0xee, 0xb6, 0xee, 0xb6, 0xee,
    0xb6, 0xee, 0xb6, 0xee, 0xb6, 0xee, 0xb6, 0xee, 0xb6, 0xee, 0xb6, 0xee, 0xb6, 0xee, 0xb6, 0xee,
    0xb6, 0xee, 0xb6, 0xee, 0xb6, 0xee, 0xb6, 0xee, 0xb6, 0xee, 0xb6, 0xee, 0xb6, 0xee, 0xb6, 0xee,
    0xb6, 0xee, 0xb6, 0xee, 0xb6, 0xee, 0xb6, 0xee, 0xb6, 0xee, 0xb6, 0xe6, 0x14, 0xd6, 0xcc, 0x83,
    0xa4, 0x41, 0x43, 0x41, 0x23, 0x39, 0x80, 0x20, 0xe6, 0x49, 0x2b, 0x7b, 0x6b, 0x7b, 0x6c, 0x83,
    0x6c, 0x83, 0x2a, 0x73, 0x84, 0x31, 0x24, 0x21, 0x45, 0x21, 0x24, 0x21, 0x86, 0x29, 0x04, 0x19,
    0xe7, 0x41, 0x2b, 0x7b, 0x4b, 0x83, 0x48, 0x52, 0x86, 0x29, 0x86, 0x29, 0xa7, 0x31, 0x45, 0x29,
    0x24, 0x29, 0x24, 0x31, 0xea, 0x72, 0x4b, 0x7b, 0xea, 0x6a, 0x04, 0x29, 0x45, 0x29, 0x45, 0x21,
    0x86, 0x31, 0x45, 0x21, 0x24, 0x21, 0x27, 0x52, 0x6c, 0x7b, 0x6c, 0x83, 0x6c, 0x83, 0x6c, 0x83,
    0x6c, 0x83, 0x4b, 0x73, 0x65, 0x31, 0x00, 0x00, 0x00, 0x00, 0x00, 0x00, 0x00, 0x00, 0xa2, 0x10,
    0x38, 0xc6, 0xff, 0xff, 0xdf, 0xff, 0xff, 0xff, 0xff, 0xff, 0xff, 0xff, 0xff, 0xff, 0xff, 0xff,
    0xff, 0xff, 0xff, 0xff, 0xff, 0xff, 0xff, 0xff, 0xff, 0xff, 0xff, 0xff, 0xff, 0xff, 0xff, 0xff,
    0xff, 0xff, 0xff, 0xff, 0xff, 0xff, 0xff, 0xff, 0xff, 0xff, 0xff, 0xff, 0xff, 0xff, 0xff, 0xff,
    0xff, 0xff, 0xff, 0xff, 0xff, 0xff, 0xff, 0xff, 0xff, 0xff, 0xff, 0xff, 0xff, 0xff, 0xff, 0xff,
    0xff, 0xff, 0xff, 0xff, 0xff, 0xff, 0xff, 0xff, 0xdf, 0xff, 0xbe, 0xf7, 0xa6, 0x31, 0x00, 0x00,
    0x20, 0x00, 0x00, 0x00, 0x00, 0x00, 0x00, 0x00, 0x00, 0x00, 0x00, 0x00, 0x00, 0x00, 0x00, 0x00,
    0x00, 0x00, 0x00, 0x00, 0x00, 0x00, 0x00, 0x00, 0x00, 0x00, 0x00, 0x00, 0x00, 0x00, 0x00, 0x00,
    0x00, 0x00, 0x00, 0x00, 0x00, 0x00, 0x00, 0x00, 0x00, 0x00, 0x00, 0x00, 0x00, 0x00, 0x00, 0x00,
    0x00, 0x00, 0x00, 0x00, 0x00, 0x00, 0x00, 0x00, 0x00, 0x00, 0x00, 0x00, 0x00, 0x00, 0x00, 0x00,
    0x00, 0x00, 0x00, 0x00, 0x00, 0x00, 0x00, 0x00, 0x00, 0x00, 0x00, 0x00, 0x00, 0x00, 0x00, 0x00,
    0x00, 0x00, 0x00, 0x00, 0x00, 0x00, 0x00, 0x00, 0x00, 0x00, 0x00, 0x00, 0x00, 0x00, 0x00, 0x00,
    0x00, 0x00, 0x00, 0x00, 0x00, 0x00, 0x03, 0x29, 0x2c, 0x7b, 0x4b, 0x7b, 0x6b, 0x83, 0x6b, 0x83,
    0x4b, 0x7b, 0x6b, 0x7b, 0x0b, 0x73, 0x64, 0x31, 0x24, 0x21, 0x86, 0x31, 0x86, 0x29, 0x66, 0x29,
    0x45, 0x29, 0x27, 0x52, 0x6c, 0x83, 0x6c, 0x7b, 0x48, 0x52, 0xc3, 0x18, 0x25, 0x21, 0x44, 0x21,
    0x24, 0x19, 0x04, 0x21, 0x65, 0x31, 0xca, 0x6a, 0x6c, 0x83, 0xea, 0x6a, 0x24, 0x29, 0xe7, 0x39,
    0x86, 0x29, 0xa7, 0x31, 0xa6, 0x31, 0xe3, 0x20, 0x68, 0x5a, 0x6c, 0x83, 0x4b, 0x7b, 0x6b, 0x83,
    0x6c, 0x7b, 0xe6, 0x51, 0x60, 0x20, 0x22, 0x39, 0x43, 0x41, 0x84, 0x41, 0xac, 0x8b, 0x14, 0xd6,
    0x96, 0xe6, 0xb6, 0xee, 0xb6, 0xee, 0xb6, 0xee, 0xb6, 0xee, 0xb6, 0xee, 0xb6, 0xee, 0xb6, 0xee,
    0xb6, 0xee, 0xb6, 0xee, 0xb6, 0xee, 0xb6, 0xee, 0xb6, 0xee, 0xb6, 0xee, 0xb6, 0xee, 0xb6, 0xee,
    0xb6, 0xee, 0xb6, 0xee, 0xb6, 0xee, 0xb6, 0xee, 0xb6, 0xee, 0xb6, 0xee, 0xb6, 0xee, 0xb6, 0xee,
    0xb6, 0xee, 0xb6, 0xee, 0xb6, 0xee, 0xb6, 0xe6, 0x14, 0xd6, 0xcc, 0x8b, 0xa4, 0x41, 0x43, 0x41,
    0x23, 0x39, 0x40, 0x18, 0xe6, 0x51, 0x4b, 0x7b, 0x6c, 0x7b, 0x8c, 0x83, 0x8c, 0x83, 0x4b, 0x7b,
    0x24, 0x29, 0xa2, 0x10, 0x04, 0x21, 0xa6, 0x31, 0xa6, 0x31, 0xa2, 0x10, 0xc6, 0x41, 0x6b, 0x7b,
    0x6b, 0x83, 0x27, 0x4a, 0x04, 0x21, 0x25, 0x29, 0x03, 0x21, 0xa6, 0x31, 0x86, 0x31, 0xe3, 0x20,
    0x2b, 0x73, 0x6b, 0x83, 0x0a, 0x6b, 0x65, 0x31, 0xc7, 0x39, 0x45, 0x29, 0x24, 0x21, 0x65, 0x29,
    0x24, 0x21, 0x48, 0x52, 0x4b, 0x7b, 0x6c, 0x83, 0x6c, 0x83, 0x6b, 0x7b, 0x6b, 0x83, 0x2b, 0x6b,
    0xa2, 0x10, 0x00, 0x00, 0x00, 0x00, 0x00, 0x00, 0x00, 0x00, 0xb2, 0x94, 0xff, 0xff, 0xbe, 0xf7,
    0xff, 0xff, 0xff, 0xff, 0xff, 0xff, 0xff, 0xff, 0xff, 0xff, 0xff, 0xff, 0xff, 0xff, 0xff, 0xff,
    0xff, 0xff, 0xff, 0xff, 0xff, 0xff, 0xff, 0xff, 0xff, 0xff, 0xff, 0xff, 0xff, 0xff, 0xff, 0xff,
    0xff, 0xff, 0xff, 0xff, 0xff, 0xff, 0xff, 0xff, 0xff, 0xff, 0xff, 0xff, 0xff, 0xff, 0xff, 0xff,
    0xff, 0xff, 0xff, 0xff, 0xff, 0xff, 0xff, 0xff, 0xff, 0xff, 0xff, 0xff, 0xff, 0xff, 0xff, 0xff,
    0xff, 0xff, 0xff, 0xff, 0xde, 0xf7, 0xff, 0xff, 0x79, 0xce, 0x82, 0x10, 0x00, 0x00, 0x00, 0x00,
    0x00, 0x00, 0x00, 0x00, 0x00, 0x00, 0x00, 0x00, 0x00, 0x00, 0x00, 0x00, 0x00, 0x00, 0x00, 0x00,
    0x00, 0x00, 0x00, 0x00, 0x00, 0x00, 0x00, 0x00, 0x00, 0x00, 0x00, 0x00, 0x00, 0x00, 0x00, 0x00,
    0x00, 0x00, 0x00, 0x00, 0x00, 0x00, 0x00, 0x00, 0x00, 0x00, 0x00, 0x00, 0x00, 0x00, 0x00, 0x00,
    0x00, 0x00, 0x00, 0x00, 0x00, 0x00, 0x00, 0x00, 0x00, 0x00, 0x00, 0x00, 0x00, 0x00, 0x00, 0x00,
    0x00, 0x00, 0x00, 0x00, 0x00, 0x00, 0x00, 0x00, 0x00, 0x00, 0x00, 0x00, 0x00, 0x00, 0x00, 0x00,
    0x00, 0x00, 0x00, 0x00, 0x00, 0x00, 0x00, 0x00, 0x00, 0x00, 0x00, 0x00, 0x00, 0x00, 0x00, 0x00,
    0x00, 0x00, 0x41, 0x10, 0xea, 0x6a, 0x6c, 0x83, 0x6c, 0x83, 0x6c, 0x7b, 0x8c, 0x7b, 0x6b, 0x7b,
    0x0b, 0x73, 0xc6, 0x41, 0x65, 0x29, 0x45, 0x21, 0x24, 0x21, 0x85, 0x29, 0x03, 0x21, 0x07, 0x4a,
    0x8c, 0x83, 0x6b, 0x83, 0x48, 0x52, 0xe3, 0x18, 0xa2, 0x10, 0xc3, 0x18, 0x45, 0x21, 0xa7, 0x39,
    0x65, 0x31, 0xc9, 0x6a, 0x8c, 0x83, 0xea, 0x6a, 0x65, 0x31, 0x04, 0x21, 0x45, 0x29, 0x24, 0x21,
    0x25, 0x21, 0x85, 0x31, 0x48, 0x5a, 0x6c, 0x83, 0x6c, 0x83, 0x8c, 0x83, 0x8c, 0x83, 0x06, 0x4a,
    0x80, 0x20, 0x02, 0x39, 0x43, 0x41, 0x84, 0x41, 0xac, 0x83, 0x14, 0xd6, 0x96, 0xe6, 0xb6, 0xee,
    0xb6, 0xee, 0xb6, 0xee, 0xb6, 0xee, 0xb6, 0xee, 0xb6, 0xee, 0xb6, 0xee, 0xb6, 0xee, 0xb6, 0xee,
    0xb6, 0xee, 0xb6, 0xee, 0xb6, 0xee, 0xb6, 0xee, 0xb6, 0xee, 0xb6, 0xee, 0xb6, 0xee, 0xb6, 0xee,
    0xb6, 0xee, 0xb6, 0xee, 0xb6, 0xee, 0xb6, 0xee, 0xb6, 0xee, 0xb6, 0xee, 0xb6, 0xee, 0xb6, 0xee,
    0xb6, 0xee, 0xb6, 0xe6, 0x14, 0xd6, 0xac, 0x83, 0x84, 0x41, 0x22, 0x39, 0x23, 0x39, 0x60, 0x18,
    0xe6, 0x51, 0x4b, 0x7b, 0x6c, 0x7b, 0x8c, 0x83, 0x6b, 0x83, 0x0a, 0x73, 0x65, 0x31, 0x65, 0x29,
    0x45, 0x29, 0x65, 0x29, 0x25, 0x21, 0x65, 0x29, 0xe6, 0x41, 0x4b, 0x7b, 0x6c, 0x83, 0x48, 0x52,
    0x65, 0x31, 0xa7, 0x39, 0x86, 0x31, 0xa6, 0x31, 0x04, 0x21, 0x24, 0x31, 0x0a, 0x6b, 0x6b, 0x83,
    0x0a, 0x73, 0x85, 0x31, 0xa6, 0x31, 0x86, 0x31, 0x08, 0x42, 0x86, 0x31, 0xe3, 0x18, 0x48, 0x5a,
    0x4b, 0x7b, 0x4b, 0x7b, 0x6c, 0x7b, 0x6b, 0x7b, 0x6c, 0x83, 0xa9, 0x5a, 0x20, 0x00, 0x00, 0x00,
    0x21, 0x00, 0x00, 0x00, 0x28, 0x42, 0xbe, 0xf7, 0xff, 0xff, 0xff, 0xff, 0xff, 0xff, 0xff, 0xff,
    0xff, 0xff, 0xff, 0xff, 0xff, 0xff, 0xff, 0xff, 0xff, 0xff, 0xff, 0xff, 0xff, 0xff, 0xff, 0xff,
    0xff, 0xff, 0xff, 0xff, 0xff, 0xff, 0xff, 0xff, 0xff, 0xff, 0xff, 0xff, 0xff, 0xff, 0xff, 0xff,
    0xff, 0xff, 0xff, 0xff, 0xff, 0xff, 0xff, 0xff, 0xff, 0xff, 0xff, 0xff, 0xff, 0xff, 0xff, 0xff,
    0xff, 0xff, 0xff, 0xff, 0xff, 0xff, 0xff, 0xff, 0xff, 0xff, 0xff, 0xff, 0xff, 0xff, 0xff, 0xff,
    0xff, 0xff, 0xdf, 0xff, 0xff, 0xff, 0x30, 0x84, 0x00, 0x00, 0x20, 0x00, 0x00, 0x00, 0x00, 0x00,
    0x00, 0x00, 0x00, 0x00, 0x00, 0x00, 0x00, 0x00, 0x00, 0x00, 0x00, 0x00, 0x00, 0x00, 0x00, 0x00,
    0x00, 0x00, 0x00, 0x00, 0x00, 0x00, 0x00, 0x00, 0x00, 0x00, 0x00, 0x00, 0x00, 0x00, 0x00, 0x00,
    0x00, 0x00, 0x00, 0x00, 0x00, 0x00, 0x00, 0x00, 0x00, 0x00, 0x00, 0x00, 0x00, 0x00, 0x00, 0x00,
    0x00, 0x00, 0x00, 0x00, 0x00, 0x00, 0x00, 0x00, 0x00, 0x00, 0x00, 0x00, 0x00, 0x00, 0x00, 0x00,
    0x00, 0x00, 0x00, 0x00, 0x00, 0x00, 0x00, 0x00, 0x00, 0x00, 0x00, 0x00, 0x00, 0x00, 0x00, 0x00,
    0x00, 0x00, 0x00, 0x00, 0x00, 0x00, 0x00, 0x00, 0x00, 0x00, 0x00, 0x00, 0x00, 0x00, 0x20, 0x08,
    0x68, 0x52, 0x6b, 0x7b, 0x4b, 0x7b, 0x4b, 0x7b, 0x4b, 0x7b, 0x6b, 0x7b, 0xea, 0x72, 0x85, 0x39,
    0x24, 0x21, 0x25, 0x21, 0xe3, 0x18, 0x86, 0x31, 0x45, 0x29, 0x27, 0x4a, 0x4b, 0x7b, 0x4b, 0x83,
    0x28, 0x52, 0x04, 0x21, 0x65, 0x29, 0x45, 0x29, 0x25, 0x21, 0x25, 0x21, 0x44, 0x31, 0xea, 0x72,
    0x6c, 0x83, 0xca, 0x6a, 0x24, 0x29, 0x86, 0x31, 0xc7, 0x39, 0x86, 0x31, 0xa6, 0x31, 0x44, 0x29,
    0x47, 0x52, 0x8c, 0x83, 0x4b, 0x7b, 0x4b, 0x7b, 0x6c, 0x7b, 0x06, 0x52, 0x60, 0x20, 0x02, 0x31,
    0x43, 0x41, 0x84, 0x41, 0xac, 0x83, 0x14, 0xd6, 0x96, 0xe6, 0xb6, 0xee, 0xb6, 0xee, 0xb6, 0xee,
    0xb6, 0xee, 0xb6, 0xee, 0xb6, 0xee, 0xb6, 0xee, 0xb6, 0xee, 0xb6, 0xee, 0xb6, 0xee, 0xb6, 0xee,
    0xb6, 0xee, 0xb6, 0xee, 0xb6, 0xee, 0xb6, 0xee, 0xb6, 0xee, 0xb6, 0xee, 0xb6, 0xee, 0xb6, 0xee,
    0xb6, 0xee, 0xb6, 0xee, 0xb6, 0xee, 0xb6, 0xee, 0xb6, 0xee, 0xb6, 0xee, 0xb6, 0xee, 0xb6, 0xe6,
    0x14, 0xd6, 0xcc, 0x83, 0xa4, 0x41, 0x43, 0x41, 0x23, 0x39, 0x61, 0x20, 0xe6, 0x49, 0x4b, 0x7b,
    0x6c, 0x83, 0x6c, 0x83, 0x6b, 0x83, 0x2b, 0x7b, 0x65, 0x31, 0x65, 0x29, 0x45, 0x29, 0x04, 0x21,
    0x04, 0x21, 0x86, 0x31, 0xe6, 0x41, 0x4b, 0x7b, 0x6c, 0x83, 0x07, 0x4a, 0x24, 0x29, 0x45, 0x29,
    0x65, 0x29, 0xa6, 0x31, 0x65, 0x29, 0x24, 0x31, 0x0a, 0x6b, 0x8c, 0x83, 0x0a, 0x73, 0x64, 0x29,
    0x86, 0x31, 0x66, 0x29, 0x86, 0x31, 0x25, 0x21, 0x03, 0x21, 0x27, 0x52, 0x4b, 0x7b, 0x6c, 0x83,
    0x6c, 0x7b, 0x2b, 0x7b, 0x8c, 0x83, 0x06, 0x4a, 0x00, 0x00, 0x00, 0x00, 0x00, 0x00, 0x20, 0x00,
    0x59, 0xce, 0xff, 0xff, 0xff, 0xff, 0xff, 0xff, 0xff, 0xff, 0xff, 0xff, 0xff, 0xff, 0xff, 0xff,
    0xff, 0xff, 0xff, 0xff, 0xff, 0xff, 0xff, 0xff, 0xff, 0xff, 0xff, 0xff, 0xff, 0xff, 0xff, 0xff,
    0xff, 0xff, 0xff, 0xff, 0xff, 0xff, 0xff, 0xff, 0xff, 0xff, 0xff, 0xff, 0xff, 0xff, 0xff, 0xff,
    0xff, 0xff, 0xff, 0xff, 0xff, 0xff, 0xff, 0xff, 0xff, 0xff, 0xff, 0xff, 0xff, 0xff, 0xff, 0xff,
    0xff, 0xff, 0xff, 0xff, 0xff, 0xff, 0xff, 0xff, 0xff, 0xff, 0xff, 0xff, 0xff, 0xff, 0xff, 0xff,
    0xff, 0xff, 0x7d, 0xef, 0x65, 0x29, 0x00, 0x00, 0x00, 0x00, 0x00, 0x00, 0x00, 0x00, 0x00, 0x00,
    0x00, 0x00, 0x00, 0x00, 0x00, 0x00, 0x00, 0x00, 0x00, 0x00, 0x00, 0x00, 0x00, 0x00, 0x00, 0x00,
    0x00, 0x00, 0x00, 0x00, 0x00, 0x00, 0x00, 0x00, 0x00, 0x00, 0x00, 0x00, 0x00, 0x00, 0x00, 0x00,
    0x00, 0x00, 0x00, 0x00, 0x00, 0x00, 0x00, 0x00, 0x00, 0x00, 0x00, 0x00, 0x00, 0x00, 0x00, 0x00,
    0x00, 0x00, 0x00, 0x00, 0x00, 0x00, 0x00, 0x00, 0x00, 0x00, 0x00, 0x00, 0x00, 0x00, 0x00, 0x00,
    0x00, 0x00, 0x00, 0x00, 0x00, 0x00, 0x00, 0x00, 0x00, 0x00, 0x00, 0x00, 0x00, 0x00, 0x00, 0x00,
    0x00, 0x00, 0x00, 0x00, 0x00, 0x00, 0x00, 0x00, 0x00, 0x00, 0x00, 0x00, 0xc6, 0x41, 0x6c, 0x7b,
    0x4b, 0x7b, 0x6c, 0x83, 0x6b, 0x7b, 0x4b, 0x7b, 0x0b, 0x73, 0x44, 0x31, 0x85, 0x31, 0xa7, 0x31,
    0xc3, 0x18, 0x45, 0x29, 0x03, 0x21, 0x27, 0x4a, 0x4b, 0x7b, 0x8c, 0x83, 0x27, 0x4a, 0xe3, 0x18,
    0x86, 0x29, 0x65, 0x29, 0x45, 0x29, 0xc3, 0x18, 0x24, 0x29, 0xca, 0x6a, 0x6c, 0x83, 0xea, 0x6a,
    0x23, 0x29, 0x65, 0x29, 0x65, 0x29, 0x45, 0x29, 0x86, 0x31, 0x24, 0x29, 0x47, 0x52, 0x6c, 0x83,
    0x6c, 0x83, 0x6c, 0x83, 0x6c, 0x83, 0x07, 0x52, 0x60, 0x20, 0x02, 0x31, 0x43, 0x41, 0x84, 0x41,
    0xac, 0x83, 0x14, 0xd6, 0x96, 0xe6, 0xb6, 0xee, 0xb6, 0xee, 0xb6, 0xee, 0xb6, 0xee, 0xb6, 0xee,
    0xb6, 0xee, 0xb6, 0xee, 0xb6, 0xee, 0xb6, 0xee, 0xb6, 0xee, 0xb6, 0xee, 0xb6, 0xee, 0xb6, 0xee,
    0xb6, 0xee, 0xb6, 0xee, 0xb6, 0xee, 0xb6, 0xee, 0xb6, 0xee, 0xb6, 0xee, 0xb6, 0xee, 0xb6, 0xee,
    0xb6, 0xee, 0xb6, 0xee, 0xb6, 0xee, 0xb6, 0xee, 0xb6, 0xee, 0xb6, 0xe6, 0x14, 0xd6, 0xcc, 0x83,
    0xa4, 0x41, 0x22, 0x39, 0x23, 0x39, 0x61, 0x20, 0xe6, 0x49, 0x4b, 0x7b, 0x6c, 0x7b, 0x6c, 0x83,
    0x6b, 0x83, 0x0a, 0x73, 0x65, 0x31, 0xe3, 0x18, 0x24, 0x21, 0x45, 0x29, 0x45, 0x29, 0xe3, 0x18,
    0xc6, 0x41, 0x4b, 0x7b, 0x4b, 0x7b, 0x07, 0x4a, 0x45, 0x29, 0x65, 0x29, 0xe3, 0x18, 0x86, 0x31,
    0x24, 0x29, 0x65, 0x31, 0xea, 0x6a, 0x6b, 0x83, 0xca, 0x6a, 0x44, 0x29, 0x45, 0x29, 0x45, 0x29,
    0xc7, 0x39, 0x45, 0x29, 0xe3, 0x20, 0x48, 0x5a, 0x4b, 0x7b, 0x4b, 0x7b, 0x6c, 0x83, 0x6c, 0x83,
    0x8c, 0x83, 0x44, 0x31, 0x00, 0x00, 0x21, 0x00, 0x00, 0x00, 0xeb, 0x5a, 0xff, 0xff, 0xff, 0xff,
    0xff, 0xff, 0xff, 0xff, 0xff, 0xff, 0xff, 0xff, 0xff, 0xff, 0xff, 0xff, 0xff, 0xff, 0xff, 0xff,
    0xff, 0xff, 0xff, 0xff, 0xff, 0xff, 0xff, 0xff, 0xff, 0xff, 0xff, 0xff, 0xff, 0xff, 0xff, 0xff,
    0xff, 0xff, 0xff, 0xff, 0xff, 0xff, 0xff, 0xff, 0xff, 0xff, 0xff, 0xff, 0xff, 0xff, 0xff, 0xff,
    0xff, 0xff, 0xff, 0xff, 0xff, 0xff, 0xff, 0xff, 0xff, 0xff, 0xff, 0xff, 0xff, 0xff, 0xff, 0xff,
    0xff, 0xff, 0xff, 0xff, 0xff, 0xff, 0xff, 0xff, 0xff, 0xff, 0xff, 0xff, 0xff, 0xff, 0xff, 0xff,
    0x14, 0xa5, 0x00, 0x00, 0x20, 0x00, 0x00, 0x00, 0x00, 0x00, 0x00, 0x00, 0x00, 0x00, 0x00, 0x00,
    0x00, 0x00, 0x00, 0x00, 0x00, 0x00, 0x00, 0x00, 0x00, 0x00, 0x00, 0x00, 0x00, 0x00, 0x00, 0x00,
    0x00, 0x00, 0x00, 0x00, 0x00, 0x00, 0x00, 0x00, 0x00, 0x00, 0x00, 0x00, 0x00, 0x00, 0x00, 0x00,
    0x00, 0x00, 0x00, 0x00, 0x00, 0x00, 0x00, 0x00, 0x00, 0x00, 0x00, 0x00, 0x00, 0x00, 0x00, 0x00,
    0x00, 0x00, 0x00, 0x00, 0x00, 0x00, 0x00, 0x00, 0x00, 0x00, 0x00, 0x00, 0x00, 0x00, 0x00, 0x00,
    0x00, 0x00, 0x00, 0x00, 0x00, 0x00, 0x00, 0x00, 0x00, 0x00, 0x00, 0x00, 0x00, 0x00, 0x00, 0x00,
    0x00, 0x00, 0x00, 0x00, 0x00, 0x00, 0x00, 0x00, 0x23, 0x29, 0x6c, 0x7b, 0x4b, 0x7b, 0x4c, 0x7b,
    0x6c, 0x7b, 0x6c, 0x83, 0x0a, 0x73, 0x65, 0x31, 0x65, 0x29, 0x86, 0x31, 0xe3, 0x20, 0x24, 0x21,
    0xc3, 0x18, 0x27, 0x4a, 0x4b, 0x7b, 0x4b, 0x7b, 0x27, 0x52, 0x85, 0x31, 0x45, 0x29, 0x04, 0x21,
    0x04, 0x19, 0x24, 0x21, 0x44, 0x31, 0xea, 0x72, 0x6b, 0x83, 0xea, 0x6a, 0xe3, 0x20, 0x25, 0x21,
    0x86, 0x31, 0x24, 0x21, 0x45, 0x29, 0x24, 0x21, 0x48, 0x52, 0x4b, 0x7b, 0x4b, 0x7b, 0x4c, 0x7b,
    0x6c, 0x7b, 0x07, 0x52, 0x80, 0x20, 0x02, 0x39, 0x43, 0x41, 0x84, 0x41, 0xac, 0x83, 0x14, 0xd6,
    0x96, 0xe6, 0xb6, 0xee, 0xb6, 0xee, 0xb6, 0xee, 0xb6, 0xee, 0xb6, 0xee, 0xb6, 0xee, 0xb6, 0xee,
    0xb6, 0xee, 0xb6, 0xee, 0xb6, 0xee, 0xb6, 0xee, 0xb6, 0xee, 0xb6, 0xee, 0xb6, 0xee, 0xb6, 0xee,
    0xb6, 0xee, 0xb6, 0xee, 0xb6, 0xee, 0xb6, 0xee, 0xb6, 0xee, 0xb6, 0xee, 0xb6, 0xee, 0xb6, 0xee,
    0xb6, 0xee, 0xb6, 0xee, 0xb6, 0xee, 0xb6, 0xe6, 0x14, 0xd6, 0xcc, 0x83, 0xa4, 0x41, 0x43, 0x41,
    0x43, 0x39, 0x61, 0x20, 0xe6, 0x49, 0x4b, 0x7b, 0x6c, 0x7b, 0x6c, 0x83, 0x6c, 0x83, 0x2b, 0x73,
    0x24, 0x29, 0xe3, 0x18, 0x65, 0x29, 0x45, 0x29, 0x24, 0x21, 0x24, 0x21, 0xe7, 0x49, 0x6b, 0x7b,
    0x6c, 0x83, 0x27, 0x52, 0xc3, 0x18, 0x24, 0x21, 0x04, 0x21, 0x65, 0x29, 0x04, 0x21, 0x24, 0x31,
    0x2b, 0x73, 0x6b, 0x83, 0x0a, 0x6b, 0x44, 0x29, 0xe3, 0x18, 0xa6, 0x31, 0x86, 0x31, 0x65, 0x29,
    0x24, 0x21, 0x48, 0x5a, 0x4b, 0x7b, 0x6c, 0x7b, 0x6c, 0x7b, 0x6b, 0x7b, 0x6c, 0x7b, 0xc2, 0x18,
    0x00, 0x00, 0x00, 0x00, 0x20, 0x00, 0x38, 0xc6, 0xff, 0xff, 0xdf, 0xff, 0xff, 0xff, 0xff, 0xff,
    0xff, 0xff, 0xff, 0xff, 0xff, 0xff, 0xff, 0xff, 0xff, 0xff, 0xff, 0xff, 0xff, 0xff, 0xff, 0xff,
    0xff, 0xff, 0xff, 0xff, 0xff, 0xff, 0xff, 0xff, 0xff, 0xff, 0xff, 0xff, 0xff, 0xff, 0xff, 0xff,
    0xff, 0xff, 0xff, 0xff, 0xff, 0xff, 0xff, 0xff, 0xff, 0xff, 0xff, 0xff, 0xff, 0xff, 0xff, 0xff,
    0xff, 0xff, 0xff, 0xff, 0xff, 0xff, 0xff, 0xff, 0xff, 0xff, 0xff, 0xff, 0xff, 0xff, 0xff, 0xff,
    0xff, 0xff, 0xff, 0xff, 0xff, 0xff, 0xff, 0xff, 0xff, 0xff, 0xdf, 0xff, 0x5d, 0xef, 0x86, 0x31,
    0x00, 0x00, 0x41, 0x08, 0x00, 0x00, 0x00, 0x00, 0x00, 0x00, 0x00, 0x00, 0x00, 0x00, 0x00, 0x00,
    0x00, 0x00, 0x00, 0x00, 0x00, 0x00, 0x00, 0x00, 0x00, 0x00, 0x00, 0x00, 0x00, 0x00, 0x00, 0x00,
    0x00, 0x00, 0x00, 0x00, 0x00, 0x00, 0x00, 0x00, 0x00, 0x00, 0x00, 0x00, 0x00, 0x00, 0x00, 0x00,
    0x00, 0x00, 0x00, 0x00, 0x00, 0x00, 0x00, 0x00, 0x00, 0x00, 0x00, 0x00, 0x00, 0x00, 0x00, 0x00,
    0x00, 0x00, 0x00, 0x00, 0x00, 0x00, 0x00, 0x00, 0x00, 0x00, 0x00, 0x00, 0x00, 0x00, 0x00, 0x00,
    0x00, 0x00, 0x00, 0x00, 0x00, 0x00, 0x00, 0x00, 0x00, 0x00, 0x00, 0x00, 0x00, 0x00, 0x00, 0x00,
    0x00, 0x00, 0x00, 0x00, 0xa2, 0x18, 0x0a, 0x73, 0x6c, 0x7b, 0x4b, 0x7b, 0x6c, 0x83, 0x6b, 0x7b,
    0x2b, 0x73, 0x65, 0x31, 0x04, 0x21, 0x25, 0x21, 0x24, 0x29, 0xa6, 0x31, 0xe3, 0x18, 0x07, 0x4a,
    0x4b, 0x7b, 0x6b, 0x83, 0x48, 0x52, 0xe3, 0x20, 0x04, 0x19, 0x24, 0x21, 0x86, 0x31, 0x04, 0x21,
    0x24, 0x31, 0xea, 0x72, 0x8c, 0x83, 0xc9, 0x62, 0x44, 0x29, 0x25, 0x21, 0x04, 0x21, 0x04, 0x21,
    0x45, 0x29, 0xc3, 0x18, 0x47, 0x52, 0x8c, 0x83, 0x4b, 0x7b, 0x6c, 0x83, 0x6c, 0x7b, 0x06, 0x4a,
    0x80, 0x20, 0x22, 0x39, 0x43, 0x41, 0x84, 0x41, 0xac, 0x83, 0x14, 0xd6, 0x96, 0xe6, 0xb6, 0xee,
    0xb6, 0xee, 0xb6, 0xee, 0xb6, 0xee, 0xb6, 0xee, 0xb6, 0xee, 0xb6, 0xee, 0xb6, 0xee, 0xb6, 0xee,
    0xb6, 0xee, 0xb6, 0xee, 0xb6, 0xee, 0xb6, 0xee, 0xb6, 0xee, 0xb6, 0xee, 0xb6, 0xee, 0xb6, 0xee,
    0xb6, 0xee, 0xb6, 0xee, 0xb6, 0xee, 0xb6, 0xee, 0xb6, 0xee, 0xb6, 0xee, 0xb6, 0xee, 0xb6, 0xee,
    0xb6, 0xee, 0xb6, 0xe6, 0x14, 0xd6, 0xcc, 0x83, 0x84, 0x41, 0x22, 0x39, 0x23, 0x39, 0x61, 0x20,
    0xe6, 0x49, 0x4b, 0x7b, 0x4b, 0x7b, 0x6c, 0x83, 0x6c, 0x83, 0x2b, 0x73, 0x65, 0x31, 0x24, 0x21,
    0x45, 0x29, 0xe3, 0x18, 0x04, 0x19, 0x65, 0x29, 0x07, 0x4a, 0x4b, 0x7b, 0x6b, 0x83, 0x48, 0x52,
    0x24, 0x21, 0x24, 0x21, 0x45, 0x29, 0x65, 0x29, 0x24, 0x21, 0x45, 0x31, 0xea, 0x6a, 0x8c, 0x83,
    0xea, 0x6a, 0x64, 0x31, 0x04, 0x21, 0xa7, 0x31, 0x45, 0x29, 0x45, 0x21, 0x04, 0x21, 0x48, 0x52,
    0x4b, 0x7b, 0x6c, 0x83, 0x4b, 0x7b, 0x6b, 0x7b, 0x0a, 0x6b, 0x81, 0x10, 0x00, 0x00, 0x00, 0x00,
    0x28, 0x42, 0xbe, 0xf7, 0xff, 0xff, 0xff, 0xff, 0xff, 0xff, 0xff, 0xff, 0xff, 0xff, 0xff, 0xff,
    0xff, 0xff, 0xff, 0xff, 0xff, 0xff, 0xff, 0xff, 0xff, 0xff, 0xff, 0xff, 0xff, 0xff, 0xff, 0xff,
    0xff, 0xff, 0xff, 0xff, 0xff, 0xff, 0xff, 0xff, 0xff, 0xff, 0xff, 0xff, 0xff, 0xff, 0xff, 0xff,
    0xff, 0xff, 0xff, 0xff, 0xff, 0xff, 0xff, 0xff, 0xff, 0xff, 0xff, 0xff, 0xff, 0xff, 0xff, 0xff,
    0xff, 0xff, 0xff, 0xff, 0xff, 0xff, 0xff, 0xff, 0xff, 0xff, 0xff, 0xff, 0xff, 0xff, 0xff, 0xff,
    0xff, 0xff, 0xff, 0xff, 0xff, 0xff, 0xbf, 0xf7, 0xff, 0xff, 0xcf, 0x7b, 0x00, 0x00, 0x20, 0x00,
    0x00, 0x00, 0x00, 0x00, 0x00, 0x00, 0x00, 0x00, 0x00, 0x00, 0x00, 0x00, 0x00, 0x00, 0x00, 0x00,
    0x00, 0x00, 0x00, 0x00, 0x00, 0x00, 0x00, 0x00, 0x00, 0x00, 0x00, 0x00, 0x00, 0x00, 0x00, 0x00,
    0x00, 0x00, 0x00, 0x00, 0x00, 0x00, 0x00, 0x00, 0x00, 0x00, 0x00, 0x00, 0x00, 0x00, 0x00, 0x00,
    0x00, 0x00, 0x00, 0x00, 0x00, 0x00, 0x00, 0x00, 0x00, 0x00, 0x00, 0x00, 0x00, 0x00, 0x00, 0x00,
    0x00, 0x00, 0x00, 0x00, 0x00, 0x00, 0x00, 0x00, 0x00, 0x00, 0x00, 0x00, 0x00, 0x00, 0x00, 0x00,
    0x00, 0x00, 0x00, 0x00, 0x00, 0x00, 0x00, 0x00, 0x00, 0x00, 0x00, 0x00, 0x00, 0x00, 0x00, 0x00,
    0x61, 0x10, 0xa9, 0x62, 0x6c, 0x83, 0x4c, 0x83, 0x6c, 0x83, 0x6b, 0x83, 0x0a, 0x73, 0x65, 0x31,
    0x04, 0x21, 0x24, 0x21, 0x03, 0x21, 0x24, 0x21, 0xc3, 0x18, 0x27, 0x4a, 0x4b, 0x7b, 0x4b, 0x83,
    0x48, 0x52, 0xe3, 0x20, 0x24, 0x21, 0x65, 0x29, 0x25, 0x21, 0xc3, 0x18, 0x44, 0x31, 0x0a, 0x73,
    0x6c, 0x83, 0xc9, 0x62, 0x24, 0x29, 0xa6, 0x31, 0x45, 0x29, 0x04, 0x21, 0x65, 0x29, 0x24, 0x29,
    0x48, 0x52, 0x6b, 0x7b, 0x6b, 0x83, 0x4c, 0x7b, 0x6c, 0x7b, 0x07, 0x52, 0x80, 0x20, 0x02, 0x39,
    0x43, 0x41, 0x84, 0x41, 0xac, 0x83, 0x14, 0xd6, 0xb6, 0xe6, 0xb6, 0xee, 0xb6, 0xee, 0xb6, 0xee,
    0xb6, 0xee, 0xb6, 0xee, 0xb6, 0xee, 0xb6, 0xee, 0xb6, 0xee, 0xb6, 0xee, 0xb6, 0xee, 0xb6, 0xee,
    0xb6, 0xee, 0xb6, 0xee, 0xb6, 0xee, 0xb6, 0xee, 0xb6, 0xee, 0xb6, 0xee, 0xb6, 0xee, 0xb6, 0xee,
    0xb6, 0xee, 0xb6, 0xee, 0xb6, 0xee, 0xb6, 0xee, 0xb6, 0xee, 0xb6, 0xee, 0xb6, 0xee, 0xb6, 0xe6,
    0x14, 0xd6, 0xcc, 0x83, 0xa4, 0x41, 0x43, 0x41, 0x23, 0x39, 0x80, 0x20, 0xe6, 0x51, 0x4c, 0x7b,
    0x6c, 0x83, 0x6c, 0x7b, 0xac, 0x83, 0x4b, 0x7b, 0x65, 0x31, 0x24, 0x21, 0x04, 0x21, 0x04, 0x21,
    0x24, 0x21, 0x04, 0x21, 0xe6, 0x41, 0x6c, 0x83, 0x8c, 0x83, 0x27, 0x52, 0x04, 0x21, 0xa6, 0x31,
    0x44, 0x29, 0x24, 0x21, 0xa6, 0x39, 0x24, 0x31, 0x2a, 0x73, 0x8c, 0x83, 0xea, 0x6a, 0x44, 0x29,
    0x86, 0x31, 0xa6, 0x31, 0x04, 0x21, 0x65, 0x29, 0xa2, 0x18, 0x68, 0x5a, 0x6b, 0x83, 0x6c, 0x83,
    0x8c, 0x83, 0xad, 0x8b, 0xa9, 0x62, 0x20, 0x08, 0x00, 0x00, 0x00, 0x00, 0xb2, 0x94, 0xff, 0xff,
    0xdf, 0xff, 0xff, 0xff, 0xff, 0xff, 0xff, 0xff, 0xff, 0xff, 0xff, 0xff, 0xff, 0xff, 0xff, 0xff,
    0xff, 0xff, 0xff, 0xff, 0xff, 0xff, 0xff, 0xff, 0xff, 0xff, 0xff, 0xff, 0xff, 0xff, 0xff, 0xff,
    0xff, 0xff, 0xff, 0xff, 0xdf, 0xff, 0xff, 0xff, 0xff, 0xff, 0xff, 0xff, 0xff, 0xff, 0xdf, 0xff,
    0xff, 0xff, 0xff, 0xff, 0xff, 0xff, 0xff, 0xff, 0xff, 0xff, 0xff, 0xff, 0xff, 0xff, 0xff, 0xff,
    0xff, 0xff, 0xff, 0xff, 0xff, 0xff, 0xff, 0xff, 0xff, 0xff, 0xff, 0xff, 0xff, 0xff, 0xff, 0xff,
    0xff, 0xff, 0xff, 0xff, 0xff, 0xff, 0x38, 0xc6, 0x82, 0x10, 0x00, 0x00, 0x00, 0x00, 0x00, 0x00,
    0x00, 0x00, 0x00, 0x00, 0x00, 0x00, 0x00, 0x00, 0x00, 0x00, 0x00, 0x00, 0x00, 0x00, 0x00, 0x00,
    0x00, 0x00, 0x00, 0x00, 0x00, 0x00, 0x00, 0x00, 0x00, 0x00, 0x00, 0x00, 0x00, 0x00, 0x00, 0x00,
    0x00, 0x00, 0x20, 0x00, 0x20, 0x00, 0x00, 0x00, 0x00, 0x00, 0x00, 0x00, 0x00, 0x00, 0x20, 0x00,
    0x00, 0x00, 0x00, 0x00, 0x00, 0x00, 0x00, 0x00, 0x00, 0x00, 0x00, 0x00, 0x00, 0x00, 0x00, 0x00,
    0x00, 0x00, 0x00, 0x00, 0x00, 0x00, 0x00, 0x00, 0x00, 0x00, 0x00, 0x00, 0x00, 0x00, 0x00, 0x00,
    0x00, 0x00, 0x00, 0x00, 0x00, 0x00, 0x00, 0x00, 0x00, 0x00, 0x00, 0x00, 0x00, 0x00, 0x68, 0x52,
    0xac, 0x83, 0x6b, 0x83, 0x8c, 0x83, 0x6b, 0x83, 0x0a, 0x73, 0xc6, 0x41, 0x24, 0x21, 0x24, 0x21,
    0x44, 0x29, 0x44, 0x21, 0x03, 0x21, 0x27, 0x4a, 0x6b, 0x83, 0x8c, 0x83, 0x48, 0x52, 0x45, 0x29,
    0x65, 0x29, 0xe3, 0x18, 0x24, 0x21, 0xe4, 0x18, 0x44, 0x31, 0x0a, 0x73, 0x8c, 0x83, 0xea, 0x6a,
    0x24, 0x29, 0x45, 0x29, 0x45, 0x29, 0xa6, 0x31, 0x04, 0x21, 0x44, 0x29, 0x68, 0x5a, 0xac, 0x83,
    0x6c, 0x83, 0x6c, 0x83, 0x8c, 0x83, 0x07, 0x52, 0x80, 0x20, 0x02, 0x39, 0x63, 0x41, 0x84, 0x41,
    0xac, 0x8b, 0x14, 0xd6, 0x96, 0xe6, 0xb6, 0xee, 0xb6, 0xee, 0xb6, 0xee, 0xb6, 0xee, 0xb6, 0xee,
    0xb6, 0xee, 0xb6, 0xee, 0xb6, 0xee, 0xb6, 0xee, 0xb6, 0xee, 0xb6, 0xee, 0xb6, 0xee, 0xb6, 0xee,
    0xb6, 0xee, 0xb6, 0xee, 0xb6, 0xee, 0xb6, 0xee, 0xb6, 0xee, 0xb6, 0xee, 0xb6, 0xee, 0xb6, 0xee,
    0xb6, 0xee, 0xb6, 0xee, 0xb6, 0xee, 0xb6, 0xee, 0xb6, 0xee, 0xb6, 0xe6, 0x14, 0xd6, 0xcc, 0x83,
    0xa4, 0x41, 0x42, 0x41, 0x22, 0x39, 0x60, 0x18, 0xe6, 0x49, 0x4b, 0x7b, 0x6c, 0x7b, 0x4b, 0x7b,
    0x6c, 0x7b, 0x2b, 0x73, 0xa6, 0x39, 0x24, 0x21, 0x65, 0x31, 0x65, 0x29, 0xa6, 0x31, 0x24, 0x21,
    0xe6, 0x49, 0x4b, 0x7b, 0x4b, 0x83, 0x27, 0x52, 0x24, 0x29, 0xa6, 0x31, 0x24, 0x21, 0x65, 0x29,
    0x86, 0x31, 0x44, 0x31, 0xea, 0x6a, 0x6c, 0x83, 0xc9, 0x6a, 0xa5, 0x39, 0x86, 0x31, 0xa7, 0x31,
    0x85, 0x29, 0x45, 0x29, 0xc3, 0x18, 0x47, 0x52, 0x4b, 0x7b, 0x6c, 0x83, 0x6c, 0x7b, 0x6c, 0x83,
    0x47, 0x52, 0x00, 0x00, 0x00, 0x00, 0xa2, 0x10, 0x59, 0xce, 0xff, 0xff, 0xff, 0xff, 0xff, 0xff,
    0xff, 0xff, 0xff, 0xff, 0xff, 0xff, 0xff, 0xff, 0xff, 0xff, 0xff, 0xff, 0xff, 0xff, 0xff, 0xff,
    0xff, 0xff, 0xff, 0xff, 0xff, 0xff, 0xff, 0xff, 0xff, 0xff, 0xff, 0xff, 0xff, 0xff, 0xbe, 0xf7,
    0xff, 0xff, 0xff, 0xff, 0x5d, 0xef, 0x5d, 0xef, 0xbe, 0xf7, 0xff, 0xff, 0xff, 0xff, 0xdf, 0xff,
    0xff, 0xff, 0xff, 0xff, 0xdf, 0xf7, 0xff, 0xff, 0xff, 0xff, 0xff, 0xff, 0xff, 0xff, 0xff, 0xff,
    0xff, 0xff, 0xff, 0xff, 0xff, 0xff, 0xff, 0xff, 0xff, 0xff, 0xff, 0xff, 0xff, 0xff, 0xff, 0xff,
    0xff, 0xff, 0xde, 0xf7, 0xa6, 0x31, 0x00, 0x00, 0x20, 0x00, 0x00, 0x00, 0x00, 0x00, 0x00, 0x00,
    0x00, 0x00, 0x00, 0x00, 0x00, 0x00, 0x00, 0x00, 0x00, 0x00, 0x00, 0x00, 0x00, 0x00, 0x00, 0x00,
    0x00, 0x00, 0x00, 0x00, 0x00, 0x00, 0x00, 0x00, 0x00, 0x00, 0x00, 0x00, 0x00, 0x00, 0x00, 0x00,
    0x00, 0x00, 0x20, 0x00, 0xa2, 0x10, 0xa2, 0x10, 0x20, 0x00, 0x00, 0x00, 0x00, 0x00, 0x00, 0x00,
    0x00, 0x00, 0x00, 0x00, 0x00, 0x00, 0x00, 0x00, 0x00, 0x00, 0x20, 0x00, 0x00, 0x00, 0x00, 0x00,
    0x00, 0x00, 0x00, 0x00, 0x00, 0x00, 0x00, 0x00, 0x00, 0x00, 0x00, 0x00, 0x00, 0x00, 0x00, 0x00,
    0x00, 0x00, 0x00, 0x00, 0x00, 0x00, 0x00, 0x00, 0x00, 0x00, 0x07, 0x4a, 0x8c, 0x83, 0x4b, 0x7b,
    0x6b, 0x7b, 0x6b, 0x7b, 0x2a, 0x73, 0x44, 0x29, 0x04, 0x21, 0x45, 0x29, 0x86, 0x31, 0xa6, 0x31,
    0xe3, 0x18, 0x07, 0x4a, 0x4b, 0x7b, 0x6b, 0x83, 0x27, 0x52, 0x04, 0x21, 0x45, 0x29, 0x65, 0x29,
    0x45, 0x29, 0x86, 0x29, 0x44, 0x31, 0xea, 0x6a, 0x6c, 0x83, 0xea, 0x6a, 0x64, 0x31, 0x45, 0x29,
    0xa7, 0x31, 0x65, 0x29, 0x45, 0x21, 0x24, 0x29, 0x48, 0x52, 0x6b, 0x7b, 0x6b, 0x7b, 0x6c, 0x83,
    0x6c, 0x7b, 0x06, 0x52, 0x80, 0x18, 0x02, 0x31, 0x43, 0x41, 0x84, 0x41, 0xac, 0x83, 0x14, 0xd6,
    0x96, 0xe6, 0xb6, 0xee, 0xb6, 0xee, 0xb6, 0xee, 0xb6, 0xee, 0xb6, 0xee, 0xb6, 0xee, 0xb6, 0xee,
    0xb6, 0xee, 0xb6, 0xee, 0xb6, 0xee, 0xb6, 0xee, 0xb6, 0xee, 0xb6, 0xee, 0xb6, 0xee, 0xb6, 0xee,
    0xb6, 0xee, 0xb6, 0xee, 0xb6, 0xee, 0xb6, 0xee, 0xb6, 0xee, 0xb6, 0xee, 0xb6, 0xee, 0xb6, 0xee,
    0xb6, 0xee, 0xb6, 0xee, 0xb6, 0xee, 0xb6, 0xe6, 0x14, 0xd6, 0xcc, 0x83, 0xa4, 0x41, 0x43, 0x41,
    0x23, 0x39, 0x60, 0x18, 0xe6, 0x51, 0x4b, 0x7b, 0x6c, 0x7b, 0x6c, 0x7b, 0x6c, 0x83, 0x2b, 0x73,
    0x85, 0x31, 0x04, 0x21, 0x45, 0x29, 0xa6, 0x31, 0x66, 0x29, 0xe3, 0x20, 0xe6, 0x41, 0x4b, 0x7b,
    0x6b, 0x83, 0x48, 0x52, 0x24, 0x21, 0x66, 0x29, 0x04, 0x19, 0xa6, 0x31, 0x04, 0x21, 0x44, 0x31,
    0x0a, 0x6b, 0x8c, 0x83, 0xea, 0x6a, 0x64, 0x31, 0x03, 0x21, 0x65, 0x29, 0x24, 0x21, 0xa6, 0x31,
    0x45, 0x29, 0x48, 0x52, 0x4b, 0x7b, 0x8c, 0x83, 0x6c, 0x7b, 0x8c, 0x83, 0x07, 0x4a, 0x00, 0x00,
    0x00, 0x00, 0xa6, 0x39, 0xbe, 0xf7, 0xff, 0xff, 0xff, 0xff, 0xff, 0xff, 0xff, 0xff, 0xff, 0xff,
    0xff, 0xff, 0xff, 0xff, 0xff, 0xff, 0xff, 0xff, 0xff, 0xff, 0xff, 0xff, 0xff, 0xff, 0xff, 0xff,
    0xff, 0xff, 0xff, 0xff, 0xdf, 0xff, 0xdf, 0xff, 0xff, 0xff, 0xff, 0xff, 0x55, 0xad, 0xeb, 0x5a,
    0xa6, 0x31, 0x65, 0x29, 0x69, 0x4a, 0x71, 0x8c, 0x3c, 0xe7, 0xff, 0xff, 0xdf, 0xff, 0xff, 0xff,
    0xff, 0xff, 0xff, 0xff, 0xff, 0xff, 0xff, 0xff, 0xff, 0xff, 0xff, 0xff, 0xff, 0xff, 0xff, 0xff,
    0xff, 0xff, 0xff, 0xff, 0xff, 0xff, 0xff, 0xff, 0xff, 0xff, 0xff, 0xff, 0xff, 0xff, 0xff, 0xff,
    0x2c, 0x63, 0x00, 0x00, 0x00, 0x00, 0x00, 0x00, 0x00, 0x00, 0x00, 0x00, 0x00, 0x00, 0x00, 0x00,
    0x00, 0x00, 0x00, 0x00, 0x00, 0x00, 0x00, 0x00, 0x00, 0x00, 0x00, 0x00, 0x00, 0x00, 0x00, 0x00,
    0x00, 0x00, 0x00, 0x00, 0x00, 0x00, 0x00, 0x00, 0x00, 0x00, 0x20, 0x00, 0x0c, 0x63, 0x55, 0xad,
    0x79, 0xce, 0x9a, 0xd6, 0x75, 0xad, 0x2c, 0x63, 0x41, 0x08, 0x00, 0x00, 0x00, 0x00, 0x00, 0x00,
    0x20, 0x00, 0x00, 0x00, 0x00, 0x00, 0x00, 0x00, 0x00, 0x00, 0x00, 0x00, 0x00, 0x00, 0x00, 0x00,
    0x00, 0x00, 0x00, 0x00, 0x00, 0x00, 0x00, 0x00, 0x00, 0x00, 0x00, 0x00, 0x00, 0x00, 0x00, 0x00,
    0x00, 0x00, 0x00, 0x00, 0x00, 0x00, 0xc6, 0x41, 0x8c, 0x83, 0x4b, 0x83, 0x8c, 0x83, 0x8c, 0x83,
    0x2a, 0x73, 0x64, 0x31, 0x24, 0x21, 0x24, 0x21, 0x45, 0x29, 0x65, 0x29, 0x24, 0x21, 0x07, 0x4a,
    0x4b, 0x7b, 0x8c, 0x83, 0x07, 0x4a, 0xc3, 0x18, 0x45, 0x29, 0x24, 0x21, 0x45, 0x29, 0xc7, 0x39,
    0x23, 0x29, 0x0a, 0x73, 0x8c, 0x83, 0xea, 0x6a, 0x24, 0x29, 0x86, 0x31, 0x66, 0x29, 0x24, 0x21,
    0x65, 0x29, 0x44, 0x29, 0x47, 0x52, 0x8c, 0x83, 0x6c, 0x83, 0x4b, 0x7b, 0x8c, 0x83, 0x06, 0x52,
    0x80, 0x18, 0x02, 0x39, 0x43, 0x41, 0x84, 0x41, 0xac, 0x83, 0x14, 0xd6, 0xb6, 0xe6, 0xb6, 0xee,
    0xb6, 0xee, 0xb6, 0xee, 0xb6, 0xee, 0xb6, 0xee, 0xb6, 0xee, 0xb6, 0xee, 0xb6, 0xee, 0xb6, 0xee,
    0xb6, 0xee, 0xb6, 0xee, 0xb6, 0xee, 0xb6, 0xee, 0xb6, 0xee, 0xb6, 0xee, 0xb6, 0xee, 0xb6, 0xee,
    0xb6, 0xee, 0xb6, 0xee, 0xb6, 0xee, 0xb6, 0xee, 0xb6, 0xee, 0xb6, 0xee, 0xb6, 0xee, 0xb6, 0xee,
    0xb6, 0xee, 0xb6, 0xe6, 0x14, 0xd6, 0xac, 0x83, 0x84, 0x41, 0x22, 0x39, 0x22, 0x39, 0x80, 0x20,
    0xe6, 0x51, 0x4c, 0x7b, 0x6c, 0x83, 0x6c, 0x7b, 0x8c, 0x83, 0x2b, 0x7b, 0x65, 0x31, 0xe3, 0x18,
    0x24, 0x21, 0xe3, 0x20, 0x86, 0x29, 0x24, 0x21, 0xe6, 0x49, 0x6c, 0x83, 0x4b, 0x83, 0x48, 0x52,
    0x04, 0x21, 0x04, 0x21, 0x65, 0x29, 0x65, 0x29, 0x45, 0x29, 0x24, 0x29, 0x0a, 0x73, 0x6c, 0x83,
    0xc9, 0x6a, 0xa5, 0x39, 0x86, 0x31, 0x65, 0x29, 0x65, 0x31, 0x65, 0x29, 0x65, 0x29, 0x48, 0x5a,
    0x4b, 0x7b, 0x6c, 0x83, 0x6c, 0x7b, 0x8c, 0x83, 0xa6, 0x41, 0x00, 0x00, 0x00, 0x00, 0x0b, 0x63,
    0xff, 0xff, 0xdf, 0xff, 0xff, 0xff, 0xff, 0xff, 0xff, 0xff, 0xff, 0xff, 0xff, 0xff, 0xff, 0xff,
    0xff, 0xff, 0xff, 0xff, 0xff, 0xff, 0xff, 0xff, 0xff, 0xff, 0xff, 0xff, 0xff, 0xff, 0xff, 0xff,
    0xff, 0xff, 0xff, 0xff, 0xbe, 0xf7, 0x0c, 0x63, 0x00, 0x00, 0x00, 0x00, 0x00, 0x00, 0x00, 0x00,
    0x00, 0x00, 0x00, 0x00, 0xa6, 0x31, 0x79, 0xce, 0xff, 0xff, 0xff, 0xff, 0xff, 0xff, 0xff, 0xff,
    0xff, 0xff, 0xff, 0xff, 0xff, 0xff, 0xff, 0xff, 0xff, 0xff, 0xff, 0xff, 0xff, 0xff, 0xff, 0xff,
    0xff, 0xff, 0xff, 0xff, 0xff, 0xff, 0xff, 0xff, 0xff, 0xff, 0xff, 0xff, 0x14, 0xa5, 0x00, 0x00,
    0x00, 0x00, 0x00, 0x00, 0x00, 0x00, 0x00, 0x00, 0x00, 0x00, 0x00, 0x00, 0x00, 0x00, 0x00, 0x00,
    0x00, 0x00, 0x00, 0x00, 0x00, 0x00, 0x00, 0x00, 0x00, 0x00, 0x00, 0x00, 0x00, 0x00, 0x00, 0x00,
    0x00, 0x00, 0x00, 0x00, 0xa2, 0x10, 0x96, 0xb5, 0xff, 0xff, 0xff, 0xff, 0xff, 0xff, 0xff, 0xff,
    0xff, 0xff, 0xff, 0xff, 0x18, 0xc6, 0xe3, 0x18, 0x00, 0x00, 0x00, 0x00, 0x00, 0x00, 0x00, 0x00,
    0x00, 0x00, 0x00, 0x00, 0x00, 0x00, 0x00, 0x00, 0x00, 0x00, 0x00, 0x00, 0x00, 0x00, 0x00, 0x00,
    0x00, 0x00, 0x00, 0x00, 0x00, 0x00, 0x00, 0x00, 0x00, 0x00, 0x00, 0x00, 0x00, 0x00, 0x00, 0x00,
    0x00, 0x00, 0x85, 0x39, 0x8c, 0x83, 0x4b, 0x83, 0x8c, 0x83, 0x4b, 0x7b, 0x4b, 0x7b, 0x85, 0x39,
    0x24, 0x21, 0xa6, 0x31, 0xa6, 0x31, 0x45, 0x29, 0x04, 0x21, 0x27, 0x4a, 0x4b, 0x7b, 0x6b, 0x83,
    0x27, 0x4a, 0x24, 0x21, 0x24, 0x21, 0xe3, 0x18, 0x45, 0x29, 0xe3, 0x18, 0x85, 0x39, 0xea, 0x6a,
    0x8c, 0x83, 0xc9, 0x62, 0xa6, 0x39, 0xa6, 0x31, 0xe4, 0x20, 0x24, 0x21, 0x65, 0x29, 0x24, 0x29,
    0x48, 0x52, 0x6b, 0x7b, 0x4b, 0x7b, 0x6c, 0x83, 0x6c, 0x83, 0x06, 0x52, 0x80, 0x18, 0x22, 0x39,
    0x43, 0x41, 0x84, 0x41, 0xac, 0x8b, 0x14, 0xd6, 0x96, 0xe6, 0xb6, 0xee, 0xb6, 0xee, 0xb6, 0xee,
    0xb6, 0xee, 0xb6, 0xee, 0xb6, 0xee, 0xb6, 0xee, 0xb6, 0xee, 0xb6, 0xee, 0xb6, 0xee, 0xb6, 0xee,
    0xb6, 0xee, 0xb6, 0xee, 0xb6, 0xee, 0xb6, 0xee, 0xb6, 0xee, 0xb6, 0xee, 0xb6, 0xee, 0xb6, 0xee,
    0xb6, 0xee, 0xb6, 0xee, 0xb6, 0xee, 0xb6, 0xee, 0xb6, 0xee, 0xb6, 0xee, 0xb6, 0xee, 0xb6, 0xe6,
    0x14, 0xd6, 0xcc, 0x83, 0x84, 0x41, 0x42, 0x41, 0x22, 0x39, 0x60, 0x18, 0xe6, 0x51, 0x4b, 0x7b,
    0x6c, 0x7b, 0x6c, 0x83, 0x6c, 0x83, 0x2b, 0x73, 0x85, 0x39, 0x04, 0x21, 0x45, 0x29, 0x45, 0x29,
    0xa6, 0x31, 0xc6, 0x39, 0x07, 0x4a, 0x2b, 0x7b, 0x4b, 0x7b, 0x89, 0x5a, 0x24, 0x29, 0x24, 0x21,
    0x45, 0x29, 0x04, 0x21, 0x86, 0x31, 0x85, 0x39, 0xca, 0x6a, 0x8c, 0x83, 0xca, 0x6a, 0x23, 0x29,
    0x03, 0x21, 0x04, 0x29, 0x86, 0x31, 0x24, 0x21, 0x24, 0x29, 0x48, 0x52, 0x4b, 0x7b, 0x6c, 0x83,
    0x6c, 0x7b, 0x8c, 0x83, 0x85, 0x39, 0x00, 0x00, 0x00, 0x00, 0x30, 0x84, 0xff, 0xff, 0xdf, 0xff,
    0xff, 0xff, 0xff, 0xff, 0xff, 0xff, 0xff, 0xff, 0xff, 0xff, 0xff, 0xff, 0xff, 0xff, 0xff, 0xff,
    0xff, 0xff, 0xff, 0xff, 0xff, 0xff, 0xff, 0xff, 0xff, 0xff, 0xff, 0xff, 0xdf, 0xff, 0xff, 0xff,
    0x4d, 0x6b, 0x00, 0x00, 0x20, 0x00, 0x20, 0x00, 0x20, 0x00, 0x20, 0x00, 0x20, 0x00, 0x20, 0x00,
    0x00, 0x00, 0x65, 0x29, 0xfb, 0xde, 0xff, 0xff, 0xdf, 0xff, 0xff, 0xff, 0xff, 0xff, 0xff, 0xff,
    0xff, 0xff, 0xff, 0xff, 0xff, 0xff, 0xff, 0xff, 0xff, 0xff, 0xff, 0xff, 0xff, 0xff, 0xff, 0xff,
    0xff, 0xff, 0xff, 0xff, 0xff, 0xff, 0xff, 0xff, 0x38, 0xc6, 0x00, 0x00, 0x00, 0x00, 0x00, 0x00,
    0x00, 0x00, 0x00, 0x00, 0x00, 0x00, 0x00, 0x00, 0x00, 0x00, 0x00, 0x00, 0x00, 0x00, 0x00, 0x00,
    0x00, 0x00, 0x00, 0x00, 0x00, 0x00, 0x00, 0x00, 0x00, 0x00, 0x00, 0x00, 0x00, 0x00, 0x20, 0x00,
    0xb6, 0xb5, 0xff, 0xff, 0xdf, 0xff, 0xdf, 0xff, 0xdf, 0xff, 0xdf, 0xff, 0xdf, 0xff, 0xbe, 0xf7,
    0xff, 0xff, 0x18, 0xc6, 0x61, 0x08, 0x00, 0x00, 0x20, 0x00, 0x00, 0x00, 0x20, 0x00, 0x00, 0x00,
    0x00, 0x00, 0x00, 0x00, 0x00, 0x00, 0x00, 0x00, 0x00, 0x00, 0x00, 0x00, 0x00, 0x00, 0x00, 0x00,
    0x00, 0x00, 0x00, 0x00, 0x00, 0x00, 0x00, 0x00, 0x00, 0x00, 0x00, 0x00, 0x00, 0x00, 0x44, 0x31,
    0x8c, 0x83, 0x6c, 0x83, 0x6c, 0x83, 0x6c, 0x83, 0x0a, 0x73, 0xa6, 0x39, 0x04, 0x21, 0xa6, 0x31,
    0x86, 0x31, 0xa2, 0x10, 0xc2, 0x18, 0x07, 0x4a, 0x4b, 0x7b, 0x6c, 0x83, 0x28, 0x52, 0x24, 0x21,
    0x45, 0x29, 0x24, 0x21, 0x45, 0x29, 0x86, 0x29, 0x85, 0x31, 0xea, 0x6a, 0x6c, 0x83, 0xea, 0x6a,
    0x44, 0x29, 0x86, 0x31, 0x66, 0x29, 0x44, 0x29, 0x65, 0x29, 0x24, 0x29, 0x68, 0x5a, 0x6c, 0x83,
    0x4b, 0x7b, 0x6c, 0x83, 0x6c, 0x83, 0x06, 0x52, 0x80, 0x18, 0x23, 0x39, 0x43, 0x41, 0x84, 0x41,
    0xac, 0x8b, 0x14, 0xd6, 0xb6, 0xe6, 0xb6, 0xee, 0xb6, 0xee, 0xb6, 0xee, 0xb6, 0xee, 0xb6, 0xee,
    0xb6, 0xee, 0xb6, 0xee, 0xb6, 0xee, 0xb6, 0xee, 0xb6, 0xee, 0xb6, 0xee, 0xb6, 0xee, 0xb6, 0xee,
    0xb6, 0xee, 0xb6, 0xee, 0xb6, 0xee, 0xb6, 0xee, 0xb6, 0xee, 0xb6, 0xee, 0xb6, 0xee, 0xb6, 0xee,
    0xb6, 0xee, 0xb6, 0xee, 0xb6, 0xee, 0xb6, 0xee, 0xb6, 0xee, 0xb6, 0xe6, 0x14, 0xd6, 0xcc, 0x8b,
    0xa4, 0x41, 0x43, 0x41, 0x23, 0x39, 0x60, 0x18, 0x06, 0x52, 0x2b, 0x7b, 0x6c, 0x83, 0x6c, 0x83,
    0x6c, 0x83, 0x2b, 0x73, 0x85, 0x39, 0x45, 0x29, 0x45, 0x29, 0xa6, 0x31, 0xa7, 0x31, 0x24, 0x29,
    0xc6, 0x41, 0x4b, 0x7b, 0x4b, 0x83, 0x89, 0x5a, 0x86, 0x31, 0xa6, 0x31, 0xa6, 0x31, 0xc6, 0x31,
    0x86, 0x31, 0xc7, 0x41, 0x4b, 0x7b, 0x4b, 0x83, 0x4b, 0x73, 0xa6, 0x39, 0x45, 0x29, 0x46, 0x29,
    0xc7, 0x39, 0x86, 0x29, 0x24, 0x21, 0x89, 0x5a, 0x6b, 0x7b, 0x6b, 0x7b, 0x4b, 0x7b, 0x6c, 0x7b,
    0x85, 0x39, 0x00, 0x00, 0x20, 0x00, 0x14, 0x9d, 0xff, 0xff, 0xdf, 0xff, 0xff, 0xff, 0xff, 0xff,
    0xff, 0xff, 0xff, 0xff, 0xff, 0xff, 0xff, 0xff, 0xff, 0xff, 0xff, 0xff, 0xff, 0xff, 0xff, 0xff,
    0xff, 0xff, 0xff, 0xff, 0xff, 0xff, 0xdf, 0xff, 0xff, 0xff, 0xb6, 0xb5, 0x20, 0x00, 0x20, 0x00,
    0x00, 0x00, 0x00, 0x00, 0x00, 0x00, 0x00, 0x00, 0x00, 0x00, 0x00, 0x00, 0x41, 0x08, 0x00, 0x00,
    0x8e, 0x73, 0xff, 0xff, 0xdf, 0xf7, 0xff, 0xff, 0xff, 0xff, 0xff, 0xff, 0xff, 0xff, 0xff, 0xff,
    0xff, 0xff, 0xff, 0xff, 0xff, 0xff, 0xff, 0xff, 0xff, 0xff, 0xff, 0xff, 0xff, 0xff, 0xff, 0xff,
    0xff, 0xff, 0xff, 0xff, 0xfb, 0xde, 0x61, 0x08, 0x00, 0x00, 0x00, 0x00, 0x00, 0x00, 0x00, 0x00,
    0x00, 0x00, 0x00, 0x00, 0x00, 0x00, 0x00, 0x00, 0x00, 0x00, 0x00, 0x00, 0x00, 0x00, 0x00, 0x00,
    0x00, 0x00, 0x00, 0x00, 0x00, 0x00, 0x00, 0x00, 0x00, 0x00, 0xeb, 0x5a, 0xff, 0xff, 0xbe, 0xf7,
    0xdf, 0xff, 0xff, 0xff, 0xff, 0xff, 0xff, 0xff, 0xff, 0xff, 0xff, 0xff, 0xde, 0xf7, 0xff, 0xff,
    0x8e, 0x73, 0x00, 0x00, 0x20, 0x00, 0x00, 0x00, 0x00, 0x00, 0x00, 0x00, 0x00, 0x00, 0x00, 0x00,
    0x00, 0x00, 0x00, 0x00, 0x00, 0x00, 0x00, 0x00, 0x00, 0x00, 0x00, 0x00, 0x00, 0x00, 0x00, 0x00,
    0x00, 0x00, 0x00, 0x00, 0x00, 0x00, 0x00, 0x00, 0x00, 0x00, 0x03, 0x29, 0x6c, 0x7b, 0x6c, 0x83,
    0x6c, 0x83, 0x4b, 0x7b, 0x2b, 0x73, 0xa6, 0x39, 0xa6, 0x39, 0xa6, 0x31, 0x45, 0x29, 0xc7, 0x39,
    0x86, 0x31, 0x68, 0x52, 0x6c, 0x83, 0x6b, 0x83, 0x48, 0x52, 0x04, 0x21, 0x65, 0x29, 0x45, 0x29,
    0x45, 0x29, 0xc7, 0x39, 0x85, 0x39, 0xc9, 0x6a, 0x8c, 0x83, 0xea, 0x6a, 0x24, 0x29, 0x86, 0x31,
    0x04, 0x21, 0x44, 0x29, 0x65, 0x29, 0x03, 0x21, 0x27, 0x52, 0x6c, 0x83, 0x6b, 0x83, 0x8c, 0x83,
    0x6c, 0x83, 0xe6, 0x49, 0x60, 0x18, 0x22, 0x39, 0x43, 0x41, 0x84, 0x41, 0xcc, 0x8b, 0x14, 0xd6,
    0xb6, 0xe6, 0xb6, 0xee, 0xb6, 0xee, 0xb6, 0xee, 0xb6, 0xee, 0xb6, 0xee, 0xb6, 0xee, 0xb6, 0xee,
    0xb6, 0xee, 0xb6, 0xee, 0xb6, 0xee, 0xb6, 0xee, 0xb6, 0xee, 0xb6, 0xee, 0xb6, 0xee, 0xb6, 0xee,
    0xb6, 0xee, 0xb6, 0xee, 0xb6, 0xee, 0xb6, 0xee, 0xb6, 0xee, 0xb6, 0xee, 0xb6, 0xee, 0xb6, 0xee,
    0xb6, 0xee, 0xb6, 0xee, 0xb6, 0xee, 0xb6, 0xe6, 0x14, 0xd6, 0xcc, 0x83, 0x84, 0x41, 0x22, 0x41,
    0x22, 0x39, 0x60, 0x18, 0xe6, 0x51, 0x4b, 0x7b, 0x6c, 0x83, 0x6c, 0x83, 0x6c, 0x83, 0x2b, 0x73,
    0x85, 0x39, 0x04, 0x21, 0x65, 0x29, 0xc7, 0x39, 0x45, 0x29, 0x45, 0x29, 0xe6, 0x41, 0x6c, 0x83,
    0x4b, 0x7b, 0x2b, 0x73, 0x4c, 0x7b, 0x6c, 0x7b, 0x4c, 0x73, 0x4c, 0x73, 0xce, 0x83, 0x4c, 0x7b,
    0x8c, 0x83, 0x6b, 0x7b, 0x6b, 0x7b, 0x6c, 0x7b, 0xad, 0x83, 0x6c, 0x7b, 0x4c, 0x73, 0x4c, 0x73,
    0x0b, 0x6b, 0x4b, 0x7b, 0x6b, 0x83, 0x6c, 0x7b, 0x6c, 0x83, 0x6c, 0x83, 0x44, 0x31, 0x00, 0x00,
    0x41, 0x00, 0xb6, 0xb5, 0xff, 0xff, 0xff, 0xff, 0xff, 0xff, 0xff, 0xff, 0xff, 0xff, 0xff, 0xff,
    0xff, 0xff, 0xff, 0xff, 0xff, 0xff, 0xff, 0xff, 0xff, 0xff, 0xff, 0xff, 0xff, 0xff, 0xff, 0xff,
    0xff, 0xff, 0xdf, 0xff, 0xff, 0xff, 0x4d, 0x6b, 0x00, 0x00, 0x20, 0x00, 0x00, 0x00, 0x00, 0x00,
    0x00, 0x00, 0x00, 0x00, 0x00, 0x00, 0x00, 0x00, 0x00, 0x00, 0x00, 0x00, 0x04, 0x21, 0x5d, 0xef,
    0xff, 0xff, 0xff, 0xff, 0xff, 0xff, 0xff, 0xff, 0xff, 0xff, 0xff, 0xff, 0xff, 0xff, 0xff, 0xff,
    0xff, 0xff, 0xff, 0xff, 0xff, 0xff, 0xff, 0xff, 0xff, 0xff, 0xff, 0xff, 0xff, 0xff, 0xff, 0xff,
    0x7d, 0xef, 0xc3, 0x18, 0x00, 0x00, 0x00, 0x00, 0x00, 0x00, 0x00, 0x00, 0x00, 0x00, 0x00, 0x00,
    0x00, 0x00, 0x00, 0x00, 0x00, 0x00, 0x00, 0x00, 0x00, 0x00, 0x00, 0x00, 0x00, 0x00, 0x00, 0x00,
    0x00, 0x00, 0x00, 0x00, 0x20, 0x00, 0x96, 0xb5, 0xff, 0xff, 0xdf, 0xff, 0xff, 0xff, 0xff, 0xff,
    0xff, 0xff, 0xff, 0xff, 0xff, 0xff, 0xff, 0xff, 0xdf, 0xff, 0xff, 0xff, 0x18, 0xc6, 0x61, 0x08,
    0x00, 0x00, 0x20, 0x00, 0x00, 0x00, 0x00, 0x00, 0x00, 0x00, 0x00, 0x00, 0x00, 0x00, 0x00, 0x00,
    0x00, 0x00, 0x00, 0x00, 0x00, 0x00, 0x00, 0x00, 0x00, 0x00, 0x00, 0x00, 0x00, 0x00, 0x00, 0x00,
    0x00, 0x00, 0x00, 0x00, 0x00, 0x00, 0x03, 0x29, 0x6c, 0x7b, 0x4b, 0x7b, 0x4b, 0x7b, 0x6c, 0x7b,
    0x6b, 0x7b, 0x4c, 0x73, 0x6c, 0x73, 0x4c, 0x73, 0x4c, 0x73, 0x8d, 0x7b, 0x4c, 0x73, 0x2b, 0x73,
    0x6b, 0x83, 0x6c, 0x83, 0x27, 0x4a, 0x24, 0x21, 0x65, 0x29, 0x45, 0x29, 0xa7, 0x31, 0x45, 0x29,
    0x24, 0x29, 0x0a, 0x73, 0x8c, 0x83, 0xca, 0x62, 0x03, 0x21, 0xc3, 0x18, 0x04, 0x21, 0x45, 0x29,
    0x65, 0x29, 0x03, 0x21, 0x48, 0x5a, 0x6c, 0x83, 0x6c, 0x83, 0x6c, 0x7b, 0x6c, 0x7b, 0x07, 0x52,
    0x80, 0x20, 0x02, 0x39, 0x43, 0x41, 0x84, 0x41, 0xac, 0x8b, 0x14, 0xd6, 0x96, 0xe6, 0xb6, 0xee,
    0xb6, 0xee, 0xb6, 0xee, 0xb6, 0xee, 0xb6, 0xee, 0xb6, 0xee, 0xb6, 0xee, 0xb6, 0xee, 0xb6, 0xee,
    0xb6, 0xee, 0xb6, 0xee, 0xb6, 0xee, 0xb6, 0xee, 0xb6, 0xee, 0xb6, 0xee, 0xb6, 0xee, 0xb6, 0xee,
    0xb6, 0xee, 0xb6, 0xee, 0xb6, 0xee, 0xb6, 0xee, 0xb6, 0xee, 0xb6, 0xee, 0xb6, 0xee, 0xb6, 0xee,
    0xb6, 0xee, 0xb6, 0xe6, 0x14, 0xd6, 0xcc, 0x83, 0xa4, 0x41, 0x43, 0x41, 0x23, 0x39, 0x60, 0x18,
    0xe6, 0x51, 0x4b, 0x7b, 0x6c, 0x83, 0x6c, 0x83, 0x8c, 0x83, 0x2b, 0x73, 0x44, 0x31, 0x04, 0x21,
    0x25, 0x29, 0x86, 0x31, 0x86, 0x29, 0x45, 0x29, 0xe6, 0x41, 0x6b, 0x7b, 0x6c, 0x7b, 0x8c, 0x83,
    0x6c, 0x83, 0x4b, 0x7b, 0x4b, 0x7b, 0x6c, 0x83, 0x6c, 0x83, 0x6c, 0x83, 0x6c, 0x83, 0x4b, 0x7b,
    0x8c, 0x7b, 0x4b, 0x7b, 0x6c, 0x83, 0x8c, 0x83, 0x4b, 0x83, 0x8c, 0x83, 0x6c, 0x83, 0x8b, 0x83,
    0x6b, 0x7b, 0x8c, 0x83, 0x8c, 0x83, 0x6c, 0x83, 0x44, 0x31, 0x00, 0x00, 0x41, 0x08, 0xf7, 0xbd,
    0xff, 0xff, 0xff, 0xff, 0xff, 0xff, 0xff, 0xff, 0xff, 0xff, 0xff, 0xff, 0xff, 0xff, 0xff, 0xff,
    0xff, 0xff, 0xff, 0xff, 0xff, 0xff, 0xff, 0xff, 0xff, 0xff, 0xff, 0xff, 0xff, 0xff, 0xff, 0xff,
    0x9e, 0xf7, 0x49, 0x4a, 0x00, 0x00, 0x20, 0x00, 0x00, 0x00, 0x00, 0x00, 0x00, 0x00, 0x00, 0x00,
    0x00, 0x00, 0x00, 0x00, 0x00, 0x00, 0x00, 0x00, 0x00, 0x00, 0x9a, 0xd6, 0xff, 0xff, 0xff, 0xff,
    0xff, 0xff, 0xff, 0xff, 0xff, 0xff, 0xff, 0xff, 0xff, 0xff, 0xff, 0xff, 0xff, 0xff, 0xff, 0xff,
    0xff, 0xff, 0xff, 0xff, 0xff, 0xff, 0xff, 0xff, 0xff, 0xff, 0xff, 0xff, 0xbe, 0xf7, 0x04, 0x21,
    0x00, 0x00, 0x00, 0x00, 0x00, 0x00, 0x00, 0x00, 0x00, 0x00, 0x00, 0x00, 0x00, 0x00, 0x00, 0x00,
    0x00, 0x00, 0x00, 0x00, 0x00, 0x00, 0x00, 0x00, 0x00, 0x00, 0x00, 0x00, 0x00, 0x00, 0x00, 0x00,
    0xa2, 0x10, 0xba, 0xd6, 0xff, 0xff, 0xff, 0xff, 0xff, 0xff, 0xff, 0xff, 0xff, 0xff, 0xff, 0xff,
    0xff, 0xff, 0xdf, 0xff, 0xdf, 0xff, 0xff, 0xff, 0xfb, 0xde, 0x04, 0x21, 0x00, 0x00, 0x00, 0x00,
    0x00, 0x00, 0x00, 0x00, 0x00, 0x00, 0x00, 0x00, 0x00, 0x00, 0x00, 0x00, 0x00, 0x00, 0x00, 0x00,
    0x00, 0x00, 0x00, 0x00, 0x00, 0x00, 0x00, 0x00, 0x00, 0x00, 0x00, 0x00, 0x00, 0x00, 0x00, 0x00,
    0x00, 0x00, 0x03, 0x29, 0x8c, 0x83, 0x4b, 0x83, 0x6c, 0x83, 0x6c, 0x83, 0x8c, 0x83, 0x6c, 0x83,
    0x6c, 0x83, 0x6c, 0x83, 0x4c, 0x83, 0x6c, 0x83, 0x6b, 0x7b, 0x8c, 0x83, 0x4b, 0x83, 0x6c, 0x83,
    0x48, 0x52, 0x65, 0x29, 0x04, 0x21, 0x04, 0x21, 0x45, 0x29, 0x65, 0x29, 0x44, 0x31, 0x0a, 0x73,
    0x8c, 0x83, 0xea, 0x6a, 0x44, 0x29, 0x04, 0x21, 0x04, 0x21, 0x04, 0x21, 0x66, 0x29, 0x24, 0x29,
    0x47, 0x52, 0x8c, 0x83, 0x6b, 0x83, 0x6c, 0x83, 0x8c, 0x83, 0x06, 0x4a, 0x80, 0x20, 0x02, 0x31,
    0x63, 0x41, 0x84, 0x41, 0xac, 0x8b, 0x14, 0xd6, 0x96, 0xe6, 0xb6, 0xee, 0xb6, 0xee, 0xb6, 0xee,
    0xb6, 0xee, 0xb6, 0xee, 0xb6, 0xee, 0xb6, 0xee, 0xb6, 0xee, 0xb6, 0xee, 0xb6, 0xee, 0xb6, 0xee,
    0xb6, 0xee, 0xb6, 0xee, 0xb6, 0xee, 0xb6, 0xee, 0xb6, 0xee, 0xb6, 0xee, 0xb6, 0xee, 0xb6, 0xee,
    0xb6, 0xee, 0xb6, 0xee, 0xb6, 0xee, 0xb6, 0xee, 0xb6, 0xee, 0xb6, 0xee, 0xb6, 0xee, 0xb6, 0xe6,
    0x14, 0xd6, 0xcc, 0x83, 0x84, 0x41, 0x22, 0x41, 0x23, 0x39, 0x60, 0x18, 0xe6, 0x51, 0x4b, 0x7b,
    0x6c, 0x7b, 0x6c, 0x7b, 0x6c, 0x83, 0x2b, 0x7b, 0x65, 0x31, 0x45, 0x29, 0x65, 0x29, 0x65, 0x31,
    0x24, 0x21, 0xc3, 0x18, 0xc6, 0x41, 0x4b, 0x7b, 0x4b, 0x7b, 0x0b, 0x73, 0x89, 0x62, 0x88, 0x62,
    0x88, 0x62, 0xa9, 0x62, 0x68, 0x62, 0xc9, 0x6a, 0x2a, 0x7b, 0x4b, 0x7b, 0x4b, 0x7b, 0xa9, 0x6a,
    0x68, 0x62, 0x89, 0x62, 0xa9, 0x62, 0x68, 0x5a, 0x89, 0x5a, 0x2a, 0x73, 0x4b, 0x7b, 0x4c, 0x7b,
    0x8c, 0x83, 0x6c, 0x83, 0x44, 0x31, 0x00, 0x00, 0x41, 0x08, 0xf7, 0xbd, 0xff, 0xff, 0xff, 0xff,
    0xff, 0xff, 0xff, 0xff, 0xff, 0xff, 0xff, 0xff, 0xff, 0xff, 0xff, 0xff, 0xff, 0xff, 0xff, 0xff,
    0xff, 0xff, 0xff, 0xff, 0xff, 0xff, 0xff, 0xff, 0xff, 0xff, 0xff, 0xff, 0x9e, 0xef, 0x28, 0x42,
    0x00, 0x00, 0x00, 0x00, 0x00, 0x00, 0x00, 0x00, 0x00, 0x00, 0x00, 0x00, 0x00, 0x00, 0x00, 0x00,
    0x00, 0x00, 0x00, 0x00, 0x00, 0x00, 0x9a, 0xd6, 0xff, 0xff, 0xff, 0xff, 0xff, 0xff, 0xff, 0xff,
    0xff, 0xff, 0xff, 0xff, 0xff, 0xff, 0xff, 0xff, 0xff, 0xff, 0xff, 0xff, 0xff, 0xff, 0xff, 0xff,
    0xff, 0xff, 0xff, 0xff, 0xff, 0xff, 0xff, 0xff, 0xbe, 0xf7, 0x45, 0x29, 0x00, 0x00, 0x00, 0x00,
    0x00, 0x00, 0x00, 0x00, 0x00, 0x00, 0x00, 0x00, 0x00, 0x00, 0x00, 0x00, 0x00, 0x00, 0x00, 0x00,
    0x00, 0x00, 0x00, 0x00, 0x00, 0x00, 0x00, 0x00, 0x00, 0x00, 0x00, 0x00, 0xa2, 0x10, 0xba, 0xd6,
    0xff, 0xff, 0xff, 0xff, 0xff, 0xff, 0xff, 0xff, 0xff, 0xff, 0xff, 0xff, 0xff, 0xff, 0xff, 0xff,
    0xff, 0xff, 0xff, 0xff, 0x3c, 0xe7, 0x24, 0x21, 0x00, 0x00, 0x00, 0x00, 0x00, 0x00, 0x00, 0x00,
    0x00, 0x00, 0x00, 0x00, 0x00, 0x00, 0x00, 0x00, 0x00, 0x00, 0x00, 0x00, 0x00, 0x00, 0x00, 0x00,
    0x00, 0x00, 0x00, 0x00, 0x00, 0x00, 0x00, 0x00, 0x00, 0x00, 0x00, 0x00, 0x00, 0x00, 0x03, 0x29,
    0x6c, 0x7b, 0x6b, 0x83, 0x6b, 0x7b, 0x4b, 0x83, 0x2b, 0x7b, 0xea, 0x72, 0xa9, 0x62, 0x89, 0x62,
    0x89, 0x62, 0x89, 0x62, 0x89, 0x5a, 0x2b, 0x73, 0x4b, 0x7b, 0x6c, 0x83, 0x27, 0x4a, 0x04, 0x21,
    0x86, 0x31, 0x24, 0x29, 0x86, 0x31, 0x45, 0x29, 0x24, 0x29, 0xea, 0x6a, 0x8c, 0x83, 0xca, 0x6a,
    0x03, 0x21, 0x45, 0x29, 0x45, 0x29, 0x45, 0x29, 0x86, 0x29, 0x03, 0x21, 0x47, 0x52, 0x8c, 0x83,
    0x2b, 0x7b, 0x4b, 0x7b, 0x6c, 0x7b, 0xe6, 0x51, 0x80, 0x20, 0x02, 0x31, 0x63, 0x41, 0x84, 0x41,
    0xac, 0x8b, 0x14, 0xd6, 0x96, 0xe6, 0xb6, 0xee, 0xb6, 0xee, 0xb6, 0xee, 0xb6, 0xee, 0xb6, 0xee,
    0xb6, 0xee, 0xb6, 0xee, 0xb6, 0xee, 0xb6, 0xee, 0xb6, 0xee, 0xb6, 0xee, 0xb6, 0xee, 0xb6, 0xee,
    0xb6, 0xee, 0xb6, 0xee, 0xb6, 0xee, 0xb6, 0xee, 0xb6, 0xee, 0xb6, 0xee, 0xb6, 0xee, 0xb6, 0xee,
    0xb6, 0xee, 0xb6, 0xee, 0xb6, 0xee, 0xb6, 0xee, 0xb6, 0xee, 0xb6, 0xe6, 0x14, 0xd6, 0xcc, 0x8b,
    0xa4, 0x41, 0x43, 0x41, 0x23, 0x39, 0x60, 0x18, 0x06, 0x52, 0x4b, 0x7b, 0x6c, 0x7b, 0x6c, 0x7b,
    0x8c, 0x83, 0x2a, 0x73, 0x65, 0x31, 0x04, 0x21, 0x65, 0x29, 0xc7, 0x39, 0x65, 0x29, 0xe4, 0x18,
    0xc6, 0x41, 0x6b, 0x83, 0x6c, 0x83, 0x68, 0x5a, 0x64, 0x39, 0x03, 0x29, 0x23, 0x29, 0x23, 0x29,
    0xe3, 0x20, 0xa5, 0x41, 0x2b, 0x7b, 0x8c, 0x83, 0x0a, 0x73, 0xa5, 0x41, 0x03, 0x29, 0x04, 0x29,
    0x24, 0x31, 0x03, 0x29, 0x44, 0x31, 0x88, 0x5a, 0x4b, 0x7b, 0x4c, 0x83, 0x6c, 0x7b, 0x8c, 0x83,
    0x65, 0x31, 0x00, 0x00, 0x21, 0x08, 0xd7, 0xbd, 0xff, 0xff, 0xff, 0xff, 0xff, 0xff, 0xff, 0xff,
    0xff, 0xff, 0xff, 0xff, 0xff, 0xff, 0xff, 0xff, 0xff, 0xff, 0xff, 0xff, 0xff, 0xff, 0xff, 0xff,
    0xff, 0xff, 0xff, 0xff, 0xff, 0xff, 0xff, 0xff, 0xdf, 0xff, 0x2c, 0x63, 0x00, 0x00, 0x20, 0x00,
    0x00, 0x00, 0x00, 0x00, 0x00, 0x00, 0x00, 0x00, 0x00, 0x00, 0x00, 0x00, 0x00, 0x00, 0x00, 0x00,
    0xc3, 0x18, 0x1c, 0xe7, 0xff, 0xff, 0xff, 0xff, 0xff, 0xff, 0xff, 0xff, 0xff, 0xff, 0xff, 0xff,
    0xff, 0xff, 0xff, 0xff, 0xff, 0xff, 0xff, 0xff, 0xff, 0xff, 0xff, 0xff, 0xff, 0xff, 0xff, 0xff,
    0xff, 0xff, 0xff, 0xff, 0xdf, 0xff, 0x45, 0x29, 0x00, 0x00, 0x00, 0x00, 0x00, 0x00, 0x00, 0x00,
    0x00, 0x00, 0x00, 0x00, 0x00, 0x00, 0x00, 0x00, 0x00, 0x00, 0x00, 0x00, 0x00, 0x00, 0x00, 0x00,
    0x00, 0x00, 0x00, 0x00, 0x00, 0x00, 0x00, 0x00, 0x41, 0x08, 0xd7, 0xbd, 0xff, 0xff, 0xdf, 0xff,
    0xff, 0xff, 0xff, 0xff, 0xff, 0xff, 0xff, 0xff, 0xff, 0xff, 0xff, 0xff, 0xdf, 0xff, 0xff, 0xff,
    0x18, 0xc6, 0x82, 0x10, 0x00, 0x00, 0x00, 0x00, 0x00, 0x00, 0x00, 0x00, 0x00, 0x00, 0x00, 0x00,
    0x00, 0x00, 0x00, 0x00, 0x00, 0x00, 0x00, 0x00, 0x00, 0x00, 0x00, 0x00, 0x00, 0x00, 0x00, 0x00,
    0x00, 0x00, 0x00, 0x00, 0x00, 0x00, 0x00, 0x00, 0x00, 0x00, 0x04, 0x29, 0x6c, 0x7b, 0x6c, 0x83,
    0x6c, 0x7b, 0x6c, 0x7b, 0x2b, 0x7b, 0xe6, 0x49, 0x23, 0x31, 0x44, 0x31, 0x44, 0x31, 0x64, 0x31,
    0x44, 0x31, 0x68, 0x5a, 0x4b, 0x7b, 0x6c, 0x83, 0x48, 0x52, 0x24, 0x21, 0x04, 0x21, 0x24, 0x21,
    0xc7, 0x39, 0x66, 0x31, 0x44, 0x31, 0xea, 0x6a, 0x8c, 0x83, 0xea, 0x6a, 0x44, 0x29, 0x66, 0x29,
    0x24, 0x21, 0x04, 0x21, 0x45, 0x21, 0x24, 0x21, 0x48, 0x5a, 0x6c, 0x83, 0x4b, 0x7b, 0x8c, 0x83,
    0x8c, 0x83, 0x07, 0x52, 0x80, 0x20, 0x02, 0x39, 0x63, 0x41, 0x84, 0x41, 0xcc, 0x8b, 0x14, 0xd6,
    0xb6, 0xe6, 0xb6, 0xee, 0xb6, 0xee, 0xb6, 0xee, 0xb6, 0xee, 0xb6, 0xee, 0xb6, 0xee, 0xb6, 0xee,
    0xb6, 0xee, 0xb6, 0xee, 0xb6, 0xee, 0xb6, 0xee, 0xb6, 0xee, 0xb6, 0xee, 0xb6, 0xee, 0xb6, 0xee,
    0xb6, 0xee, 0xb6, 0xee, 0xb6, 0xee, 0xb6, 0xee, 0xb6, 0xee, 0xb6, 0xee, 0xb6, 0xee, 0xb6, 0xee,
    0xb6, 0xee, 0xb6, 0xee, 0xb6, 0xee, 0xb6, 0xe6, 0x14, 0xd6, 0xcc, 0x83, 0xa4, 0x41, 0x43, 0x41,
    0x23, 0x39, 0x80, 0x20, 0x06, 0x52, 0x4b, 0x7b, 0x6c, 0x83, 0x6c, 0x83, 0x8c, 0x83, 0x0a, 0x73,
    0x85, 0x39, 0x04, 0x21, 0x45, 0x29, 0x65, 0x31, 0x04, 0x21, 0x24, 0x21, 0xe6, 0x49, 0x4b, 0x83,
    0x8c, 0x83, 0x28, 0x52, 0xe3, 0x20, 0x04, 0x21, 0xc3, 0x18, 0xe3, 0x18, 0x04, 0x21, 0x24, 0x29,
    0x0b, 0x6b, 0x4c, 0x7b, 0xca, 0x6a, 0xe3, 0x20, 0x24, 0x21, 0x04, 0x21, 0xa2, 0x10, 0x24, 0x29,
    0xc2, 0x18, 0x27, 0x52, 0x6b, 0x83, 0x6c, 0x83, 0x4b, 0x7b, 0x8c, 0x83, 0x85, 0x39, 0x00, 0x00,
    0x21, 0x00, 0x75, 0xad, 0xff, 0xff, 0xff, 0xff, 0xff, 0xff, 0xff, 0xff, 0xff, 0xff, 0xff, 0xff,
    0xff, 0xff, 0xff, 0xff, 0xff, 0xff, 0xff, 0xff, 0xff, 0xff, 0xff, 0xff, 0xff, 0xff, 0xff, 0xff,
    0xff, 0xff, 0xdf, 0xff, 0xff, 0xff, 0x34, 0xa5, 0x00, 0x00, 0x20, 0x00, 0x00, 0x00, 0x00, 0x00,
    0x00, 0x00, 0x00, 0x00, 0x00, 0x00, 0x00, 0x00, 0x41, 0x08, 0x00, 0x00, 0x2c, 0x63, 0xff, 0xff,
    0xff, 0xff, 0xff, 0xff, 0xff, 0xff, 0xff, 0xff, 0xff, 0xff, 0xff, 0xff, 0xff, 0xff, 0xff, 0xff,
    0xff, 0xff, 0xff, 0xff, 0xff, 0xff, 0xff, 0xff, 0xff, 0xff, 0xff, 0xff, 0xff, 0xff, 0xff, 0xff,
    0xff, 0xff, 0xc7, 0x39, 0x00, 0x00, 0x00, 0x00, 0x00, 0x00, 0x00, 0x00, 0x00, 0x00, 0x00, 0x00,
    0x00, 0x00, 0x00, 0x00, 0x00, 0x00, 0x00, 0x00, 0x00, 0x00, 0x00, 0x00, 0x00, 0x00, 0x00, 0x00,
    0x00, 0x00, 0x00, 0x00, 0x00, 0x00, 0x6d, 0x6b, 0xff, 0xff, 0xdf, 0xff, 0xff, 0xff, 0xff, 0xff,
    0xff, 0xff, 0xff, 0xff, 0xff, 0xff, 0xff, 0xff, 0xdf, 0xff, 0xff, 0xff, 0x10, 0x84, 0x00, 0x00,
    0x20, 0x00, 0x00, 0x00, 0x00, 0x00, 0x00, 0x00, 0x00, 0x00, 0x00, 0x00, 0x00, 0x00, 0x00, 0x00,
    0x00, 0x00, 0x00, 0x00, 0x00, 0x00, 0x00, 0x00, 0x00, 0x00, 0x00, 0x00, 0x00, 0x00, 0x00, 0x00,
    0x00, 0x00, 0x00, 0x00, 0x00, 0x00, 0x24, 0x29, 0x6c, 0x83, 0x6c, 0x83, 0x6c, 0x7b, 0x6b, 0x7b,
    0x4b, 0x73, 0x64, 0x31, 0xe2, 0x18, 0x44, 0x29, 0x24, 0x21, 0x44, 0x29, 0xc2, 0x18, 0x07, 0x4a,
    0x4b, 0x7b, 0x4b, 0x83, 0x27, 0x4a, 0x65, 0x29, 0x65, 0x29, 0x45, 0x29, 0x66, 0x29, 0x24, 0x21,
    0x24, 0x31, 0xea, 0x72, 0x8c, 0x83, 0xca, 0x6a, 0x24, 0x29, 0x45, 0x29, 0x24, 0x21, 0x45, 0x29,
    0x24, 0x21, 0x24, 0x29, 0x68, 0x5a, 0x6c, 0x83, 0x4b, 0x83, 0x6b, 0x7b, 0x6c, 0x7b, 0x07, 0x52,
    0x80, 0x20, 0x02, 0x31, 0x43, 0x41, 0x84, 0x49, 0xac, 0x8b, 0x14, 0xd6, 0xb6, 0xe6, 0xb6, 0xee,
    0xb6, 0xee, 0xb6, 0xee, 0xb6, 0xee, 0xb6, 0xee, 0xb6, 0xee, 0xb6, 0xee, 0xb6, 0xee, 0xb6, 0xee,
    0xb6, 0xee, 0xb6, 0xee, 0xb6, 0xee, 0xb6, 0xee, 0xb6, 0xee, 0xb6, 0xee, 0xb6, 0xee, 0xb6, 0xee,
    0xb6, 0xee, 0xb6, 0xee, 0xb6, 0xee, 0xb6, 0xee, 0xb6, 0xee, 0xb6, 0xee, 0xb6, 0xee, 0xb6, 0xee,
    0xb6, 0xee, 0xb6, 0xe6, 0x14, 0xd6, 0xcc, 0x83, 0xa4, 0x41, 0x43, 0x41, 0x23, 0x39, 0x60, 0x18,
    0x06, 0x52, 0x4b, 0x7b, 0x6c, 0x83, 0x6c, 0x83, 0x8c, 0x83, 0x2b, 0x7b, 0x44, 0x31, 0x25, 0x21,
    0x65, 0x29, 0x45, 0x29, 0x04, 0x21, 0xc3, 0x18, 0xe6, 0x49, 0x2b, 0x7b, 0x6c, 0x83, 0x48, 0x52,
    0x04, 0x21, 0x24, 0x21, 0x24, 0x21, 0x66, 0x29, 0x24, 0x21, 0x44, 0x29, 0x2b, 0x73, 0x6c, 0x83,
    0xea, 0x6a, 0x03, 0x29, 0x24, 0x21, 0x45, 0x29, 0x04, 0x21, 0x65, 0x29, 0x03, 0x21, 0x47, 0x52,
    0x6b, 0x7b, 0x6c, 0x83, 0x4b, 0x7b, 0xac, 0x83, 0xa6, 0x39, 0x00, 0x00, 0x00, 0x00, 0x13, 0xa5,
    0xff, 0xff, 0xdf, 0xff, 0xff, 0xff, 0xff, 0xff, 0xff, 0xff, 0xff, 0xff, 0xff, 0xff, 0xff, 0xff,
    0xff, 0xff, 0xff, 0xff, 0xff, 0xff, 0xff, 0xff, 0xff, 0xff, 0xff, 0xff, 0xff, 0xff, 0xbe, 0xf7,
    0xdf, 0xff, 0xdf, 0xff, 0x69, 0x4a, 0x00, 0x00, 0x20, 0x00, 0x00, 0x00, 0x00, 0x00, 0x00, 0x00,
    0x00, 0x00, 0x41, 0x08, 0x00, 0x00, 0xc3, 0x18, 0x79, 0xce, 0xff, 0xff, 0xff, 0xff, 0xff, 0xff,
    0xff, 0xff, 0xff, 0xff, 0xff, 0xff, 0xff, 0xff, 0xff, 0xff, 0xff, 0xff, 0xff, 0xff, 0xff, 0xff,
    0xff, 0xff, 0xff, 0xff, 0xff, 0xff, 0xff, 0xff, 0xff, 0xff, 0xff, 0xff, 0xff, 0xff, 0xcb, 0x5a,
    0x00, 0x00, 0x00, 0x00, 0x00, 0x00, 0x00, 0x00, 0x00, 0x00, 0x00, 0x00, 0x00, 0x00, 0x00, 0x00,
    0x00, 0x00, 0x00, 0x00, 0x00, 0x00, 0x00, 0x00, 0x00, 0x00, 0x00, 0x00, 0x00, 0x00, 0x00, 0x00,
    0x00, 0x00, 0xa2, 0x10, 0x18, 0xc6, 0xff, 0xff, 0xde, 0xf7, 0xdf, 0xff, 0xdf, 0xff, 0xff, 0xff,
    0xdf, 0xff, 0xbe, 0xf7, 0xff, 0xff, 0x9a, 0xd6, 0xe3, 0x18, 0x00, 0x00, 0x00, 0x00, 0x00, 0x00,
    0x00, 0x00, 0x00, 0x00, 0x00, 0x00, 0x00, 0x00, 0x00, 0x00, 0x00, 0x00, 0x00, 0x00, 0x00, 0x00,
    0x00, 0x00, 0x00, 0x00, 0x00, 0x00, 0x00, 0x00, 0x00, 0x00, 0x00, 0x00, 0x61, 0x08, 0x20, 0x00,
    0x00, 0x00, 0x44, 0x31, 0x8c, 0x83, 0x4b, 0x83, 0x6c, 0x7b, 0x6c, 0x83, 0x0b, 0x73, 0x85, 0x39,
    0x24, 0x21, 0x45, 0x29, 0x24, 0x21, 0x45, 0x29, 0xc2, 0x18, 0x07, 0x4a, 0x6c, 0x83, 0x6c, 0x83,
    0x27, 0x52, 0xe3, 0x18, 0x04, 0x21, 0x65, 0x29, 0x66, 0x29, 0x24, 0x21, 0x24, 0x31, 0xea, 0x6a,
    0x8c, 0x8b, 0x0a, 0x6b, 0x03, 0x21, 0x04, 0x21, 0x24, 0x21, 0xe3, 0x18, 0x45, 0x21, 0x24, 0x29,
    0x48, 0x5a, 0x6c, 0x83, 0x6c, 0x83, 0x6c, 0x7b, 0x6c, 0x7b, 0x06, 0x52, 0x80, 0x20, 0x02, 0x39,
    0x43, 0x41, 0x64, 0x41, 0xac, 0x8b, 0x14, 0xd6, 0x96, 0xe6, 0xb6, 0xee, 0xb6, 0xee, 0xb6, 0xee,
    0xb6, 0xee, 0xb6, 0xee, 0xb6, 0xee, 0xb6, 0xee, 0xb6, 0xee, 0xb6, 0xee, 0xb6, 0xee, 0xb6, 0xee,
    0xb6, 0xee, 0xb6, 0xee, 0xb6, 0xee, 0xb6, 0xee, 0xb6, 0xee, 0xb6, 0xee, 0xb6, 0xee, 0xb6, 0xee,
    0xb6, 0xee, 0xb6, 0xee, 0xb6, 0xee, 0xb6, 0xee, 0xb6, 0xee, 0xb6, 0xee, 0xb6, 0xee, 0xb6, 0xe6,
    0x14, 0xd6, 0xcc, 0x83, 0xa4, 0x41, 0x23, 0x41, 0x23, 0x39, 0x60, 0x18, 0x06, 0x52, 0x2b, 0x7b,
    0x6c, 0x7b, 0x6c, 0x7b, 0x6c, 0x83, 0x2b, 0x7b, 0x65, 0x31, 0x65, 0x29, 0xa6, 0x31, 0x65, 0x29,
    0x04, 0x21, 0xc3, 0x18, 0xe6, 0x49, 0x4b, 0x7b, 0x6c, 0x83, 0x28, 0x4a, 0x04, 0x21, 0xe3, 0x20,
    0x44, 0x21, 0x86, 0x29, 0x04, 0x21, 0x44, 0x31, 0x0a, 0x73, 0x6b, 0x83, 0xe9, 0x6a, 0x85, 0x39,
    0x65, 0x31, 0x65, 0x29, 0x45, 0x29, 0x25, 0x21, 0x24, 0x21, 0x48, 0x52, 0x4b, 0x7b, 0x6c, 0x83,
    0x4c, 0x7b, 0x8c, 0x83, 0xc6, 0x41, 0x00, 0x00, 0x00, 0x00, 0x71, 0x8c, 0xff, 0xff, 0xdf, 0xff,
    0xff, 0xff, 0xff, 0xff, 0xff, 0xff, 0xff, 0xff, 0xff, 0xff, 0xff, 0xff, 0xff, 0xff, 0xff, 0xff,
    0xff, 0xff, 0xff, 0xff, 0xff, 0xff, 0xff, 0xff, 0xff, 0xff, 0xff, 0xff, 0xff, 0xff, 0xff, 0xff,
    0x3c, 0xe7, 0x08, 0x42, 0x00, 0x00, 0x00, 0x00, 0x00, 0x00, 0x00, 0x00, 0x00, 0x00, 0x00, 0x00,
    0xe3, 0x18, 0xd7, 0xbd, 0xff, 0xff, 0xdf, 0xff, 0xff, 0xff, 0xdf, 0xff, 0xff, 0xff, 0xff, 0xff,
    0xff, 0xff, 0xff, 0xff, 0xff, 0xff, 0xff, 0xff, 0xff, 0xff, 0xff, 0xff, 0xff, 0xff, 0xff, 0xff,
    0xff, 0xff, 0xff, 0xff, 0xff, 0xff, 0xff, 0xff, 0xff, 0xff, 0x10, 0x84, 0x00, 0x00, 0x20, 0x00,
    0x00, 0x00, 0x00, 0x00, 0x00, 0x00, 0x00, 0x00, 0x00, 0x00, 0x00, 0x00, 0x00, 0x00, 0x00, 0x00,
    0x00, 0x00, 0x00, 0x00, 0x00, 0x00, 0x00, 0x00, 0x00, 0x00, 0x00, 0x00, 0x20, 0x00, 0x00, 0x00,
    0x65, 0x29, 0x59, 0xce, 0xff, 0xff, 0xff, 0xff, 0xff, 0xff, 0xff, 0xff, 0xff, 0xff, 0xff, 0xff,
    0xba, 0xd6, 0x86, 0x31, 0x00, 0x00, 0x00, 0x00, 0x00, 0x00, 0x00, 0x00, 0x00, 0x00, 0x00, 0x00,
    0x00, 0x00, 0x00, 0x00, 0x00, 0x00, 0x00, 0x00, 0x00, 0x00, 0x00, 0x00, 0x00, 0x00, 0x00, 0x00,
    0x00, 0x00, 0x00, 0x00, 0x00, 0x00, 0x00, 0x00, 0x04, 0x21, 0x41, 0x08, 0x00, 0x00, 0x85, 0x39,
    0x8d, 0x83, 0x4b, 0x83, 0x6c, 0x83, 0x6b, 0x7b, 0x0a, 0x73, 0x85, 0x39, 0x86, 0x31, 0x66, 0x29,
    0x45, 0x29, 0x86, 0x31, 0xe3, 0x18, 0x07, 0x4a, 0x4b, 0x7b, 0x6b, 0x83, 0x48, 0x52, 0xe4, 0x20,
    0x65, 0x29, 0x86, 0x31, 0x65, 0x29, 0x45, 0x29, 0x24, 0x29, 0xc9, 0x6a, 0x8c, 0x83, 0xea, 0x6a,
    0x24, 0x29, 0xe3, 0x18, 0x45, 0x29, 0xc3, 0x18, 0x66, 0x29, 0x24, 0x29, 0x47, 0x52, 0x6c, 0x83,
    0x4b, 0x7b, 0x6c, 0x7b, 0x6c, 0x7b, 0xe6, 0x51, 0x80, 0x20, 0x02, 0x39, 0x43, 0x41, 0x64, 0x41,
    0xac, 0x8b, 0x14, 0xd6, 0x96, 0xe6, 0xb6, 0xee, 0xb6, 0xee, 0xb6, 0xee, 0xb6, 0xee, 0xb6, 0xee,
    0xb6, 0xee, 0xb6, 0xee, 0xb6, 0xee, 0xb6, 0xee, 0xb6, 0xee, 0xb6, 0xee, 0xb6, 0xee, 0xb6, 0xee,
    0xb6, 0xee, 0xb6, 0xee, 0xb6, 0xee, 0xb6, 0xee, 0xb6, 0xee, 0xb6, 0xee, 0xb6, 0xee, 0xb6, 0xee,
    0xb6, 0xee, 0xb6, 0xee, 0xb6, 0xee, 0xb6, 0xee, 0xb6, 0xee, 0xb6, 0xe6, 0x14, 0xd6, 0xcc, 0x83,
    0x84, 0x41, 0x43, 0x41, 0x23, 0x39, 0x60, 0x18, 0x06, 0x52, 0x4b, 0x7b, 0x6c, 0x7b, 0x8c, 0x83,
    0x6b, 0x83, 0x2b, 0x73, 0x65, 0x31, 0x45, 0x29, 0x65, 0x29, 0x45, 0x29, 0x24, 0x21, 0xe3, 0x18,
    0xe6, 0x41, 0x4b, 0x7b, 0x6b, 0x83, 0x27, 0x52, 0xe3, 0x20, 0x45, 0x29, 0x24, 0x21, 0xe3, 0x18,
    0x25, 0x29, 0x65, 0x31, 0x0a, 0x73, 0x8c, 0x83, 0xca, 0x6a, 0xa6, 0x39, 0x25, 0x21, 0xa7, 0x31,
    0x65, 0x29, 0x66, 0x29, 0x24, 0x29, 0x48, 0x5a, 0x4b, 0x7b, 0x6c, 0x83, 0x6c, 0x7b, 0x8c, 0x83,
    0x27, 0x52, 0x00, 0x00, 0x00, 0x00, 0xcf, 0x73, 0xff, 0xff, 0xdf, 0xff, 0xff, 0xff, 0xff, 0xff,
    0xff, 0xff, 0xff, 0xff, 0xff, 0xff, 0xff, 0xff, 0xff, 0xff, 0xff, 0xff, 0xff, 0xff, 0xff, 0xff,
    0xff, 0xff, 0xff, 0xff, 0xff, 0xff, 0xff, 0xff, 0xff, 0xff, 0xff, 0xff, 0xff, 0xff, 0xbe, 0xf7,
    0xb2, 0x94, 0x08, 0x42, 0xc3, 0x18, 0x82, 0x10, 0x65, 0x29, 0x6d, 0x6b, 0xba, 0xd6, 0xff, 0xff,
    0xff, 0xff, 0xff, 0xff, 0xff, 0xff, 0xff, 0xff, 0xff, 0xff, 0xff, 0xff, 0xff, 0xff, 0xff, 0xff,
    0xff, 0xff, 0xff, 0xff, 0xff, 0xff, 0xff, 0xff, 0xff, 0xff, 0xff, 0xff, 0xff, 0xff, 0xff, 0xff,
    0xff, 0xff, 0xff, 0xff, 0xff, 0xff, 0xb6, 0xb5, 0x00, 0x00, 0x20, 0x00, 0x00, 0x00, 0x00, 0x00,
    0x00, 0x00, 0x00, 0x00, 0x00, 0x00, 0x00, 0x00, 0x00, 0x00, 0x00, 0x00, 0x00, 0x00, 0x00, 0x00,
    0x00, 0x00, 0x00, 0x00, 0x00, 0x00, 0x00, 0x00, 0x00, 0x00, 0x00, 0x00, 0x00, 0x00, 0xa3, 0x18,
    0xcf, 0x7b, 0x38, 0xc6, 0x5d, 0xef, 0x5d, 0xef, 0x79, 0xce, 0x10, 0x84, 0xe3, 0x18, 0x00, 0x00,
    0x00, 0x00, 0x00, 0x00, 0x00, 0x00, 0x00, 0x00, 0x00, 0x00, 0x00, 0x00, 0x00, 0x00, 0x00, 0x00,
    0x00, 0x00, 0x00, 0x00, 0x00, 0x00, 0x00, 0x00, 0x00, 0x00, 0x00, 0x00, 0x00, 0x00, 0x00, 0x00,
    0x00, 0x00, 0x41, 0x08, 0xc7, 0x39, 0x41, 0x08, 0x00, 0x00, 0xc6, 0x41, 0x8c, 0x83, 0x4b, 0x7b,
    0x4c, 0x7b, 0x6c, 0x83, 0x0b, 0x73, 0x65, 0x31, 0x65, 0x31, 0xa7, 0x31, 0x86, 0x31, 0x04, 0x21,
    0x24, 0x21, 0x27, 0x4a, 0x4b, 0x7b, 0x6c, 0x83, 0x27, 0x4a, 0x24, 0x21, 0x86, 0x31, 0x65, 0x29,
    0x86, 0x29, 0x24, 0x21, 0x44, 0x31, 0xea, 0x6a, 0x6b, 0x83, 0xea, 0x6a, 0x04, 0x29, 0xe3, 0x18,
    0x25, 0x21, 0x66, 0x31, 0x04, 0x21, 0xc2, 0x18, 0x68, 0x52, 0x6c, 0x83, 0x4b, 0x7b, 0x6c, 0x7b,
    0x6c, 0x7b, 0x06, 0x52, 0x80, 0x20, 0x02, 0x39, 0x43, 0x41, 0x84, 0x41, 0xcc, 0x8b, 0x14, 0xd6,
    0xb6, 0xe6, 0xb6, 0xee, 0xb6, 0xee, 0xb6, 0xee, 0xb6, 0xee, 0xb6, 0xee, 0xb6, 0xee, 0xb6, 0xee,
    0xb6, 0xee, 0xb6, 0xee, 0xb6, 0xee, 0xb6, 0xee, 0xb6, 0xee, 0xb6, 0xee, 0xb6, 0xee, 0xb6, 0xee,
    0xb6, 0xee, 0xb6, 0xee, 0xb6, 0xee, 0xb6, 0xee, 0xb6, 0xee, 0xb6, 0xee, 0xb6, 0xee, 0xb6, 0xee,
    0xb6, 0xee, 0xb6, 0xee, 0xb6, 0xee, 0xb6, 0xe6, 0x14, 0xd6, 0xcc, 0x83, 0xa4, 0x41, 0x43, 0x41,
    0x23, 0x39, 0x40, 0x18, 0xe6, 0x51, 0x4b, 0x7b, 0x6c, 0x7b, 0x8c, 0x83, 0x6c, 0x83, 0x0a, 0x73,
    0x85, 0x39, 0xe3, 0x18, 0x24, 0x21, 0x24, 0x21, 0x65, 0x29, 0x45, 0x29, 0xc5, 0x41, 0x6b, 0x7b,
    0x6c, 0x83, 0x07, 0x4a, 0x24, 0x29, 0x65, 0x31, 0x86, 0x31, 0xa6, 0x31, 0x66, 0x31, 0x24, 0x31,
    0xea, 0x6a, 0x6b, 0x83, 0x0a, 0x73, 0x44, 0x29, 0xc3, 0x18, 0x86, 0x31, 0xe7, 0x41, 0x65, 0x29,
    0x04, 0x21, 0x68, 0x5a, 0x4b, 0x7b, 0x6b, 0x7b, 0x4b, 0x7b, 0x8c, 0x83, 0x88, 0x5a, 0x00, 0x00,
    0x00, 0x00, 0xec, 0x5a, 0xff, 0xff, 0xdf, 0xff, 0xff, 0xff, 0xff, 0xff, 0xff, 0xff, 0xff, 0xff,
    0xff, 0xff, 0xff, 0xff, 0xff, 0xff, 0xff, 0xff, 0xff, 0xff, 0xff, 0xff, 0xff, 0xff, 0xff, 0xff,
    0xdf, 0xff, 0xff, 0xff, 0xff, 0xff, 0xff, 0xff, 0xff, 0xff, 0xff, 0xff, 0xff, 0xff, 0x9e, 0xf7,
    0xfb, 0xde, 0xdb, 0xde, 0x5d, 0xef, 0xff, 0xff, 0xff, 0xff, 0xff, 0xff, 0xff, 0xff, 0xff, 0xff,
    0xff, 0xff, 0xff, 0xff, 0xff, 0xff, 0xff, 0xff, 0xff, 0xff, 0xff, 0xff, 0xff, 0xff, 0xff, 0xff,
    0xff, 0xff, 0xff, 0xff, 0xff, 0xff, 0xff, 0xff, 0xff, 0xff, 0xff, 0xff, 0xff, 0xff, 0xff, 0xff,
    0xff, 0xff, 0xdb, 0xde, 0xa2, 0x10, 0x00, 0x00, 0x00, 0x00, 0x00, 0x00, 0x00, 0x00, 0x00, 0x00,
    0x00, 0x00, 0x00, 0x00, 0x00, 0x00, 0x00, 0x00, 0x00, 0x00, 0x00, 0x00, 0x00, 0x00, 0x00, 0x00,
    0x00, 0x00, 0x00, 0x00, 0x00, 0x00, 0x00, 0x00, 0x20, 0x00, 0x00, 0x00, 0x00, 0x00, 0x82, 0x10,
    0x04, 0x21, 0x04, 0x21, 0xa2, 0x10, 0x00, 0x00, 0x00, 0x00, 0x20, 0x00, 0x00, 0x00, 0x00, 0x00,
    0x00, 0x00, 0x00, 0x00, 0x00, 0x00, 0x00, 0x00, 0x00, 0x00, 0x00, 0x00, 0x00, 0x00, 0x00, 0x00,
    0x00, 0x00, 0x00, 0x00, 0x00, 0x00, 0x00, 0x00, 0x00, 0x00, 0x20, 0x00, 0x00, 0x00, 0x65, 0x29,
    0x69, 0x4a, 0x00, 0x00, 0x00, 0x00, 0x27, 0x52, 0x8c, 0x83, 0x4b, 0x7b, 0x6c, 0x83, 0x4b, 0x7b,
    0x4b, 0x7b, 0x44, 0x31, 0x04, 0x21, 0x66, 0x29, 0x04, 0x21, 0x04, 0x21, 0x44, 0x29, 0x27, 0x52,
    0x4b, 0x7b, 0x6b, 0x83, 0x27, 0x4a, 0x65, 0x29, 0x65, 0x29, 0xa2, 0x10, 0x45, 0x21, 0x04, 0x21,
    0x65, 0x31, 0xc9, 0x6a, 0x8c, 0x83, 0xc9, 0x62, 0x04, 0x29, 0x24, 0x21, 0x86, 0x31, 0x65, 0x29,
    0x86, 0x31, 0x44, 0x29, 0x48, 0x5a, 0x6c, 0x83, 0x6c, 0x83, 0x6c, 0x7b, 0x6c, 0x83, 0x07, 0x52,
    0x81, 0x20, 0x02, 0x39, 0x43, 0x41, 0x84, 0x41, 0xac, 0x8b, 0x14, 0xd6, 0xb6, 0xe6, 0xb6, 0xee,
    0xb6, 0xee, 0xb6, 0xee, 0xb6, 0xee, 0xb6, 0xee, 0xb6, 0xee, 0xb6, 0xee, 0xb6, 0xee, 0xb6, 0xee,
    0xb6, 0xee, 0xb6, 0xee, 0xb6, 0xee, 0xb6, 0xee, 0xb6, 0xee, 0xb6, 0xee, 0xb6, 0xee, 0xb6, 0xee,
    0xb6, 0xee, 0xb6, 0xee, 0xb6, 0xee, 0xb6, 0xee, 0xb6, 0xee, 0xb6, 0xee, 0xb6, 0xee, 0xb6, 0xee,
    0xb6, 0xee, 0xb6, 0xe6, 0x14, 0xd6, 0xcc, 0x83, 0xa4, 0x41, 0x43, 0x41, 0x23, 0x39, 0x60, 0x18,
    0x06, 0x52, 0x4b, 0x7b, 0x4b, 0x7b, 0x6b, 0x7b, 0x6b, 0x7b, 0x0a, 0x73, 0x44, 0x29, 0x44, 0x21,
    0x45, 0x21, 0x86, 0x31, 0x86, 0x31, 0x65, 0x29, 0xe6, 0x41, 0x4b, 0x7b, 0x2b, 0x7b, 0x27, 0x52,
    0x24, 0x21, 0x04, 0x21, 0x44, 0x29, 0x65, 0x29, 0x45, 0x29, 0x24, 0x31, 0x0a, 0x6b, 0x4b, 0x83,
    0xea, 0x6a, 0x65, 0x31, 0x86, 0x31, 0x45, 0x29, 0x24, 0x21, 0x25, 0x21, 0xe3, 0x18, 0x47, 0x52,
    0x4b, 0x7b, 0x6b, 0x7b, 0x6c, 0x7b, 0x8c, 0x83, 0xc9, 0x62, 0x41, 0x08, 0x00, 0x00, 0xe7, 0x39,
    0xff, 0xff, 0xff, 0xff, 0xff, 0xff, 0xff, 0xff, 0xff, 0xff, 0xff, 0xff, 0xff, 0xff, 0xff, 0xff,
    0xff, 0xff, 0xff, 0xff, 0xff, 0xff, 0xff, 0xff, 0xff, 0xff, 0xff, 0xff, 0xff, 0xff, 0xff, 0xff,
    0xff, 0xff, 0xff, 0xff, 0xff, 0xff, 0xff, 0xff, 0xdf, 0xf7, 0xff, 0xff, 0xff, 0xff, 0xff, 0xff,
    0xff, 0xff, 0xff, 0xff, 0xff, 0xff, 0xff, 0xff, 0xff, 0xff, 0xff, 0xff, 0xff, 0xff, 0xff, 0xff,
    0xff, 0xff, 0xff, 0xff, 0xff, 0xff, 0xff, 0xff, 0xff, 0xff, 0xff, 0xff, 0xff, 0xff, 0xff, 0xff,
    0xff, 0xff, 0xff, 0xff, 0xff, 0xff, 0xff, 0xff, 0xff, 0xff, 0xff, 0xff, 0xff, 0xff, 0xdf, 0xf7,
    0xaa, 0x52, 0x00, 0x00, 0x20, 0x00, 0x00, 0x00, 0x00, 0x00, 0x00, 0x00, 0x00, 0x00, 0x00, 0x00,
    0x00, 0x00, 0x00, 0x00, 0x00, 0x00, 0x00, 0x00, 0x00, 0x00, 0x00, 0x00, 0x00, 0x00, 0x00, 0x00,
    0x00, 0x00, 0x00, 0x00, 0x00, 0x00, 0x00, 0x00, 0x20, 0x00, 0x00, 0x00, 0x00, 0x00, 0x00, 0x00,
    0x00, 0x00, 0x20, 0x00, 0x00, 0x00, 0x00, 0x00, 0x00, 0x00, 0x00, 0x00, 0x00, 0x00, 0x00, 0x00,
    0x00, 0x00, 0x00, 0x00, 0x00, 0x00, 0x00, 0x00, 0x00, 0x00, 0x00, 0x00, 0x00, 0x00, 0x00, 0x00,
    0x00, 0x00, 0x00, 0x00, 0x00, 0x00, 0x20, 0x00, 0x00, 0x00, 0xaa, 0x52, 0x69, 0x4a, 0x00, 0x00,
    0x20, 0x08, 0x89, 0x5a, 0x6c, 0x83, 0x4b, 0x7b, 0x6c, 0x7b, 0x4b, 0x7b, 0x0b, 0x73, 0x24, 0x29,
    0xe3, 0x18, 0x24, 0x21, 0x45, 0x29, 0x65, 0x29, 0xe3, 0x18, 0x07, 0x4a, 0x4b, 0x7b, 0x4b, 0x7b,
    0x27, 0x52, 0xe3, 0x18, 0x65, 0x29, 0x45, 0x29, 0x65, 0x29, 0x45, 0x29, 0x44, 0x31, 0xea, 0x72,
    0x4b, 0x83, 0xca, 0x6a, 0x85, 0x31, 0xa6, 0x31, 0x04, 0x21, 0x04, 0x21, 0x66, 0x29, 0x03, 0x21,
    0x27, 0x52, 0x6b, 0x7b, 0x6c, 0x83, 0x4b, 0x7b, 0x6c, 0x7b, 0x07, 0x52, 0x81, 0x20, 0xe2, 0x38,
    0x43, 0x41, 0x84, 0x41, 0xac, 0x83, 0x14, 0xd6, 0x96, 0xe6, 0xb6, 0xee, 0xb6, 0xee, 0xb6, 0xee,
    0xb6, 0xee, 0xb6, 0xee, 0xb6, 0xee, 0xb6, 0xee, 0xb6, 0xee, 0xb6, 0xee, 0xb6, 0xee, 0xb6, 0xee,
    0xb6, 0xee, 0xb6, 0xee, 0xb6, 0xee, 0xb6, 0xee, 0xb6, 0xee, 0xb6, 0xee, 0xb6, 0xee, 0xb6, 0xee,
    0xb6, 0xee, 0xb6, 0xee, 0xb6, 0xee, 0xb6, 0xee, 0xb6, 0xee, 0xb6, 0xee, 0xb6, 0xee, 0xb6, 0xe6,
    0x14, 0xd6, 0xcc, 0x83, 0xa4, 0x41, 0x43, 0x41, 0x23, 0x39, 0x60, 0x20, 0xe6, 0x51, 0x4b, 0x7b,
    0x6c, 0x7b, 0x6c, 0x83, 0x8c, 0x83, 0x2b, 0x73, 0x44, 0x31, 0xc7, 0x39, 0x65, 0x29, 0x24, 0x21,
    0x86, 0x31, 0x65, 0x29, 0xe6, 0x49, 0x6b, 0x7b, 0x6b, 0x83, 0x27, 0x52, 0xe3, 0x20, 0x24, 0x21,
    0x04, 0x21, 0x24, 0x21, 0x04, 0x21, 0x45, 0x31, 0x0a, 0x6b, 0x8c, 0x83, 0xea, 0x6a, 0x85, 0x31,
    0x04, 0x21, 0x08, 0x42, 0x65, 0x29, 0x45, 0x29, 0x45, 0x29, 0x68, 0x5a, 0x4b, 0x7b, 0x6c, 0x83,
    0x6c, 0x7b, 0x6c, 0x83, 0x4b, 0x7b, 0xa2, 0x18, 0x00, 0x00, 0x45, 0x29, 0x3c, 0xe7, 0xff, 0xff,
    0xff, 0xff, 0xff, 0xff, 0xff, 0xff, 0xff, 0xff, 0xff, 0xff, 0xff, 0xff, 0xff, 0xff, 0xff, 0xff,
    0xff, 0xff, 0xff, 0xff, 0xff, 0xff, 0xff, 0xff, 0xff, 0xff, 0xdf, 0xff, 0xff, 0xff, 0xdf, 0xff,
    0xff, 0xff, 0xff, 0xff, 0xff, 0xff, 0xff, 0xff, 0xff, 0xff, 0xff, 0xff, 0xff, 0xff, 0xff, 0xff,
    0xff, 0xff, 0xff, 0xff, 0xff, 0xff, 0xff, 0xff, 0xff, 0xff, 0xff, 0xff, 0xff, 0xff, 0xff, 0xff,
    0xff, 0xff, 0xff, 0xff, 0xff, 0xff, 0xff, 0xff, 0xff, 0xff, 0xff, 0xff, 0xff, 0xff, 0xff, 0xff,
    0xff, 0xff, 0xff, 0xff, 0xff, 0xff, 0xff, 0xff, 0xdf, 0xf7, 0xff, 0xff, 0xf3, 0x9c, 0x00, 0x00,
    0x00, 0x00, 0x00, 0x00, 0x00, 0x00, 0x00, 0x00, 0x00, 0x00, 0x00, 0x00, 0x00, 0x00, 0x00, 0x00,
    0x00, 0x00, 0x00, 0x00, 0x00, 0x00, 0x00, 0x00, 0x00, 0x00, 0x00, 0x00, 0x00, 0x00, 0x00, 0x00,
    0x00, 0x00, 0x00, 0x00, 0x00, 0x00, 0x00, 0x00, 0x20, 0x00, 0x00, 0x00, 0x00, 0x00, 0x00, 0x00,
    0x00, 0x00, 0x00, 0x00, 0x00, 0x00, 0x00, 0x00, 0x00, 0x00, 0x00, 0x00, 0x00, 0x00, 0x00, 0x00,
    0x00, 0x00, 0x00, 0x00, 0x00, 0x00, 0x00, 0x00, 0x00, 0x00, 0x00, 0x00, 0x00, 0x00, 0x00, 0x00,
    0x00, 0x00, 0x00, 0x00, 0x20, 0x00, 0x92, 0x94, 0x08, 0x42, 0x00, 0x00, 0x81, 0x10, 0xea, 0x6a,
    0x8c, 0x83, 0x6b, 0x7b, 0x6c, 0x83, 0x6b, 0x7b, 0xea, 0x6a, 0x85, 0x39, 0x04, 0x21, 0x65, 0x29,
    0x86, 0x31, 0x86, 0x31, 0x24, 0x21, 0x07, 0x4a, 0x4b, 0x7b, 0x6b, 0x83, 0x07, 0x4a, 0xe4, 0x18,
    0xa6, 0x31, 0xa6, 0x31, 0x04, 0x19, 0x45, 0x29, 0x65, 0x31, 0xea, 0x72, 0x8c, 0x83, 0xea, 0x6a,
    0x45, 0x31, 0x25, 0x21, 0x25, 0x21, 0x24, 0x21, 0x04, 0x21, 0xe3, 0x20, 0x68, 0x5a, 0x6c, 0x83,
    0x4b, 0x7b, 0x6c, 0x83, 0x6c, 0x83, 0x06, 0x52, 0x81, 0x20, 0x02, 0x39, 0x43, 0x41, 0x84, 0x41,
    0xcc, 0x8b, 0x14, 0xd6, 0xb6, 0xe6, 0xb6, 0xee, 0xb6, 0xee, 0xb6, 0xee, 0xb6, 0xee, 0xb6, 0xee,
    0xb6, 0xee, 0xb6, 0xee, 0xb6, 0xee, 0xb6, 0xee, 0xb6, 0xee, 0xb6, 0xee, 0xb6, 0xee, 0xb6, 0xee,
    0xb6, 0xee, 0xb6, 0xee, 0xb6, 0xee, 0xb6, 0xee, 0xb6, 0xee, 0xb6, 0xee, 0xb6, 0xee, 0xb6, 0xee,
    0xb6, 0xee, 0xb6, 0xee, 0xb6, 0xee, 0xb6, 0xee, 0xb6, 0xee, 0xb6, 0xe6, 0x14, 0xd6, 0xcc, 0x83,
    0x84, 0x41, 0x23, 0x41, 0x23, 0x39, 0x60, 0x20, 0xe6, 0x49, 0x4b, 0x7b, 0x4b, 0x7b, 0x6c, 0x83,
    0x6b, 0x83, 0x2b, 0x73, 0x85, 0x39, 0xc3, 0x18, 0xc6, 0x31, 0xe3, 0x18, 0x24, 0x21, 0x24, 0x21,
    0x07, 0x4a, 0x4b, 0x7b, 0x4b, 0x7b, 0x48, 0x52, 0x45, 0x29, 0x45, 0x29, 0x24, 0x21, 0xa6, 0x31,
    0x25, 0x29, 0x04, 0x29, 0x0a, 0x73, 0x6b, 0x83, 0xea, 0x6a, 0x24, 0x29, 0xa6, 0x31, 0xa7, 0x31,
    0xa7, 0x39, 0xc7, 0x39, 0x04, 0x21, 0x68, 0x5a, 0x4b, 0x7b, 0x6b, 0x7b, 0x4b, 0x7b, 0x6b, 0x7b,
    0x4b, 0x7b, 0xe3, 0x20, 0x00, 0x00, 0x82, 0x10, 0x17, 0xc6, 0xff, 0xff, 0xdf, 0xff, 0xff, 0xff,
    0xff, 0xff, 0xff, 0xff, 0xff, 0xff, 0xff, 0xff, 0xff, 0xff, 0xff, 0xff, 0xff, 0xff, 0xff, 0xff,
    0xff, 0xff, 0xff, 0xff, 0xff, 0xff, 0xff, 0xff, 0xff, 0xff, 0xff, 0xff, 0xff, 0xff, 0xff, 0xff,
    0xff, 0xff, 0xff, 0xff, 0xff, 0xff, 0xff, 0xff, 0xff, 0xff, 0xff, 0xff, 0xff, 0xff, 0xff, 0xff,
    0xff, 0xff, 0xff, 0xff, 0xff, 0xff, 0xff, 0xff, 0xff, 0xff, 0xff, 0xff, 0xff, 0xff, 0xff, 0xff,
    0xff, 0xff, 0xff, 0xff, 0xff, 0xff, 0xff, 0xff, 0xff, 0xff, 0xff, 0xff, 0xff, 0xff, 0xff, 0xff,
    0xff, 0xff, 0xff, 0xff, 0xdf, 0xff, 0xff, 0xff, 0x1c, 0xe7, 0x45, 0x29, 0x00, 0x00, 0x00, 0x00,
    0x00, 0x00, 0x00, 0x00, 0x00, 0x00, 0x00, 0x00, 0x00, 0x00, 0x00, 0x00, 0x00, 0x00, 0x00, 0x00,
    0x00, 0x00, 0x00, 0x00, 0x00, 0x00, 0x00, 0x00, 0x00, 0x00, 0x00, 0x00, 0x00, 0x00, 0x00, 0x00,
    0x00, 0x00, 0x00, 0x00, 0x00, 0x00, 0x00, 0x00, 0x00, 0x00, 0x00, 0x00, 0x20, 0x00, 0x00, 0x00,
    0x00, 0x00, 0x00, 0x00, 0x00, 0x00, 0x00, 0x00, 0x00, 0x00, 0x00, 0x00, 0x00, 0x00, 0x00, 0x00,
    0x00, 0x00, 0x00, 0x00, 0x00, 0x00, 0x00, 0x00, 0x00, 0x00, 0x00, 0x00, 0x00, 0x00, 0x00, 0x00,
    0x65, 0x29, 0x38, 0xc6, 0x04, 0x21, 0x00, 0x00, 0xe3, 0x20, 0x2b, 0x73, 0x6c, 0x83, 0x6b, 0x7b,
    0x8c, 0x83, 0x6c, 0x83, 0x0a, 0x73, 0xc6, 0x41, 0x45, 0x29, 0x24, 0x21, 0x65, 0x29, 0xa6, 0x31,
    0x24, 0x21, 0x27, 0x4a, 0x4b, 0x7b, 0x6c, 0x83, 0x07, 0x4a, 0x24, 0x21, 0x45, 0x29, 0x45, 0x29,
    0x86, 0x31, 0xa3, 0x18, 0x85, 0x39, 0xea, 0x72, 0x6c, 0x83, 0xea, 0x6a, 0xe3, 0x20, 0x25, 0x21,
    0xa6, 0x31, 0xe3, 0x18, 0x86, 0x31, 0x04, 0x21, 0x47, 0x52, 0x6b, 0x7b, 0x4b, 0x7b, 0x4c, 0x7b,
    0x6c, 0x7b, 0x06, 0x52, 0x80, 0x20, 0x02, 0x39, 0x43, 0x41, 0x64, 0x41, 0xac, 0x83, 0x14, 0xd6,
    0x96, 0xe6, 0xb6, 0xee, 0xb6, 0xee, 0xb6, 0xee, 0xb6, 0xee, 0xb6, 0xee, 0xb6, 0xee, 0xb6, 0xee,
    0xb6, 0xee, 0xb6, 0xee, 0xb6, 0xee, 0xb6, 0xee, 0xb6, 0xee, 0xb6, 0xee, 0xb6, 0xee, 0xb6, 0xee,
    0xb6, 0xee, 0xb6, 0xee, 0xb6, 0xee, 0xb6, 0xee, 0xb6, 0xee, 0xb6, 0xee, 0xb6, 0xee, 0xb6, 0xee,
    0xb6, 0xee, 0xb6, 0xee, 0xb6, 0xee, 0xb6, 0xe6, 0x14, 0xd6, 0xcc, 0x83, 0xa4, 0x41, 0x43, 0x41,
    0x23, 0x39, 0x60, 0x18, 0xe6, 0x51, 0x4b, 0x7b, 0x6c, 0x7b, 0x6c, 0x83, 0x8c, 0x83, 0x4b, 0x7b,
    0x65, 0x31, 0x45, 0x21, 0xa6, 0x31, 0x65, 0x29, 0x65, 0x29, 0x03, 0x21, 0xe6, 0x41, 0x6c, 0x83,
    0x8c, 0x83, 0x07, 0x4a, 0x24, 0x21, 0x65, 0x29, 0x24, 0x21, 0x44, 0x21, 0xe4, 0x20, 0x45, 0x31,
    0x0b, 0x73, 0x8c, 0x83, 0x2b, 0x73, 0x24, 0x29, 0x04, 0x21, 0x45, 0x29, 0x45, 0x29, 0x24, 0x21,
    0xe3, 0x20, 0x48, 0x5a, 0x6c, 0x83, 0x6c, 0x83, 0x8c, 0x83, 0x6c, 0x83, 0xad, 0x83, 0x65, 0x31,
    0x00, 0x00, 0x00, 0x00, 0xf3, 0x9c, 0xff, 0xff, 0xdf, 0xff, 0xff, 0xff, 0xff, 0xff, 0xff, 0xff,
    0xff, 0xff, 0xff, 0xff, 0xff, 0xff, 0xff, 0xff, 0xff, 0xff, 0xff, 0xff, 0xff, 0xff, 0xff, 0xff,
    0xff, 0xff, 0xff, 0xff, 0xff, 0xff, 0xff, 0xff, 0xff, 0xff, 0xff, 0xff, 0xff, 0xff, 0xff, 0xff,
    0xff, 0xff, 0xff, 0xff, 0xff, 0xff, 0xff, 0xff, 0xff, 0xff, 0xff, 0xff, 0xff, 0xff, 0xff, 0xff,
    0xff, 0xff, 0xff, 0xff, 0xff, 0xff, 0xff, 0xff, 0xff, 0xff, 0xff, 0xff, 0xff, 0xff, 0xff, 0xff,
    0xff, 0xff, 0xff, 0xff, 0xff, 0xff, 0xff, 0xff, 0xff, 0xff, 0xff, 0xff, 0xff, 0xff, 0xff, 0xff,
    0xff, 0xff, 0xdf, 0xff, 0xff, 0xff, 0xae, 0x73, 0x00, 0x00, 0x00, 0x00, 0x00, 0x00, 0x00, 0x00,
    0x00, 0x00, 0x00, 0x00, 0x00, 0x00, 0x00, 0x00, 0x00, 0x00, 0x00, 0x00, 0x00, 0x00, 0x00, 0x00,
    0x00, 0x00, 0x00, 0x00, 0x00, 0x00, 0x00, 0x00, 0x00, 0x00, 0x00, 0x00, 0x00, 0x00, 0x00, 0x00,
    0x00, 0x00, 0x00, 0x00, 0x00, 0x00, 0x00, 0x00, 0x00, 0x00, 0x00, 0x00, 0x00, 0x00, 0x00, 0x00,
    0x00, 0x00, 0x00, 0x00, 0x00, 0x00, 0x00, 0x00, 0x00, 0x00, 0x00, 0x00, 0x00, 0x00, 0x00, 0x00,
    0x00, 0x00, 0x00, 0x00, 0x00, 0x00, 0x00, 0x00, 0x00, 0x00, 0x00, 0x00, 0x51, 0x8c, 0x96, 0xb5,
    0x00, 0x00, 0x00, 0x00, 0x44, 0x31, 0x6c, 0x7b, 0x8c, 0x83, 0x6b, 0x83, 0x8c, 0x83, 0x6c, 0x83,
    0x2b, 0x73, 0x65, 0x31, 0x24, 0x21, 0x45, 0x29, 0x45, 0x29, 0xa6, 0x31, 0xe3, 0x18, 0x07, 0x4a,
    0x4b, 0x7b, 0x8c, 0x83, 0x48, 0x52, 0xa2, 0x10, 0x04, 0x21, 0x65, 0x29, 0xa7, 0x31, 0x45, 0x29,
    0x64, 0x31, 0xea, 0x72, 0x8c, 0x83, 0xea, 0x6a, 0x24, 0x29, 0xe4, 0x20, 0x45, 0x29, 0x25, 0x29,
    0x45, 0x21, 0xc2, 0x18, 0x47, 0x52, 0xac, 0x83, 0x6c, 0x83, 0x6c, 0x7b, 0x8c, 0x83, 0x06, 0x52,
    0x80, 0x20, 0x02, 0x39, 0x43, 0x41, 0x84, 0x41, 0xcc, 0x8b, 0x14, 0xd6, 0xb6, 0xe6, 0xb6, 0xee,
    0xb6, 0xee, 0xb6, 0xee, 0xb6, 0xee, 0xb6, 0xee, 0xb6, 0xee, 0xb6, 0xee, 0xb6, 0xee, 0xb6, 0xee,
    0xb6, 0xee, 0xb6, 0xee, 0xb6, 0xee, 0xb6, 0xee, 0xb6, 0xee, 0xb6, 0xee, 0xb6, 0xee, 0xb6, 0xee,
    0xb6, 0xee, 0xb6, 0xee, 0xb6, 0xee, 0xb6, 0xee, 0xb6, 0xee, 0xb6, 0xee, 0xb6, 0xee, 0xb6, 0xee,
    0xb6, 0xee, 0xb6, 0xe6, 0x14, 0xd6, 0xcc, 0x83, 0xa4, 0x41, 0x22, 0x39, 0x22, 0x39, 0x60, 0x18,
    0xe7, 0x51, 0x4c, 0x7b, 0x6b, 0x7b, 0x6c, 0x7b, 0x6c, 0x83, 0x0b, 0x73, 0x65, 0x31, 0x45, 0x29,
    0x65, 0x29, 0x86, 0x31, 0xa6, 0x39, 0x45, 0x29, 0xe6, 0x41, 0x6c, 0x7b, 0x6b, 0x7b, 0x48, 0x52,
    0x04, 0x21, 0xc3, 0x18, 0x44, 0x21, 0x65, 0x29, 0x04, 0x21, 0x45, 0x31, 0xca, 0x6a, 0x8c, 0x83,
    0xca, 0x6a, 0x44, 0x29, 0x04, 0x21, 0x45, 0x21, 0x45, 0x29, 0x45, 0x29, 0x03, 0x21, 0x47, 0x52,
    0x4b, 0x7b, 0x6c, 0x83, 0x6c, 0x83, 0x6b, 0x7b, 0xcd, 0x8b, 0x27, 0x52, 0x20, 0x08, 0x00, 0x00,
    0x6d, 0x6b, 0xff, 0xff, 0xff, 0xff, 0xff, 0xff, 0xff, 0xff, 0xff, 0xff, 0xff, 0xff, 0xff, 0xff,
    0xff, 0xff, 0xff, 0xff, 0xff, 0xff, 0xff, 0xff, 0xff, 0xff, 0xff, 0xff, 0xff, 0xff, 0xff, 0xff,
    0xff, 0xff, 0xff, 0xff, 0xff, 0xff, 0xff, 0xff, 0xff, 0xff, 0xff, 0xff, 0xff, 0xff, 0xff, 0xff,
    0xff, 0xff, 0xff, 0xff, 0xff, 0xff, 0xff, 0xff, 0xff, 0xff, 0xff, 0xff, 0xff, 0xff, 0xff, 0xff,
    0xff, 0xff, 0xff, 0xff, 0xff, 0xff, 0xff, 0xff, 0xff, 0xff, 0xff, 0xff, 0xff, 0xff, 0xff, 0xff,
    0xff, 0xff, 0xff, 0xff, 0xff, 0xff, 0xff, 0xff, 0xff, 0xff, 0xff, 0xff, 0xff, 0xff, 0xff, 0xff,
    0xff, 0xff, 0x1c, 0xe7, 0xc3, 0x18, 0x00, 0x00, 0x00, 0x00, 0x00, 0x00, 0x00, 0x00, 0x00, 0x00,
    0x00, 0x00, 0x00, 0x00, 0x00, 0x00, 0x00, 0x00, 0x00, 0x00, 0x00, 0x00, 0x00, 0x00, 0x00, 0x00,
    0x00, 0x00, 0x00, 0x00, 0x00, 0x00, 0x00, 0x00, 0x00, 0x00, 0x00, 0x00, 0x00, 0x00, 0x00, 0x00,
    0x00, 0x00, 0x00, 0x00, 0x00, 0x00, 0x00, 0x00, 0x00, 0x00, 0x00, 0x00, 0x00, 0x00, 0x00, 0x00,
    0x00, 0x00, 0x00, 0x00, 0x00, 0x00, 0x00, 0x00, 0x00, 0x00, 0x00, 0x00, 0x00, 0x00, 0x00, 0x00,
    0x00, 0x00, 0x00, 0x00, 0x00, 0x00, 0x82, 0x10, 0xbe, 0xf7, 0xef, 0x7b, 0x00, 0x00, 0x20, 0x00,
    0xe6, 0x41, 0xac, 0x83, 0x4b, 0x7b, 0x4c, 0x83, 0x4b, 0x7b, 0x6c, 0x83, 0x0b, 0x73, 0x45, 0x31,
    0x45, 0x21, 0x04, 0x19, 0xe3, 0x20, 0x44, 0x21, 0x44, 0x21, 0x06, 0x4a, 0x4b, 0x7b, 0x6c, 0x83,
    0x48, 0x52, 0x65, 0x29, 0x65, 0x29, 0x86, 0x31, 0x66, 0x29, 0xc7, 0x31, 0x85, 0x31, 0xea, 0x6a,
    0x6c, 0x83, 0xca, 0x6a, 0x45, 0x29, 0x25, 0x29, 0xe4, 0x20, 0xe3, 0x18, 0x65, 0x29, 0x24, 0x29,
    0x48, 0x5a, 0x6c, 0x83, 0x4b, 0x7b, 0x6b, 0x7b, 0x6c, 0x7b, 0x06, 0x52, 0x80, 0x20, 0x22, 0x39,
    0x43, 0x41, 0x84, 0x41, 0xac, 0x8b, 0x14, 0xd6, 0x96, 0xe6, 0xb6, 0xee, 0xb6, 0xee, 0xb6, 0xee,
    0xb6, 0xee, 0xb6, 0xee, 0xb6, 0xee, 0xb6, 0xee, 0xb6, 0xee, 0xb6, 0xee, 0xb6, 0xee, 0xb6, 0xee,
    0xb6, 0xee, 0xb6, 0xee, 0xb6, 0xee, 0xb6, 0xee, 0xb6, 0xee, 0xb6, 0xee, 0xb6, 0xee, 0xb6, 0xee,
    0xb6, 0xee, 0xb6, 0xee, 0xb6, 0xee, 0xb6, 0xee, 0xb6, 0xee, 0xb6, 0xee, 0xb6, 0xee, 0xb6, 0xe6,
    0x14, 0xd6, 0xcc, 0x83, 0xa4, 0x41, 0x43, 0x41, 0x23, 0x39, 0x60, 0x18, 0xe7, 0x51, 0x4b, 0x7b,
    0x6b, 0x7b, 0x6c, 0x7b, 0x6c, 0x83, 0x2a, 0x7b, 0x65, 0x31, 0x25, 0x29, 0x65, 0x29, 0x45, 0x29,
    0x86, 0x31, 0x44, 0x29, 0x07, 0x4a, 0x4b, 0x83, 0x6b, 0x83, 0x27, 0x52, 0x44, 0x29, 0x24, 0x29,
    0x04, 0x21, 0x85, 0x29, 0x45, 0x29, 0x24, 0x31, 0x0a, 0x73, 0x6b, 0x83, 0x0a, 0x73, 0x24, 0x29,
    0x25, 0x29, 0x86, 0x31, 0xe3, 0x18, 0x24, 0x21, 0xa2, 0x10, 0x48, 0x52, 0x4b, 0x7b, 0x8c, 0x83,
    0x6b, 0x7b, 0x4b, 0x7b, 0xad, 0x83, 0x0b, 0x73, 0x41, 0x08, 0x00, 0x00, 0xc7, 0x31, 0x5c, 0xef,
    0xff, 0xff, 0xff, 0xff, 0xff, 0xff, 0xff, 0xff, 0xff, 0xff, 0xff, 0xff, 0xff, 0xff, 0xff, 0xff,
    0xff, 0xff, 0xff, 0xff, 0xff, 0xff, 0xff, 0xff, 0xff, 0xff, 0xff, 0xff, 0xff, 0xff, 0xff, 0xff,
    0xff, 0xff, 0xff, 0xff, 0xff, 0xff, 0xff, 0xff, 0xff, 0xff, 0xff, 0xff, 0xff, 0xff, 0xff, 0xff,
    0xff, 0xff, 0xff, 0xff, 0xff, 0xff, 0xff, 0xff, 0xff, 0xff, 0xff, 0xff, 0xff, 0xff, 0xff, 0xff,
    0xff, 0xff, 0xff, 0xff, 0xff, 0xff, 0xff, 0xff, 0xff, 0xff, 0xff, 0xff, 0xff, 0xff, 0xff, 0xff,
    0xff, 0xff, 0xff, 0xff, 0xff, 0xff, 0xff, 0xff, 0xff, 0xff, 0xff, 0xff, 0xff, 0xff, 0xff, 0xff,
    0x92, 0x94, 0x00, 0x00, 0x20, 0x00, 0x00, 0x00, 0x00, 0x00, 0x00, 0x00, 0x00, 0x00, 0x00, 0x00,
    0x00, 0x00, 0x00, 0x00, 0x00, 0x00, 0x00, 0x00, 0x00, 0x00, 0x00, 0x00, 0x00, 0x00, 0x00, 0x00,
    0x00, 0x00, 0x00, 0x00, 0x00, 0x00, 0x00, 0x00, 0x00, 0x00, 0x00, 0x00, 0x00, 0x00, 0x00, 0x00,
    0x00, 0x00, 0x00, 0x00, 0x00, 0x00, 0x00, 0x00, 0x00, 0x00, 0x00, 0x00, 0x00, 0x00, 0x00, 0x00,
    0x00, 0x00, 0x20, 0x00, 0x00, 0x00, 0x20, 0x00, 0x00, 0x00, 0x00, 0x00, 0x00, 0x00, 0x20, 0x00,
    0x00, 0x00, 0x92, 0x94, 0xff, 0xff, 0x08, 0x42, 0x00, 0x00, 0x41, 0x10, 0xc9, 0x62, 0xac, 0x83,
    0x4b, 0x83, 0x4c, 0x83, 0x6c, 0x83, 0x6b, 0x83, 0x2b, 0x73, 0x65, 0x31, 0x45, 0x29, 0x65, 0x29,
    0xe3, 0x20, 0x45, 0x29, 0x24, 0x21, 0x06, 0x4a, 0x6b, 0x83, 0x4c, 0x83, 0x28, 0x52, 0x45, 0x29,
    0x45, 0x29, 0x65, 0x29, 0x45, 0x29, 0x65, 0x29, 0x23, 0x31, 0xea, 0x72, 0x8c, 0x8b, 0xea, 0x6a,
    0x44, 0x31, 0x66, 0x31, 0x65, 0x29, 0x04, 0x21, 0x45, 0x29, 0x04, 0x29, 0x48, 0x5a, 0x6c, 0x83,
    0x4b, 0x83, 0x6c, 0x83, 0x8c, 0x83, 0x06, 0x52, 0x60, 0x18, 0x22, 0x39, 0x63, 0x41, 0x84, 0x49,
    0xac, 0x8b, 0x14, 0xd6, 0x96, 0xe6, 0xb6, 0xee, 0xb6, 0xee, 0xb6, 0xee, 0xb6, 0xee, 0xb6, 0xee,
    0xb6, 0xee, 0xb6, 0xee, 0xb6, 0xee, 0xb6, 0xee, 0xb6, 0xee, 0xb6, 0xee, 0xb6, 0xee, 0xb6, 0xee,
    0xb6, 0xee, 0xb6, 0xee, 0xb6, 0xee, 0xb6, 0xee, 0xb6, 0xee, 0xb6, 0xee, 0xb6, 0xee, 0xb6, 0xee,
    0xb6, 0xee, 0xb6, 0xee, 0xb6, 0xee, 0xb6, 0xee, 0xb6, 0xee, 0xb6, 0xe6, 0x14, 0xd6, 0xcc, 0x83,
    0xa4, 0x41, 0x22, 0x41, 0x22, 0x39, 0x60, 0x18, 0xe6, 0x49, 0x4b, 0x7b, 0x6b, 0x7b, 0x6c, 0x7b,
    0x6c, 0x83, 0x2a, 0x73, 0x65, 0x31, 0x04, 0x21, 0x25, 0x21, 0x24, 0x21, 0x65, 0x29, 0x24, 0x21,
    0x07, 0x4a, 0x4b, 0x83, 0x6c, 0x8b, 0x27, 0x52, 0x44, 0x29, 0xe4, 0x18, 0xe7, 0x39, 0x45, 0x21,
    0x45, 0x29, 0x86, 0x39, 0xc9, 0x6a, 0x6b, 0x83, 0xea, 0x6a, 0x64, 0x31, 0x45, 0x29, 0x45, 0x29,
    0x45, 0x29, 0x45, 0x21, 0x04, 0x21, 0x48, 0x5a, 0x6c, 0x83, 0x6c, 0x7b, 0x6c, 0x83, 0x6b, 0x83,
    0x6c, 0x7b, 0x8c, 0x83, 0xe2, 0x20, 0x00, 0x00, 0x21, 0x00, 0x79, 0xce, 0xff, 0xff, 0xff, 0xff,
    0xff, 0xff, 0xff, 0xff, 0xff, 0xff, 0xff, 0xff, 0xff, 0xff, 0xff, 0xff, 0xff, 0xff, 0xff, 0xff,
    0xff, 0xff, 0xff, 0xff, 0xff, 0xff, 0xff, 0xff, 0xff, 0xff, 0xff, 0xff, 0xff, 0xff, 0xff, 0xff,
    0xff, 0xff, 0xff, 0xff, 0xff, 0xff, 0xff, 0xff, 0xff, 0xff, 0xff, 0xff, 0xff, 0xff, 0xff, 0xff,
    0xff, 0xff, 0xff, 0xff, 0xff, 0xff, 0xff, 0xff, 0xff, 0xff, 0xff, 0xff, 0xff, 0xff, 0xff, 0xff,
    0xff, 0xff, 0xff, 0xff, 0xff, 0xff, 0xff, 0xff, 0xff, 0xff, 0xff, 0xff, 0xff, 0xff, 0xff, 0xff,
    0xff, 0xff, 0xff, 0xff, 0xff, 0xff, 0xff, 0xff, 0xff, 0xff, 0xdf, 0xff, 0xbe, 0xf7, 0x49, 0x4a,
    0x00, 0x00, 0x20, 0x00, 0x00, 0x00, 0x00, 0x00, 0x00, 0x00, 0x00, 0x00, 0x00, 0x00, 0x00, 0x00,
    0x00, 0x00, 0x00, 0x00, 0x00, 0x00, 0x00, 0x00, 0x00, 0x00, 0x00, 0x00, 0x00, 0x00, 0x00, 0x00,
    0x00, 0x00, 0x00, 0x00, 0x00, 0x00, 0x00, 0x00, 0x00, 0x00, 0x00, 0x00, 0x00, 0x00, 0x00, 0x00,
    0x00, 0x00, 0x00, 0x00, 0x00, 0x00, 0x00, 0x00, 0x00, 0x00, 0x00, 0x00, 0x00, 0x00, 0x00, 0x00,
    0x00, 0x00, 0x00, 0x00, 0x00, 0x00, 0x00, 0x00, 0x20, 0x00, 0x00, 0x00, 0x28, 0x42, 0xdf, 0xff,
    0xdb, 0xde, 0x82, 0x10, 0x00, 0x00, 0x61, 0x10, 0x4b, 0x73, 0x6b, 0x7b, 0x6c, 0x83, 0x6c, 0x83,
    0x6c, 0x83, 0x6c, 0x83, 0x2b, 0x73, 0x44, 0x31, 0x24, 0x21, 0xc7, 0x31, 0x45, 0x29, 0x66, 0x29,
    0xc3, 0x18, 0xe6, 0x41, 0x4b, 0x83, 0x6c, 0x83, 0x07, 0x52, 0x24, 0x29, 0x66, 0x29, 0x04, 0x21,
    0x45, 0x29, 0x24, 0x21, 0x85, 0x39, 0xe9, 0x72, 0x8c, 0x8b, 0xca, 0x6a, 0x65, 0x31, 0xe7, 0x39,
    0x24, 0x21, 0x45, 0x29, 0xa7, 0x31, 0xc3, 0x18, 0x48, 0x52, 0x6c, 0x83, 0x4b, 0x83, 0x4b, 0x83,
    0x6c, 0x83, 0x06, 0x52, 0x60, 0x18, 0x02, 0x39, 0x43, 0x41, 0x84, 0x41, 0xac, 0x8b, 0x14, 0xd6,
    0x96, 0xe6, 0xb6, 0xee, 0xb6, 0xee, 0xb6, 0xee, 0xb6, 0xee, 0xb6, 0xee, 0xb6, 0xee, 0xb6, 0xee,
    0xb6, 0xee, 0xb6, 0xee, 0xb6, 0xee, 0xb6, 0xee, 0xb6, 0xee, 0xb6, 0xee, 0xb6, 0xee, 0xb6, 0xee,
    0xb6, 0xee, 0xb6, 0xee, 0xb6, 0xee, 0xb6, 0xee, 0xb6, 0xee, 0xb6, 0xee, 0xb6, 0xee, 0xb6, 0xee,
    0xb6, 0xee, 0xb6, 0xee, 0xb6, 0xee, 0xb6, 0xe6, 0x14, 0xd6, 0xcc, 0x83, 0xa4, 0x41, 0x23, 0x41,
    0x22, 0x39, 0x80, 0x20, 0xe7, 0x51, 0x4c, 0x7b, 0x6b, 0x7b, 0x8c, 0x83, 0x8c, 0x83, 0x4b, 0x73,
    0x44, 0x29, 0xe4, 0x18, 0x45, 0x21, 0x04, 0x21, 0xc3, 0x18, 0x44, 0x21, 0x28, 0x4a, 0x4c, 0x7b,
    0x4c, 0x83, 0x28, 0x52, 0x03, 0x19, 0x65, 0x29, 0x04, 0x21, 0x24, 0x21, 0xe4, 0x20, 0x45, 0x31,
    0x2b, 0x73, 0x8c, 0x83, 0xea, 0x6a, 0x65, 0x31, 0x86, 0x31, 0x66, 0x29, 0xe7, 0x39, 0x25, 0x21,
    0x44, 0x29, 0x68, 0x5a, 0x6c, 0x7b, 0x6c, 0x83, 0x6c, 0x83, 0x6c, 0x83, 0x6b, 0x7b, 0xad, 0x83,
    0xc6, 0x41, 0x00, 0x00, 0x00, 0x00, 0x91, 0x94, 0xff, 0xff, 0xdf, 0xff, 0xff, 0xff, 0xff, 0xff,
    0xff, 0xff, 0xff, 0xff, 0xff, 0xff, 0xff, 0xff, 0xff, 0xff, 0xff, 0xff, 0xff, 0xff, 0xff, 0xff,
    0xff, 0xff, 0xff, 0xff, 0xff, 0xff, 0xff, 0xff, 0xff, 0xff, 0xff, 0xff, 0xff, 0xff, 0xff, 0xff,
    0xff, 0xff, 0xff, 0xff, 0xff, 0xff, 0xff, 0xff, 0xff, 0xff, 0xff, 0xff, 0xff, 0xff, 0xff, 0xff,
    0xff, 0xff, 0xff, 0xff, 0xff, 0xff, 0xff, 0xff, 0xff, 0xff, 0xff, 0xff, 0xff, 0xff, 0xff, 0xff,
    0xff, 0xff, 0xff, 0xff, 0xff, 0xff, 0xff, 0xff, 0xff, 0xff, 0xff, 0xff, 0xff, 0xff, 0xff, 0xff,
    0xff, 0xff, 0xff, 0xff, 0xff, 0xff, 0xdf, 0xff, 0xff, 0xff, 0xba, 0xd6, 0xa2, 0x10, 0x00, 0x00,
    0x20, 0x00, 0x00, 0x00, 0x00, 0x00, 0x00, 0x00, 0x00, 0x00, 0x00, 0x00, 0x00, 0x00, 0x00, 0x00,
    0x00, 0x00, 0x00, 0x00, 0x00, 0x00, 0x00, 0x00, 0x00, 0x00, 0x00, 0x00, 0x00, 0x00, 0x00, 0x00,
    0x00, 0x00, 0x00, 0x00, 0x00, 0x00, 0x00, 0x00, 0x00, 0x00, 0x00, 0x00, 0x00, 0x00, 0x00, 0x00,
    0x00, 0x00, 0x00, 0x00, 0x00, 0x00, 0x00, 0x00, 0x00, 0x00, 0x00, 0x00, 0x20, 0x00, 0x00, 0x00,
    0x00, 0x00, 0x20, 0x00, 0x00, 0x00, 0xc2, 0x10, 0x9a, 0xd6, 0xff, 0xff, 0xb2, 0x94, 0x00, 0x00,
    0x00, 0x00, 0x44, 0x31, 0xad, 0x83, 0x4b, 0x7b, 0x8c, 0x83, 0x8c, 0x83, 0x6c, 0x83, 0x4c, 0x7b,
    0x0b, 0x73, 0x85, 0x31, 0x65, 0x29, 0x04, 0x21, 0xe4, 0x18, 0x45, 0x29, 0xa2, 0x10, 0x27, 0x4a,
    0x6b, 0x7b, 0x6c, 0x83, 0x27, 0x52, 0xe3, 0x18, 0xe4, 0x18, 0x04, 0x21, 0x45, 0x29, 0xc3, 0x18,
    0x65, 0x31, 0xca, 0x6a, 0x6c, 0x7b, 0xea, 0x6a, 0x04, 0x21, 0xc3, 0x18, 0x04, 0x21, 0x45, 0x29,
    0x24, 0x21, 0xc2, 0x18, 0x68, 0x52, 0x8c, 0x83, 0x4b, 0x7b, 0x8c, 0x83, 0x8c, 0x83, 0x06, 0x52,
    0x81, 0x20, 0x23, 0x39, 0x43, 0x41, 0x84, 0x41, 0xac, 0x8b, 0x14, 0xd6, 0xb6, 0xe6, 0xb6, 0xee,
    0xb6, 0xee, 0xb6, 0xee, 0xb6, 0xee, 0xb6, 0xee, 0xb6, 0xee, 0xb6, 0xee, 0xb6, 0xee, 0xb6, 0xee,
    0xb6, 0xee, 0xb6, 0xee, 0xb6, 0xee, 0xb6, 0xee, 0xb6, 0xee, 0xb6, 0xee, 0xb6, 0xee, 0xb6, 0xee,
    0xb6, 0xee, 0xb6, 0xee, 0xb6, 0xee, 0xb6, 0xee, 0xb6, 0xee, 0xb6, 0xee, 0xb6, 0xee, 0xb6, 0xee,
    0xb6, 0xee, 0xb6, 0xe6, 0x14, 0xd6, 0xcc, 0x83, 0xa4, 0x41, 0x43, 0x41, 0x23, 0x39, 0x60, 0x18,
    0xe6, 0x49, 0x4b, 0x7b, 0x6b, 0x7b, 0x6c, 0x83, 0x6c, 0x83, 0x4b, 0x7b, 0x28, 0x4a, 0xe7, 0x41,
    0xe7, 0x41, 0x07, 0x4a, 0x28, 0x4a, 0xe7, 0x41, 0x68, 0x5a, 0x6c, 0x7b, 0x4b, 0x7b, 0xa9, 0x62,
    0xc6, 0x41, 0xa6, 0x39, 0xe7, 0x41, 0x28, 0x4a, 0xc7, 0x39, 0xe7, 0x41, 0x2b, 0x73, 0x6b, 0x7b,
    0x2b, 0x73, 0x07, 0x4a, 0x48, 0x4a, 0x28, 0x42, 0xe7, 0x41, 0xc7, 0x41, 0xe6, 0x41, 0xa9, 0x62,
    0x4b, 0x7b, 0x8c, 0x83, 0x4b, 0x7b, 0x6b, 0x83, 0x4b, 0x7b, 0x8c, 0x83, 0xca, 0x62, 0x20, 0x08,
    0x00, 0x00, 0xe7, 0x39, 0xdf, 0xff, 0xff, 0xff, 0xff, 0xff, 0xff, 0xff, 0xff, 0xff, 0xff, 0xff,
    0xff, 0xff, 0xff, 0xff, 0xff, 0xff, 0xff, 0xff, 0xff, 0xff, 0xff, 0xff, 0xff, 0xff, 0xff, 0xff,
    0xff, 0xff, 0xff, 0xff, 0xff, 0xff, 0xff, 0xff, 0xff, 0xff, 0xff, 0xff, 0xff, 0xff, 0xff, 0xff,
    0xff, 0xff, 0xff, 0xff, 0xff, 0xff, 0xff, 0xff, 0xff, 0xff, 0xff, 0xff, 0xff, 0xff, 0xff, 0xff,
    0xff, 0xff, 0xff, 0xff, 0xff, 0xff, 0xff, 0xff, 0xff, 0xff, 0xff, 0xff, 0xff, 0xff, 0xff, 0xff,
    0xff, 0xff, 0xff, 0xff, 0xff, 0xff, 0xff, 0xff, 0xff, 0xff, 0xff, 0xff, 0xff, 0xff, 0xff, 0xff,
    0xff, 0xff, 0xff, 0xff, 0xdf, 0xff, 0xff, 0xff, 0x96, 0xb5, 0x00, 0x00, 0x00, 0x00, 0x20, 0x00,
    0x20, 0x00, 0x00, 0x00, 0x00, 0x00, 0x00, 0x00, 0x00, 0x00, 0x00, 0x00, 0x00, 0x00, 0x00, 0x00,
    0x00, 0x00, 0x00, 0x00, 0x00, 0x00, 0x00, 0x00, 0x00, 0x00, 0x00, 0x00, 0x00, 0x00, 0x00, 0x00,
    0x00, 0x00, 0x00, 0x00, 0x00, 0x00, 0x00, 0x00, 0x00, 0x00, 0x00, 0x00, 0x00, 0x00, 0x00, 0x00,
    0x00, 0x00, 0x00, 0x00, 0x00, 0x00, 0x00, 0x00, 0x00, 0x00, 0x00, 0x00, 0x00, 0x00, 0x20, 0x00,
    0x00, 0x00, 0xb6, 0xb5, 0xff, 0xff, 0xff, 0xff, 0x69, 0x4a, 0x00, 0x00, 0x00, 0x00, 0x68, 0x5a,
    0xac, 0x83, 0x2a, 0x7b, 0x6c, 0x83, 0x6c, 0x83, 0x6c, 0x83, 0x4b, 0x7b, 0x4b, 0x73, 0xe6, 0x41,
    0xa6, 0x39, 0x28, 0x4a, 0xa6, 0x39, 0xe7, 0x41, 0xe7, 0x41, 0xa9, 0x5a, 0x4b, 0x7b, 0x6b, 0x83,
    0xa9, 0x62, 0xc6, 0x39, 0x07, 0x42, 0xe7, 0x41, 0xa6, 0x39, 0xa6, 0x39, 0xc6, 0x41, 0x0a, 0x73,
    0x8c, 0x83, 0x0a, 0x6b, 0x85, 0x31, 0xe6, 0x39, 0xc7, 0x39, 0xa6, 0x39, 0xe7, 0x39, 0x85, 0x31,
    0xa9, 0x62, 0x8c, 0x83, 0x6c, 0x83, 0x6c, 0x83, 0x6c, 0x7b, 0x06, 0x52, 0x81, 0x20, 0x22, 0x39,
    0x43, 0x41, 0x84, 0x41, 0xac, 0x83, 0x14, 0xd6, 0xb6, 0xe6, 0xb6, 0xee, 0xb6, 0xee, 0xb6, 0xee,
    0xb6, 0xee, 0xb6, 0xee, 0xb6, 0xee, 0xb6, 0xee, 0xb6, 0xee, 0xb6, 0xee, 0xb6, 0xee, 0xb6, 0xee,
    0xb6, 0xee, 0xb6, 0xee, 0xb6, 0xee, 0xb6, 0xee, 0xb6, 0xee, 0xb6, 0xee, 0xb6, 0xee, 0xb6, 0xee,
    0xb6, 0xee, 0xb6, 0xee, 0xb6, 0xee, 0xb6, 0xee, 0xb6, 0xee, 0xb6, 0xee, 0xb6, 0xee, 0xb6, 0xe6,
    0x14, 0xd6, 0xcc, 0x83, 0xa4, 0x41, 0x22, 0x41, 0x22, 0x39, 0x60, 0x18, 0xe7, 0x51, 0x4c, 0x7b,
    0x6b, 0x7b, 0x8c, 0x83, 0x6c, 0x83, 0x6b, 0x83, 0x6c, 0x7b, 0x8d, 0x7b, 0x8c, 0x83, 0xad, 0x8b,
    0xad, 0x83, 0x8d, 0x83, 0x4b, 0x7b, 0x6b, 0x7b, 0x4b, 0x7b, 0x6c, 0x83, 0x8d, 0x83, 0x6c, 0x7b,
    0x8d, 0x83, 0x6c, 0x7b, 0xad, 0x83, 0x6c, 0x7b, 0x6c, 0x83, 0x6b, 0x83, 0x6c, 0x83, 0x8c, 0x83,
    0x6c, 0x7b, 0xad, 0x83, 0x8d, 0x7b, 0xad, 0x83, 0x4c, 0x73, 0x4b, 0x7b, 0x6b, 0x83, 0x6b, 0x7b,
    0x4c, 0x7b, 0x6b, 0x83, 0x6b, 0x7b, 0x4b, 0x7b, 0x8d, 0x83, 0xc3, 0x18, 0x00, 0x00, 0x20, 0x08,
    0x9a, 0xce, 0xff, 0xff, 0xdf, 0xff, 0xff, 0xff, 0xff, 0xff, 0xff, 0xff, 0xff, 0xff, 0xff, 0xff,
    0xff, 0xff, 0xff, 0xff, 0xff, 0xff, 0xff, 0xff, 0xff, 0xff, 0xff, 0xff, 0xff, 0xff, 0xff, 0xff,
    0xff, 0xff, 0xff, 0xff, 0xff, 0xff, 0xff, 0xff, 0xff, 0xff, 0xff, 0xff, 0xff, 0xff, 0xff, 0xff,
    0xff, 0xff, 0xff, 0xff, 0xff, 0xff, 0xff, 0xff, 0xff, 0xff, 0xff, 0xff, 0xff, 0xff, 0xff, 0xff,
    0xff, 0xff, 0xff, 0xff, 0xff, 0xff, 0xff, 0xff, 0xff, 0xff, 0xff, 0xff, 0xff, 0xff, 0xff, 0xff,
    0xff, 0xff, 0xff, 0xff, 0xff, 0xff, 0xff, 0xff, 0xff, 0xff, 0xff, 0xff, 0xff, 0xff, 0xff, 0xff,
    0xff, 0xff, 0xdf, 0xff, 0xff, 0xff, 0xd3, 0x9c, 0x00, 0x00, 0x00, 0x00, 0x20, 0x00, 0x00, 0x00,
    0x00, 0x00, 0x00, 0x00, 0x00, 0x00, 0x00, 0x00, 0x00, 0x00, 0x00, 0x00, 0x00, 0x00, 0x00, 0x00,
    0x00, 0x00, 0x00, 0x00, 0x00, 0x00, 0x00, 0x00, 0x00, 0x00, 0x00, 0x00, 0x00, 0x00, 0x00, 0x00,
    0x00, 0x00, 0x00, 0x00, 0x00, 0x00, 0x00, 0x00, 0x00, 0x00, 0x00, 0x00, 0x00, 0x00, 0x00, 0x00,
    0x00, 0x00, 0x00, 0x00, 0x00, 0x00, 0x20, 0x00, 0x00, 0x00, 0x00, 0x00, 0xd3, 0x9c, 0xff, 0xff,
    0xdf, 0xff, 0xfb, 0xde, 0x61, 0x08, 0x00, 0x00, 0x62, 0x10, 0x2b, 0x73, 0x6b, 0x83, 0x6b, 0x7b,
    0x6c, 0x83, 0x4c, 0x7b, 0x6b, 0x7b, 0x6b, 0x83, 0x4b, 0x7b, 0x4b, 0x7b, 0x4b, 0x73, 0x6c, 0x7b,
    0x4c, 0x7b, 0x8d, 0x7b, 0x8d, 0x7b, 0x6c, 0x7b, 0x6b, 0x83, 0x4b, 0x83, 0x6c, 0x7b, 0x8c, 0x7b,
    0x8d, 0x83, 0x8c, 0x83, 0x8d, 0x7b, 0x8d, 0x7b, 0x6c, 0x7b, 0x4b, 0x83, 0x4b, 0x83, 0x4b, 0x7b,
    0x4b, 0x73, 0xad, 0x83, 0x8d, 0x7b, 0x8d, 0x83, 0xad, 0x7b, 0x6c, 0x7b, 0x4b, 0x7b, 0x4b, 0x83,
    0x6c, 0x83, 0x4c, 0x83, 0x6c, 0x83, 0x07, 0x52, 0x60, 0x18, 0x22, 0x39, 0x43, 0x41, 0x84, 0x41,
    0xac, 0x8b, 0x14, 0xd6, 0x96, 0xe6, 0xb6, 0xee, 0xb6, 0xee, 0xb6, 0xee, 0xb6, 0xee, 0xb6, 0xee,
    0xb6, 0xee, 0xb6, 0xee, 0xb6, 0xee, 0xb6, 0xee, 0xb6, 0xee, 0xb6, 0xee, 0xb6, 0xee, 0xb6, 0xee,
    0xb6, 0xee, 0xb6, 0xee, 0xb6, 0xee, 0xb6, 0xee, 0xb6, 0xee, 0xb6, 0xee, 0xb6, 0xee, 0xb6, 0xee,
    0xb6, 0xee, 0xb6, 0xee, 0xb6, 0xee, 0xb6, 0xee, 0xb6, 0xee, 0xb6, 0xe6, 0x14, 0xd6, 0xcc, 0x83,
    0xa4, 0x41, 0x43, 0x41, 0x23, 0x39, 0x60, 0x18, 0x06, 0x52, 0x4c, 0x7b, 0x6c, 0x83, 0x6c, 0x83,
    0x6c, 0x7b, 0x6c, 0x83, 0x6c, 0x7b, 0x8c, 0x83, 0x6c, 0x83, 0x6c, 0x83, 0x6c, 0x7b, 0x8c, 0x83,
    0x6b, 0x7b, 0x8c, 0x83, 0x8c, 0x83, 0x6c, 0x83, 0x6c, 0x83, 0x6b, 0x7b, 0x6c, 0x83, 0x4b, 0x7b,
    0x6c, 0x83, 0x8c, 0x83, 0x6c, 0x83, 0x6b, 0x7b, 0x6b, 0x7b, 0x6b, 0x7b, 0x6c, 0x83, 0x8c, 0x83,
    0x8c, 0x83, 0x8c, 0x83, 0x6b, 0x7b, 0x8c, 0x83, 0x8c, 0x83, 0x8c, 0x83, 0x6b, 0x7b, 0x6c, 0x83,
    0x6b, 0x7b, 0x6b, 0x7b, 0xce, 0x83, 0xc6, 0x41, 0x00, 0x00, 0x00, 0x00, 0xae, 0x73, 0xff, 0xff,
    0xdf, 0xff, 0xff, 0xff, 0xff, 0xff, 0xff, 0xff, 0xff, 0xff, 0xff, 0xff, 0xff, 0xff, 0xff, 0xff,
    0xff, 0xff, 0xff, 0xff, 0xff, 0xff, 0xff, 0xff, 0xff, 0xff, 0xff, 0xff, 0xff, 0xff, 0xff, 0xff,
    0xff, 0xff, 0xff, 0xff, 0xff, 0xff, 0xff, 0xff, 0xff, 0xff, 0xff, 0xff, 0xff, 0xff, 0xff, 0xff,
    0xff, 0xff, 0xff, 0xff, 0xff, 0xff, 0xff, 0xff, 0xff, 0xff, 0xff, 0xff, 0xff, 0xff, 0xff, 0xff,
    0xff, 0xff, 0xff, 0xff, 0xff, 0xff, 0xff, 0xff, 0xff, 0xff, 0xff, 0xff, 0xff, 0xff, 0xff, 0xff,
    0xff, 0xff, 0xff, 0xff, 0xff, 0xff, 0xff, 0xff, 0xff, 0xff, 0xff, 0xff, 0xff, 0xff, 0xff, 0xff,
    0xdf, 0xff, 0xff, 0xff, 0xb2, 0x94, 0x41, 0x08, 0x00, 0x00, 0x20, 0x00, 0x00, 0x00, 0x00, 0x00,
    0x00, 0x00, 0x00, 0x00, 0x00, 0x00, 0x00, 0x00, 0x00, 0x00, 0x00, 0x00, 0x00, 0x00, 0x00, 0x00,
    0x00, 0x00, 0x00, 0x00, 0x00, 0x00, 0x00, 0x00, 0x00, 0x00, 0x00, 0x00, 0x00, 0x00, 0x00, 0x00,
    0x00, 0x00, 0x00, 0x00, 0x00, 0x00, 0x00, 0x00, 0x00, 0x00, 0x00, 0x00, 0x20, 0x00, 0x00, 0x00,
    0x00, 0x00, 0x00, 0x00, 0x20, 0x00, 0xd3, 0x9c, 0xff, 0xff, 0xbe, 0xf7, 0xff, 0xff, 0x31, 0x84,
    0x00, 0x00, 0x00, 0x00, 0x65, 0x39, 0xad, 0x83, 0x8c, 0x83, 0x6c, 0x83, 0x8c, 0x83, 0x6b, 0x7b,
    0x6c, 0x83, 0x6c, 0x83, 0x8c, 0x83, 0x6c, 0x83, 0x6c, 0x83, 0x6c, 0x83, 0x6b, 0x7b, 0x6c, 0x83,
    0x6b, 0x7b, 0x8c, 0x83, 0x6c, 0x83, 0x6b, 0x7b, 0x6b, 0x7b, 0x6c, 0x83, 0x6c, 0x83, 0x6c, 0x83,
    0x8c, 0x83, 0x6c, 0x7b, 0x6c, 0x83, 0x6c, 0x7b, 0x8c, 0x83, 0x6c, 0x83, 0x6c, 0x83, 0x6b, 0x7b,
    0x6b, 0x7b, 0x6c, 0x83, 0x6c, 0x7b, 0x8c, 0x83, 0x6c, 0x83, 0x6c, 0x7b, 0x4b, 0x7b, 0x6c, 0x83,
    0x6c, 0x83, 0x06, 0x52, 0x80, 0x20, 0x02, 0x39, 0x43, 0x41, 0x64, 0x41, 0xac, 0x83, 0x14, 0xd6,
    0x96, 0xe6, 0xb6, 0xee, 0xb6, 0xee, 0xb6, 0xee, 0xb6, 0xee, 0xb6, 0xee, 0xb6, 0xee, 0xb6, 0xee,
    0xb6, 0xee, 0xb6, 0xee, 0xb6, 0xee, 0xb6, 0xee, 0xb6, 0xee, 0xb6, 0xee, 0xb6, 0xee, 0xb6, 0xee,
    0xb6, 0xee, 0xb6, 0xee, 0xb6, 0xee, 0xb6, 0xee, 0xb6, 0xee, 0xb6, 0xee, 0xb6, 0xee, 0xb6, 0xee,
    0xb6, 0xee, 0xb6, 0xee, 0xb6, 0xee, 0xb6, 0xe6, 0x14, 0xd6, 0xcc, 0x83, 0xa4, 0x41, 0x22, 0x41,
    0x23, 0x39, 0x60, 0x18, 0xe6, 0x49, 0x4b, 0x7b, 0x6b, 0x7b, 0x6c, 0x83, 0x6c, 0x7b, 0x4b, 0x7b,
    0x4b, 0x7b, 0x4b, 0x7b, 0x4b, 0x7b, 0x6c, 0x7b, 0x6c, 0x7b, 0x6b, 0x7b, 0x4b, 0x7b, 0x4b, 0x7b,
    0x6b, 0x7b, 0x6b, 0x7b, 0x6c, 0x83, 0x4b, 0x7b, 0x6c, 0x7b, 0x4b, 0x7b, 0x6b, 0x7b, 0x6b, 0x7b,
    0x4b, 0x7b, 0x6b, 0x7b, 0x4b, 0x7b, 0x6b, 0x7b, 0x4b, 0x7b, 0x4b, 0x7b, 0x6b, 0x7b, 0x4b, 0x7b,
    0x4b, 0x7b, 0x6b, 0x7b, 0x4b, 0x7b, 0x6c, 0x83, 0x6b, 0x7b, 0x6b, 0x7b, 0x6c, 0x7b, 0x6b, 0x7b,
    0x6c, 0x7b, 0x2b, 0x73, 0x40, 0x08, 0x00, 0x00, 0x45, 0x29, 0x7d, 0xef, 0xff, 0xff, 0xff, 0xff,
    0xff, 0xff, 0xff, 0xff, 0xff, 0xff, 0xff, 0xff, 0xff, 0xff, 0xff, 0xff, 0xff, 0xff, 0xff, 0xff,
    0xff, 0xff, 0xff, 0xff, 0xff, 0xff, 0xff, 0xff, 0xff, 0xff, 0xff, 0xff, 0xff, 0xff, 0xff, 0xff,
    0xff, 0xff, 0xff, 0xff, 0xff, 0xff, 0xff, 0xff, 0xff, 0xff, 0xff, 0xff, 0xff, 0xff, 0xff, 0xff,
    0xff, 0xff, 0xff, 0xff, 0xff, 0xff, 0xff, 0xff, 0xff, 0xff, 0xff, 0xff, 0xff, 0xff, 0xff, 0xff,
    0xff, 0xff, 0xff, 0xff, 0xff, 0xff, 0xff, 0xff, 0xff, 0xff, 0xff, 0xff, 0xff, 0xff, 0xff, 0xff,
    0xff, 0xff, 0xff, 0xff, 0xff, 0xff, 0xff, 0xff, 0xff, 0xff, 0xff, 0xff, 0xdf, 0xff, 0xbe, 0xf7,
    0xff, 0xff, 0x96, 0xb5, 0xc3, 0x18, 0x00, 0x00, 0x20, 0x00, 0x00, 0x00, 0x00, 0x00, 0x00, 0x00,
    0x00, 0x00, 0x00, 0x00, 0x00, 0x00, 0x00, 0x00, 0x00, 0x00, 0x00, 0x00, 0x00, 0x00, 0x00, 0x00,
    0x00, 0x00, 0x00, 0x00, 0x00, 0x00, 0x00, 0x00, 0x00, 0x00, 0x00, 0x00, 0x00, 0x00, 0x00, 0x00,
    0x00, 0x00, 0x00, 0x00, 0x00, 0x00, 0x20, 0x00, 0x00, 0x00, 0x20, 0x00, 0x00, 0x00, 0xc3, 0x18,
    0x75, 0xad, 0xff, 0xff, 0xbe, 0xf7, 0xff, 0xff, 0xbe, 0xf7, 0x86, 0x31, 0x00, 0x00, 0x00, 0x00,
    0x89, 0x62, 0x8c, 0x83, 0x4b, 0x7b, 0x4b, 0x7b, 0x6c, 0x83, 0x4b, 0x7b, 0x4b, 0x7b, 0x6b, 0x7b,
    0x6b, 0x7b, 0x6b, 0x7b, 0x6b, 0x7b, 0x6b, 0x7b, 0x4b, 0x7b, 0x6b, 0x7b, 0x4b, 0x7b, 0x6c, 0x83,
    0x4b, 0x7b, 0x6b, 0x7b, 0x6b, 0x7b, 0x4b, 0x7b, 0x6c, 0x7b, 0x4b, 0x7b, 0x4b, 0x7b, 0x6c, 0x83,
    0x4b, 0x7b, 0x4b, 0x7b, 0x6b, 0x7b, 0x6b, 0x7b, 0x6b, 0x7b, 0x6b, 0x7b, 0x4b, 0x7b, 0x6b, 0x7b,
    0x4b, 0x7b, 0x6c, 0x83, 0x6c, 0x7b, 0x4b, 0x7b, 0x4b, 0x7b, 0x6c, 0x7b, 0x6c, 0x7b, 0x06, 0x52,
    0x80, 0x20, 0x02, 0x39, 0x43, 0x41, 0x84, 0x41, 0xac, 0x83, 0x14, 0xd6, 0x96, 0xe6, 0xb6, 0xee,
    0xb6, 0xee, 0xb6, 0xee, 0xb6, 0xee, 0xb6, 0xee, 0xb6, 0xee, 0xb6, 0xee, 0xb6, 0xee, 0xb6, 0xee,
    0xb6, 0xee, 0xb6, 0xee, 0xb6, 0xee, 0xb6, 0xee, 0xb6, 0xee, 0xb6, 0xee, 0xb6, 0xee, 0xb6, 0xee,
    0xb6, 0xee, 0xb6, 0xee, 0xb6, 0xee, 0xb6, 0xee, 0xb6, 0xee, 0xb6, 0xee, 0xb6, 0xee, 0xb6, 0xee,
    0xb6, 0xee, 0xb6, 0xe6, 0x14, 0xd6, 0xcc, 0x83, 0xa4, 0x41, 0x43, 0x41, 0x23, 0x39, 0x60, 0x18,
    0x06, 0x52, 0x4b, 0x7b, 0x6c, 0x7b, 0x8c, 0x83, 0x6c, 0x83, 0x6c, 0x7b, 0x4b, 0x7b, 0x6c, 0x83,
    0x6c, 0x7b, 0x6c, 0x83, 0x6c, 0x83, 0x6c, 0x83, 0x4b, 0x7b, 0x6b, 0x7b, 0x6b, 0x7b, 0x6c, 0x83,
    0x6c, 0x83, 0x6b, 0x7b, 0x6c, 0x83, 0x6b, 0x7b, 0x6c, 0x83, 0x8c, 0x83, 0x8c, 0x83, 0x4b, 0x7b,
    0x6b, 0x7b, 0x4b, 0x7b, 0x6b, 0x7b, 0x8c, 0x83, 0x6b, 0x7b, 0x8c, 0x83, 0x4b, 0x7b, 0x6b, 0x7b,
    0x4b, 0x7b, 0x6c, 0x83, 0x6b, 0x7b, 0x6c, 0x83, 0x4c, 0x83, 0x6b, 0x7b, 0x8b, 0x83, 0xad, 0x83,
    0x65, 0x31, 0x00, 0x00, 0x00, 0x00, 0xb2, 0x9c, 0xff, 0xff, 0xde, 0xf7, 0xff, 0xff, 0xff, 0xff,
    0xff, 0xff, 0xff, 0xff, 0xff, 0xff, 0xff, 0xff, 0xff, 0xff, 0xff, 0xff, 0xff, 0xff, 0xff, 0xff,
    0xff, 0xff, 0xff, 0xff, 0xff, 0xff, 0xff, 0xff, 0xff, 0xff, 0xff, 0xff, 0xff, 0xff, 0xff, 0xff,
    0xff, 0xff, 0xff, 0xff, 0xff, 0xff, 0xff, 0xff, 0xff, 0xff, 0xff, 0xff, 0xff, 0xff, 0xff, 0xff,
    0xff, 0xff, 0xff, 0xff, 0xff, 0xff, 0xff, 0xff, 0xff, 0xff, 0xff, 0xff, 0xff, 0xff, 0xff, 0xff,
    0xff, 0xff, 0xff, 0xff, 0xff, 0xff, 0xff, 0xff, 0xff, 0xff, 0xff, 0xff, 0xff, 0xff, 0xff, 0xff,
    0xff, 0xff, 0xff, 0xff, 0xff, 0xff, 0xff, 0xff, 0xff, 0xff, 0xff, 0xff, 0xdf, 0xf7, 0xff, 0xff,
    0x9a, 0xd6, 0x28, 0x42, 0x00, 0x00, 0x00, 0x00, 0x00, 0x00, 0x20, 0x00, 0x00, 0x00, 0x00, 0x00,
    0x00, 0x00, 0x00, 0x00, 0x00, 0x00, 0x00, 0x00, 0x00, 0x00, 0x00, 0x00, 0x00, 0x00, 0x00, 0x00,
    0x00, 0x00, 0x00, 0x00, 0x00, 0x00, 0x00, 0x00, 0x00, 0x00, 0x00, 0x00, 0x00, 0x00, 0x00, 0x00,
    0x00, 0x00, 0x00, 0x00, 0x00, 0x00, 0x00, 0x00, 0x08, 0x42, 0x9a, 0xd6, 0xff, 0xff, 0xdf, 0xff,
    0xdf, 0xff, 0xff, 0xff, 0x55, 0xad, 0x20, 0x00, 0x00, 0x00, 0xc2, 0x20, 0x4c, 0x7b, 0x6c, 0x7b,
    0x6b, 0x7b, 0x6b, 0x7b, 0x8c, 0x83, 0x4b, 0x7b, 0x6c, 0x83, 0x4b, 0x7b, 0x4b, 0x7b, 0x6b, 0x7b,
    0x6b, 0x7b, 0x6c, 0x83, 0x6b, 0x7b, 0x6c, 0x83, 0x6b, 0x7b, 0x8c, 0x83, 0x6b, 0x7b, 0x6c, 0x83,
    0x6b, 0x7b, 0x6c, 0x83, 0x6c, 0x7b, 0x6c, 0x7b, 0x8c, 0x83, 0x4b, 0x7b, 0x8c, 0x83, 0x4b, 0x7b,
    0x6b, 0x7b, 0x6b, 0x7b, 0x6c, 0x83, 0x6c, 0x83, 0x6c, 0x83, 0x6c, 0x83, 0x6c, 0x7b, 0x8c, 0x83,
    0x6c, 0x83, 0x6c, 0x7b, 0x4b, 0x7b, 0x6c, 0x7b, 0x6c, 0x7b, 0x06, 0x52, 0x80, 0x20, 0x02, 0x39,
    0x43, 0x41, 0x84, 0x41, 0xac, 0x8b, 0x14, 0xd6, 0xb6, 0xe6, 0xb6, 0xee, 0xb6, 0xee, 0xb6, 0xee,
    0xb6, 0xee, 0xb6, 0xee, 0xb6, 0xee, 0xb6, 0xee, 0xb6, 0xee, 0xb6, 0xee, 0xb6, 0xee, 0xb6, 0xee,
    0xb6, 0xee, 0xb6, 0xee, 0xb6, 0xee, 0xb6, 0xee, 0xb6, 0xee, 0xb6, 0xee, 0xb6, 0xee, 0xb6, 0xee,
    0xb6, 0xee, 0xb6, 0xee, 0xb6, 0xee, 0xb6, 0xee, 0xb6, 0xee, 0xb6, 0xee, 0xb6, 0xee, 0xb6, 0xe6,
    0x14, 0xd6, 0xcc, 0x83, 0x84, 0x41, 0x22, 0x41, 0x22, 0x39, 0x60, 0x18, 0xe6, 0x51, 0x4b, 0x7b,
    0x6c, 0x7b, 0x6c, 0x83, 0x6c, 0x83, 0x6c, 0x7b, 0x4b, 0x7b, 0x6c, 0x83, 0x6c, 0x7b, 0x6c, 0x83,
    0x6c, 0x7b, 0x8c, 0x83, 0x6b, 0x7b, 0x6c, 0x83, 0x6c, 0x83, 0x6c, 0x83, 0x6b, 0x7b, 0x6b, 0x7b,
    0x8c, 0x83, 0x6b, 0x7b, 0x6b, 0x7b, 0x6c, 0x83, 0x6b, 0x7b, 0x6c, 0x83, 0x4b, 0x7b, 0x6c, 0x83,
    0x6c, 0x83, 0x6b, 0x7b, 0x6c, 0x83, 0x6b, 0x7b, 0x6b, 0x7b, 0x6b, 0x7b, 0x6b, 0x7b, 0x6c, 0x83,
    0x6b, 0x7b, 0x4b, 0x7b, 0x6c, 0x83, 0x8b, 0x83, 0x4a, 0x7b, 0xad, 0x8b, 0xaa, 0x62, 0x21, 0x00,
    0x00, 0x00, 0x08, 0x42, 0x9e, 0xf7, 0xff, 0xff, 0xff, 0xff, 0xff, 0xff, 0xff, 0xff, 0xff, 0xff,
    0xff, 0xff, 0xff, 0xff, 0xff, 0xff, 0xff, 0xff, 0xff, 0xff, 0xff, 0xff, 0xff, 0xff, 0xff, 0xff,
    0xff, 0xff, 0xff, 0xff, 0xff, 0xff, 0xff, 0xff, 0xff, 0xff, 0xff, 0xff, 0xff, 0xff, 0xff, 0xff,
    0xff, 0xff, 0xff, 0xff, 0xff, 0xff, 0xff, 0xff, 0xff, 0xff, 0xff, 0xff, 0xff, 0xff, 0xff, 0xff,
    0xff, 0xff, 0xff, 0xff, 0xff, 0xff, 0xff, 0xff, 0xff, 0xff, 0xff, 0xff, 0xff, 0xff, 0xff, 0xff,
    0xff, 0xff, 0xff, 0xff, 0xff, 0xff, 0xff, 0xff, 0xff, 0xff, 0xff, 0xff, 0xff, 0xff, 0xff, 0xff,
    0xff, 0xff, 0xff, 0xff, 0xff, 0xff, 0xff, 0xff, 0xff, 0xff, 0xdf, 0xff, 0xff, 0xff, 0xbe, 0xf7,
    0x92, 0x94, 0xa2, 0x10, 0x00, 0x00, 0x00, 0x00, 0x00, 0x00, 0x20, 0x00, 0x20, 0x00, 0x00, 0x00,
    0x00, 0x00, 0x00, 0x00, 0x00, 0x00, 0x00, 0x00, 0x00, 0x00, 0x00, 0x00, 0x00, 0x00, 0x00, 0x00,
    0x00, 0x00, 0x00, 0x00, 0x00, 0x00, 0x00, 0x00, 0x20, 0x00, 0x20, 0x00, 0x00, 0x00, 0x00, 0x00,
    0xa2, 0x10, 0x71, 0x8c, 0x9e, 0xf7, 0xff, 0xff, 0xdf, 0xff, 0xff, 0xff, 0xff, 0xff, 0xdf, 0xff,
    0x69, 0x4a, 0x00, 0x00, 0x00, 0x08, 0x27, 0x52, 0xad, 0x83, 0x4b, 0x7b, 0x6c, 0x83, 0x6b, 0x7b,
    0x6c, 0x83, 0x6b, 0x7b, 0x6c, 0x83, 0x6c, 0x83, 0x6b, 0x7b, 0x6b, 0x7b, 0x6b, 0x7b, 0x6c, 0x83,
    0x6b, 0x7b, 0x6c, 0x83, 0x6b, 0x7b, 0x8c, 0x83, 0x6b, 0x7b, 0x6b, 0x7b, 0x4b, 0x7b, 0x4b, 0x7b,
    0x8c, 0x83, 0x6c, 0x7b, 0x6c, 0x7b, 0x8c, 0x83, 0x6c, 0x7b, 0x6c, 0x7b, 0x6c, 0x83, 0x6b, 0x7b,
    0x6b, 0x7b, 0x6b, 0x7b, 0x6b, 0x7b, 0x6c, 0x83, 0x6c, 0x7b, 0x6c, 0x83, 0x6c, 0x7b, 0x6c, 0x7b,
    0x4b, 0x7b, 0x4b, 0x7b, 0x6c, 0x7b, 0x06, 0x52, 0x80, 0x20, 0x02, 0x39, 0x43, 0x41, 0x84, 0x41,
    0xac, 0x8b, 0x14, 0xd6, 0xb6, 0xe6, 0xb6, 0xee, 0xb6, 0xee, 0xb6, 0xee, 0xb6, 0xee, 0xb6, 0xee,
    0xb6, 0xee, 0xb6, 0xee, 0xb6, 0xee, 0xb6, 0xee, 0xb6, 0xee, 0xb6, 0xee, 0xb6, 0xee, 0xb6, 0xee,
    0xb6, 0xee, 0xb6, 0xee, 0xb6, 0xee, 0xb6, 0xee, 0xb6, 0xee, 0xb6, 0xee, 0xb6, 0xee, 0xb6, 0xee,
    0xb6, 0xee, 0xb6, 0xee, 0xb6, 0xee, 0xb6, 0xee, 0xb6, 0xee, 0xb6, 0xe6, 0x14, 0xd6, 0xcc, 0x83,
    0xa4, 0x41, 0x43, 0x41, 0x23, 0x39, 0x60, 0x18, 0xe6, 0x51, 0x4b, 0x7b, 0x6c, 0x7b, 0x6c, 0x83,
    0x6c, 0x83, 0x6c, 0x7b, 0x4b, 0x7b, 0x6c, 0x7b, 0x6c, 0x7b, 0x6c, 0x83, 0x6c, 0x7b, 0x6c, 0x83,
    0x4b, 0x7b, 0x6b, 0x7b, 0x6c, 0x83, 0x6c, 0x83, 0x6c, 0x83, 0x6b, 0x7b, 0x6c, 0x83, 0x6b, 0x7b,
    0x6c, 0x83, 0x8c, 0x83, 0x6c, 0x83, 0x6b, 0x7b, 0x6b, 0x7b, 0x6b, 0x7b, 0x6b, 0x7b, 0x6c, 0x83,
    0x6b, 0x7b, 0x6c, 0x83, 0x6b, 0x7b, 0x6c, 0x83, 0x6c, 0x83, 0x8c, 0x83, 0x6c, 0x83, 0x6c, 0x83,
    0x8c, 0x83, 0x6b, 0x7b, 0x6b, 0x83, 0x6c, 0x83, 0xae, 0x83, 0x04, 0x29, 0x00, 0x00, 0x00, 0x00,
    0x75, 0xad, 0xff, 0xff, 0xdf, 0xff, 0xff, 0xff, 0xff, 0xff, 0xff, 0xff, 0xff, 0xff, 0xff, 0xff,
    0xff, 0xff, 0xff, 0xff, 0xff, 0xff, 0xff, 0xff, 0xff, 0xff, 0xff, 0xff, 0xff, 0xff, 0xff, 0xff,
    0xff, 0xff, 0xff, 0xff, 0xff, 0xff, 0xff, 0xff, 0xff, 0xff, 0xff, 0xff, 0xff, 0xff, 0xff, 0xff,
    0xff, 0xff, 0xff, 0xff, 0xff, 0xff, 0xff, 0xff, 0xff, 0xff, 0xff, 0xff, 0xff, 0xff, 0xff, 0xff,
    0xff, 0xff, 0xff, 0xff, 0xff, 0xff, 0xff, 0xff, 0xff, 0xff, 0xff, 0xff, 0xff, 0xff, 0xff, 0xff,
    0xff, 0xff, 0xff, 0xff, 0xff, 0xff, 0xff, 0xff, 0xff, 0xff, 0xff, 0xff, 0xff, 0xff, 0xff, 0xff,
    0xff, 0xff, 0xff, 0xff, 0xdf, 0xff, 0xff, 0xff, 0xff, 0xff, 0xff, 0xff, 0xff, 0xff, 0xfb, 0xde,
    0x8e, 0x73, 0x24, 0x21, 0x00, 0x00, 0x00, 0x00, 0x00, 0x00, 0x00, 0x00, 0x20, 0x00, 0x00, 0x00,
    0x00, 0x00, 0x00, 0x00, 0x00, 0x00, 0x00, 0x00, 0x00, 0x00, 0x00, 0x00, 0x00, 0x00, 0x00, 0x00,
    0x20, 0x00, 0x00, 0x00, 0x00, 0x00, 0x00, 0x00, 0x04, 0x21, 0x8e, 0x73, 0x1c, 0xe7, 0xff, 0xff,
    0xdf, 0xff, 0xdf, 0xff, 0xff, 0xff, 0xff, 0xff, 0xff, 0xff, 0xd7, 0xbd, 0x40, 0x00, 0x00, 0x00,
    0x82, 0x18, 0x6c, 0x83, 0x6c, 0x83, 0x4b, 0x7b, 0x6c, 0x83, 0x4b, 0x7b, 0x6b, 0x7b, 0x4b, 0x7b,
    0x6b, 0x7b, 0x6b, 0x7b, 0x6c, 0x83, 0x6b, 0x7b, 0x6b, 0x7b, 0x6c, 0x83, 0x6b, 0x7b, 0x8c, 0x83,
    0x6b, 0x7b, 0x8c, 0x83, 0x6b, 0x7b, 0x6c, 0x83, 0x6b, 0x7b, 0x6b, 0x7b, 0x6c, 0x7b, 0x6c, 0x7b,
    0x6c, 0x83, 0x6c, 0x7b, 0x6c, 0x83, 0x4b, 0x7b, 0x6c, 0x83, 0x6b, 0x7b, 0x6c, 0x83, 0x6c, 0x83,
    0x6b, 0x7b, 0x6c, 0x83, 0x6c, 0x7b, 0x6c, 0x83, 0x6c, 0x7b, 0x6c, 0x83, 0x6c, 0x7b, 0x6c, 0x7b,
    0x8c, 0x83, 0x07, 0x52, 0x80, 0x20, 0x02, 0x39, 0x43, 0x41, 0x64, 0x41, 0xac, 0x83, 0x14, 0xd6,
    0x96, 0xe6, 0xb6, 0xee, 0xb6, 0xee, 0xb6, 0xee, 0xb6, 0xee, 0xb6, 0xee, 0xb6, 0xee, 0xb6, 0xee,
    0xb6, 0xee, 0xb6, 0xee, 0xb6, 0xee, 0xb6, 0xee, 0xb6, 0xee, 0xb6, 0xee, 0xb6, 0xee, 0xb6, 0xee,
    0xb6, 0xee, 0xb6, 0xee, 0xb6, 0xee, 0xb6, 0xee, 0xb6, 0xee, 0xb6, 0xee, 0xb6, 0xee, 0xb6, 0xee,
    0xb6, 0xee, 0xb6, 0xee, 0xb6, 0xee, 0xb6, 0xe6, 0x14, 0xd6, 0xcc, 0x83, 0xa4, 0x41, 0x22, 0x41,
    0x23, 0x39, 0x60, 0x18, 0xe6, 0x49, 0x2b, 0x7b, 0x4b, 0x7b, 0x6c, 0x83, 0x6c, 0x83, 0x6c, 0x7b,
    0x4c, 0x7b, 0x6c, 0x83, 0x4c, 0x7b, 0x6c, 0x7b, 0x4b, 0x7b, 0x6c, 0x83, 0x4b, 0x7b, 0x6b, 0x7b,
    0x6b, 0x7b, 0x6b, 0x7b, 0x8c, 0x83, 0x6b, 0x7b, 0x6c, 0x83, 0x4b, 0x7b, 0x6c, 0x83, 0x6c, 0x83,
    0x6b, 0x7b, 0x6b, 0x7b, 0x6b, 0x83, 0x6b, 0x7b, 0x6b, 0x7b, 0x6c, 0x83, 0x4b, 0x7b, 0x6c, 0x83,
    0x4b, 0x7b, 0x4b, 0x7b, 0x4b, 0x7b, 0x6c, 0x83, 0x6b, 0x7b, 0x6c, 0x83, 0x6c, 0x7b, 0x6b, 0x7b,
    0x6c, 0x83, 0x2b, 0x83, 0xce, 0x8b, 0x89, 0x5a, 0x41, 0x08, 0x00, 0x00, 0xc7, 0x39, 0xde, 0xf7,
    0xdf, 0xff, 0xff, 0xff, 0xff, 0xff, 0xff, 0xff, 0xff, 0xff, 0xff, 0xff, 0xff, 0xff, 0xff, 0xff,
    0xff, 0xff, 0xff, 0xff, 0xff, 0xff, 0xff, 0xff, 0xff, 0xff, 0xff, 0xff, 0xff, 0xff, 0xff, 0xff,
    0xff, 0xff, 0xff, 0xff, 0xff, 0xff, 0xff, 0xff, 0xff, 0xff, 0xff, 0xff, 0xff, 0xff, 0xff, 0xff,
    0xff, 0xff, 0xff, 0xff, 0xff, 0xff, 0xff, 0xff, 0xff, 0xff, 0xff, 0xff, 0xff, 0xff, 0xff, 0xff,
    0xff, 0xff, 0xff, 0xff, 0xff, 0xff, 0xff, 0xff, 0xff, 0xff, 0xff, 0xff, 0xff, 0xff, 0xff, 0xff,
    0xff, 0xff, 0xff, 0xff, 0xff, 0xff, 0xff, 0xff, 0xff, 0xff, 0xff, 0xff, 0xff, 0xff, 0xff, 0xff,
    0xff, 0xff, 0xff, 0xff, 0xff, 0xff, 0xff, 0xff, 0xdf, 0xff, 0xff, 0xff, 0xff, 0xff, 0x1c, 0xe7,
    0xb2, 0x94, 0x8a, 0x52, 0xa2, 0x10, 0x00, 0x00, 0x00, 0x00, 0x00, 0x00, 0x00, 0x00, 0x00, 0x00,
    0x00, 0x00, 0x00, 0x00, 0x00, 0x00, 0x00, 0x00, 0x00, 0x00, 0x00, 0x00, 0x00, 0x00, 0xa2, 0x10,
    0x69, 0x4a, 0x71, 0x8c, 0xfb, 0xde, 0xff, 0xff, 0xff, 0xff, 0xdf, 0xff, 0xff, 0xff, 0xff, 0xff,
    0xff, 0xff, 0xff, 0xff, 0xdf, 0xff, 0x28, 0x4a, 0x00, 0x00, 0x20, 0x00, 0x07, 0x4a, 0xad, 0x8b,
    0x6b, 0x7b, 0x6b, 0x7b, 0x6c, 0x83, 0x4b, 0x7b, 0x6c, 0x83, 0x6c, 0x83, 0x6b, 0x7b, 0x4b, 0x7b,
    0x6b, 0x7b, 0x6b, 0x83, 0x6b, 0x7b, 0x6c, 0x83, 0x4b, 0x7b, 0x6b, 0x7b, 0x4b, 0x7b, 0x8c, 0x83,
    0x6b, 0x7b, 0x6c, 0x83, 0x6c, 0x83, 0x6c, 0x83, 0x6c, 0x7b, 0x4b, 0x7b, 0x6c, 0x7b, 0x4b, 0x7b,
    0x6c, 0x83, 0x4b, 0x7b, 0x6b, 0x7b, 0x6b, 0x7b, 0x6c, 0x83, 0x6c, 0x83, 0x6b, 0x7b, 0x6b, 0x7b,
    0x6c, 0x7b, 0x6c, 0x83, 0x6c, 0x7b, 0x6c, 0x83, 0x6c, 0x7b, 0x6c, 0x7b, 0x6c, 0x7b, 0x06, 0x52,
    0x80, 0x20, 0x02, 0x39, 0x43, 0x41, 0x84, 0x41, 0xcc, 0x8b, 0x14, 0xd6, 0xb6, 0xe6, 0xb6, 0xee,
    0xb6, 0xee, 0xb6, 0xee, 0xb6, 0xee, 0xb6, 0xee, 0xb6, 0xee, 0xb6, 0xee, 0xb6, 0xee, 0xb6, 0xee,
    0xb6, 0xee, 0xb6, 0xee, 0xb6, 0xee, 0xb6, 0xee, 0xb6, 0xee, 0xb6, 0xee, 0xb6, 0xee, 0xb6, 0xee,
    0xb6, 0xee, 0xb6, 0xee, 0xb6, 0xee, 0xb6, 0xee, 0xb6, 0xee, 0xb6, 0xee, 0xb6, 0xee, 0xb6, 0xee,
    0xb6, 0xee, 0xb6, 0xe6, 0x14, 0xd6, 0xcc, 0x83, 0x84, 0x41, 0x43, 0x41, 0x23, 0x39, 0x60, 0x20,
    0xe6, 0x51, 0x4b, 0x7b, 0x6c, 0x7b, 0x8c, 0x83, 0x6c, 0x83, 0x6c, 0x83, 0x6c, 0x7b, 0x6c, 0x83,
    0x6b, 0x7b, 0x6c, 0x83, 0x6b, 0x7b, 0x6c, 0x83, 0x4b, 0x7b, 0x6c, 0x7b, 0x6c, 0x7b, 0x6c, 0x7b,
    0x6c, 0x83, 0x6b, 0x7b, 0x6c, 0x83, 0x4b, 0x7b, 0x6b, 0x7b, 0x6c, 0x83, 0x6c, 0x83, 0x6c, 0x83,
    0x6c, 0x7b, 0x6c, 0x7b, 0x6c, 0x83, 0x6c, 0x7b, 0x6c, 0x83, 0x6c, 0x83, 0x6b, 0x7b, 0x6c, 0x7b,
    0x4c, 0x7b, 0x6c, 0x83, 0x6c, 0x7b, 0x6b, 0x7b, 0x6c, 0x7b, 0x6c, 0x83, 0x4c, 0x7b, 0x6c, 0x83,
    0x8c, 0x83, 0x8c, 0x83, 0x24, 0x29, 0x41, 0x08, 0x00, 0x00, 0xf3, 0x9c, 0xff, 0xff, 0xdf, 0xf7,
    0xff, 0xff, 0xff, 0xff, 0xff, 0xff, 0xff, 0xff, 0xff, 0xff, 0xff, 0xff, 0xff, 0xff, 0xff, 0xff,
    0xff, 0xff, 0xff, 0xff, 0xff, 0xff, 0xff, 0xff, 0xff, 0xff, 0xff, 0xff, 0xff, 0xff, 0xff, 0xff,
    0xff, 0xff, 0xff, 0xff, 0xff, 0xff, 0xff, 0xff, 0xff, 0xff, 0xff, 0xff, 0xff, 0xff, 0xff, 0xff,
    0xff, 0xff, 0xff, 0xff, 0xff, 0xff, 0xff, 0xff, 0xff, 0xff, 0xff, 0xff, 0xff, 0xff, 0xff, 0xff,
    0xff, 0xff, 0xff, 0xff, 0xff, 0xff, 0xff, 0xff, 0xff, 0xff, 0xff, 0xff, 0xff, 0xff, 0xff, 0xff,
    0xff, 0xff, 0xff, 0xff, 0xff, 0xff, 0xff, 0xff, 0xff, 0xff, 0xff, 0xff, 0xff, 0xff, 0xff, 0xff,
    0xff, 0xff, 0xff, 0xff, 0xff, 0xff, 0xff, 0xff, 0xff, 0xff, 0xff, 0xff, 0xff, 0xff, 0xdf, 0xf7,
    0xba, 0xd6, 0x75, 0xad, 0xcf, 0x7b, 0x8a, 0x52, 0xa6, 0x31, 0x24, 0x21, 0xe3, 0x18, 0xc3, 0x18,
    0x04, 0x21, 0xa6, 0x31, 0x8a, 0x52, 0xcf, 0x7b, 0x55, 0xad, 0xba, 0xd6, 0xdf, 0xf7, 0xff, 0xff,
    0xff, 0xff, 0xdf, 0xff, 0xff, 0xff, 0xff, 0xff, 0xff, 0xff, 0xff, 0xff, 0xff, 0xff, 0xff, 0xff,
    0x55, 0xad, 0x00, 0x00, 0x00, 0x00, 0xa2, 0x20, 0x8d, 0x83, 0x6c, 0x83, 0x6b, 0x7b, 0x6c, 0x83,
    0x6b, 0x7b, 0x6b, 0x7b, 0x8c, 0x83, 0x4b, 0x7b, 0x6c, 0x83, 0x6c, 0x7b, 0x6b, 0x7b, 0x6c, 0x83,
    0x6c, 0x83, 0x8c, 0x83, 0x6c, 0x7b, 0x6c, 0x83, 0x4b, 0x7b, 0x8c, 0x83, 0x6c, 0x7b, 0x6c, 0x83,
    0x6c, 0x7b, 0x6c, 0x7b, 0x6c, 0x83, 0x6c, 0x7b, 0x6c, 0x83, 0x6c, 0x83, 0x6c, 0x7b, 0x4b, 0x7b,
    0x6c, 0x83, 0x6c, 0x7b, 0x6c, 0x83, 0x6c, 0x83, 0x6c, 0x7b, 0x6c, 0x7b, 0x4b, 0x7b, 0x8c, 0x83,
    0x6c, 0x83, 0x6c, 0x83, 0x6c, 0x7b, 0x6c, 0x7b, 0x6c, 0x7b, 0x06, 0x52, 0x80, 0x20, 0x02, 0x39,
    0x43, 0x41, 0x84, 0x41, 0xac, 0x8b, 0x14, 0xd6, 0x96, 0xe6, 0xb6, 0xee, 0xb6, 0xee, 0xb6, 0xee,
    0xb6, 0xee, 0xb6, 0xee, 0xb6, 0xee, 0xb6, 0xee, 0xb6, 0xee, 0xb6, 0xee, 0xb6, 0xee, 0xb6, 0xee,
    0xb6, 0xee, 0xb6, 0xee, 0xb6, 0xee, 0xb6, 0xee, 0xb6, 0xee, 0xb6, 0xee, 0xb6, 0xee, 0xb6, 0xee,
    0xb6, 0xee, 0xb6, 0xee, 0xb6, 0xee, 0xb6, 0xee, 0xb6, 0xee, 0xb6, 0xee, 0xb6, 0xee, 0xb6, 0xe6,
    0x14, 0xd6, 0xcc, 0x83, 0x84, 0x41, 0x43, 0x41, 0x22, 0x39, 0x60, 0x20, 0xe6, 0x51, 0x4b, 0x7b,
    0x8c, 0x7b, 0x8c, 0x83, 0x6c, 0x83, 0x4b, 0x7b, 0x6b, 0x7b, 0x6b, 0x7b, 0x4b, 0x7b, 0x6b, 0x7b,
    0x4b, 0x7b, 0x6c, 0x83, 0x4b, 0x7b, 0x6c, 0x7b, 0x4b, 0x7b, 0x4b, 0x7b, 0x6c, 0x7b, 0x6b, 0x7b,
    0x6c, 0x83, 0x4b, 0x7b, 0x6b, 0x7b, 0x8c, 0x83, 0x6c, 0x83, 0x4b, 0x7b, 0x4c, 0x7b, 0x4b, 0x7b,
    0x4b, 0x7b, 0x4b, 0x7b, 0x4b, 0x7b, 0x6c, 0x7b, 0x6b, 0x7b, 0x6b, 0x7b, 0x4b, 0x7b, 0x6c, 0x83,
    0x4b, 0x7b, 0x4b, 0x7b, 0x6c, 0x7b, 0x4b, 0x7b, 0x6c, 0x7b, 0x8c, 0x83, 0x6c, 0x83, 0xad, 0x8b,
    0xeb, 0x6a, 0x81, 0x10, 0x00, 0x00, 0xe3, 0x18, 0x5d, 0xef, 0xff, 0xff, 0xff, 0xff, 0xff, 0xff,
    0xff, 0xff, 0xff, 0xff, 0xff, 0xff, 0xff, 0xff, 0xff, 0xff, 0xff, 0xff, 0xff, 0xff, 0xff, 0xff,
    0xff, 0xff, 0xff, 0xff, 0xff, 0xff, 0xff, 0xff, 0xff, 0xff, 0xff, 0xff, 0xff, 0xff, 0xff, 0xff,
    0xff, 0xff, 0xff, 0xff, 0xff, 0xff, 0xff, 0xff, 0xff, 0xff, 0xff, 0xff, 0xff, 0xff, 0xff, 0xff,
    0xff, 0xff, 0xff, 0xff, 0xff, 0xff, 0xff, 0xff, 0xff, 0xff, 0xff, 0xff, 0xff, 0xff, 0xff, 0xff,
    0xff, 0xff, 0xff, 0xff, 0xff, 0xff, 0xff, 0xff, 0xff, 0xff, 0xff, 0xff, 0xff, 0xff, 0xff, 0xff,
    0xff, 0xff, 0xff, 0xff, 0xff, 0xff, 0xff, 0xff, 0xff, 0xff, 0xff, 0xff, 0xff, 0xff, 0xff, 0xff,
    0xff, 0xff, 0xff, 0xff, 0xff, 0xff, 0xff, 0xff, 0xdf, 0xff, 0xff, 0xff, 0xff, 0xff, 0xff, 0xff,
    0xff, 0xff, 0xff, 0xff, 0xdf, 0xff, 0xbe, 0xf7, 0x9e, 0xf7, 0x7d, 0xef, 0xbe, 0xf7, 0xdf, 0xff,
    0xdf, 0xff, 0xff, 0xff, 0xff, 0xff, 0xff, 0xff, 0xff, 0xff, 0xdf, 0xff, 0xff, 0xff, 0xff, 0xff,
    0xff, 0xff, 0xff, 0xff, 0xff, 0xff, 0xff, 0xff, 0xdf, 0xff, 0xbe, 0xf7, 0x45, 0x29, 0x00, 0x00,
    0x00, 0x00, 0x48, 0x5a, 0x8d, 0x83, 0x4b, 0x7b, 0x6c, 0x83, 0x6b, 0x7b, 0x6b, 0x7b, 0x4b, 0x7b,
    0x6b, 0x7b, 0x4b, 0x7b, 0x4b, 0x7b, 0x4b, 0x7b, 0x4b, 0x7b, 0x4b, 0x7b, 0x4b, 0x7b, 0x6c, 0x7b,
    0x6c, 0x7b, 0x6c, 0x83, 0x4b, 0x7b, 0x8c, 0x83, 0x6c, 0x7b, 0x6c, 0x7b, 0x6c, 0x7b, 0x6c, 0x7b,
    0x6c, 0x7b, 0x6c, 0x7b, 0x6c, 0x83, 0x4b, 0x7b, 0x6c, 0x7b, 0x4b, 0x7b, 0x6c, 0x83, 0x4b, 0x7b,
    0x6c, 0x7b, 0x6c, 0x7b, 0x6c, 0x7b, 0x6c, 0x7b, 0x4b, 0x7b, 0x8c, 0x83, 0x6c, 0x83, 0x6c, 0x7b,
    0x6c, 0x7b, 0x6c, 0x7b, 0x6c, 0x7b, 0x06, 0x4a, 0x60, 0x20, 0x02, 0x31, 0x43, 0x41, 0x84, 0x41,
    0xac, 0x83, 0x14, 0xd6, 0x96, 0xe6, 0xb6, 0xee, 0xb6, 0xee, 0xb6, 0xee, 0xb6, 0xee, 0xb6, 0xee,
    0xb6, 0xee, 0xb6, 0xee, 0xb6, 0xee, 0xb6, 0xee, 0xb6, 0xee, 0xb6, 0xee, 0xb6, 0xee, 0xb6, 0xee,
    0xb6, 0xee, 0xb6, 0xee, 0xb6, 0xee, 0xb6, 0xee, 0xb6, 0xee, 0xb6, 0xee, 0xb6, 0xee, 0xb6, 0xee,
    0xb6, 0xee, 0xb6, 0xee, 0xb6, 0xee, 0xb6, 0xee, 0xb6, 0xee, 0xb6, 0xe6, 0x14, 0xd6, 0xcc, 0x83,
    0xa4, 0x41, 0x43, 0x41, 0x23, 0x39, 0x60, 0x18, 0xe6, 0x49, 0x2b, 0x73, 0x6b, 0x7b, 0x6c, 0x83,
    0x6c, 0x83, 0x4b, 0x7b, 0x6b, 0x7b, 0x6c, 0x83, 0x6b, 0x7b, 0x6c, 0x83, 0x6b, 0x7b, 0x6c, 0x83,
    0x4b, 0x7b, 0x6c, 0x7b, 0x4b, 0x7b, 0x4b, 0x7b, 0x6c, 0x83, 0x6b, 0x7b, 0x6c, 0x83, 0x4b, 0x7b,
    0x6b, 0x7b, 0x6c, 0x83, 0x6b, 0x7b, 0x6b, 0x7b, 0x6c, 0x7b, 0x6c, 0x83, 0x6c, 0x83, 0x6c, 0x7b,
    0x6c, 0x7b, 0x6c, 0x83, 0x6b, 0x7b, 0x6c, 0x7b, 0x4b, 0x7b, 0x4b, 0x7b, 0x6b, 0x7b, 0x8c, 0x83,
    0x8c, 0x83, 0x4b, 0x7b, 0x6b, 0x7b, 0x8c, 0x83, 0x6b, 0x7b, 0x6c, 0x7b, 0xcd, 0x83, 0x85, 0x39,
    0x41, 0x08, 0x00, 0x00, 0x4d, 0x6b, 0xff, 0xff, 0xdf, 0xff, 0xff, 0xff, 0xff, 0xff, 0xff, 0xff,
    0xff, 0xff, 0xff, 0xff, 0xff, 0xff, 0xff, 0xff, 0xff, 0xff, 0xff, 0xff, 0xff, 0xff, 0xff, 0xff,
    0xff, 0xff, 0xff, 0xff, 0xff, 0xff, 0xff, 0xff, 0xff, 0xff, 0xff, 0xff, 0xff, 0xff, 0xff, 0xff,
    0xff, 0xff, 0xff, 0xff, 0xff, 0xff, 0xff, 0xff, 0xff, 0xff, 0xff, 0xff, 0xff, 0xff, 0xff, 0xff,
    0xff, 0xff, 0xff, 0xff, 0xff, 0xff, 0xff, 0xff, 0xff, 0xff, 0xff, 0xff, 0xff, 0xff, 0xff, 0xff,
    0xff, 0xff, 0xff, 0xff, 0xff, 0xff, 0xff, 0xff, 0xff, 0xff, 0xff, 0xff, 0xff, 0xff, 0xff, 0xff,
    0xff, 0xff, 0xff, 0xff, 0xff, 0xff, 0xff, 0xff, 0xff, 0xff, 0xff, 0xff, 0xff, 0xff, 0xff, 0xff,
    0xff, 0xff, 0xff, 0xff, 0xff, 0xff, 0xff, 0xff, 0xff, 0xff, 0xff, 0xff, 0xdf, 0xff, 0xff, 0xff,
    0xff, 0xff, 0xff, 0xff, 0xff, 0xff, 0xff, 0xff, 0xff, 0xff, 0xff, 0xff, 0xff, 0xff, 0xff, 0xff,
    0xdf, 0xff, 0xff, 0xff, 0xff, 0xff, 0xff, 0xff, 0xff, 0xff, 0xff, 0xff, 0xff, 0xff, 0xff, 0xff,
    0xff, 0xff, 0xdf, 0xff, 0xff, 0xff, 0xcf, 0x7b, 0x00, 0x00, 0x00, 0x00, 0x03, 0x21, 0xad, 0x83,
    0x6b, 0x7b, 0x6b, 0x7b, 0x6c, 0x7b, 0x6c, 0x7b, 0x8c, 0x83, 0x4b, 0x7b, 0x6b, 0x7b, 0x6c, 0x83,
    0x6c, 0x83, 0x4b, 0x7b, 0x4b, 0x7b, 0x6c, 0x7b, 0x6c, 0x7b, 0x6c, 0x83, 0x4b, 0x7b, 0x6c, 0x7b,
    0x4b, 0x7b, 0x8c, 0x83, 0x6c, 0x7b, 0x6c, 0x7b, 0x6c, 0x7b, 0x6c, 0x7b, 0x6c, 0x7b, 0x6c, 0x7b,
    0x6c, 0x7b, 0x6c, 0x7b, 0x6c, 0x83, 0x4b, 0x7b, 0x4b, 0x7b, 0x4b, 0x7b, 0x6c, 0x7b, 0x6c, 0x7b,
    0x6c, 0x7b, 0x6c, 0x7b, 0x4b, 0x7b, 0x6c, 0x83, 0x6c, 0x7b, 0x6c, 0x7b, 0x6c, 0x7b, 0x4b, 0x7b,
    0x6c, 0x83, 0x06, 0x52, 0x80, 0x20, 0x02, 0x31, 0x63, 0x41, 0x84, 0x41, 0xac, 0x8b, 0x14, 0xd6,
    0x96, 0xe6, 0xb6, 0xee, 0xb6, 0xee, 0xb6, 0xee, 0xb6, 0xee, 0xb6, 0xee, 0xb6, 0xee, 0xb6, 0xee,
    0xb6, 0xee, 0xb6, 0xee, 0xb6, 0xee, 0xb6, 0xee, 0xb6, 0xee, 0xb6, 0xee, 0xb6, 0xee, 0xb6, 0xee,
    0xb6, 0xee, 0xb6, 0xee, 0xb6, 0xee, 0xb6, 0xee, 0xb6, 0xee, 0xb6, 0xee, 0xb6, 0xee, 0xb6, 0xee,
    0xb6, 0xee, 0xb6, 0xee, 0xb6, 0xee, 0xb6, 0xe6, 0x14, 0xd6, 0xcc, 0x83, 0x84, 0x41, 0x43, 0x41,
    0x23, 0x39, 0x60, 0x20, 0xe6, 0x49, 0x4b, 0x7b, 0x6c, 0x7b, 0x6c, 0x83, 0x6c, 0x83, 0x4b, 0x7b,
    0x6b, 0x7b, 0x6b, 0x7b, 0x6b, 0x7b, 0x6c, 0x83, 0x4b, 0x7b, 0x6c, 0x83, 0x6c, 0x7b, 0x6c, 0x83,
    0x6c, 0x83, 0x6c, 0x83, 0x6c, 0x83, 0x6b, 0x7b, 0x6c, 0x83, 0x4b, 0x7b, 0x6c, 0x83, 0x6c, 0x83,
    0x6c, 0x83, 0x4b, 0x7b, 0x4b, 0x7b, 0x6c, 0x7b, 0x6c, 0x7b, 0x6c, 0x7b, 0x6c, 0x7b, 0x6b, 0x7b,
    0x4b, 0x7b, 0x6c, 0x83, 0x6c, 0x83, 0x4b, 0x7b, 0x0a, 0x73, 0x0a, 0x73, 0x4b, 0x7b, 0x6b, 0x7b,
    0x6b, 0x7b, 0x6c, 0x83, 0x8c, 0x83, 0x4b, 0x7b, 0xac, 0x83, 0x4b, 0x73, 0xa2, 0x18, 0x41, 0x08,
    0x41, 0x08, 0xd6, 0xb5, 0xff, 0xff, 0xbe, 0xf7, 0xff, 0xff, 0xff, 0xff, 0xff, 0xff, 0xff, 0xff,
    0xff, 0xff, 0xff, 0xff, 0xff, 0xff, 0xff, 0xff, 0xff, 0xff, 0xff, 0xff, 0xff, 0xff, 0xff, 0xff,
    0xff, 0xff, 0xff, 0xff, 0xff, 0xff, 0xff, 0xff, 0xff, 0xff, 0xff, 0xff, 0xff, 0xff, 0xff, 0xff,
    0xff, 0xff, 0xff, 0xff, 0xff, 0xff, 0xff, 0xff, 0xff, 0xff, 0xff, 0xff, 0xff, 0xff, 0xff, 0xff,
    0xff, 0xff, 0xff, 0xff, 0xff, 0xff, 0xff, 0xff, 0xff, 0xff, 0xff, 0xff, 0xff, 0xff, 0xff, 0xff,
    0xff, 0xff, 0xff, 0xff, 0xff, 0xff, 0xff, 0xff, 0xff, 0xff, 0xff, 0xff, 0xff, 0xff, 0xff, 0xff,
    0xff, 0xff, 0xff, 0xff, 0xff, 0xff, 0xff, 0xff, 0xff, 0xff, 0xff, 0xff, 0xff, 0xff, 0xff, 0xff,
    0xff, 0xff, 0xff, 0xff, 0xff, 0xff, 0xff, 0xff, 0xff, 0xff, 0xff, 0xff, 0xff, 0xff, 0xff, 0xff,
    0xff, 0xff, 0xff, 0xff, 0xff, 0xff, 0xff, 0xff, 0xff, 0xff, 0xff, 0xff, 0xff, 0xff, 0xff, 0xff,
    0xff, 0xff, 0xff, 0xff, 0xff, 0xff, 0xff, 0xff, 0xff, 0xff, 0xff, 0xff, 0xdf, 0xff, 0xff, 0xff,
    0x38, 0xc6, 0x41, 0x08, 0x00, 0x00, 0x62, 0x10, 0xca, 0x62, 0xcd, 0x8b, 0x4b, 0x7b, 0x6c, 0x83,
    0x6c, 0x7b, 0x4b, 0x7b, 0x6c, 0x83, 0x6c, 0x7b, 0x6c, 0x83, 0x6c, 0x7b, 0x6c, 0x83, 0x4b, 0x7b,
    0x4b, 0x7b, 0x6c, 0x7b, 0x6c, 0x7b, 0x6c, 0x83, 0x4b, 0x7b, 0x6c, 0x7b, 0x4b, 0x7b, 0x8c, 0x83,
    0x6c, 0x7b, 0x6c, 0x7b, 0x6c, 0x83, 0x6c, 0x83, 0x6c, 0x7b, 0x6c, 0x7b, 0x6c, 0x7b, 0x6c, 0x7b,
    0x6c, 0x83, 0x6c, 0x7b, 0x6c, 0x7b, 0x6c, 0x7b, 0x6c, 0x83, 0x8c, 0x83, 0x6c, 0x7b, 0x6c, 0x7b,
    0x4b, 0x7b, 0x6c, 0x83, 0x6c, 0x7b, 0x6c, 0x7b, 0x6c, 0x7b, 0x6c, 0x7b, 0x6c, 0x7b, 0x06, 0x4a,
    0x60, 0x20, 0x02, 0x31, 0x43, 0x41, 0x84, 0x41, 0xac, 0x8b, 0x14, 0xd6, 0xb6, 0xe6, 0xb6, 0xee,
    0xb6, 0xee, 0xb6, 0xee, 0xb6, 0xee, 0xb6, 0xee, 0xb6, 0xee, 0xb6, 0xee, 0xb6, 0xee, 0xb6, 0xee,
    0xb6, 0xee, 0xb6, 0xee, 0xb6, 0xee, 0xb6, 0xee, 0xb6, 0xee, 0xb6, 0xee, 0xb6, 0xee, 0xb6, 0xee,
    0xb6, 0xee, 0xb6, 0xee, 0xb6, 0xee, 0xb6, 0xee, 0xb6, 0xee, 0xb6, 0xee, 0xb6, 0xee, 0xb6, 0xee,
    0xb6, 0xee, 0xb6, 0xe6, 0x14, 0xd6, 0xcc, 0x83, 0x84, 0x41, 0x43, 0x41, 0x23, 0x39, 0x60, 0x20,
    0xe6, 0x49, 0x4b, 0x7b, 0x6c, 0x7b, 0x6c, 0x7b, 0x6c, 0x83, 0x4b, 0x7b, 0x4b, 0x7b, 0x6b, 0x7b,
    0x4b, 0x7b, 0x6b, 0x7b, 0x4b, 0x7b, 0x6c, 0x7b, 0x4b, 0x7b, 0x6c, 0x83, 0x6c, 0x7b, 0x4b, 0x7b,
    0x4b, 0x7b, 0x4b, 0x7b, 0x6b, 0x7b, 0x4b, 0x7b, 0x6b, 0x7b, 0x6b, 0x7b, 0x6b, 0x7b, 0x6c, 0x7b,
    0x6c, 0x7b, 0x6c, 0x7b, 0x6c, 0x7b, 0x6c, 0x7b, 0x4b, 0x7b, 0x6c, 0x83, 0x6c, 0x83, 0x6b, 0x7b,
    0x2b, 0x7b, 0xea, 0x6a, 0x06, 0x4a, 0x85, 0x39, 0xa9, 0x6a, 0x4b, 0x7b, 0x6c, 0x7b, 0x6c, 0x7b,
    0x6c, 0x83, 0x4b, 0x7b, 0x4a, 0x7b, 0xee, 0x8b, 0x48, 0x52, 0x62, 0x10, 0x00, 0x00, 0x65, 0x29,
    0x3c, 0xe7, 0xff, 0xff, 0xdf, 0xff, 0xff, 0xff, 0xff, 0xff, 0xff, 0xff, 0xff, 0xff, 0xff, 0xff,
    0xff, 0xff, 0xff, 0xff, 0xff, 0xff, 0xff, 0xff, 0xff, 0xff, 0xff, 0xff, 0xff, 0xff, 0xff, 0xff,
    0xff, 0xff, 0xff, 0xff, 0xff, 0xff, 0xff, 0xff, 0xff, 0xff, 0xff, 0xff, 0xff, 0xff, 0xff, 0xff,
    0xff, 0xff, 0xff, 0xff, 0xff, 0xff, 0xff, 0xff, 0xff, 0xff, 0xff, 0xff, 0xff, 0xff, 0xff, 0xff,
    0xff, 0xff, 0xff, 0xff, 0xff, 0xff, 0xff, 0xff, 0xff, 0xff, 0xff, 0xff, 0xff, 0xff, 0xff, 0xff,
    0xff, 0xff, 0xff, 0xff, 0xff, 0xff, 0xff, 0xff, 0xff, 0xff, 0xff, 0xff, 0xff, 0xff, 0xff, 0xff,
    0xff, 0xff, 0xff, 0xff, 0xff, 0xff, 0xff, 0xff, 0xff, 0xff, 0xff, 0xff, 0xff, 0xff, 0xff, 0xff,
    0xff, 0xff, 0xff, 0xff, 0xff, 0xff, 0xff, 0xff, 0xff, 0xff, 0xff, 0xff, 0xff, 0xff, 0xff, 0xff,
    0xff, 0xff, 0xff, 0xff, 0xff, 0xff, 0xff, 0xff, 0xff, 0xff, 0xff, 0xff, 0xff, 0xff, 0xff, 0xff,
    0xff, 0xff, 0xff, 0xff, 0xff, 0xff, 0xdf, 0xff, 0xdf, 0xff, 0x7d, 0xef, 0xe7, 0x39, 0x00, 0x00,
    0x61, 0x08, 0x07, 0x4a, 0x8d, 0x83, 0x8c, 0x83, 0x4b, 0x7b, 0x4b, 0x7b, 0x6c, 0x83, 0x6c, 0x7b,
    0x4b, 0x7b, 0x2b, 0x73, 0x4b, 0x7b, 0x4b, 0x7b, 0x6c, 0x83, 0x6c, 0x7b, 0x4b, 0x7b, 0x4b, 0x7b,
    0x4b, 0x7b, 0x6c, 0x7b, 0x6c, 0x7b, 0x6c, 0x83, 0x4b, 0x7b, 0x6c, 0x83, 0x4b, 0x7b, 0x6b, 0x7b,
    0x6c, 0x7b, 0x6c, 0x7b, 0x4b, 0x7b, 0x4b, 0x7b, 0x6c, 0x7b, 0x6c, 0x7b, 0x6c, 0x83, 0x6c, 0x7b,
    0x6c, 0x83, 0x4b, 0x7b, 0x4b, 0x7b, 0x4b, 0x7b, 0x4b, 0x7b, 0x6c, 0x7b, 0x4b, 0x7b, 0x6c, 0x7b,
    0x4b, 0x7b, 0x6c, 0x7b, 0x4b, 0x7b, 0x4b, 0x7b, 0x6c, 0x7b, 0x06, 0x4a, 0x60, 0x20, 0x02, 0x31,
    0x63, 0x41, 0x84, 0x41, 0xac, 0x8b, 0x14, 0xd6, 0xb6, 0xe6, 0xb6, 0xee, 0xb6, 0xee, 0xb6, 0xee,
    0xb6, 0xee, 0xb6, 0xee, 0xb6, 0xee, 0xb6, 0xee, 0xb6, 0xee, 0xb6, 0xee, 0xb6, 0xee, 0xb6, 0xee,
    0xb6, 0xee, 0xb6, 0xee, 0xb6, 0xee, 0xb6, 0xee, 0xb6, 0xee, 0xb6, 0xee, 0xb6, 0xee, 0xb6, 0xee,
    0xb6, 0xee, 0xb6, 0xee, 0xb6, 0xee, 0xb6, 0xee, 0xb6, 0xee, 0xb6, 0xee, 0xb6, 0xee, 0xb6, 0xe6,
    0x14, 0xd6, 0xcc, 0x83, 0x84, 0x41, 0x42, 0x41, 0x23, 0x39, 0x80, 0x20, 0x06, 0x52, 0x6c, 0x7b,
    0x8c, 0x83, 0x6c, 0x83, 0x6c, 0x83, 0x6c, 0x83, 0x8c, 0x83, 0x6c, 0x83, 0x6b, 0x7b, 0x6c, 0x83,
    0x6b, 0x7b, 0x8c, 0x83, 0x6c, 0x83, 0x8c, 0x83, 0x6c, 0x83, 0x6c, 0x7b, 0x8c, 0x83, 0x8c, 0x83,
    0x6c, 0x83, 0x6b, 0x7b, 0x8c, 0x83, 0x6c, 0x83, 0x8c, 0x83, 0x8c, 0x83, 0x6c, 0x83, 0x6c, 0x83,
    0x6c, 0x83, 0x6c, 0x83, 0x6c, 0x83, 0x6c, 0x83, 0x4b, 0x7b, 0x6c, 0x83, 0xea, 0x72, 0x06, 0x4a,
    0xe3, 0x20, 0xc2, 0x18, 0x85, 0x41, 0xaa, 0x6a, 0x4c, 0x7b, 0x6c, 0x83, 0x8c, 0x83, 0x6c, 0x83,
    0x8c, 0x83, 0x4b, 0x7b, 0xce, 0x8b, 0x86, 0x39, 0x40, 0x00, 0x00, 0x00, 0x0c, 0x63, 0xff, 0xff,
    0xdf, 0xff, 0xff, 0xff, 0xff, 0xff, 0xff, 0xff, 0xff, 0xff, 0xff, 0xff, 0xff, 0xff, 0xff, 0xff,
    0xff, 0xff, 0xff, 0xff, 0xff, 0xff, 0xff, 0xff, 0xff, 0xff, 0xff, 0xff, 0xff, 0xff, 0xff, 0xff,
    0xff, 0xff, 0xff, 0xff, 0xff, 0xff, 0xff, 0xff, 0xff, 0xff, 0xff, 0xff, 0xff, 0xff, 0xff, 0xff,
    0xff, 0xff, 0xff, 0xff, 0xff, 0xff, 0xff, 0xff, 0xff, 0xff, 0xff, 0xff, 0xff, 0xff, 0xff, 0xff,
    0xff, 0xff, 0xff, 0xff, 0xff, 0xff, 0xff, 0xff, 0xff, 0xff, 0xff, 0xff, 0xff, 0xff, 0xff, 0xff,
    0xff, 0xff, 0xff, 0xff, 0xff, 0xff, 0xff, 0xff, 0xff, 0xff, 0xff, 0xff, 0xff, 0xff, 0xff, 0xff,
    0xff, 0xff, 0xff, 0xff, 0xff, 0xff, 0xff, 0xff, 0xff, 0xff, 0xff, 0xff, 0xff, 0xff, 0xff, 0xff,
    0xff, 0xff, 0xff, 0xff, 0xff, 0xff, 0xff, 0xff, 0xff, 0xff, 0xff, 0xff, 0xff, 0xff, 0xff, 0xff,
    0xff, 0xff, 0xff, 0xff, 0xff, 0xff, 0xff, 0xff, 0xff, 0xff, 0xff, 0xff, 0xff, 0xff, 0xff, 0xff,
    0xff, 0xff, 0xdf, 0xff, 0xff, 0xff, 0x4d, 0x6b, 0x00, 0x00, 0x41, 0x08, 0x04, 0x21, 0x8c, 0x83,
    0x8c, 0x83, 0x6c, 0x83, 0x8c, 0x83, 0x8c, 0x83, 0x8c, 0x83, 0x6c, 0x83, 0xea, 0x72, 0xe6, 0x51,
    0x47, 0x5a, 0x4b, 0x7b, 0xad, 0x83, 0x6c, 0x7b, 0x6c, 0x83, 0x6c, 0x83, 0x6c, 0x83, 0x8c, 0x83,
    0x6c, 0x7b, 0x8c, 0x83, 0x6c, 0x7b, 0x8c, 0x83, 0x6c, 0x83, 0x8c, 0x83, 0x6c, 0x83, 0x6c, 0x83,
    0x8c, 0x83, 0x6c, 0x83, 0x8c, 0x83, 0x6c, 0x83, 0x8c, 0x83, 0x6c, 0x83, 0x6c, 0x83, 0x6c, 0x7b,
    0x8c, 0x83, 0x8c, 0x83, 0x6c, 0x83, 0x8c, 0x83, 0x6c, 0x7b, 0x8c, 0x83, 0x6c, 0x83, 0x8c, 0x83,
    0x6c, 0x83, 0x6c, 0x83, 0x8c, 0x83, 0x27, 0x52, 0x80, 0x20, 0x02, 0x39, 0x63, 0x41, 0x84, 0x41,
    0xac, 0x8b, 0x14, 0xd6, 0xb6, 0xe6, 0xb6, 0xee, 0xb6, 0xee, 0xb6, 0xee, 0xb6, 0xee, 0xb6, 0xee,
    0xb6, 0xee, 0xb6, 0xee, 0xb6, 0xee, 0xb6, 0xee, 0xb6, 0xee, 0xb6, 0xee, 0xb6, 0xee, 0xb6, 0xee,
    0xb6, 0xee, 0xb6, 0xee, 0xb6, 0xee, 0xb6, 0xee, 0xb6, 0xee, 0xb6, 0xee, 0xb6, 0xee, 0xb6, 0xee,
    0xb6, 0xee, 0xb6, 0xee, 0xb6, 0xee, 0xb6, 0xee, 0xb6, 0xee, 0xb6, 0xe6, 0x14, 0xd6, 0xcc, 0x83,
    0x84, 0x41, 0x22, 0x39, 0x22, 0x39, 0x60, 0x18, 0xe6, 0x49, 0x4b, 0x7b, 0x6c, 0x7b, 0x4b, 0x7b,
    0x6c, 0x83, 0x6b, 0x7b, 0x6b, 0x7b, 0x6c, 0x83, 0x6b, 0x7b, 0x6c, 0x83, 0x4b, 0x7b, 0x6c, 0x83,
    0x4b, 0x7b, 0x6b, 0x7b, 0x6b, 0x7b, 0x6b, 0x7b, 0x6c, 0x83, 0x6c, 0x7b, 0x6c, 0x7b, 0x4b, 0x7b,
    0x6c, 0x7b, 0x6c, 0x7b, 0x6b, 0x7b, 0x6b, 0x7b, 0x6c, 0x83, 0x6c, 0x7b, 0x6b, 0x7b, 0x6c, 0x7b,
    0x4b, 0x7b, 0x6c, 0x7b, 0x4b, 0x7b, 0xea, 0x72, 0xa6, 0x41, 0xe3, 0x28, 0xe3, 0x20, 0x44, 0x21,
    0x24, 0x29, 0x85, 0x39, 0xa9, 0x6a, 0x4b, 0x7b, 0x4b, 0x7b, 0x6c, 0x83, 0x8c, 0x7b, 0x4b, 0x7b,
    0xad, 0x8b, 0x6c, 0x73, 0xe3, 0x18, 0x41, 0x08, 0x00, 0x00, 0xb2, 0x94, 0xff, 0xff, 0xff, 0xff,
    0xff, 0xff, 0xff, 0xff, 0xff, 0xff, 0xff, 0xff, 0xff, 0xff, 0xff, 0xff, 0xff, 0xff, 0xff, 0xff,
    0xff, 0xff, 0xff, 0xff, 0xff, 0xff, 0xff, 0xff, 0xff, 0xff, 0xff, 0xff, 0xff, 0xff, 0xff, 0xff,
    0xff, 0xff, 0xff, 0xff, 0xff, 0xff, 0xff, 0xff, 0xff, 0xff, 0xff, 0xff, 0xff, 0xff, 0xff, 0xff,
    0xff, 0xff, 0xff, 0xff, 0xff, 0xff, 0xff, 0xff, 0xff, 0xff, 0xff, 0xff, 0xff, 0xff, 0xff, 0xff,
    0xff, 0xff, 0xff, 0xff, 0xff, 0xff, 0xff, 0xff, 0xff, 0xff, 0xff, 0xff, 0xff, 0xff, 0xff, 0xff,
    0xff, 0xff, 0xff, 0xff, 0xff, 0xff, 0xff, 0xff, 0xff, 0xff, 0xff, 0xff, 0xff, 0xff, 0xff, 0xff,
    0xff, 0xff, 0xff, 0xff, 0xff, 0xff, 0xff, 0xff, 0xff, 0xff, 0xff, 0xff, 0xff, 0xff, 0xff, 0xff,
    0xff, 0xff, 0xff, 0xff, 0xff, 0xff, 0xff, 0xff, 0xff, 0xff, 0xff, 0xff, 0xff, 0xff, 0xff, 0xff,
    0xff, 0xff, 0xff, 0xff, 0xff, 0xff, 0xff, 0xff, 0xff, 0xff, 0xff, 0xff, 0xdf, 0xff, 0xff, 0xff,
    0x14, 0xa5, 0x00, 0x00, 0x00, 0x00, 0x81, 0x10, 0x2b, 0x6b, 0x8d, 0x83, 0x6c, 0x7b, 0x4b, 0x7b,
    0x6b, 0x7b, 0x8c, 0x83, 0x4c, 0x7b, 0xc9, 0x6a, 0xc5, 0x41, 0x44, 0x31, 0x24, 0x29, 0x27, 0x52,
    0x0a, 0x7b, 0x6b, 0x83, 0x4b, 0x7b, 0x8c, 0x83, 0x6c, 0x83, 0x6c, 0x83, 0x6c, 0x7b, 0x6c, 0x83,
    0x4b, 0x7b, 0x6c, 0x83, 0x4b, 0x7b, 0x6c, 0x83, 0x6c, 0x7b, 0x6c, 0x7b, 0x6c, 0x7b, 0x4b, 0x7b,
    0x6c, 0x7b, 0x6c, 0x7b, 0x6c, 0x7b, 0x4b, 0x7b, 0x6c, 0x7b, 0x6b, 0x7b, 0x6c, 0x83, 0x6c, 0x83,
    0x6c, 0x7b, 0x6b, 0x7b, 0x4b, 0x7b, 0x6c, 0x7b, 0x4b, 0x7b, 0x6c, 0x7b, 0x4b, 0x7b, 0x4b, 0x7b,
    0x6c, 0x7b, 0x06, 0x52, 0x80, 0x20, 0x02, 0x39, 0x43, 0x41, 0x84, 0x41, 0xac, 0x8b, 0x14, 0xd6,
    0x96, 0xe6, 0xb6, 0xee, 0xb6, 0xee, 0xb6, 0xee, 0xb6, 0xee, 0xb6, 0xee, 0xb6, 0xee, 0xb6, 0xee,
    0xb6, 0xee, 0xb6, 0xee, 0xb6, 0xee, 0xb6, 0xee, 0xb6, 0xee, 0xb6, 0xee, 0xb6, 0xee, 0xb6, 0xee,
    0xb6, 0xee, 0xb6, 0xee, 0xb6, 0xee, 0xb6, 0xee, 0xb6, 0xee, 0xb6, 0xee, 0xb6, 0xee, 0xb6, 0xee,
    0xb6, 0xee, 0xb6, 0xee, 0xb6, 0xee, 0xb6, 0xe6, 0x14, 0xd6, 0xcc, 0x83, 0xa4, 0x41, 0x43, 0x41,
    0x23, 0x39, 0x60, 0x20, 0xe6, 0x49, 0x4c, 0x7b, 0x6c, 0x83, 0x6b, 0x83, 0x6c, 0x83, 0x6b, 0x7b,
    0x4b, 0x7b, 0x6c, 0x83, 0x6c, 0x83, 0x6c, 0x83, 0x4b, 0x7b, 0x6c, 0x83, 0x6b, 0x7b, 0x6c, 0x83,
    0x6c, 0x83, 0x6c, 0x83, 0x6b, 0x83, 0x6c, 0x7b, 0x6c, 0x83, 0x6c, 0x7b, 0x6c, 0x83, 0x6c, 0x83,
    0x6c, 0x83, 0x4b, 0x7b, 0x6b, 0x7b, 0x6b, 0x7b, 0x8c, 0x83, 0x6c, 0x83, 0x4b, 0x7b, 0x8c, 0x83,
    0xea, 0x6a, 0x07, 0x4a, 0x24, 0x29, 0xa2, 0x18, 0x24, 0x21, 0x86, 0x31, 0x86, 0x29, 0xc2, 0x18,
    0xa5, 0x41, 0xc9, 0x6a, 0x6c, 0x83, 0x4b, 0x7b, 0x6c, 0x7b, 0x6b, 0x7b, 0x8c, 0x83, 0xed, 0x8b,
    0xca, 0x62, 0xe3, 0x18, 0x20, 0x00, 0x40, 0x08, 0xd7, 0xb5, 0xff, 0xff, 0xdf, 0xff, 0xff, 0xff,
    0xff, 0xff, 0xff, 0xff, 0xff, 0xff, 0xff, 0xff, 0xff, 0xff, 0xff, 0xff, 0xff, 0xff, 0xff, 0xff,
    0xff, 0xff, 0xff, 0xff, 0xff, 0xff, 0xff, 0xff, 0xff, 0xff, 0xff, 0xff, 0xff, 0xff, 0xff, 0xff,
    0xff, 0xff, 0xff, 0xff, 0xff, 0xff, 0xff, 0xff, 0xff, 0xff, 0xff, 0xff, 0xff, 0xff, 0xff, 0xff,
    0xff, 0xff, 0xff, 0xff, 0xff, 0xff, 0xff, 0xff, 0xff, 0xff, 0xff, 0xff, 0xff, 0xff, 0xff, 0xff,
    0xff, 0xff, 0xff, 0xff, 0xff, 0xff, 0xff, 0xff, 0xff, 0xff, 0xff, 0xff, 0xff, 0xff, 0xff, 0xff,
    0xff, 0xff, 0xff, 0xff, 0xff, 0xff, 0xff, 0xff, 0xff, 0xff, 0xff, 0xff, 0xff, 0xff, 0xff, 0xff,
    0xff, 0xff, 0xff, 0xff, 0xff, 0xff, 0xff, 0xff, 0xff, 0xff, 0xff, 0xff, 0xff, 0xff, 0xff, 0xff,
    0xff, 0xff, 0xff, 0xff, 0xff, 0xff, 0xff, 0xff, 0xff, 0xff, 0xff, 0xff, 0xff, 0xff, 0xff, 0xff,
    0xff, 0xff, 0xff, 0xff, 0xff, 0xff, 0xdf, 0xf7, 0xff, 0xff, 0x18, 0xc6, 0x62, 0x08, 0x00, 0x00,
    0x41, 0x08, 0x89, 0x5a, 0xce, 0x8b, 0x6c, 0x83, 0x6b, 0x7b, 0x8b, 0x83, 0x8b, 0x83, 0x4b, 0x7b,
    0xea, 0x72, 0xc6, 0x49, 0x03, 0x29, 0x45, 0x21, 0x66, 0x29, 0x24, 0x31, 0x48, 0x62, 0x2b, 0x7b,
    0x6c, 0x7b, 0x4b, 0x7b, 0x6c, 0x7b, 0x8c, 0x83, 0x4b, 0x7b, 0x8c, 0x83, 0x6b, 0x7b, 0x6c, 0x83,
    0x6b, 0x7b, 0x6c, 0x83, 0x6c, 0x83, 0x6c, 0x83, 0x8c, 0x83, 0x6c, 0x7b, 0x6c, 0x83, 0x6c, 0x7b,
    0x6c, 0x7b, 0x4b, 0x7b, 0x6c, 0x83, 0x6b, 0x7b, 0x6b, 0x83, 0x6c, 0x83, 0x6b, 0x7b, 0x6b, 0x83,
    0x6c, 0x83, 0x8c, 0x83, 0x6c, 0x83, 0x6c, 0x83, 0x6c, 0x7b, 0x6c, 0x83, 0x6c, 0x83, 0xe6, 0x51,
    0x81, 0x20, 0x02, 0x39, 0x43, 0x41, 0x84, 0x41, 0xac, 0x8b, 0x14, 0xd6, 0xb6, 0xe6, 0xb6, 0xee,
    0xb6, 0xee, 0xb6, 0xee, 0xb6, 0xee, 0xb6, 0xee, 0xb6, 0xee, 0xb6, 0xee, 0xb6, 0xee, 0xb6, 0xee,
    0xb6, 0xee, 0xb6, 0xee, 0xb6, 0xee, 0xb6, 0xee, 0xb6, 0xee, 0xb6, 0xee, 0xb6, 0xee, 0xb6, 0xee,
    0xb6, 0xee, 0xb6, 0xee, 0xb6, 0xee, 0xb6, 0xee, 0xb6, 0xee, 0xb6, 0xee, 0xb6, 0xee, 0xb6, 0xee,
    0xb6, 0xee, 0xb6, 0xe6, 0x14, 0xd6, 0xcc, 0x83, 0xa4, 0x41, 0x22, 0x41, 0x22, 0x39, 0x60, 0x20,
    0xe6, 0x49, 0x4c, 0x7b, 0x6b, 0x7b, 0x6c, 0x83, 0x6c, 0x83, 0x6b, 0x7b, 0x6b, 0x7b, 0x6b, 0x7b,
    0x6c, 0x83, 0x6c, 0x83, 0x4b, 0x7b, 0x6c, 0x83, 0x6b, 0x7b, 0x6c, 0x83, 0x6c, 0x83, 0x6c, 0x7b,
    0x6c, 0x83, 0x6c, 0x7b, 0x6c, 0x83, 0x4b, 0x7b, 0x6c, 0x7b, 0x6c, 0x83, 0x6c, 0x7b, 0x6b, 0x7b,
    0x6c, 0x83, 0x6b, 0x7b, 0x6b, 0x83, 0x8c, 0x83, 0x4b, 0x7b, 0x6b, 0x83, 0x0a, 0x73, 0x44, 0x31,
    0xc3, 0x18, 0x45, 0x29, 0x45, 0x29, 0x24, 0x21, 0x65, 0x29, 0x65, 0x29, 0x44, 0x31, 0x85, 0x39,
    0xc9, 0x6a, 0x4b, 0x83, 0x6b, 0x7b, 0x4b, 0x7b, 0x6b, 0x83, 0x8c, 0x83, 0xce, 0x8b, 0x28, 0x52,
    0x82, 0x10, 0x00, 0x00, 0xe3, 0x18, 0x79, 0xce, 0xff, 0xff, 0xff, 0xff, 0xdf, 0xff, 0xff, 0xff,
    0xff, 0xff, 0xff, 0xff, 0xff, 0xff, 0xff, 0xff, 0xff, 0xff, 0xff, 0xff, 0xff, 0xff, 0xff, 0xff,
    0xff, 0xff, 0xff, 0xff, 0xff, 0xff, 0xff, 0xff, 0xff, 0xff, 0xff, 0xff, 0xff, 0xff, 0xff, 0xff,
    0xff, 0xff, 0xff, 0xff, 0xff, 0xff, 0xff, 0xff, 0xff, 0xff, 0xff, 0xff, 0xff, 0xff, 0xff, 0xff,
    0xff, 0xff, 0xff, 0xff, 0xff, 0xff, 0xff, 0xff, 0xff, 0xff, 0xff, 0xff, 0xff, 0xff, 0xff, 0xff,
    0xff, 0xff, 0xff, 0xff, 0xff, 0xff, 0xff, 0xff, 0xff, 0xff, 0xff, 0xff, 0xff, 0xff, 0xff, 0xff,
    0xff, 0xff, 0xff, 0xff, 0xff, 0xff, 0xff, 0xff, 0xff, 0xff, 0xff, 0xff, 0xff, 0xff, 0xff, 0xff,
    0xff, 0xff, 0xff, 0xff, 0xff, 0xff, 0xff, 0xff, 0xff, 0xff, 0xff, 0xff, 0xff, 0xff, 0xff, 0xff,
    0xff, 0xff, 0xff, 0xff, 0xff, 0xff, 0xff, 0xff, 0xff, 0xff, 0xff, 0xff, 0xff, 0xff, 0xff, 0xff,
    0xdf, 0xff, 0xff, 0xff, 0xdb, 0xd6, 0x25, 0x21, 0x00, 0x00, 0x20, 0x00, 0xa6, 0x39, 0xce, 0x8b,
    0x6c, 0x7b, 0x6b, 0x7b, 0x8c, 0x83, 0x4b, 0x83, 0x6c, 0x83, 0xea, 0x72, 0xc6, 0x41, 0xe3, 0x20,
    0x65, 0x29, 0x44, 0x29, 0x65, 0x31, 0xe3, 0x20, 0x24, 0x29, 0x48, 0x5a, 0x2b, 0x7b, 0x6c, 0x7b,
    0x4b, 0x7b, 0x6c, 0x83, 0x8c, 0x83, 0x6b, 0x7b, 0x4b, 0x7b, 0x6c, 0x83, 0x6b, 0x7b, 0x6c, 0x83,
    0x6b, 0x7b, 0x6c, 0x7b, 0x8c, 0x83, 0x6c, 0x7b, 0x6c, 0x83, 0x6c, 0x7b, 0x6c, 0x7b, 0x6c, 0x7b,
    0x6c, 0x83, 0x6b, 0x7b, 0x6c, 0x83, 0x6c, 0x83, 0x6b, 0x7b, 0x6b, 0x7b, 0x4b, 0x7b, 0x6c, 0x83,
    0x6c, 0x7b, 0x6c, 0x7b, 0x6c, 0x7b, 0x4b, 0x7b, 0x8c, 0x83, 0x07, 0x52, 0x80, 0x20, 0x02, 0x39,
    0x43, 0x41, 0x84, 0x41, 0xac, 0x8b, 0x14, 0xd6, 0xb6, 0xe6, 0xb6, 0xee, 0xb6, 0xee, 0xb6, 0xee,
    0xb6, 0xee, 0xb6, 0xee, 0xb6, 0xee, 0xb6, 0xee, 0xb6, 0xee, 0xb6, 0xee, 0xb6, 0xee, 0xb6, 0xee,
    0xb6, 0xee, 0xb6, 0xee, 0xb6, 0xee, 0xb6, 0xee, 0xb6, 0xee, 0xb6, 0xee, 0xb6, 0xee, 0xb6, 0xee,
    0xb6, 0xee, 0xb6, 0xee, 0xb6, 0xee, 0xb6, 0xee, 0xb6, 0xee, 0xb6, 0xee, 0xb6, 0xee, 0xb6, 0xe6,
    0x14, 0xd6, 0xcc, 0x83, 0xa4, 0x41, 0x43, 0x41, 0x22, 0x39, 0x60, 0x18, 0xe6, 0x49, 0x4b, 0x7b,
    0x6b, 0x7b, 0x6c, 0x83, 0x4c, 0x7b, 0x6b, 0x7b, 0x6c, 0x83, 0x6c, 0x83, 0x6b, 0x7b, 0x6c, 0x83,
    0x6c, 0x83, 0x8c, 0x83, 0x6c, 0x83, 0x6c, 0x83, 0x6c, 0x83, 0x6b, 0x7b, 0x8c, 0x83, 0x6c, 0x7b,
    0x6c, 0x7b, 0x4b, 0x7b, 0x6c, 0x83, 0x6c, 0x7b, 0x6c, 0x7b, 0x4b, 0x7b, 0x8c, 0x83, 0x6c, 0x83,
    0x4b, 0x7b, 0x6c, 0x83, 0x6c, 0x83, 0x8c, 0x83, 0x6b, 0x7b, 0xca, 0x62, 0xc7, 0x39, 0x45, 0x29,
    0x65, 0x29, 0xc7, 0x39, 0x24, 0x21, 0x25, 0x21, 0x86, 0x31, 0xe3, 0x20, 0x85, 0x41, 0xa9, 0x6a,
    0x6c, 0x7b, 0x8c, 0x83, 0x6c, 0x83, 0x6b, 0x83, 0xad, 0x8b, 0xef, 0x93, 0xc6, 0x39, 0x81, 0x10,
    0x00, 0x00, 0x45, 0x29, 0xfb, 0xde, 0xff, 0xff, 0xff, 0xff, 0xff, 0xff, 0xff, 0xff, 0xdf, 0xff,
    0xff, 0xff, 0xff, 0xff, 0xff, 0xff, 0xff, 0xff, 0xff, 0xff, 0xff, 0xff, 0xff, 0xff, 0xff, 0xff,
    0xff, 0xff, 0xff, 0xff, 0xff, 0xff, 0xff, 0xff, 0xff, 0xff, 0xff, 0xff, 0xff, 0xff, 0xff, 0xff,
    0xff, 0xff, 0xff, 0xff, 0xff, 0xff, 0xff, 0xff, 0xff, 0xff, 0xff, 0xff, 0xff, 0xff, 0xff, 0xff,
    0xff, 0xff, 0xff, 0xff, 0xff, 0xff, 0xff, 0xff, 0xff, 0xff, 0xff, 0xff, 0xff, 0xff, 0xff, 0xff,
    0xff, 0xff, 0xff, 0xff, 0xff, 0xff, 0xff, 0xff, 0xff, 0xff, 0xff, 0xff, 0xff, 0xff, 0xff, 0xff,
    0xff, 0xff, 0xff, 0xff, 0xff, 0xff, 0xff, 0xff, 0xff, 0xff, 0xff, 0xff, 0xff, 0xff, 0xff, 0xff,
    0xff, 0xff, 0xff, 0xff, 0xff, 0xff, 0xff, 0xff, 0xff, 0xff, 0xff, 0xff, 0xff, 0xff, 0xff, 0xff,
    0xff, 0xff, 0xff, 0xff, 0xff, 0xff, 0xff, 0xff, 0xff, 0xff, 0xff, 0xff, 0xff, 0xff, 0x3c, 0xe7,
    0x86, 0x31, 0x00, 0x00, 0x61, 0x08, 0x44, 0x31, 0x8d, 0x7b, 0xad, 0x8b, 0x4b, 0x7b, 0x8b, 0x7b,
    0x6b, 0x83, 0x6c, 0x83, 0xca, 0x6a, 0xe6, 0x49, 0xe3, 0x20, 0x24, 0x21, 0xc7, 0x39, 0x65, 0x29,
    0x65, 0x29, 0x85, 0x31, 0x04, 0x19, 0x85, 0x39, 0x0a, 0x73, 0x6c, 0x83, 0x8c, 0x83, 0x6b, 0x7b,
    0x8b, 0x83, 0x6c, 0x83, 0x6b, 0x7b, 0x8c, 0x83, 0x6b, 0x7b, 0x6c, 0x83, 0x6c, 0x83, 0x6c, 0x83,
    0x6c, 0x83, 0x4b, 0x7b, 0x8c, 0x83, 0x8c, 0x83, 0x8c, 0x83, 0x6c, 0x7b, 0x6c, 0x83, 0x6b, 0x7b,
    0x6c, 0x83, 0x8c, 0x83, 0x6b, 0x7b, 0x6c, 0x83, 0x6c, 0x7b, 0x8c, 0x83, 0x6c, 0x83, 0x6c, 0x83,
    0x6c, 0x83, 0x6c, 0x83, 0x6c, 0x7b, 0x06, 0x4a, 0x60, 0x20, 0x02, 0x31, 0x63, 0x41, 0x84, 0x41,
    0xac, 0x8b, 0x14, 0xd6, 0xb6, 0xe6, 0xb6, 0xee, 0xb6, 0xee, 0xb6, 0xee, 0xb6, 0xee, 0xb6, 0xee,
    0xb6, 0xee, 0xb6, 0xee, 0xb6, 0xee, 0xb6, 0xee, 0xb6, 0xee, 0xb6, 0xee, 0xb6, 0xee, 0xb6, 0xee,
    0xb6, 0xee, 0xb6, 0xee, 0xb6, 0xee, 0xb6, 0xee, 0xb6, 0xee, 0xb6, 0xee, 0xb6, 0xee, 0xb6, 0xee,
    0xb6, 0xee, 0xb6, 0xee, 0xb6, 0xee, 0xb6, 0xee, 0xb6, 0xee, 0xb6, 0xe6, 0x14, 0xd6, 0xcc, 0x83,
    0xa4, 0x41, 0x43, 0x41, 0x22, 0x39, 0x80, 0x20, 0xc6, 0x49, 0x0b, 0x73, 0x4b, 0x7b, 0x8c, 0x83,
    0x6c, 0x7b, 0x6b, 0x7b, 0x6c, 0x83, 0x6c, 0x83, 0x4b, 0x7b, 0x6b, 0x7b, 0x6b, 0x7b, 0x8c, 0x83,
    0x6b, 0x7b, 0x6b, 0x7b, 0x4b, 0x7b, 0x6b, 0x7b, 0x6c, 0x83, 0x6c, 0x7b, 0x6c, 0x7b, 0x4b, 0x7b,
    0x6c, 0x7b, 0x6c, 0x83, 0x6c, 0x83, 0x6b, 0x7b, 0x6b, 0x7b, 0x6c, 0x83, 0x6c, 0x83, 0xca, 0x6a,
    0x89, 0x62, 0x4b, 0x7b, 0x6c, 0x7b, 0x4c, 0x7b, 0x4c, 0x73, 0xc6, 0x39, 0x45, 0x29, 0xe7, 0x39,
    0xe3, 0x18, 0xe4, 0x18, 0xe8, 0x39, 0x24, 0x21, 0x61, 0x18, 0x85, 0x39, 0xca, 0x62, 0x6c, 0x7b,
    0x8c, 0x83, 0x4b, 0x7b, 0x4b, 0x7b, 0xcd, 0x8b, 0xad, 0x7b, 0x85, 0x31, 0x61, 0x10, 0x00, 0x00,
    0x86, 0x31, 0xfb, 0xde, 0xff, 0xff, 0xde, 0xf7, 0xff, 0xff, 0xff, 0xff, 0xff, 0xff, 0xff, 0xff,
    0xff, 0xff, 0xff, 0xff, 0xff, 0xff, 0xff, 0xff, 0xff, 0xff, 0xff, 0xff, 0xff, 0xff, 0xff, 0xff,
    0xff, 0xff, 0xff, 0xff, 0xff, 0xff, 0xff, 0xff, 0xff, 0xff, 0xff, 0xff, 0xff, 0xff, 0xff, 0xff,
    0xff, 0xff, 0xff, 0xff, 0xff, 0xff, 0xff, 0xff, 0xff, 0xff, 0xff, 0xff, 0xff, 0xff, 0xff, 0xff,
    0xff, 0xff, 0xff, 0xff, 0xff, 0xff, 0xff, 0xff, 0xff, 0xff, 0xff, 0xff, 0xff, 0xff, 0xff, 0xff,
    0xff, 0xff, 0xff, 0xff, 0xff, 0xff, 0xff, 0xff, 0xff, 0xff, 0xff, 0xff, 0xff, 0xff, 0xff, 0xff,
    0xff, 0xff, 0xff, 0xff, 0xff, 0xff, 0xff, 0xff, 0xff, 0xff, 0xff, 0xff, 0xff, 0xff, 0xff, 0xff,
    0xff, 0xff, 0xff, 0xff, 0xff, 0xff, 0xff, 0xff, 0xff, 0xff, 0xff, 0xff, 0xff, 0xff, 0xff, 0xff,
    0xff, 0xff, 0xff, 0xff, 0xdf, 0xf7, 0xff, 0xff, 0x3c, 0xe7, 0xc6, 0x39, 0x00, 0x00, 0x82, 0x10,
    0x03, 0x21, 0x6c, 0x7b, 0xcd, 0x8b, 0x4b, 0x7b, 0x6b, 0x83, 0x6b, 0x7b, 0x4b, 0x7b, 0x2b, 0x73,
    0xc6, 0x41, 0xc3, 0x20, 0x65, 0x29, 0x65, 0x29, 0x45, 0x21, 0xe3, 0x18, 0x85, 0x29, 0x65, 0x31,
    0x45, 0x29, 0x68, 0x5a, 0x4b, 0x7b, 0x4b, 0x7b, 0x8c, 0x83, 0x6c, 0x83, 0x4b, 0x7b, 0x6c, 0x83,
    0x4b, 0x7b, 0x6c, 0x83, 0x4b, 0x7b, 0x6b, 0x7b, 0x6b, 0x7b, 0x6c, 0x83, 0x6c, 0x7b, 0x4b, 0x7b,
    0x8c, 0x83, 0x8c, 0x83, 0x8c, 0x83, 0x4b, 0x7b, 0x6b, 0x7b, 0x4b, 0x7b, 0x6b, 0x7b, 0x6c, 0x83,
    0x6c, 0x83, 0x6c, 0x83, 0x4b, 0x7b, 0x6c, 0x83, 0x6c, 0x7b, 0x6c, 0x7b, 0x6c, 0x7b, 0x6c, 0x7b,
    0x2b, 0x73, 0xe6, 0x49, 0x81, 0x20, 0x02, 0x39, 0x63, 0x41, 0x84, 0x41, 0xac, 0x8b, 0x14, 0xd6,
    0x96, 0xe6, 0xb6, 0xee, 0xb6, 0xee, 0xb6, 0xee, 0xb6, 0xee, 0xb6, 0xee, 0xb6, 0xee, 0xb6, 0xee,
    0xb6, 0xee, 0xb6, 0xee, 0xb6, 0xee, 0xb6, 0xee, 0xb6, 0xee, 0xb6, 0xee, 0xb6, 0xee, 0xb6, 0xee,
    0xb6, 0xee, 0xb6, 0xee, 0xb6, 0xee, 0xb6, 0xee, 0xb6, 0xee, 0xb6, 0xee, 0xb6, 0xee, 0xb6, 0xee,
    0xb6, 0xee, 0xb6, 0xee, 0xb6, 0xee, 0xb6, 0xe6, 0x14, 0xd6, 0xcc, 0x83, 0xa4, 0x41, 0x22, 0x41,
    0x02, 0x39, 0xa1, 0x20, 0x85, 0x41, 0xa9, 0x62, 0x2b, 0x73, 0x4b, 0x7b, 0x6c, 0x83, 0x6b, 0x7b,
    0x6b, 0x7b, 0x6c, 0x83, 0x6b, 0x7b, 0x6c, 0x83, 0x4b, 0x7b, 0x8c, 0x83, 0x4b, 0x7b, 0x6b, 0x7b,
    0x4b, 0x7b, 0x4b, 0x7b, 0x6b, 0x7b, 0x4b, 0x7b, 0x6c, 0x7b, 0x4b, 0x7b, 0x6c, 0x7b, 0x6c, 0x83,
    0x8c, 0x83, 0x6c, 0x83, 0x6b, 0x83, 0x4b, 0x7b, 0xea, 0x6a, 0xe6, 0x49, 0x44, 0x39, 0xe7, 0x49,
    0x0a, 0x73, 0x6c, 0x83, 0x4b, 0x7b, 0xca, 0x62, 0xa6, 0x31, 0xe3, 0x18, 0x44, 0x21, 0x86, 0x31,
    0x65, 0x31, 0x65, 0x29, 0x24, 0x21, 0x03, 0x21, 0x85, 0x41, 0xc9, 0x6a, 0x4b, 0x7b, 0x6c, 0x83,
    0x4b, 0x7b, 0x4b, 0x7b, 0xcd, 0x8b, 0x6c, 0x7b, 0x65, 0x31, 0x82, 0x10, 0x00, 0x00, 0xa6, 0x31,
    0xdb, 0xd6, 0xff, 0xff, 0xdf, 0xf7, 0xff, 0xff, 0xff, 0xff, 0xff, 0xff, 0xff, 0xff, 0xff, 0xff,
    0xff, 0xff, 0xff, 0xff, 0xff, 0xff, 0xff, 0xff, 0xff, 0xff, 0xff, 0xff, 0xff, 0xff, 0xff, 0xff,
    0xff, 0xff, 0xff, 0xff, 0xff, 0xff, 0xff, 0xff, 0xff, 0xff, 0xff, 0xff, 0xff, 0xff, 0xff, 0xff,
    0xff, 0xff, 0xff, 0xff, 0xff, 0xff, 0xff, 0xff, 0xff, 0xff, 0xff, 0xff, 0xff, 0xff, 0xff, 0xff,
    0xff, 0xff, 0xff, 0xff, 0xff, 0xff, 0xff, 0xff, 0xff, 0xff, 0xff, 0xff, 0xff, 0xff, 0xff, 0xff,
    0xff, 0xff, 0xff, 0xff, 0xff, 0xff, 0xff, 0xff, 0xff, 0xff, 0xff, 0xff, 0xff, 0xff, 0xff, 0xff,
    0xff, 0xff, 0xff, 0xff, 0xff, 0xff, 0xff, 0xff, 0xff, 0xff, 0xff, 0xff, 0xff, 0xff, 0xff, 0xff,
    0xff, 0xff, 0xff, 0xff, 0xff, 0xff, 0xff, 0xff, 0xff, 0xff, 0xff, 0xff, 0xff, 0xff, 0xdf, 0xf7,
    0xff, 0xff, 0x1c, 0xe7, 0xc7, 0x39, 0x00, 0x00, 0x41, 0x08, 0x03, 0x21, 0x4b, 0x73, 0xcd, 0x8b,
    0x6b, 0x7b, 0x6b, 0x7b, 0x6c, 0x83, 0x4b, 0x7b, 0xea, 0x6a, 0xe6, 0x49, 0xc2, 0x20, 0xe3, 0x18,
    0x45, 0x29, 0x04, 0x21, 0x24, 0x21, 0xe3, 0x18, 0x45, 0x29, 0x45, 0x31, 0x69, 0x5a, 0x6c, 0x7b,
    0x4b, 0x7b, 0x2a, 0x73, 0xc9, 0x6a, 0x0a, 0x73, 0x6c, 0x83, 0x6b, 0x7b, 0x4b, 0x7b, 0x8c, 0x83,
    0x6b, 0x7b, 0x6b, 0x7b, 0x6b, 0x7b, 0x6c, 0x83, 0x6c, 0x7b, 0x4b, 0x7b, 0x6c, 0x83, 0x6c, 0x83,
    0x6c, 0x83, 0x4b, 0x7b, 0x6b, 0x7b, 0x4b, 0x7b, 0x4b, 0x7b, 0x6b, 0x7b, 0x6b, 0x7b, 0x6c, 0x83,
    0x4b, 0x7b, 0x8c, 0x83, 0x6c, 0x83, 0x6c, 0x7b, 0x4b, 0x7b, 0x2b, 0x7b, 0xe9, 0x6a, 0xc5, 0x41,
    0x81, 0x20, 0x22, 0x39, 0x63, 0x41, 0x84, 0x41, 0xac, 0x83, 0x14, 0xd6, 0xb6, 0xe6, 0xb6, 0xee,
    0xb6, 0xee, 0xb6, 0xee, 0xb6, 0xee, 0xb6, 0xee, 0xb6, 0xee, 0xb6, 0xee, 0xb6, 0xee, 0xb6, 0xee,
    0xb6, 0xee, 0xb6, 0xee, 0xb6, 0xee, 0xb6, 0xee, 0xb6, 0xee, 0xb6, 0xee, 0xb6, 0xee, 0xb6, 0xee,
    0xb6, 0xee, 0xb6, 0xee, 0xb6, 0xee, 0xb6, 0xee, 0xb6, 0xee, 0xb6, 0xee, 0xb6, 0xee, 0xb6, 0xee,
    0xb6, 0xee, 0x96, 0xe6, 0x34, 0xd6, 0xcc, 0x8b, 0xc5, 0x49, 0x43, 0x41, 0x02, 0x31, 0x60, 0x18,
    0x44, 0x39, 0x48, 0x5a, 0xc9, 0x62, 0x2b, 0x73, 0x4b, 0x7b, 0x6b, 0x7b, 0x6b, 0x7b, 0x6c, 0x83,
    0x8c, 0x83, 0x8c, 0x83, 0x6c, 0x83, 0x8c, 0x83, 0x6b, 0x7b, 0x6c, 0x83, 0x6c, 0x83, 0x6b, 0x7b,
    0x6c, 0x7b, 0x4b, 0x7b, 0x6c, 0x83, 0x6c, 0x7b, 0x6c, 0x83, 0x8c, 0x83, 0x6c, 0x83, 0x6b, 0x83,
    0x6b, 0x7b, 0x2b, 0x73, 0xe6, 0x49, 0x65, 0x39, 0x04, 0x29, 0x04, 0x29, 0xc6, 0x49, 0x0a, 0x7b,
    0x6b, 0x83, 0x8c, 0x83, 0x0b, 0x6b, 0xa6, 0x31, 0x45, 0x21, 0x24, 0x21, 0x24, 0x21, 0x24, 0x21,
    0x86, 0x31, 0x86, 0x31, 0x03, 0x29, 0xa5, 0x41, 0xa9, 0x6a, 0x8c, 0x83, 0x6b, 0x83, 0xad, 0x83,
    0x2b, 0x7b, 0xed, 0x8b, 0x8d, 0x7b, 0x85, 0x31, 0x82, 0x10, 0x00, 0x00, 0x65, 0x29, 0x79, 0xce,
    0xff, 0xff, 0xdf, 0xf7, 0xff, 0xff, 0xff, 0xff, 0xff, 0xff, 0xff, 0xff, 0xff, 0xff, 0xff, 0xff,
    0xff, 0xff, 0xff, 0xff, 0xff, 0xff, 0xff, 0xff, 0xff, 0xff, 0xff, 0xff, 0xff, 0xff, 0xff, 0xff,
    0xff, 0xff, 0xff, 0xff, 0xff, 0xff, 0xff, 0xff, 0xff, 0xff, 0xff, 0xff, 0xff, 0xff, 0xff, 0xff,
    0xff, 0xff, 0xff, 0xff, 0xff, 0xff, 0xff, 0xff, 0xff, 0xff, 0xff, 0xff, 0xff, 0xff, 0xff, 0xff,
    0xff, 0xff, 0xff, 0xff, 0xff, 0xff, 0xff, 0xff, 0xff, 0xff, 0xff, 0xff, 0xff, 0xff, 0xff, 0xff,
    0xff, 0xff, 0xff, 0xff, 0xff, 0xff, 0xff, 0xff, 0xff, 0xff, 0xff, 0xff, 0xff, 0xff, 0xff, 0xff,
    0xff, 0xff, 0xff, 0xff, 0xff, 0xff, 0xff, 0xff, 0xff, 0xff, 0xff, 0xff, 0xff, 0xff, 0xff, 0xff,
    0xff, 0xff, 0xff, 0xff, 0xff, 0xff, 0xff, 0xff, 0xff, 0xff, 0xff, 0xff, 0xda, 0xd6, 0xa6, 0x31,
    0x00, 0x00, 0x41, 0x08, 0x24, 0x29, 0x4b, 0x73, 0xcd, 0x8b, 0x6c, 0x83, 0x4b, 0x7b, 0x8c, 0x83,
    0x2b, 0x7b, 0x0b, 0x73, 0xc6, 0x49, 0xc2, 0x18, 0xe3, 0x18, 0xe3, 0x18, 0x04, 0x21, 0x24, 0x29,
    0x24, 0x21, 0xc3, 0x10, 0x86, 0x31, 0xaa, 0x62, 0x4c, 0x7b, 0x6b, 0x83, 0x2b, 0x7b, 0x68, 0x5a,
    0x85, 0x41, 0x48, 0x5a, 0x2b, 0x73, 0x6c, 0x83, 0x6b, 0x7b, 0x8c, 0x83, 0x6c, 0x83, 0x8c, 0x83,
    0x6c, 0x83, 0x6c, 0x83, 0x8c, 0x83, 0x8c, 0x83, 0x8c, 0x83, 0x6c, 0x7b, 0x6c, 0x7b, 0x6c, 0x7b,
    0x8c, 0x83, 0x6c, 0x7b, 0x6c, 0x83, 0x6c, 0x7b, 0x6b, 0x7b, 0x6b, 0x7b, 0x6b, 0x7b, 0x8c, 0x83,
    0x6c, 0x83, 0x6c, 0x7b, 0x0b, 0x73, 0xc9, 0x6a, 0x89, 0x5a, 0x64, 0x39, 0x60, 0x18, 0x02, 0x39,
    0x43, 0x41, 0xa4, 0x49, 0xcc, 0x8b, 0x34, 0xd6, 0x96, 0xe6, 0xb6, 0xee, 0xb6, 0xee, 0xb6, 0xee,
    0xb6, 0xee, 0xb6, 0xee, 0xb6, 0xee, 0xb6, 0xee, 0xb6, 0xee, 0xb6, 0xee, 0xb6, 0xee, 0xb6, 0xee,
    0xb6, 0xee, 0xb6, 0xee, 0xb6, 0xee, 0xb6, 0xee, 0xb6, 0xee, 0xb6, 0xee, 0xb6, 0xee, 0xb6, 0xee,
    0xb6, 0xee, 0xb6, 0xee, 0xb6, 0xee, 0xb6, 0xee, 0xb6, 0xee, 0xb6, 0xee, 0xb6, 0xee, 0xb6, 0xe6,
    0x75, 0xde, 0xaf, 0xa4, 0x06, 0x52, 0x43, 0x41, 0x43, 0x39, 0x44, 0x39, 0x81, 0x20, 0x85, 0x39,
    0x68, 0x5a, 0xa9, 0x62, 0x0a, 0x73, 0x2b, 0x7b, 0x4b, 0x7b, 0x4b, 0x7b, 0x6b, 0x7b, 0x6b, 0x83,
    0x6b, 0x7b, 0x6c, 0x7b, 0x4c, 0x7b, 0x8c, 0x83, 0x6c, 0x83, 0x6c, 0x7b, 0x6c, 0x83, 0x6b, 0x7b,
    0x6b, 0x83, 0x6b, 0x7b, 0x6c, 0x83, 0x6c, 0x83, 0x6c, 0x7b, 0x4b, 0x7b, 0x0a, 0x73, 0xe6, 0x49,
    0xc2, 0x18, 0x24, 0x21, 0x24, 0x21, 0x25, 0x21, 0xc3, 0x20, 0xe6, 0x49, 0x0a, 0x73, 0x4b, 0x7b,
    0x8c, 0x83, 0x0b, 0x6b, 0xc6, 0x31, 0x25, 0x21, 0x04, 0x21, 0x86, 0x31, 0xa6, 0x39, 0x65, 0x31,
    0x45, 0x29, 0x03, 0x21, 0x85, 0x39, 0xa9, 0x6a, 0x4b, 0x7b, 0x6c, 0x7b, 0x6c, 0x7b, 0x4b, 0x7b,
    0xcd, 0x8b, 0x8d, 0x7b, 0x65, 0x31, 0x82, 0x10, 0x00, 0x00, 0xe3, 0x18, 0xd6, 0xb5, 0xff, 0xff,
    0xff, 0xff, 0xff, 0xff, 0xff, 0xff, 0xff, 0xff, 0xff, 0xff, 0xff, 0xff, 0xff, 0xff, 0xff, 0xff,
    0xff, 0xff, 0xff, 0xff, 0xff, 0xff, 0xff, 0xff, 0xff, 0xff, 0xff, 0xff, 0xff, 0xff, 0xff, 0xff,
    0xff, 0xff, 0xff, 0xff, 0xff, 0xff, 0xff, 0xff, 0xff, 0xff, 0xff, 0xff, 0xff, 0xff, 0xff, 0xff,
    0xff, 0xff, 0xff, 0xff, 0xff, 0xff, 0xff, 0xff, 0xff, 0xff, 0xff, 0xff, 0xff, 0xff, 0xff, 0xff,
    0xff, 0xff, 0xff, 0xff, 0xff, 0xff, 0xff, 0xff, 0xff, 0xff, 0xff, 0xff, 0xff, 0xff, 0xff, 0xff,
    0xff, 0xff, 0xff, 0xff, 0xff, 0xff, 0xff, 0xff, 0xff, 0xff, 0xff, 0xff, 0xff, 0xff, 0xff, 0xff,
    0xff, 0xff, 0xff, 0xff, 0xff, 0xff, 0xff, 0xff, 0xff, 0xff, 0xff, 0xff, 0xff, 0xff, 0xff, 0xff,
    0xff, 0xff, 0xbe, 0xf7, 0xff, 0xff, 0x38, 0xc6, 0x24, 0x21, 0x00, 0x00, 0x82, 0x10, 0x24, 0x29,
    0x4c, 0x73, 0xcd, 0x8b, 0x4b, 0x7b, 0x6c, 0x7b, 0x6c, 0x83, 0x4c, 0x7b, 0xea, 0x72, 0xc5, 0x41,
    0xe2, 0x20, 0x45, 0x29, 0x45, 0x29, 0x65, 0x31, 0x03, 0x21, 0x65, 0x29, 0x44, 0x21, 0x03, 0x21,
    0xca, 0x62, 0x4c, 0x7b, 0x4b, 0x83, 0x2b, 0x7b, 0x27, 0x5a, 0x24, 0x29, 0x04, 0x21, 0x03, 0x29,
    0x48, 0x5a, 0x0b, 0x73, 0x6b, 0x7b, 0x8b, 0x83, 0x4b, 0x7b, 0x6c, 0x7b, 0x6c, 0x7b, 0x6b, 0x7b,
    0x6c, 0x7b, 0x6c, 0x7b, 0x6c, 0x83, 0x6c, 0x7b, 0x6c, 0x7b, 0x4b, 0x7b, 0x8c, 0x83, 0x6c, 0x7b,
    0x6c, 0x83, 0x6c, 0x83, 0x4c, 0x7b, 0x6c, 0x7b, 0x4b, 0x7b, 0xac, 0x83, 0x4b, 0x7b, 0x0b, 0x73,
    0xca, 0x6a, 0x68, 0x62, 0xc6, 0x41, 0xa2, 0x20, 0x03, 0x31, 0x23, 0x39, 0x63, 0x41, 0x26, 0x52,
    0xaf, 0xa4, 0x75, 0xde, 0xb6, 0xe6, 0xb6, 0xee, 0xb6, 0xee, 0xb6, 0xee, 0xb6, 0xee, 0xb6, 0xee,
    0xb6, 0xee, 0xb6, 0xee, 0xb6, 0xee, 0xb6, 0xee, 0xb6, 0xee, 0xb6, 0xee, 0xb6, 0xee, 0xb6, 0xee,
    0xb6, 0xee, 0xb6, 0xee, 0xb6, 0xee, 0xb6, 0xee, 0xb6, 0xee, 0xb6, 0xee, 0xb6, 0xee, 0xb6, 0xee,
    0xb6, 0xee, 0xb6, 0xee, 0xb6, 0xee, 0xb6, 0xee, 0xb6, 0xee, 0xb6, 0xe6, 0x34, 0xd6, 0xd0, 0xa4,
    0xe6, 0x49, 0x02, 0x31, 0x23, 0x39, 0x84, 0x41, 0x43, 0x39, 0x81, 0x20, 0xc6, 0x41, 0x48, 0x52,
    0xc9, 0x62, 0x0a, 0x73, 0x4b, 0x7b, 0x4b, 0x7b, 0x6b, 0x7b, 0x6c, 0x83, 0x6b, 0x83, 0x6c, 0x7b,
    0x4b, 0x7b, 0x6c, 0x7b, 0x4b, 0x7b, 0x4b, 0x7b, 0x6c, 0x83, 0x6b, 0x7b, 0x6b, 0x7b, 0x6c, 0x83,
    0x4b, 0x7b, 0x6b, 0x7b, 0x8c, 0x83, 0x2b, 0x7b, 0x27, 0x52, 0xe3, 0x20, 0x24, 0x21, 0x25, 0x21,
    0xa6, 0x31, 0x65, 0x31, 0x45, 0x29, 0x45, 0x31, 0x07, 0x4a, 0xea, 0x72, 0x4b, 0x7b, 0x6c, 0x7b,
    0xea, 0x62, 0x44, 0x29, 0x04, 0x21, 0x66, 0x29, 0x86, 0x31, 0x04, 0x21, 0x45, 0x29, 0x03, 0x21,
    0xe3, 0x20, 0x85, 0x39, 0xea, 0x6a, 0x6c, 0x83, 0x4b, 0x7b, 0x4b, 0x7b, 0x4b, 0x7b, 0xee, 0x8b,
    0x8d, 0x7b, 0xc6, 0x39, 0xa2, 0x10, 0x00, 0x00, 0x41, 0x08, 0x71, 0x8c, 0xff, 0xff, 0xff, 0xff,
    0xdf, 0xf7, 0xff, 0xff, 0xff, 0xff, 0xff, 0xff, 0xff, 0xff, 0xff, 0xff, 0xff, 0xff, 0xff, 0xff,
    0xff, 0xff, 0xff, 0xff, 0xff, 0xff, 0xff, 0xff, 0xff, 0xff, 0xff, 0xff, 0xff, 0xff, 0xff, 0xff,
    0xff, 0xff, 0xff, 0xff, 0xff, 0xff, 0xff, 0xff, 0xff, 0xff, 0xff, 0xff, 0xff, 0xff, 0xff, 0xff,
    0xff, 0xff, 0xff, 0xff, 0xff, 0xff, 0xff, 0xff, 0xff, 0xff, 0xff, 0xff, 0xff, 0xff, 0xff, 0xff,
    0xff, 0xff, 0xff, 0xff, 0xff, 0xff, 0xff, 0xff, 0xff, 0xff, 0xff, 0xff, 0xff, 0xff, 0xff, 0xff,
    0xff, 0xff, 0xff, 0xff, 0xff, 0xff, 0xff, 0xff, 0xff, 0xff, 0xff, 0xff, 0xff, 0xff, 0xff, 0xff,
    0xff, 0xff, 0xff, 0xff, 0xff, 0xff, 0xff, 0xff, 0xff, 0xff, 0xdf, 0xff, 0xff, 0xff, 0xff, 0xff,
    0xf3, 0x9c, 0x82, 0x08, 0x00, 0x00, 0x61, 0x08, 0x65, 0x31, 0x6d, 0x7b, 0xee, 0x8b, 0x2b, 0x7b,
    0x4b, 0x7b, 0x6b, 0x83, 0x6b, 0x7b, 0xea, 0x72, 0xa6, 0x41, 0x24, 0x29, 0x04, 0x21, 0x04, 0x21,
    0x45, 0x29, 0x45, 0x29, 0x86, 0x31, 0x65, 0x29, 0x44, 0x29, 0x89, 0x5a, 0x8c, 0x83, 0x4b, 0x7b,
    0x2b, 0x7b, 0x47, 0x52, 0x64, 0x31, 0x24, 0x29, 0xe7, 0x39, 0xa2, 0x18, 0x23, 0x29, 0x68, 0x5a,
    0x0a, 0x73, 0x8c, 0x83, 0x4b, 0x7b, 0x4c, 0x7b, 0x6c, 0x7b, 0x6b, 0x7b, 0x6c, 0x7b, 0x6c, 0x7b,
    0x6c, 0x83, 0x6c, 0x7b, 0x6c, 0x7b, 0x4b, 0x7b, 0x6c, 0x83, 0x4b, 0x7b, 0x6c, 0x7b, 0x6c, 0x83,
    0x6c, 0x7b, 0x6c, 0x83, 0x6b, 0x7b, 0x4b, 0x7b, 0x2b, 0x73, 0xca, 0x6a, 0x68, 0x5a, 0xa5, 0x41,
    0x81, 0x20, 0x23, 0x39, 0x85, 0x49, 0x22, 0x39, 0x23, 0x31, 0xe5, 0x49, 0x8f, 0x9c, 0x34, 0xd6,
    0xb6, 0xe6, 0xb6, 0xee, 0xb6, 0xee, 0xb6, 0xee, 0xb6, 0xee, 0xb6, 0xee, 0xb6, 0xee, 0xb6, 0xee,
    0xb6, 0xee, 0xb6, 0xee, 0xb6, 0xee, 0xb6, 0xee, 0xb6, 0xee, 0xb6, 0xee, 0xb6, 0xee, 0xb6, 0xee,
    0xb6, 0xee, 0xb6, 0xee, 0xb6, 0xee, 0xb6, 0xee, 0xb6, 0xee, 0xb6, 0xee, 0xb6, 0xee, 0xb6, 0xee,
    0xb6, 0xee, 0xb6, 0xee, 0xb6, 0xee, 0xb6, 0xe6, 0xd7, 0xee, 0x11, 0xb5, 0xad, 0x83, 0x23, 0x31,
    0xe1, 0x28, 0x02, 0x39, 0x84, 0x49, 0x43, 0x39, 0x80, 0x20, 0xa5, 0x41, 0x68, 0x52, 0xa9, 0x62,
    0x0b, 0x73, 0x4b, 0x7b, 0x6c, 0x7b, 0x6c, 0x83, 0x6c, 0x83, 0x8c, 0x83, 0x6c, 0x7b, 0x6c, 0x83,
    0x6c, 0x7b, 0x6c, 0x7b, 0x6c, 0x7b, 0x6c, 0x83, 0x6b, 0x7b, 0x6c, 0x83, 0x6c, 0x7b, 0x6c, 0x83,
    0x8c, 0x83, 0x8c, 0x83, 0xe6, 0x49, 0x45, 0x29, 0x46, 0x21, 0x45, 0x21, 0x45, 0x29, 0x04, 0x21,
    0x04, 0x19, 0x65, 0x29, 0xc3, 0x20, 0x07, 0x52, 0xea, 0x72, 0x4b, 0x83, 0x6b, 0x7b, 0x0b, 0x6b,
    0xa6, 0x39, 0x86, 0x29, 0x25, 0x21, 0x04, 0x21, 0x65, 0x29, 0x04, 0x21, 0x25, 0x21, 0xc2, 0x18,
    0x85, 0x39, 0xc9, 0x6a, 0x4b, 0x7b, 0x6b, 0x83, 0x6c, 0x83, 0x4b, 0x7b, 0xce, 0x8b, 0xee, 0x83,
    0x07, 0x4a, 0xa2, 0x10, 0x20, 0x00, 0x00, 0x00, 0x0c, 0x63, 0x5d, 0xef, 0xff, 0xff, 0xdf, 0xff,
    0xff, 0xff, 0xff, 0xff, 0xff, 0xff, 0xff, 0xff, 0xff, 0xff, 0xff, 0xff, 0xff, 0xff, 0xff, 0xff,
    0xff, 0xff, 0xff, 0xff, 0xff, 0xff, 0xff, 0xff, 0xff, 0xff, 0xff, 0xff, 0xff, 0xff, 0xff, 0xff,
    0xff, 0xff, 0xff, 0xff, 0xff, 0xff, 0xff, 0xff, 0xff, 0xff, 0xff, 0xff, 0xff, 0xff, 0xff, 0xff,
    0xff, 0xff, 0xff, 0xff, 0xff, 0xff, 0xff, 0xff, 0xff, 0xff, 0xff, 0xff, 0xff, 0xff, 0xff, 0xff,
    0xff, 0xff, 0xff, 0xff, 0xff, 0xff, 0xff, 0xff, 0xff, 0xff, 0xff, 0xff, 0xff, 0xff, 0xff, 0xff,
    0xff, 0xff, 0xff, 0xff, 0xff, 0xff, 0xff, 0xff, 0xff, 0xff, 0xff, 0xff, 0xff, 0xff, 0xff, 0xff,
    0xff, 0xff, 0xff, 0xff, 0xbe, 0xf7, 0xff, 0xff, 0x7d, 0xef, 0x6d, 0x6b, 0x00, 0x00, 0x00, 0x00,
    0x82, 0x10, 0xa6, 0x39, 0xad, 0x83, 0xce, 0x8b, 0x6c, 0x7b, 0x6b, 0x7b, 0x8c, 0x83, 0x4b, 0x83,
    0xea, 0x72, 0xc6, 0x41, 0xa2, 0x18, 0x25, 0x21, 0x45, 0x29, 0x24, 0x21, 0x24, 0x21, 0x65, 0x29,
    0x25, 0x21, 0x65, 0x29, 0xca, 0x62, 0x6b, 0x7b, 0x6b, 0x83, 0x4b, 0x7b, 0x68, 0x5a, 0x24, 0x29,
    0x04, 0x21, 0x65, 0x29, 0x86, 0x29, 0x45, 0x29, 0xe3, 0x18, 0x44, 0x31, 0x48, 0x5a, 0x6c, 0x7b,
    0x4b, 0x7b, 0x6c, 0x83, 0x6c, 0x7b, 0x4b, 0x7b, 0x6c, 0x7b, 0x6c, 0x7b, 0x6c, 0x83, 0x6c, 0x83,
    0x6c, 0x83, 0x6c, 0x7b, 0x6c, 0x83, 0x4b, 0x7b, 0x6c, 0x7b, 0x6c, 0x83, 0x6c, 0x7b, 0x6c, 0x83,
    0x4b, 0x7b, 0x4b, 0x7b, 0xca, 0x6a, 0x89, 0x5a, 0xa5, 0x41, 0xa2, 0x20, 0x43, 0x39, 0x63, 0x41,
    0x02, 0x31, 0xe2, 0x30, 0x23, 0x31, 0x6c, 0x7b, 0x31, 0xb5, 0xd7, 0xee, 0xb6, 0xe6, 0xb6, 0xee,
    0xb6, 0xee, 0xb6, 0xee, 0xb6, 0xee, 0xb6, 0xee, 0xb6, 0xee, 0xb6, 0xee, 0xb6, 0xee, 0xb6, 0xee,
    0xb6, 0xee, 0xb6, 0xee, 0xb6, 0xee, 0xb6, 0xee, 0xb6, 0xee, 0xb6, 0xee, 0xb6, 0xee, 0xb6, 0xee,
    0xb6, 0xee, 0xb6, 0xee, 0xb6, 0xee, 0xb6, 0xee, 0xb6, 0xee, 0xb6, 0xee, 0xb6, 0xee, 0xb6, 0xee,
    0xb6, 0xee, 0xb6, 0xee, 0xb6, 0xe6, 0xf3, 0xcd, 0xb4, 0xc5, 0xcd, 0x83, 0x23, 0x31, 0xa1, 0x28,
    0x23, 0x39, 0x84, 0x49, 0x64, 0x39, 0x81, 0x18, 0xa6, 0x41, 0x48, 0x52, 0xca, 0x62, 0x2b, 0x73,
    0x4b, 0x7b, 0x6c, 0x7b, 0x6b, 0x7b, 0x8c, 0x83, 0x6c, 0x7b, 0x6c, 0x83, 0x6c, 0x83, 0x6c, 0x83,
    0x6c, 0x83, 0x6c, 0x83, 0x6c, 0x83, 0x6c, 0x83, 0x8c, 0x83, 0x4b, 0x7b, 0x6b, 0x7b, 0x6b, 0x7b,
    0x6c, 0x7b, 0x89, 0x52, 0x25, 0x21, 0x25, 0x21, 0xc3, 0x18, 0x44, 0x21, 0x04, 0x19, 0x45, 0x29,
    0x04, 0x21, 0x04, 0x29, 0x07, 0x52, 0x2a, 0x7b, 0x8c, 0x83, 0x4b, 0x7b, 0x0b, 0x6b, 0xe7, 0x41,
    0x04, 0x21, 0x65, 0x29, 0xa6, 0x31, 0x65, 0x29, 0x25, 0x21, 0x66, 0x29, 0xc2, 0x18, 0x85, 0x39,
    0xc9, 0x6a, 0x4b, 0x7b, 0x6b, 0x83, 0x8c, 0x83, 0x4b, 0x7b, 0xcd, 0x8b, 0x2f, 0x94, 0x89, 0x5a,
    0x24, 0x29, 0x61, 0x08, 0x00, 0x00, 0x86, 0x31, 0xb6, 0xb5, 0xff, 0xff, 0xff, 0xff, 0xdf, 0xff,
    0xdf, 0xff, 0xff, 0xff, 0xff, 0xff, 0xff, 0xff, 0xff, 0xff, 0xff, 0xff, 0xff, 0xff, 0xff, 0xff,
    0xff, 0xff, 0xff, 0xff, 0xff, 0xff, 0xff, 0xff, 0xff, 0xff, 0xff, 0xff, 0xff, 0xff, 0xff, 0xff,
    0xff, 0xff, 0xff, 0xff, 0xff, 0xff, 0xff, 0xff, 0xff, 0xff, 0xff, 0xff, 0xff, 0xff, 0xff, 0xff,
    0xff, 0xff, 0xff, 0xff, 0xff, 0xff, 0xff, 0xff, 0xff, 0xff, 0xff, 0xff, 0xff, 0xff, 0xff, 0xff,
    0xff, 0xff, 0xff, 0xff, 0xff, 0xff, 0xff, 0xff, 0xff, 0xff, 0xff, 0xff, 0xff, 0xff, 0xff, 0xff,
    0xff, 0xff, 0xff, 0xff, 0xff, 0xff, 0xff, 0xff, 0xff, 0xff, 0xff, 0xff, 0xff, 0xff, 0xff, 0xff,
    0xff, 0xff, 0xf7, 0xbd, 0xa6, 0x31, 0x00, 0x00, 0x20, 0x00, 0xc2, 0x18, 0x68, 0x52, 0xce, 0x83,
    0xee, 0x8b, 0x6b, 0x7b, 0x6b, 0x7b, 0x8c, 0x83, 0x6b, 0x83, 0xea, 0x72, 0xe6, 0x49, 0xc2, 0x20,
    0x24, 0x21, 0x25, 0x21, 0x45, 0x29, 0x24, 0x21, 0x24, 0x21, 0x24, 0x21, 0x65, 0x29, 0xca, 0x62,
    0x6c, 0x7b, 0x6b, 0x83, 0x2a, 0x7b, 0x68, 0x5a, 0x03, 0x29, 0x04, 0x21, 0x45, 0x21, 0x65, 0x29,
    0x25, 0x21, 0x86, 0x31, 0x65, 0x29, 0x24, 0x29, 0x27, 0x52, 0x6c, 0x7b, 0x6c, 0x83, 0x6c, 0x83,
    0x6c, 0x7b, 0x6b, 0x7b, 0x8c, 0x83, 0x6c, 0x83, 0x6c, 0x83, 0x6c, 0x83, 0x6c, 0x7b, 0x4b, 0x7b,
    0x8c, 0x83, 0x6c, 0x7b, 0x6c, 0x83, 0x8c, 0x83, 0x6c, 0x83, 0x6c, 0x7b, 0x0a, 0x73, 0x0a, 0x73,
    0x89, 0x5a, 0xc6, 0x41, 0x81, 0x20, 0x23, 0x39, 0x64, 0x41, 0x23, 0x39, 0xe2, 0x30, 0xc2, 0x20,
    0x8c, 0x7b, 0x32, 0xb5, 0xf3, 0xcd, 0xb6, 0xe6, 0xb6, 0xee, 0xb6, 0xee, 0xb6, 0xee, 0xb6, 0xee,
    0xb6, 0xee, 0xb6, 0xee, 0xb6, 0xee, 0xb6, 0xee, 0xb6, 0xee, 0xb6, 0xee, 0xb6, 0xee, 0xb6, 0xee,
    0xb6, 0xee, 0xb6, 0xee, 0xb6, 0xee, 0xb6, 0xee, 0xb6, 0xee, 0xb6, 0xee, 0xb6, 0xee, 0xb6, 0xee,
    0xb6, 0xee, 0xb6, 0xee, 0xb6, 0xee, 0xb6, 0xee, 0xb6, 0xee, 0xb6, 0xee, 0xb6, 0xee, 0xb6, 0xee,
    0xb6, 0xee, 0xb6, 0xe6, 0xd3, 0xcd, 0x32, 0xb5, 0x8d, 0x7b, 0x02, 0x29, 0xc1, 0x28, 0x02, 0x31,
    0x84, 0x41, 0x43, 0x39, 0x81, 0x20, 0x85, 0x39, 0x48, 0x52, 0xa9, 0x62, 0x0a, 0x73, 0x4b, 0x7b,
    0x4b, 0x7b, 0x6c, 0x7b, 0x4b, 0x7b, 0x4b, 0x7b, 0x6c, 0x7b, 0x6c, 0x7b, 0x6c, 0x83, 0x4b, 0x7b,
    0x6c, 0x7b, 0x2b, 0x7b, 0xea, 0x6a, 0x27, 0x52, 0x68, 0x5a, 0x4b, 0x7b, 0x2b, 0x7b, 0x6c, 0x7b,
    0xa9, 0x5a, 0x44, 0x29, 0x24, 0x21, 0x45, 0x29, 0x04, 0x21, 0xc3, 0x10, 0x45, 0x29, 0x24, 0x29,
    0xc2, 0x20, 0x07, 0x52, 0xea, 0x6a, 0x4b, 0x7b, 0x6c, 0x7b, 0x0b, 0x6b, 0xa6, 0x39, 0x04, 0x19,
    0x44, 0x29, 0xe3, 0x18, 0x65, 0x29, 0x86, 0x31, 0x24, 0x29, 0xe3, 0x18, 0x65, 0x39, 0xca, 0x6a,
    0x2b, 0x7b, 0x4b, 0x7b, 0x6c, 0x83, 0x4b, 0x7b, 0x8c, 0x83, 0xcd, 0x8b, 0x2c, 0x6b, 0x65, 0x31,
    0xa2, 0x10, 0x00, 0x00, 0x20, 0x00, 0x6d, 0x6b, 0x3c, 0xe7, 0xff, 0xff, 0xff, 0xff, 0xbe, 0xf7,
    0xff, 0xff, 0xff, 0xff, 0xff, 0xff, 0xff, 0xff, 0xff, 0xff, 0xff, 0xff, 0xff, 0xff, 0xff, 0xff,
    0xff, 0xff, 0xff, 0xff, 0xff, 0xff, 0xff, 0xff, 0xff, 0xff, 0xff, 0xff, 0xff, 0xff, 0xff, 0xff,
    0xff, 0xff, 0xff, 0xff, 0xff, 0xff, 0xff, 0xff, 0xff, 0xff, 0xff, 0xff, 0xff, 0xff, 0xff, 0xff,
    0xff, 0xff, 0xff, 0xff, 0xff, 0xff, 0xff, 0xff, 0xff, 0xff, 0xff, 0xff, 0xff, 0xff, 0xff, 0xff,
    0xff, 0xff, 0xff, 0xff, 0xff, 0xff, 0xff, 0xff, 0xff, 0xff, 0xff, 0xff, 0xff, 0xff, 0xff, 0xff,
    0xff, 0xff, 0xff, 0xff, 0xff, 0xff, 0xff, 0xff, 0xff, 0xff, 0x7d, 0xef, 0xae, 0x73, 0x61, 0x08,
    0x00, 0x00, 0x41, 0x08, 0x04, 0x29, 0xca, 0x62, 0xee, 0x8b, 0xac, 0x83, 0x6b, 0x83, 0x4b, 0x7b,
    0x6b, 0x83, 0x4b, 0x7b, 0xea, 0x6a, 0xa5, 0x41, 0xe3, 0x20, 0x04, 0x21, 0x24, 0x21, 0x24, 0x21,
    0x65, 0x29, 0x04, 0x21, 0x86, 0x31, 0x65, 0x31, 0x68, 0x52, 0x6c, 0x7b, 0x4b, 0x7b, 0x2b, 0x73,
    0x47, 0x52, 0x03, 0x29, 0x03, 0x21, 0x04, 0x21, 0xa3, 0x10, 0x65, 0x29, 0x24, 0x21, 0x24, 0x29,
    0xe3, 0x18, 0x07, 0x4a, 0xea, 0x6a, 0x8c, 0x83, 0x4b, 0x7b, 0x4b, 0x7b, 0x6c, 0x7b, 0x6c, 0x83,
    0x4b, 0x7b, 0x4b, 0x7b, 0x6c, 0x7b, 0x6c, 0x7b, 0x6c, 0x7b, 0x4b, 0x7b, 0x6c, 0x7b, 0x4b, 0x7b,
    0x6c, 0x7b, 0x6c, 0x7b, 0x2b, 0x7b, 0x0a, 0x73, 0xc9, 0x6a, 0x88, 0x5a, 0xa5, 0x41, 0x81, 0x20,
    0x23, 0x39, 0x64, 0x41, 0x02, 0x31, 0xc2, 0x28, 0xe3, 0x28, 0x4b, 0x73, 0x72, 0xb5, 0xd3, 0xcd,
    0xb6, 0xe6, 0xb6, 0xee, 0xb6, 0xee, 0xb6, 0xee, 0xb6, 0xee, 0xb6, 0xee, 0xb6, 0xee, 0xb6, 0xee,
    0xb6, 0xee, 0xb6, 0xee, 0xb6, 0xee, 0xb6, 0xee, 0xb6, 0xee, 0xb6, 0xee, 0xb6, 0xee, 0xb6, 0xee,
    0xb6, 0xee, 0xb6, 0xee, 0xb6, 0xee, 0xb6, 0xee, 0xb6, 0xee, 0xb6, 0xee, 0xb6, 0xee, 0xb6, 0xee,
    0xb6, 0xee, 0xb6, 0xee, 0xb6, 0xee, 0xb6, 0xee, 0xb6, 0xee, 0xb6, 0xee, 0xb6, 0xee, 0xb6, 0xe6,
    0xb6, 0xe6, 0xd3, 0xcd, 0x31, 0xad, 0xad, 0x7b, 0x43, 0x31, 0xc1, 0x28, 0x02, 0x39, 0xa5, 0x49,
    0x44, 0x39, 0xa2, 0x20, 0xa5, 0x39, 0x48, 0x52, 0xa9, 0x62, 0x2b, 0x73, 0x2b, 0x7b, 0x6c, 0x83,
    0x4b, 0x7b, 0x4b, 0x7b, 0x6c, 0x7b, 0x6c, 0x83, 0x6c, 0x83, 0x6c, 0x7b, 0x8c, 0x83, 0xea, 0x6a,
    0xe6, 0x49, 0xa2, 0x20, 0x24, 0x31, 0x68, 0x5a, 0x4b, 0x7b, 0x6c, 0x83, 0x4c, 0x7b, 0xa9, 0x5a,
    0x04, 0x21, 0x45, 0x29, 0x65, 0x31, 0x24, 0x21, 0xa6, 0x31, 0xa6, 0x31, 0x45, 0x29, 0xe4, 0x28,
    0x27, 0x4a, 0x0a, 0x73, 0x4b, 0x7b, 0x6c, 0x7b, 0x0b, 0x63, 0x65, 0x29, 0x24, 0x21, 0x86, 0x31,
    0x65, 0x29, 0x65, 0x31, 0x65, 0x29, 0x25, 0x21, 0xe3, 0x20, 0x85, 0x41, 0xa9, 0x62, 0x6c, 0x7b,
    0x6c, 0x83, 0x6c, 0x83, 0x2b, 0x7b, 0x8c, 0x83, 0x0e, 0x8c, 0x8d, 0x7b, 0x28, 0x4a, 0xe3, 0x20,
    0x20, 0x08, 0x00, 0x00, 0xe3, 0x18, 0xf3, 0x9c, 0x9e, 0xf7, 0xff, 0xff, 0xff, 0xff, 0xdf, 0xff,
    0xff, 0xff, 0xff, 0xff, 0xff, 0xff, 0xff, 0xff, 0xff, 0xff, 0xff, 0xff, 0xff, 0xff, 0xff, 0xff,
    0xff, 0xff, 0xff, 0xff, 0xff, 0xff, 0xff, 0xff, 0xff, 0xff, 0xff, 0xff, 0xff, 0xff, 0xff, 0xff,
    0xff, 0xff, 0xff, 0xff, 0xff, 0xff, 0xff, 0xff, 0xff, 0xff, 0xff, 0xff, 0xff, 0xff, 0xff, 0xff,
    0xff, 0xff, 0xff, 0xff, 0xff, 0xff, 0xff, 0xff, 0xff, 0xff, 0xff, 0xff, 0xff, 0xff, 0xff, 0xff,
    0xff, 0xff, 0xff, 0xff, 0xff, 0xff, 0xff, 0xff, 0xff, 0xff, 0xff, 0xff, 0xdf, 0xff, 0xff, 0xff,
    0xff, 0xff, 0xbe, 0xf7, 0x34, 0xa5, 0x24, 0x21, 0x00, 0x00, 0x20, 0x00, 0xa2, 0x18, 0xa7, 0x39,
    0x6d, 0x73, 0xce, 0x8b, 0xad, 0x83, 0x6b, 0x7b, 0x6c, 0x83, 0x4c, 0x7b, 0x4b, 0x7b, 0xe9, 0x72,
    0xa5, 0x41, 0x04, 0x29, 0xc3, 0x18, 0x45, 0x29, 0xe3, 0x18, 0x44, 0x29, 0x65, 0x29, 0x24, 0x21,
    0xc7, 0x39, 0x89, 0x5a, 0x8c, 0x83, 0x6c, 0x83, 0x2b, 0x73, 0x68, 0x5a, 0x23, 0x29, 0xc3, 0x18,
    0x66, 0x29, 0x65, 0x29, 0x45, 0x29, 0x86, 0x31, 0x85, 0x31, 0x65, 0x31, 0x08, 0x42, 0x2c, 0x73,
    0x6c, 0x7b, 0x6b, 0x7b, 0xa9, 0x6a, 0xa9, 0x6a, 0x2b, 0x73, 0x8c, 0x83, 0x6c, 0x7b, 0x6c, 0x7b,
    0x8c, 0x83, 0x6c, 0x7b, 0x6c, 0x83, 0x4b, 0x7b, 0x6c, 0x83, 0x6c, 0x7b, 0x6c, 0x83, 0x6c, 0x7b,
    0x2b, 0x73, 0xea, 0x6a, 0x68, 0x5a, 0xc5, 0x41, 0xa1, 0x20, 0x44, 0x39, 0x64, 0x41, 0x43, 0x41,
    0xe2, 0x30, 0xe3, 0x30, 0x4c, 0x73, 0x52, 0xb5, 0xd3, 0xcd, 0x96, 0xe6, 0xb6, 0xe6, 0xb6, 0xee,
    0xb6, 0xee, 0xb6, 0xee, 0xb6, 0xee, 0xb6, 0xee, 0xb6, 0xee, 0xb6, 0xee, 0xb6, 0xee, 0xb6, 0xee,
    0xb6, 0xee, 0xb6, 0xee, 0xb6, 0xee, 0xb6, 0xee, 0xb6, 0xee, 0xb6, 0xee, 0xb6, 0xee, 0xb6, 0xee,
    0xb6, 0xee, 0xb6, 0xee, 0xb6, 0xee, 0xb6, 0xee, 0xb6, 0xee, 0xb6, 0xee, 0xb6, 0xee, 0xb6, 0xee,
    0xb6, 0xee, 0xb6, 0xee, 0xb6, 0xee, 0xb6, 0xee, 0xb6, 0xee, 0xb6, 0xee, 0xb6, 0xe6, 0xb6, 0xe6,
    0xd3, 0xcd, 0x73, 0xbd, 0xce, 0x83, 0x03, 0x31, 0xc2, 0x28, 0x02, 0x31, 0x84, 0x49, 0x43, 0x39,
    0x60, 0x18, 0xa5, 0x41, 0x48, 0x52, 0xc9, 0x6a, 0x0a, 0x73, 0x4b, 0x7b, 0x4b, 0x7b, 0x4b, 0x7b,
    0x6c, 0x7b, 0x6b, 0x7b, 0x6c, 0x83, 0x4b, 0x7b, 0xea, 0x6a, 0xa6, 0x41, 0xe3, 0x20, 0x24, 0x21,
    0x44, 0x29, 0x44, 0x29, 0x68, 0x5a, 0x2b, 0x7b, 0x4b, 0x7b, 0x6c, 0x7b, 0x68, 0x52, 0x65, 0x29,
    0x65, 0x29, 0x65, 0x29, 0x24, 0x29, 0x86, 0x31, 0xa6, 0x31, 0x45, 0x21, 0xe2, 0x20, 0x07, 0x4a,
    0xea, 0x72, 0x6c, 0x7b, 0x8d, 0x83, 0xea, 0x6a, 0xc7, 0x39, 0x45, 0x29, 0x45, 0x29, 0x65, 0x29,
    0x45, 0x29, 0x24, 0x21, 0x04, 0x19, 0x03, 0x21, 0x85, 0x39, 0xc9, 0x6a, 0x4b, 0x7b, 0x4c, 0x7b,
    0x6c, 0x7b, 0x6b, 0x7b, 0x4b, 0x7b, 0xcd, 0x8b, 0x2f, 0x94, 0xeb, 0x6a, 0x65, 0x31, 0xa2, 0x10,
    0x00, 0x00, 0x00, 0x00, 0xc7, 0x39, 0x75, 0xad, 0x9e, 0xf7, 0xff, 0xff, 0xff, 0xff, 0xff, 0xff,
    0xff, 0xff, 0xff, 0xff, 0xff, 0xff, 0xff, 0xff, 0xff, 0xff, 0xff, 0xff, 0xff, 0xff, 0xff, 0xff,
    0xff, 0xff, 0xff, 0xff, 0xff, 0xff, 0xff, 0xff, 0xff, 0xff, 0xff, 0xff, 0xff, 0xff, 0xff, 0xff,
    0xff, 0xff, 0xff, 0xff, 0xff, 0xff, 0xff, 0xff, 0xff, 0xff, 0xff, 0xff, 0xff, 0xff, 0xff, 0xff,
    0xff, 0xff, 0xff, 0xff, 0xff, 0xff, 0xff, 0xff, 0xff, 0xff, 0xff, 0xff, 0xff, 0xff, 0xff, 0xff,
    0xff, 0xff, 0xff, 0xff, 0xdf, 0xff, 0xdf, 0xff, 0xff, 0xff, 0xbe, 0xf7, 0xb6, 0xb5, 0x28, 0x42,
    0x00, 0x00, 0x00, 0x00, 0x41, 0x08, 0x24, 0x21, 0xa9, 0x5a, 0xee, 0x8b, 0xcd, 0x8b, 0x4b, 0x7b,
    0x6b, 0x7b, 0x6c, 0x7b, 0x6c, 0x7b, 0x4b, 0x7b, 0xca, 0x72, 0xa6, 0x49, 0xc2, 0x20, 0x24, 0x21,
    0x44, 0x21, 0x24, 0x21, 0xa6, 0x31, 0x25, 0x21, 0xe3, 0x18, 0x65, 0x29, 0x89, 0x5a, 0x6c, 0x7b,
    0x4b, 0x7b, 0x0b, 0x73, 0x68, 0x5a, 0x03, 0x29, 0x86, 0x39, 0xa6, 0x31, 0x86, 0x31, 0x65, 0x31,
    0x04, 0x21, 0x66, 0x29, 0x86, 0x29, 0x07, 0x42, 0x2b, 0x73, 0x6b, 0x83, 0x4b, 0x7b, 0xea, 0x6a,
    0x85, 0x39, 0x24, 0x31, 0x27, 0x52, 0x0b, 0x7b, 0x6b, 0x7b, 0x4b, 0x7b, 0x6b, 0x83, 0x4c, 0x7b,
    0x4c, 0x7b, 0x4b, 0x7b, 0x6b, 0x7b, 0x6c, 0x83, 0x2b, 0x7b, 0x2b, 0x7b, 0xea, 0x6a, 0x68, 0x5a,
    0xa6, 0x41, 0xa1, 0x20, 0x02, 0x31, 0xa4, 0x49, 0x02, 0x31, 0xc2, 0x28, 0x02, 0x29, 0x6b, 0x73,
    0x32, 0xb5, 0xd3, 0xcd, 0x96, 0xe6, 0xb6, 0xe6, 0xb6, 0xee, 0xb6, 0xee, 0xb6, 0xee, 0xb6, 0xee,
    0xb6, 0xee, 0xb6, 0xee, 0xb6, 0xee, 0xb6, 0xee, 0xb6, 0xee, 0xb6, 0xee, 0xb6, 0xee, 0xb6, 0xee,
    0xb6, 0xee, 0xb6, 0xee, 0xb6, 0xee, 0xb6, 0xee, 0xb6, 0xee, 0xb6, 0xee, 0xb6, 0xee, 0xb6, 0xee,
    0xb6, 0xee, 0xb6, 0xee, 0xb6, 0xee, 0xb6, 0xee, 0xb6, 0xee, 0xb6, 0xee, 0xb6, 0xee, 0xb6, 0xee,
    0xb6, 0xee, 0xb6, 0xee, 0xb6, 0xee, 0xb6, 0xee, 0xb6, 0xee, 0xb6, 0xee, 0xb6, 0xe6, 0xd3, 0xcd,
    0x72, 0xb5, 0x8d, 0x7b, 0x43, 0x31, 0xc1, 0x28, 0xe2, 0x30, 0xa4, 0x49, 0x44, 0x39, 0x81, 0x20,
    0x85, 0x41, 0x48, 0x52, 0xa9, 0x62, 0x2b, 0x73, 0x4b, 0x7b, 0x4b, 0x7b, 0x6c, 0x7b, 0x4b, 0x7b,
    0x6b, 0x7b, 0x0a, 0x73, 0x07, 0x4a, 0x24, 0x29, 0x86, 0x31, 0x24, 0x21, 0x45, 0x29, 0x24, 0x29,
    0x44, 0x31, 0x68, 0x5a, 0x2b, 0x7b, 0x6c, 0x7b, 0x6c, 0x7b, 0xaa, 0x5a, 0x86, 0x31, 0x24, 0x21,
    0x24, 0x21, 0x04, 0x19, 0x04, 0x21, 0x65, 0x29, 0xe3, 0x18, 0xe3, 0x20, 0x07, 0x52, 0x6c, 0x7b,
    0x6c, 0x7b, 0x4b, 0x7b, 0x0b, 0x6b, 0xa6, 0x39, 0xe3, 0x18, 0x04, 0x21, 0x24, 0x21, 0xa6, 0x31,
    0x86, 0x29, 0x04, 0x21, 0xc2, 0x20, 0x65, 0x39, 0xca, 0x6a, 0x4b, 0x7b, 0x4b, 0x7b, 0x6b, 0x83,
    0x4b, 0x7b, 0x6c, 0x7b, 0xad, 0x83, 0xee, 0x8b, 0xce, 0x83, 0x69, 0x52, 0x24, 0x29, 0x61, 0x08,
    0x00, 0x00, 0x00, 0x00, 0xe7, 0x39, 0xf3, 0x9c, 0x9e, 0xf7, 0xff, 0xff, 0xff, 0xff, 0xff, 0xff,
    0xff, 0xff, 0xff, 0xff, 0xff, 0xff, 0xff, 0xff, 0xff, 0xff, 0xff, 0xff, 0xff, 0xff, 0xff, 0xff,
    0xff, 0xff, 0xff, 0xff, 0xff, 0xff, 0xff, 0xff, 0xff, 0xff, 0xff, 0xff, 0xff, 0xff, 0xff, 0xff,
    0xff, 0xff, 0xff, 0xff, 0xff, 0xff, 0xff, 0xff, 0xff, 0xff, 0xff, 0xff, 0xff, 0xff, 0xff, 0xff,
    0xff, 0xff, 0xff, 0xff, 0xff, 0xff, 0xff, 0xff, 0xff, 0xff, 0xff, 0xff, 0xff, 0xff, 0xff, 0xff,
    0xff, 0xff, 0xbe, 0xf7, 0xf3, 0x9c, 0x48, 0x42, 0x00, 0x00, 0x00, 0x00, 0x61, 0x08, 0xe3, 0x20,
    0x08, 0x42, 0x8d, 0x73, 0xef, 0x8b, 0x8c, 0x83, 0x6b, 0x7b, 0x4b, 0x7b, 0x8c, 0x83, 0x2b, 0x7b,
    0x4b, 0x7b, 0x0b, 0x73, 0x85, 0x39, 0xc2, 0x18, 0x24, 0x21, 0x44, 0x29, 0x24, 0x21, 0x86, 0x31,
    0x45, 0x29, 0xa6, 0x31, 0x86, 0x31, 0xa9, 0x5a, 0x6c, 0x7b, 0x6b, 0x7b, 0x2b, 0x7b, 0x68, 0x5a,
    0xe3, 0x28, 0xc2, 0x20, 0x86, 0x31, 0xc7, 0x39, 0x45, 0x29, 0x66, 0x29, 0x45, 0x21, 0x03, 0x21,
    0x07, 0x4a, 0x4c, 0x7b, 0x6c, 0x7b, 0x4b, 0x7b, 0x88, 0x62, 0x64, 0x31, 0xe3, 0x20, 0x65, 0x31,
    0x03, 0x29, 0x48, 0x5a, 0x2b, 0x73, 0x6b, 0x7b, 0x4b, 0x7b, 0x6c, 0x83, 0x6c, 0x83, 0x6b, 0x7b,
    0x6b, 0x7b, 0x0a, 0x73, 0x2b, 0x73, 0xea, 0x72, 0x68, 0x5a, 0xa5, 0x41, 0xa1, 0x20, 0x23, 0x31,
    0x84, 0x41, 0x02, 0x39, 0x02, 0x31, 0xe2, 0x28, 0x4b, 0x73, 0x72, 0xbd, 0xd3, 0xcd, 0xb6, 0xe6,
    0xb6, 0xee, 0xb6, 0xee, 0xb6, 0xee, 0xb6, 0xee, 0xb6, 0xee, 0xb6, 0xee, 0xb6, 0xee, 0xb6, 0xee,
    0xb6, 0xee, 0xb6, 0xee, 0xb6, 0xee, 0xb6, 0xee, 0xb6, 0xee, 0xb6, 0xee, 0xb6, 0xee, 0xb6, 0xee,
    0xb6, 0xee, 0xb6, 0xee, 0xb6, 0xee, 0xb6, 0xee, 0xb6, 0xee, 0xb6, 0xee, 0xb6, 0xee, 0xb6, 0xee,
    0xb6, 0xee, 0xb6, 0xee, 0xb6, 0xee, 0xb6, 0xee, 0xb6, 0xee, 0xb6, 0xee, 0xb6, 0xee, 0xb6, 0xee,
    0xb6, 0xee, 0xb6, 0xee, 0xb6, 0xee, 0xb6, 0xee, 0xb6, 0xee, 0x96, 0xe6, 0xd3, 0xcd, 0x31, 0xad,
    0xcd, 0x7b, 0x03, 0x31, 0xc2, 0x30, 0x02, 0x31, 0x84, 0x41, 0x44, 0x39, 0x81, 0x20, 0xa5, 0x41,
    0x28, 0x52, 0xc9, 0x62, 0x0a, 0x73, 0x4b, 0x7b, 0x6c, 0x7b, 0x4b, 0x7b, 0x8c, 0x83, 0x88, 0x5a,
    0xe3, 0x20, 0x24, 0x29, 0x66, 0x31, 0x65, 0x29, 0x24, 0x29, 0x66, 0x31, 0x45, 0x29, 0x03, 0x29,
    0x88, 0x62, 0x2b, 0x7b, 0x2b, 0x7b, 0x6c, 0x7b, 0x69, 0x52, 0x24, 0x21, 0x25, 0x21, 0x04, 0x19,
    0x24, 0x21, 0x24, 0x21, 0x86, 0x29, 0x04, 0x21, 0x07, 0x52, 0x6c, 0x7b, 0x6c, 0x83, 0x6b, 0x7b,
    0x4b, 0x7b, 0xca, 0x62, 0x85, 0x31, 0x25, 0x21, 0x86, 0x31, 0x45, 0x29, 0x86, 0x31, 0x66, 0x29,
    0x45, 0x29, 0x24, 0x29, 0x65, 0x39, 0xc9, 0x6a, 0x6c, 0x83, 0x4b, 0x7b, 0x6b, 0x7b, 0x6b, 0x7b,
    0x6b, 0x7b, 0x4b, 0x7b, 0xcd, 0x83, 0xee, 0x8b, 0x4c, 0x73, 0x48, 0x4a, 0x45, 0x29, 0x61, 0x08,
    0x00, 0x00, 0x00, 0x00, 0x25, 0x21, 0x8e, 0x73, 0xba, 0xd6, 0xdf, 0xff, 0xff, 0xff, 0xff, 0xff,
    0xff, 0xff, 0xdf, 0xff, 0xdf, 0xff, 0xdf, 0xff, 0xff, 0xff, 0xff, 0xff, 0xff, 0xff, 0xff, 0xff,
    0xff, 0xff, 0xff, 0xff, 0xff, 0xff, 0xff, 0xff, 0xff, 0xff, 0xff, 0xff, 0xff, 0xff, 0xff, 0xff,
    0xff, 0xff, 0xff, 0xff, 0xff, 0xff, 0xff, 0xff, 0xff, 0xff, 0xff, 0xff, 0xff, 0xff, 0xdf, 0xff,
    0xff, 0xff, 0xff, 0xff, 0xff, 0xff, 0xff, 0xff, 0xdf, 0xff, 0x9a, 0xd6, 0xef, 0x7b, 0x45, 0x21,
    0x00, 0x00, 0x00, 0x00, 0x41, 0x08, 0x04, 0x21, 0xc6, 0x41, 0x2c, 0x73, 0x0e, 0x8c, 0xce, 0x8b,
    0x6c, 0x7b, 0x2b, 0x7b, 0x6b, 0x7b, 0x6b, 0x7b, 0x4b, 0x7b, 0x6c, 0x83, 0x0b, 0x73, 0xa6, 0x41,
    0x03, 0x21, 0x44, 0x21, 0x65, 0x29, 0xa6, 0x31, 0xa6, 0x31, 0x25, 0x21, 0x05, 0x21, 0x65, 0x31,
    0xaa, 0x62, 0x4b, 0x7b, 0x6b, 0x83, 0x0a, 0x73, 0x68, 0x5a, 0x03, 0x29, 0x65, 0x31, 0x65, 0x29,
    0x66, 0x29, 0x25, 0x29, 0x04, 0x21, 0x24, 0x19, 0x44, 0x21, 0x07, 0x4a, 0x0b, 0x73, 0x6c, 0x83,
    0x4b, 0x7b, 0x89, 0x62, 0x44, 0x31, 0x04, 0x21, 0x24, 0x21, 0x45, 0x29, 0xc3, 0x18, 0x03, 0x29,
    0x48, 0x52, 0x2a, 0x73, 0x4b, 0x7b, 0x4c, 0x7b, 0x6c, 0x83, 0x4b, 0x7b, 0x6b, 0x7b, 0x2b, 0x73,
    0xea, 0x6a, 0x68, 0x5a, 0xa5, 0x41, 0xa1, 0x20, 0x22, 0x31, 0x84, 0x41, 0x02, 0x39, 0x02, 0x31,
    0xe2, 0x28, 0x4b, 0x73, 0x52, 0xb5, 0xd3, 0xcd, 0x96, 0xe6, 0xb6, 0xee, 0xb6, 0xee, 0xb6, 0xee,
    0xb6, 0xee, 0xb6, 0xee, 0xb6, 0xee, 0xb6, 0xee, 0xb6, 0xee, 0xb6, 0xee, 0xb6, 0xee, 0xb6, 0xee,
    0xb6, 0xee, 0xb6, 0xee, 0xb6, 0xee, 0xb6, 0xee, 0xb6, 0xee, 0xb6, 0xee, 0xb6, 0xee, 0xb6, 0xee,
    0xb6, 0xee, 0xb6, 0xee, 0xb6, 0xee, 0xb6, 0xee, 0xb6, 0xee, 0xb6, 0xee, 0xb6, 0xee, 0xb6, 0xee,
    0xb6, 0xee, 0xb6, 0xee, 0xb6, 0xee, 0xb6, 0xee, 0xb6, 0xee, 0xb6, 0xee, 0xb6, 0xee, 0xb6, 0xee,
    0xb6, 0xee, 0xb6, 0xee, 0xb6, 0xee, 0xb6, 0xe6, 0xb6, 0xe6, 0xd3, 0xcd, 0x73, 0xbd, 0xce, 0x83,
    0xe3, 0x30, 0xc1, 0x28, 0x02, 0x31, 0x84, 0x41, 0x44, 0x39, 0x81, 0x20, 0x85, 0x39, 0x48, 0x52,
    0xc9, 0x62, 0x0b, 0x73, 0x4b, 0x7b, 0x4b, 0x7b, 0x6b, 0x83, 0xea, 0x6a, 0xa6, 0x39, 0x04, 0x21,
    0x24, 0x21, 0x45, 0x29, 0x86, 0x31, 0x04, 0x21, 0x24, 0x21, 0xa2, 0x18, 0x03, 0x29, 0x68, 0x5a,
    0x2b, 0x7b, 0x4b, 0x7b, 0x6c, 0x7b, 0x69, 0x52, 0x45, 0x29, 0x04, 0x19, 0x25, 0x29, 0x86, 0x31,
    0x86, 0x31, 0x69, 0x52, 0x4c, 0x7b, 0x6c, 0x7b, 0x4b, 0x7b, 0x2a, 0x73, 0x4b, 0x83, 0x8c, 0x83,
    0xeb, 0x62, 0x85, 0x31, 0xe3, 0x20, 0xa6, 0x31, 0xa6, 0x31, 0x45, 0x29, 0x66, 0x29, 0x25, 0x21,
    0xc3, 0x20, 0x85, 0x39, 0x89, 0x62, 0x4c, 0x7b, 0x4b, 0x7b, 0x6b, 0x7b, 0x8c, 0x83, 0x6b, 0x7b,
    0x6b, 0x7b, 0x6c, 0x83, 0xce, 0x8b, 0xee, 0x8b, 0x6d, 0x73, 0x49, 0x52, 0x45, 0x29, 0x82, 0x10,
    0x00, 0x00, 0x00, 0x00, 0x00, 0x00, 0x07, 0x3a, 0x92, 0x94, 0x79, 0xce, 0x5d, 0xef, 0xff, 0xff,
    0xff, 0xff, 0xff, 0xff, 0xff, 0xff, 0xff, 0xff, 0xff, 0xff, 0xdf, 0xff, 0xdf, 0xff, 0xdf, 0xff,
    0xdf, 0xff, 0xdf, 0xff, 0xff, 0xff, 0xdf, 0xff, 0xdf, 0xff, 0xdf, 0xff, 0xdf, 0xff, 0xdf, 0xff,
    0xdf, 0xff, 0xdf, 0xff, 0xff, 0xff, 0xff, 0xff, 0xff, 0xff, 0xff, 0xff, 0xff, 0xff, 0x7d, 0xef,
    0x9a, 0xd6, 0x92, 0x94, 0x08, 0x42, 0x20, 0x00, 0x00, 0x00, 0x00, 0x00, 0x61, 0x08, 0x04, 0x29,
    0xe7, 0x41, 0x2c, 0x6b, 0xee, 0x8b, 0xee, 0x8b, 0x6c, 0x7b, 0x6c, 0x83, 0x6b, 0x7b, 0x4b, 0x83,
    0x8c, 0x83, 0x6b, 0x7b, 0x2b, 0x7b, 0xca, 0x6a, 0xa6, 0x41, 0x24, 0x29, 0x85, 0x31, 0x45, 0x29,
    0x65, 0x31, 0x24, 0x21, 0x24, 0x21, 0x24, 0x21, 0x45, 0x21, 0x89, 0x5a, 0x4b, 0x73, 0x6b, 0x83,
    0x2a, 0x7b, 0x47, 0x52, 0x03, 0x29, 0xe3, 0x18, 0x24, 0x21, 0x86, 0x31, 0xc7, 0x39, 0x24, 0x21,
    0x86, 0x31, 0x65, 0x29, 0x85, 0x31, 0x2b, 0x73, 0x6c, 0x83, 0x2b, 0x7b, 0xa9, 0x62, 0x44, 0x31,
    0x04, 0x21, 0x65, 0x29, 0x45, 0x29, 0x45, 0x21, 0x66, 0x29, 0xc3, 0x18, 0x23, 0x29, 0xa9, 0x62,
    0x6c, 0x83, 0x2b, 0x7b, 0x8c, 0x83, 0x4b, 0x7b, 0x2a, 0x73, 0xca, 0x6a, 0x48, 0x5a, 0xa6, 0x41,
    0xa1, 0x20, 0x23, 0x31, 0x84, 0x41, 0x22, 0x39, 0xc1, 0x28, 0xe2, 0x30, 0x6c, 0x73, 0x52, 0xb5,
    0xd3, 0xcd, 0x96, 0xe6, 0xb6, 0xe6, 0xb6, 0xee, 0xb6, 0xee, 0xb6, 0xee, 0xb6, 0xee, 0xb6, 0xee,
    0xb6, 0xee, 0xb6, 0xee, 0xb6, 0xee, 0xb6, 0xee, 0xb6, 0xee, 0xb6, 0xee, 0xb6, 0xee, 0xb6, 0xee,
    0xb6, 0xee, 0xb6, 0xee, 0xb6, 0xee, 0xb6, 0xee, 0xb6, 0xee, 0xb6, 0xee, 0xb6, 0xee, 0xb6, 0xee,
    0xb6, 0xee, 0xb6, 0xee, 0xb6, 0xee, 0xb6, 0xee, 0xb6, 0xee, 0xb6, 0xee, 0xb6, 0xee, 0xb6, 0xee,
    0xb6, 0xee, 0xb6, 0xee, 0xb6, 0xee, 0xb6, 0xee, 0xb6, 0xee, 0xb6, 0xee, 0xb6, 0xee, 0xb6, 0xee,
    0xb6, 0xee, 0xb6, 0xee, 0xb6, 0xe6, 0xb6, 0xe6, 0xd3, 0xcd, 0x32, 0xb5, 0xad, 0x7b, 0x02, 0x29,
    0xe2, 0x28, 0x22, 0x39, 0x84, 0x49, 0x23, 0x39, 0xa1, 0x20, 0xa5, 0x41, 0x48, 0x52, 0xca, 0x6a,
    0x0b, 0x73, 0x4b, 0x7b, 0x6b, 0x7b, 0x6c, 0x83, 0x6c, 0x7b, 0xe7, 0x41, 0x45, 0x29, 0xe3, 0x18,
    0x66, 0x29, 0x25, 0x21, 0x24, 0x21, 0x45, 0x29, 0x24, 0x29, 0x24, 0x31, 0x68, 0x62, 0x4b, 0x7b,
    0x6c, 0x83, 0x6c, 0x7b, 0x89, 0x5a, 0xa6, 0x39, 0xe4, 0x20, 0x24, 0x29, 0x89, 0x5a, 0x4b, 0x73,
    0x8c, 0x83, 0x0a, 0x73, 0x68, 0x5a, 0x48, 0x52, 0x0a, 0x73, 0x6b, 0x7b, 0x8c, 0x83, 0x0a, 0x6b,
    0x24, 0x29, 0x24, 0x21, 0x65, 0x29, 0x45, 0x29, 0x86, 0x29, 0x45, 0x29, 0x04, 0x21, 0x24, 0x29,
    0xa5, 0x41, 0xca, 0x6a, 0x4b, 0x7b, 0x6c, 0x83, 0x8c, 0x83, 0x6b, 0x7b, 0x8c, 0x83, 0x6b, 0x7b,
    0x6b, 0x83, 0x8c, 0x83, 0xee, 0x8b, 0x2f, 0x94, 0x8d, 0x7b, 0x89, 0x5a, 0x65, 0x31, 0xa2, 0x18,
    0x20, 0x08, 0x00, 0x00, 0x00, 0x00, 0x20, 0x00, 0x86, 0x31, 0x6d, 0x6b, 0xf3, 0x9c, 0x18, 0xc6,
    0x3c, 0xe7, 0xff, 0xff, 0xff, 0xff, 0xff, 0xff, 0xff, 0xff, 0xff, 0xff, 0xff, 0xff, 0xff, 0xff,
    0xff, 0xff, 0xff, 0xff, 0xff, 0xff, 0xff, 0xff, 0xff, 0xff, 0xff, 0xff, 0xff, 0xff, 0xff, 0xff,
    0xff, 0xff, 0x3c, 0xe7, 0x18, 0xc6, 0xf3, 0x9c, 0x6d, 0x6b, 0xe7, 0x39, 0x00, 0x00, 0x00, 0x00,
    0x00, 0x00, 0x41, 0x08, 0xa2, 0x10, 0x44, 0x29, 0x48, 0x52, 0x2c, 0x73, 0xee, 0x8b, 0xee, 0x8b,
    0x6c, 0x7b, 0x6b, 0x7b, 0x6b, 0x7b, 0x6c, 0x83, 0x8c, 0x83, 0x6c, 0x83, 0x6c, 0x83, 0x4b, 0x7b,
    0x2b, 0x73, 0xe6, 0x49, 0xc2, 0x20, 0x25, 0x29, 0x66, 0x31, 0x45, 0x31, 0x66, 0x29, 0x24, 0x21,
    0x24, 0x21, 0x65, 0x31, 0xa9, 0x5a, 0x6c, 0x7b, 0x4b, 0x7b, 0x2b, 0x7b, 0x68, 0x5a, 0x03, 0x29,
    0xe3, 0x20, 0x45, 0x29, 0x24, 0x21, 0xa6, 0x31, 0xa6, 0x31, 0xe7, 0x39, 0x45, 0x29, 0xe6, 0x41,
    0x4c, 0x7b, 0x6c, 0x83, 0x2b, 0x7b, 0xca, 0x6a, 0x65, 0x31, 0x24, 0x29, 0x65, 0x31, 0x86, 0x31,
    0x86, 0x31, 0x86, 0x29, 0x86, 0x29, 0x04, 0x21, 0x85, 0x39, 0xea, 0x6a, 0x8c, 0x83, 0x4b, 0x7b,
    0x6c, 0x83, 0x2b, 0x73, 0xea, 0x6a, 0x68, 0x5a, 0xc6, 0x41, 0xa1, 0x20, 0x23, 0x39, 0x84, 0x41,
    0x02, 0x31, 0x02, 0x31, 0xe2, 0x28, 0x6c, 0x73, 0x52, 0xb5, 0xd3, 0xcd, 0xb6, 0xe6, 0xb6, 0xe6,
    0xb6, 0xee, 0xb6, 0xee, 0xb6, 0xee, 0xb6, 0xee, 0xb6, 0xee, 0xb6, 0xee, 0xb6, 0xee, 0xb6, 0xee,
    0xb6, 0xee, 0xb6, 0xee, 0xb6, 0xee, 0xb6, 0xee, 0xb6, 0xee, 0xb6, 0xee, 0xb6, 0xee, 0xb6, 0xee,
    0xb6, 0xee, 0xb6, 0xee, 0xb6, 0xee, 0xb6, 0xee, 0xb6, 0xee, 0xb6, 0xee, 0xb6, 0xee, 0xb6, 0xee,
    0xb6, 0xee, 0xb6, 0xee, 0xb6, 0xee, 0xb6, 0xee, 0xb6, 0xee, 0xb6, 0xee, 0xb6, 0xee, 0xb6, 0xee,
    0xb6, 0xee, 0xb6, 0xee, 0xb6, 0xee, 0xb6, 0xee, 0xb6, 0xee, 0xb6, 0xee, 0xb6, 0xee, 0xb6, 0xee,
    0xb6, 0xee, 0xb6, 0xee, 0xb6, 0xe6, 0xd3, 0xcd, 0x11, 0xad, 0xac, 0x7b, 0x02, 0x31, 0xc1, 0x28,
    0x02, 0x39, 0x84, 0x49, 0x43, 0x39, 0xa1, 0x20, 0x85, 0x39, 0x47, 0x52, 0xa9, 0x62, 0x2b, 0x7b,
    0x6b, 0x83, 0x6b, 0x83, 0x2b, 0x7b, 0x4c, 0x73, 0xe7, 0x41, 0x45, 0x29, 0x65, 0x29, 0x03, 0x21,
    0x04, 0x21, 0xe4, 0x18, 0x45, 0x29, 0x82, 0x10, 0x24, 0x31, 0x68, 0x62, 0x2b, 0x7b, 0x4b, 0x7b,
    0x6c, 0x7b, 0x69, 0x5a, 0x65, 0x29, 0x69, 0x52, 0x2b, 0x7b, 0x6c, 0x83, 0x0a, 0x73, 0x47, 0x5a,
    0xc2, 0x20, 0xe3, 0x20, 0x07, 0x4a, 0xea, 0x72, 0x6b, 0x83, 0x6c, 0x83, 0x0b, 0x6b, 0x86, 0x31,
    0x04, 0x19, 0x44, 0x21, 0xa6, 0x31, 0x44, 0x29, 0xe3, 0x18, 0x25, 0x21, 0xc2, 0x18, 0x64, 0x39,
    0xa9, 0x6a, 0x4b, 0x7b, 0x6c, 0x83, 0x6c, 0x7b, 0x6c, 0x7b, 0x6b, 0x7b, 0x6c, 0x83, 0x4b, 0x83,
    0x4b, 0x7b, 0x8c, 0x83, 0x0e, 0x94, 0x0f, 0x8c, 0xce, 0x83, 0x0b, 0x6b, 0x49, 0x4a, 0x86, 0x31,
    0x04, 0x19, 0x61, 0x08, 0x00, 0x00, 0x00, 0x00, 0x00, 0x00, 0x61, 0x08, 0x24, 0x21, 0xe7, 0x39,
    0xcb, 0x5a, 0xae, 0x73, 0x51, 0x8c, 0x14, 0xa5, 0x96, 0xb5, 0xb6, 0xb5, 0xd7, 0xbd, 0xf7, 0xbd,
    0xd7, 0xbd, 0x96, 0xb5, 0x14, 0xa5, 0x71, 0x8c, 0xcf, 0x7b, 0xcb, 0x5a, 0xe7, 0x39, 0x45, 0x29,
    0x82, 0x10, 0x00, 0x00, 0x00, 0x00, 0x00, 0x00, 0x61, 0x08, 0xc3, 0x18, 0x45, 0x29, 0x28, 0x42,
    0xca, 0x62, 0xce, 0x83, 0x0f, 0x8c, 0x0e, 0x94, 0xad, 0x83, 0x4b, 0x7b, 0x6b, 0x7b, 0x4b, 0x7b,
    0x4b, 0x7b, 0x6b, 0x83, 0x8c, 0x83, 0x6c, 0x7b, 0x4c, 0x7b, 0xca, 0x6a, 0x85, 0x39, 0xe3, 0x20,
    0x65, 0x29, 0x45, 0x29, 0x25, 0x29, 0x44, 0x29, 0xc7, 0x39, 0x04, 0x19, 0x04, 0x21, 0xa9, 0x62,
    0x2b, 0x7b, 0x4b, 0x7b, 0x4b, 0x7b, 0x48, 0x5a, 0x44, 0x31, 0xc3, 0x18, 0x04, 0x21, 0x04, 0x21,
    0x24, 0x21, 0x04, 0x21, 0x65, 0x29, 0x03, 0x21, 0xe7, 0x39, 0x4b, 0x7b, 0x4b, 0x7b, 0x4b, 0x7b,
    0xca, 0x6a, 0x85, 0x39, 0x24, 0x29, 0xa6, 0x31, 0xe3, 0x20, 0x24, 0x21, 0x86, 0x31, 0x24, 0x21,
    0xc3, 0x18, 0x65, 0x31, 0xeb, 0x6a, 0x6c, 0x7b, 0x4b, 0x7b, 0x6c, 0x83, 0x2b, 0x73, 0xc9, 0x62,
    0x88, 0x5a, 0xa5, 0x41, 0xa1, 0x20, 0x23, 0x31, 0x84, 0x41, 0x02, 0x39, 0xa1, 0x30, 0xe2, 0x28,
    0x4c, 0x73, 0x32, 0xad, 0xd3, 0xcd, 0xb6, 0xe6, 0xb6, 0xee, 0xb6, 0xee, 0xb6, 0xee, 0xb6, 0xee,
    0xb6, 0xee, 0xb6, 0xee, 0xb6, 0xee, 0xb6, 0xee, 0xb6, 0xee, 0xb6, 0xee, 0xb6, 0xee, 0xb6, 0xee,
    0xb6, 0xee, 0xb6, 0xee, 0xb6, 0xee, 0xb6, 0xee, 0xb6, 0xee, 0xb6, 0xee, 0xb6, 0xee, 0xb6, 0xee,
    0xb6, 0xee, 0xb6, 0xee, 0xb6, 0xee, 0xb6, 0xee, 0xb6, 0xee, 0xb6, 0xee, 0xb6, 0xee, 0xb6, 0xee,
    0xb6, 0xee, 0xb6, 0xee, 0xb6, 0xee, 0xb6, 0xee, 0xb6, 0xee, 0xb6, 0xee, 0xb6, 0xee, 0xb6, 0xee,
    0xb6, 0xee, 0xb6, 0xee, 0xb6, 0xee, 0xb6, 0xee, 0xb6, 0xee, 0xb6, 0xee, 0xb6, 0xee, 0xb6, 0xee,
    0xb6, 0xe6, 0x96, 0xe6, 0xd3, 0xcd, 0x73, 0xb5, 0xee, 0x83, 0x03, 0x31, 0xc2, 0x30, 0x23, 0x39,
    0x83, 0x41, 0x44, 0x39, 0x81, 0x20, 0xa5, 0x39, 0x48, 0x52, 0xca, 0x6a, 0x2a, 0x73, 0x2a, 0x7b,
    0x4b, 0x7b, 0x6b, 0x7b, 0x4c, 0x73, 0x27, 0x4a, 0x86, 0x29, 0x25, 0x21, 0x24, 0x21, 0x24, 0x29,
    0x44, 0x29, 0x45, 0x29, 0x04, 0x21, 0x44, 0x31, 0x47, 0x52, 0x6b, 0x7b, 0x6b, 0x83, 0x4c, 0x7b,
    0xea, 0x6a, 0x4c, 0x7b, 0x6c, 0x83, 0x0a, 0x73, 0x27, 0x5a, 0x24, 0x31, 0x24, 0x21, 0xe3, 0x18,
    0x24, 0x29, 0xe6, 0x49, 0x2b, 0x73, 0x6b, 0x7b, 0x4b, 0x7b, 0x0b, 0x6b, 0xc7, 0x39, 0x66, 0x29,
    0x24, 0x21, 0x45, 0x29, 0x65, 0x29, 0x24, 0x21, 0x04, 0x21, 0xc3, 0x20, 0xa5, 0x41, 0xe9, 0x6a,
    0x4b, 0x7b, 0x6b, 0x7b, 0x6c, 0x83, 0x4b, 0x7b, 0x6c, 0x83, 0x6b, 0x7b, 0x6c, 0x83, 0x6b, 0x7b,
    0x6b, 0x7b, 0x6c, 0x83, 0x8d, 0x83, 0x0e, 0x94, 0x2f, 0x94, 0xee, 0x83, 0x2b, 0x6b, 0x8a, 0x52,
    0x08, 0x42, 0x65, 0x29, 0x04, 0x21, 0x82, 0x08, 0x00, 0x00, 0x00, 0x00, 0x00, 0x00, 0x00, 0x00,
    0x00, 0x00, 0x00, 0x00, 0x20, 0x00, 0x20, 0x00, 0x20, 0x00, 0x41, 0x08, 0x20, 0x00, 0x20, 0x00,
    0x00, 0x00, 0x00, 0x00, 0x00, 0x00, 0x00, 0x00, 0x00, 0x00, 0x00, 0x00, 0x61, 0x08, 0xe3, 0x18,
    0x65, 0x29, 0xe7, 0x39, 0x89, 0x52, 0x0b, 0x6b, 0xae, 0x83, 0x0f, 0x8c, 0xee, 0x8b, 0xcd, 0x8b,
    0x6c, 0x7b, 0x4c, 0x7b, 0x4b, 0x7b, 0x8c, 0x83, 0x6c, 0x7b, 0x6c, 0x7b, 0x6b, 0x83, 0x6b, 0x83,
    0x4c, 0x83, 0x6c, 0x7b, 0x0a, 0x73, 0xa5, 0x41, 0x03, 0x21, 0x45, 0x21, 0xe8, 0x39, 0x65, 0x31,
    0x65, 0x31, 0x85, 0x29, 0x25, 0x21, 0x45, 0x29, 0x69, 0x5a, 0x6c, 0x7b, 0x4b, 0x7b, 0x2b, 0x7b,
    0x68, 0x5a, 0x03, 0x29, 0x45, 0x29, 0xa6, 0x31, 0x24, 0x21, 0x24, 0x29, 0x24, 0x21, 0x25, 0x21,
    0x45, 0x21, 0xe6, 0x41, 0x2b, 0x73, 0x6b, 0x83, 0x4b, 0x7b, 0xaa, 0x6a, 0x65, 0x39, 0x82, 0x10,
    0x24, 0x21, 0x04, 0x19, 0x86, 0x31, 0x66, 0x29, 0x24, 0x21, 0x24, 0x29, 0x65, 0x31, 0x2b, 0x73,
    0x8c, 0x83, 0x4b, 0x7b, 0x4b, 0x7b, 0x2b, 0x7b, 0xc9, 0x6a, 0x89, 0x5a, 0xc6, 0x41, 0xa1, 0x20,
    0x43, 0x39, 0x84, 0x41, 0x02, 0x31, 0x02, 0x31, 0xe2, 0x28, 0x4b, 0x73, 0x52, 0xb5, 0xd3, 0xcd,
    0x96, 0xe6, 0xb6, 0xe6, 0xb6, 0xee, 0xb6, 0xee, 0xb6, 0xee, 0xb6, 0xee, 0xb6, 0xee, 0xb6, 0xee,
    0xb6, 0xee, 0xb6, 0xee, 0xb6, 0xee, 0xb6, 0xee, 0xb6, 0xee, 0xb6, 0xee, 0xb6, 0xee, 0xb6, 0xee,
    0xb6, 0xee, 0xb6, 0xee, 0xb6, 0xee, 0xb6, 0xee, 0xb6, 0xee, 0xb6, 0xee, 0xb6, 0xee, 0xb6, 0xee,
    0xb6, 0xee, 0xb6, 0xee, 0xb6, 0xee, 0xb6, 0xee, 0xb6, 0xee, 0xb6, 0xee, 0xb6, 0xee, 0xb6, 0xee,
    0xb6, 0xee, 0xb6, 0xee, 0xb6, 0xee, 0xb6, 0xee, 0xb6, 0xee, 0xb6, 0xee, 0xb6, 0xee, 0xb6, 0xee,
    0xb6, 0xee, 0xb6, 0xee, 0xb6, 0xee, 0xb6, 0xee, 0xb6, 0xee, 0xb6, 0xee, 0xb6, 0xee, 0xb6, 0xe6,
    0x96, 0xe6, 0xd3, 0xcd, 0x32, 0xb5, 0x8c, 0x7b, 0x02, 0x31, 0xc1, 0x28, 0x22, 0x39, 0x84, 0x41,
    0x23, 0x39, 0x81, 0x20, 0xa5, 0x41, 0x48, 0x52, 0xc9, 0x62, 0x2b, 0x73, 0x4b, 0x7b, 0x4b, 0x7b,
    0x6c, 0x7b, 0x2b, 0x73, 0xe7, 0x41, 0x24, 0x21, 0x86, 0x31, 0x65, 0x29, 0x45, 0x29, 0x65, 0x29,
    0xe3, 0x18, 0xa2, 0x18, 0x64, 0x31, 0x68, 0x5a, 0x2b, 0x7b, 0x6c, 0x7b, 0x8c, 0x83, 0x6c, 0x83,
    0x2b, 0x7b, 0x27, 0x52, 0x23, 0x29, 0xe4, 0x20, 0x25, 0x21, 0xa6, 0x31, 0x65, 0x31, 0x24, 0x29,
    0xe6, 0x49, 0x0a, 0x73, 0x4c, 0x7b, 0x6c, 0x7b, 0xca, 0x62, 0xc6, 0x39, 0x24, 0x21, 0x65, 0x29,
    0xc7, 0x39, 0x24, 0x29, 0x24, 0x21, 0x24, 0x21, 0xc2, 0x20, 0xa5, 0x41, 0x0a, 0x73, 0x6c, 0x83,
    0x4b, 0x7b, 0x4b, 0x7b, 0x6c, 0x83, 0x6c, 0x7b, 0x4b, 0x7b, 0x6b, 0x7b, 0x4b, 0x7b, 0x6b, 0x83,
    0x6c, 0x7b, 0x4b, 0x7b, 0x6c, 0x7b, 0xad, 0x83, 0x0f, 0x94, 0x2f, 0x94, 0xee, 0x8b, 0xad, 0x7b,
    0x4c, 0x73, 0xca, 0x62, 0x48, 0x4a, 0xc7, 0x39, 0x86, 0x31, 0x24, 0x21, 0xe3, 0x18, 0xc3, 0x18,
    0x82, 0x10, 0x82, 0x10, 0x82, 0x10, 0x82, 0x10, 0x61, 0x08, 0xa2, 0x10, 0xa2, 0x10, 0xe3, 0x18,
    0x04, 0x21, 0x85, 0x31, 0xc6, 0x39, 0x07, 0x42, 0xaa, 0x5a, 0x2c, 0x6b, 0x8d, 0x7b, 0xce, 0x83,
    0x0f, 0x94, 0x0e, 0x94, 0xcd, 0x8b, 0x6b, 0x83, 0x4b, 0x7b, 0x4b, 0x7b, 0x4b, 0x7b, 0x8c, 0x83,
    0x6c, 0x7b, 0x6c, 0x7b, 0x4b, 0x7b, 0x8c, 0x83, 0x4b, 0x7b, 0x6b, 0x7b, 0x4c, 0x83, 0xca, 0x6a,
    0xc6, 0x41, 0x24, 0x29, 0x45, 0x29, 0x45, 0x29, 0x45, 0x29, 0x86, 0x31, 0x65, 0x29, 0x65, 0x29,
    0x65, 0x31, 0x89, 0x5a, 0x8d, 0x7b, 0x8c, 0x83, 0x2a, 0x73, 0x68, 0x5a, 0xe3, 0x28, 0xe3, 0x20,
    0xa6, 0x39, 0x25, 0x21, 0x45, 0x29, 0x86, 0x31, 0x45, 0x21, 0x86, 0x31, 0x08, 0x42, 0x2b, 0x73,
    0x6c, 0x83, 0x4b, 0x7b, 0xa9, 0x62, 0x64, 0x31, 0x04, 0x29, 0x65, 0x31, 0x04, 0x21, 0x65, 0x29,
    0x24, 0x21, 0x65, 0x29, 0x45, 0x29, 0x85, 0x31, 0x0a, 0x6b, 0x4c, 0x7b, 0x6b, 0x7b, 0x4b, 0x7b,
    0x2b, 0x73, 0xca, 0x6a, 0x89, 0x5a, 0xa6, 0x41, 0xa1, 0x20, 0x23, 0x31, 0x84, 0x41, 0x02, 0x31,
    0xe2, 0x30, 0xe2, 0x28, 0x4b, 0x73, 0x72, 0xb5, 0xd3, 0xcd, 0x96, 0xe6, 0xb6, 0xe6, 0xb6, 0xee,
    0xb6, 0xee, 0xb6, 0xee, 0xb6, 0xee, 0xb6, 0xee, 0xb6, 0xee, 0xb6, 0xee, 0xb6, 0xee, 0xb6, 0xee,
    0xb6, 0xee, 0xb6, 0xee, 0xb6, 0xee, 0xb6, 0xee, 0xb6, 0xee, 0xb6, 0xee, 0xb6, 0xee, 0xb6, 0xee,
    0xb6, 0xee, 0xb6, 0xee, 0xb6, 0xee, 0xb6, 0xee, 0xb6, 0xee, 0xb6, 0xee, 0xb6, 0xee, 0xb6, 0xee,
    0xb6, 0xee, 0xb6, 0xee, 0xb6, 0xee, 0xb6, 0xee, 0xb6, 0xee, 0xb6, 0xee, 0xb6, 0xee, 0xb6, 0xee,
    0xb6, 0xee, 0xb6, 0xee, 0xb6, 0xee, 0xb6, 0xee, 0xb6, 0xee, 0xb6, 0xee, 0xb6, 0xee, 0xb6, 0xee,
    0xb6, 0xee, 0xb6, 0xee, 0xb6, 0xee, 0xb6, 0xee, 0xb6, 0xee, 0xb6, 0xee, 0xb6, 0xee, 0xb6, 0xe6,
    0xd3, 0xcd, 0x32, 0xad, 0xcd, 0x83, 0x03, 0x29, 0xc1, 0x28, 0x43, 0x39, 0x84, 0x41, 0x64, 0x39,
    0x81, 0x20, 0x85, 0x41, 0x48, 0x5a, 0xa9, 0x62, 0x4b, 0x7b, 0x2b, 0x7b, 0x8c, 0x83, 0x6c, 0x7b,
    0x6c, 0x73, 0x28, 0x4a, 0x45, 0x29, 0x86, 0x31, 0x44, 0x21, 0x65, 0x29, 0x45, 0x29, 0x65, 0x29,
    0x04, 0x21, 0xa5, 0x41, 0x0a, 0x73, 0xac, 0x83, 0x4b, 0x7b, 0x6b, 0x83, 0x0b, 0x73, 0x23, 0x29,
    0x45, 0x29, 0x86, 0x31, 0x66, 0x29, 0x44, 0x29, 0x45, 0x21, 0x24, 0x21, 0xe2, 0x20, 0x07, 0x52,
    0x0a, 0x73, 0x6c, 0x83, 0x6c, 0x83, 0xea, 0x6a, 0xc6, 0x39, 0x65, 0x29, 0xc7, 0x39, 0x65, 0x31,
    0x24, 0x21, 0xc7, 0x31, 0x04, 0x29, 0xc6, 0x41, 0x8c, 0x83, 0x4c, 0x7b, 0x6c, 0x7b, 0x6b, 0x7b,
    0x8c, 0x83, 0x6c, 0x83, 0x6c, 0x83, 0x8c, 0x83, 0x8c, 0x83, 0x8c, 0x83, 0x4b, 0x7b, 0x8c, 0x83,
    0x4b, 0x7b, 0x8c, 0x83, 0x4b, 0x7b, 0x6c, 0x83, 0x8c, 0x83, 0xcd, 0x8b, 0x0e, 0x94, 0x0e, 0x94,
    0x0e, 0x94, 0xee, 0x83, 0xce, 0x83, 0x8d, 0x7b, 0x6d, 0x73, 0x6d, 0x73, 0x4c, 0x73, 0x2c, 0x6b,
    0x0b, 0x63, 0x0b, 0x63, 0xeb, 0x62, 0x2c, 0x6b, 0x2c, 0x6b, 0x8d, 0x73, 0x8d, 0x7b, 0xad, 0x83,
    0xee, 0x8b, 0x2f, 0x94, 0x0f, 0x94, 0xee, 0x8b, 0xee, 0x8b, 0xad, 0x8b, 0x6c, 0x83, 0x6b, 0x7b,
    0x8c, 0x83, 0x6b, 0x83, 0x6c, 0x83, 0x6c, 0x83, 0x4b, 0x7b, 0x8c, 0x83, 0x6c, 0x83, 0x8c, 0x83,
    0x6c, 0x83, 0x8c, 0x83, 0x6c, 0x7b, 0x8c, 0x83, 0x2b, 0x73, 0xc6, 0x41, 0x24, 0x29, 0x25, 0x29,
    0x04, 0x21, 0x25, 0x21, 0x04, 0x21, 0x45, 0x29, 0x86, 0x29, 0x24, 0x21, 0x68, 0x5a, 0x6c, 0x83,
    0x6c, 0x83, 0x4b, 0x7b, 0x68, 0x5a, 0x03, 0x29, 0xa2, 0x18, 0xa6, 0x39, 0x04, 0x21, 0x04, 0x21,
    0xa6, 0x39, 0x86, 0x29, 0x44, 0x21, 0xc6, 0x41, 0x6c, 0x7b, 0x6c, 0x83, 0x6c, 0x7b, 0xa9, 0x62,
    0x65, 0x39, 0xa2, 0x18, 0x45, 0x29, 0x86, 0x29, 0x45, 0x29, 0x45, 0x29, 0x25, 0x21, 0x85, 0x29,
    0x65, 0x31, 0x0b, 0x6b, 0x6c, 0x7b, 0x8c, 0x83, 0x6b, 0x7b, 0x0a, 0x73, 0xea, 0x6a, 0x89, 0x5a,
    0xe6, 0x49, 0x81, 0x18, 0x23, 0x39, 0x84, 0x49, 0x02, 0x39, 0x02, 0x31, 0xc2, 0x28, 0x8d, 0x7b,
    0x32, 0xb5, 0xd3, 0xcd, 0xb6, 0xe6, 0xb6, 0xee, 0xb6, 0xee, 0xb6, 0xee, 0xb6, 0xee, 0xb6, 0xee,
    0xb6, 0xee, 0xb6, 0xee, 0xb6, 0xee, 0xb6, 0xee, 0xb6, 0xee, 0xb6, 0xee, 0xb6, 0xee, 0xb6, 0xee,
    0xb6, 0xee, 0xb6, 0xee, 0xb6, 0xee, 0xb6, 0xee, 0xb6, 0xee, 0xb6, 0xee, 0xb6, 0xee, 0xb6, 0xee,
    0xb6, 0xee, 0xb6, 0xee, 0xb6, 0xee, 0xb6, 0xee, 0xb6, 0xee, 0xb6, 0xee, 0xb6, 0xee, 0xb6, 0xee,
    0xb6, 0xee, 0xb6, 0xee, 0xb6, 0xee, 0xb6, 0xee, 0xb6, 0xee, 0xb6, 0xee, 0xb6, 0xee, 0xb6, 0xee,
    0xb6, 0xee, 0xb6, 0xee, 0xb6, 0xee, 0xb6, 0xee, 0xb6, 0xee, 0xb6, 0xee, 0xb6, 0xee, 0xb6, 0xee,
    0xb6, 0xee, 0xb6, 0xee, 0xb6, 0xee, 0xb6, 0xee, 0xb6, 0xee, 0xb6, 0xee, 0xb6, 0xe6, 0xd3, 0xcd,
    0x73, 0xbd, 0xcd, 0x83, 0x03, 0x31, 0xc1, 0x28, 0x02, 0x31, 0x84, 0x41, 0x44, 0x39, 0xa1, 0x20,
    0xa5, 0x39, 0x68, 0x52, 0xa9, 0x62, 0x0a, 0x73, 0x4b, 0x7b, 0x6c, 0x83, 0x6b, 0x7b, 0x2b, 0x73,
    0xe7, 0x41, 0x24, 0x29, 0xe7, 0x39, 0xa6, 0x31, 0x07, 0x3a, 0x45, 0x29, 0xa6, 0x31, 0x68, 0x5a,
    0x2b, 0x73, 0x4b, 0x7b, 0x8c, 0x83, 0x6b, 0x83, 0x4b, 0x7b, 0x07, 0x4a, 0x24, 0x21, 0x66, 0x29,
    0x86, 0x31, 0x85, 0x31, 0x86, 0x29, 0x45, 0x21, 0x04, 0x21, 0xe3, 0x28, 0xe6, 0x49, 0x0b, 0x7b,
    0x8c, 0x83, 0x6b, 0x7b, 0xca, 0x62, 0x86, 0x31, 0x04, 0x21, 0x25, 0x29, 0x45, 0x29, 0x45, 0x21,
    0x07, 0x42, 0x4b, 0x73, 0x6c, 0x83, 0x2b, 0x7b, 0x6c, 0x83, 0x6b, 0x7b, 0x6c, 0x83, 0x4b, 0x7b,
    0x6b, 0x7b, 0x8c, 0x83, 0x8c, 0x83, 0x6b, 0x7b, 0x6b, 0x7b, 0x4b, 0x7b, 0x6c, 0x83, 0x6c, 0x83,
    0x6b, 0x83, 0x6b, 0x7b, 0x4b, 0x7b, 0x2b, 0x7b, 0x4b, 0x7b, 0x6b, 0x7b, 0x6c, 0x7b, 0x8c, 0x83,
    0xad, 0x8b, 0xad, 0x83, 0xce, 0x8b, 0xee, 0x93, 0x0e, 0x94, 0x0e, 0x94, 0x0e, 0x94, 0x0e, 0x94,
    0xee, 0x8b, 0x0e, 0x94, 0xee, 0x8b, 0xee, 0x8b, 0xcd, 0x83, 0xcd, 0x8b, 0x8d, 0x83, 0x6c, 0x83,
    0x4b, 0x7b, 0x4b, 0x83, 0x6b, 0x7b, 0x4b, 0x7b, 0x4b, 0x7b, 0x6c, 0x7b, 0x8c, 0x83, 0x8c, 0x83,
    0x6c, 0x7b, 0x6c, 0x83, 0x4b, 0x7b, 0x6c, 0x83, 0x4b, 0x7b, 0x6c, 0x7b, 0x4b, 0x7b, 0x4b, 0x7b,
    0x6b, 0x7b, 0x8c, 0x83, 0xea, 0x6a, 0xc5, 0x41, 0x44, 0x29, 0x45, 0x21, 0x45, 0x29, 0x45, 0x29,
    0x45, 0x29, 0x04, 0x21, 0xe7, 0x39, 0x89, 0x5a, 0x4c, 0x7b, 0x8c, 0x83, 0x0a, 0x73, 0x88, 0x62,
    0x03, 0x29, 0xe4, 0x20, 0x45, 0x29, 0x65, 0x29, 0x04, 0x21, 0x65, 0x29, 0x24, 0x29, 0x24, 0x21,
    0x07, 0x42, 0x0a, 0x73, 0x8c, 0x83, 0x6c, 0x83, 0xa9, 0x62, 0x45, 0x31, 0x82, 0x18, 0x85, 0x29,
    0xc7, 0x31, 0x45, 0x21, 0x04, 0x21, 0x65, 0x29, 0x03, 0x21, 0xc6, 0x41, 0xea, 0x6a, 0x6c, 0x7b,
    0x6b, 0x83, 0x4b, 0x7b, 0x2b, 0x73, 0xca, 0x6a, 0x89, 0x62, 0xa5, 0x41, 0x81, 0x18, 0x44, 0x31,
    0x84, 0x41, 0xe1, 0x30, 0xe1, 0x30, 0x02, 0x31, 0x4c, 0x73, 0x52, 0xb5, 0xd3, 0xcd, 0x96, 0xe6,
    0xb6, 0xee, 0xb6, 0xee, 0xb6, 0xee, 0xb6, 0xee, 0xb6, 0xee, 0xb6, 0xee, 0xb6, 0xee, 0xb6, 0xee,
    0xb6, 0xee, 0xb6, 0xee, 0xb6, 0xee, 0xb6, 0xee, 0xb6, 0xee, 0xb6, 0xee, 0xb6, 0xee, 0xb6, 0xee,
    0xb6, 0xee, 0xb6, 0xee, 0xb6, 0xee, 0xb6, 0xee, 0xb6, 0xee, 0xb6, 0xee, 0xb6, 0xee, 0xb6, 0xee,
    0xb6, 0xee, 0xb6, 0xee, 0xb6, 0xee, 0xb6, 0xee, 0xb6, 0xee, 0xb6, 0xee, 0xb6, 0xee, 0xb6, 0xee,
    0xb6, 0xee, 0xb6, 0xee, 0xb6, 0xee, 0xb6, 0xee, 0xb6, 0xee, 0xb6, 0xee, 0xb6, 0xee, 0xb6, 0xee,
    0xb6, 0xee, 0xb6, 0xee, 0xb6, 0xee, 0xb6, 0xee, 0xb6, 0xee, 0xb6, 0xee, 0xb6, 0xee, 0xb6, 0xee,
    0xb6, 0xee, 0xb6, 0xee, 0xb6, 0xee, 0xb6, 0xee, 0xb6, 0xee, 0x96, 0xe6, 0xd3, 0xcd, 0x12, 0xb5,
    0x8d, 0x7b, 0x23, 0x31, 0xc1, 0x28, 0x23, 0x39, 0xa5, 0x49, 0x44, 0x39, 0x81, 0x20, 0xa5, 0x39,
    0x68, 0x5a, 0xa9, 0x62, 0x0a, 0x73, 0x6b, 0x7b, 0x6c, 0x83, 0x6c, 0x7b, 0x4c, 0x73, 0x07, 0x4a,
    0x65, 0x29, 0x45, 0x29, 0x04, 0x21, 0x45, 0x29, 0xaa, 0x5a, 0x4b, 0x7b, 0x6b, 0x7b, 0x2b, 0x73,
    0xca, 0x6a, 0x2b, 0x73, 0x6c, 0x83, 0x8c, 0x7b, 0x89, 0x5a, 0x24, 0x21, 0x04, 0x21, 0x85, 0x31,
    0x45, 0x21, 0x45, 0x21, 0x86, 0x31, 0x04, 0x21, 0x03, 0x29, 0x07, 0x52, 0xea, 0x72, 0x4b, 0x7b,
    0x6c, 0x7b, 0xca, 0x62, 0x44, 0x31, 0x04, 0x21, 0x44, 0x29, 0x28, 0x4a, 0x2b, 0x6b, 0x6c, 0x83,
    0x8c, 0x83, 0x6c, 0x7b, 0x6c, 0x83, 0x6c, 0x83, 0x6c, 0x83, 0x4b, 0x7b, 0x6b, 0x7b, 0x8c, 0x83,
    0x6c, 0x83, 0x6b, 0x7b, 0x6b, 0x7b, 0x6b, 0x83, 0x4b, 0x7b, 0x6b, 0x7b, 0x4b, 0x7b, 0x8c, 0x83,
    0x6c, 0x7b, 0x6c, 0x7b, 0x8c, 0x83, 0x6c, 0x7b, 0x6c, 0x7b, 0x4b, 0x7b, 0x6b, 0x83, 0x4b, 0x7b,
    0x4b, 0x7b, 0x4b, 0x7b, 0x4b, 0x83, 0x4b, 0x7b, 0x4b, 0x7b, 0x6b, 0x7b, 0x4b, 0x7b, 0x6b, 0x83,
    0x2b, 0x7b, 0x4b, 0x7b, 0x4b, 0x7b, 0x4b, 0x7b, 0x6b, 0x83, 0x6c, 0x83, 0x6b, 0x7b, 0x4b, 0x7b,
    0x8c, 0x83, 0x6b, 0x7b, 0x6c, 0x7b, 0x6c, 0x7b, 0x6c, 0x7b, 0x4c, 0x7b, 0x4b, 0x7b, 0x6c, 0x7b,
    0x4b, 0x7b, 0x6c, 0x83, 0x4b, 0x7b, 0x6c, 0x83, 0x6c, 0x83, 0x6b, 0x7b, 0x6c, 0x7b, 0x8c, 0x83,
    0x4b, 0x7b, 0xea, 0x6a, 0xe7, 0x41, 0x24, 0x21, 0x86, 0x29, 0x25, 0x21, 0x24, 0x29, 0x65, 0x31,
    0x89, 0x5a, 0x6c, 0x7b, 0x4c, 0x7b, 0x2b, 0x7b, 0x48, 0x5a, 0xe3, 0x28, 0x24, 0x29, 0x66, 0x29,
    0x65, 0x29, 0x04, 0x19, 0x86, 0x31, 0x86, 0x31, 0xc3, 0x18, 0xe7, 0x41, 0x2b, 0x73, 0x4b, 0x7b,
    0x6b, 0x83, 0xa9, 0x62, 0x65, 0x39, 0xc3, 0x20, 0x45, 0x29, 0x24, 0x21, 0x65, 0x29, 0xa6, 0x31,
    0x66, 0x29, 0x65, 0x31, 0xe6, 0x41, 0xea, 0x6a, 0x6c, 0x7b, 0x8c, 0x83, 0x4b, 0x7b, 0x4b, 0x7b,
    0xc9, 0x6a, 0x68, 0x5a, 0xa5, 0x41, 0xa1, 0x20, 0x23, 0x39, 0x64, 0x41, 0x23, 0x39, 0xe2, 0x30,
    0x22, 0x31, 0x6b, 0x73, 0x52, 0xb5, 0xd3, 0xcd, 0x96, 0xe6, 0xb6, 0xee, 0xb6, 0xee, 0xb6, 0xee,
    0xb6, 0xee, 0xb6, 0xee, 0xb6, 0xee, 0xb6, 0xee, 0xb6, 0xee, 0xb6, 0xee, 0xb6, 0xee, 0xb6, 0xee,
    0xb6, 0xee, 0xb6, 0xee, 0xb6, 0xee, 0xb6, 0xee, 0xb6, 0xee, 0xb6, 0xee, 0xb6, 0xee, 0xb6, 0xee,
    0xb6, 0xee, 0xb6, 0xee, 0xb6, 0xee, 0xb6, 0xee, 0xb6, 0xee, 0xb6, 0xee, 0xb6, 0xee, 0xb6, 0xee,
    0xb6, 0xee, 0xb6, 0xee, 0xb6, 0xee, 0xb6, 0xee, 0xb6, 0xee, 0xb6, 0xee, 0xb6, 0xee, 0xb6, 0xee,
    0xb6, 0xee, 0xb6, 0xee, 0xb6, 0xee, 0xb6, 0xee, 0xb6, 0xee, 0xb6, 0xee, 0xb6, 0xee, 0xb6, 0xee,
    0xb6, 0xee, 0xb6, 0xee, 0xb6, 0xee, 0xb6, 0xee, 0xb6, 0xee, 0xb6, 0xee, 0xb6, 0xee, 0xb6, 0xee,
    0xb6, 0xee, 0xb6, 0xee, 0xb6, 0xee, 0xb6, 0xe6, 0xb6, 0xe6, 0xd3, 0xcd, 0x11, 0xad, 0xad, 0x7b,
    0x02, 0x29, 0xc1, 0x28, 0x22, 0x39, 0x84, 0x41, 0x44, 0x39, 0xa1, 0x18, 0xa5, 0x39, 0x48, 0x5a,
    0xa9, 0x6a, 0x2b, 0x73, 0x6b, 0x7b, 0x4b, 0x7b, 0x6b, 0x83, 0x4c, 0x73, 0xc6, 0x39, 0x45, 0x29,
    0x45, 0x29, 0x49, 0x52, 0x2b, 0x73, 0x6b, 0x83, 0x0a, 0x73, 0x47, 0x5a, 0x44, 0x39, 0x89, 0x5a,
    0x2b, 0x7b, 0x8b, 0x83, 0x6b, 0x7b, 0xa9, 0x5a, 0x24, 0x21, 0xe3, 0x18, 0x44, 0x29, 0xe3, 0x18,
    0x86, 0x29, 0xe8, 0x39, 0xe3, 0x20, 0xe3, 0x20, 0xe6, 0x49, 0x0a, 0x73, 0x4b, 0x7b, 0x8c, 0x83,
    0x0b, 0x6b, 0x86, 0x31, 0xe7, 0x41, 0x4b, 0x73, 0x6c, 0x7b, 0x6b, 0x83, 0x8c, 0x83, 0x4b, 0x7b,
    0x6c, 0x83, 0x4b, 0x7b, 0x6c, 0x83, 0x8c, 0x83, 0x8c, 0x83, 0x6c, 0x83, 0x4b, 0x7b, 0x6c, 0x83,
    0x4b, 0x7b, 0x6c, 0x7b, 0x6b, 0x7b, 0x8c, 0x83, 0x6b, 0x7b, 0x6c, 0x7b, 0x4b, 0x7b, 0x6c, 0x83,
    0x8c, 0x83, 0x6b, 0x7b, 0x6c, 0x83, 0x6c, 0x83, 0x8c, 0x83, 0x6c, 0x83, 0x8c, 0x83, 0x8c, 0x83,
    0x6c, 0x7b, 0x4b, 0x7b, 0x6c, 0x7b, 0x6c, 0x83, 0x6b, 0x7b, 0x8c, 0x83, 0x6c, 0x83, 0x6c, 0x83,
    0x4b, 0x7b, 0x6b, 0x83, 0x8c, 0x83, 0x8c, 0x83, 0x6c, 0x7b, 0x4b, 0x7b, 0x6c, 0x83, 0x6c, 0x7b,
    0x6c, 0x83, 0x6c, 0x83, 0x6c, 0x83, 0x6b, 0x7b, 0x6c, 0x7b, 0x6c, 0x83, 0x6c, 0x7b, 0x6c, 0x83,
    0x4b, 0x7b, 0x6c, 0x7b, 0x4c, 0x83, 0x6c, 0x83, 0x6b, 0x7b, 0x6b, 0x83, 0x6c, 0x83, 0x6c, 0x7b,
    0xea, 0x62, 0x65, 0x31, 0x86, 0x29, 0xa6, 0x31, 0x65, 0x29, 0xa9, 0x5a, 0x6c, 0x7b, 0x6b, 0x7b,
    0x2b, 0x73, 0x48, 0x52, 0x24, 0x29, 0x04, 0x21, 0x45, 0x29, 0x45, 0x29, 0x65, 0x29, 0x45, 0x29,
    0x44, 0x29, 0x45, 0x29, 0x28, 0x4a, 0x2b, 0x73, 0x8c, 0x83, 0x4b, 0x7b, 0xc9, 0x6a, 0x65, 0x31,
    0x24, 0x29, 0x85, 0x29, 0xa6, 0x29, 0x85, 0x31, 0x86, 0x31, 0xa6, 0x39, 0x86, 0x29, 0x45, 0x29,
    0xea, 0x6a, 0xad, 0x83, 0x4b, 0x7b, 0x4b, 0x7b, 0x2b, 0x7b, 0xea, 0x6a, 0x88, 0x62, 0xa5, 0x41,
    0xa2, 0x20, 0x03, 0x31, 0x84, 0x49, 0xe1, 0x30, 0xe2, 0x30, 0x03, 0x29, 0x4c, 0x73, 0x73, 0xb5,
    0xd3, 0xcd, 0xb6, 0xe6, 0xb6, 0xe6, 0xb6, 0xee, 0xb6, 0xee, 0xb6, 0xee, 0xb6, 0xee, 0xb6, 0xee,
    0xb6, 0xee, 0xb6, 0xee, 0xb6, 0xee, 0xb6, 0xee, 0xb6, 0xee, 0xb6, 0xee, 0xb6, 0xee, 0xb6, 0xee,
    0xb6, 0xee, 0xb6, 0xee, 0xb6, 0xee, 0xb6, 0xee, 0xb6, 0xee, 0xb6, 0xee, 0xb6, 0xee, 0xb6, 0xee,
    0xb6, 0xee, 0xb6, 0xee, 0xb6, 0xee, 0xb6, 0xee, 0xb6, 0xee, 0xb6, 0xee, 0xb6, 0xee, 0xb6, 0xee,
    0xb6, 0xee, 0xb6, 0xee, 0xb6, 0xee, 0xb6, 0xee, 0xb6, 0xee, 0xb6, 0xee, 0xb6, 0xee, 0xb6, 0xee,
    0xb6, 0xee, 0xb6, 0xee, 0xb6, 0xee, 0xb6, 0xee, 0xb6, 0xee, 0xb6, 0xee, 0xb6, 0xee, 0xb6, 0xee,
    0xb6, 0xee, 0xb6, 0xee, 0xb6, 0xee, 0xb6, 0xee, 0xb6, 0xee, 0xb6, 0xee, 0xb6, 0xee, 0xb6, 0xee,
    0xb6, 0xee, 0xb6, 0xee, 0xb6, 0xee, 0xb6, 0xe6, 0xd3, 0xcd, 0x72, 0xb5, 0xcd, 0x83, 0x03, 0x29,
    0xe2, 0x28, 0x02, 0x31, 0xa4, 0x49, 0x44, 0x39, 0xa1, 0x20, 0x85, 0x39, 0x68, 0x5a, 0xca, 0x6a,
    0x0a, 0x73, 0x4b, 0x7b, 0x2b, 0x7b, 0x6c, 0x83, 0x4c, 0x7b, 0xe7, 0x49, 0x68, 0x52, 0x6c, 0x7b,
    0x6b, 0x83, 0x2b, 0x7b, 0x27, 0x52, 0x03, 0x21, 0xc3, 0x18, 0x44, 0x29, 0x68, 0x5a, 0x0a, 0x73,
    0x6b, 0x83, 0x6c, 0x7b, 0x8a, 0x5a, 0x45, 0x29, 0x24, 0x21, 0x65, 0x29, 0x04, 0x21, 0x24, 0x29,
    0x24, 0x21, 0xa2, 0x10, 0x03, 0x29, 0xe6, 0x49, 0x0a, 0x73, 0x6c, 0x83, 0x6b, 0x7b, 0x6c, 0x7b,
    0x2b, 0x73, 0x6b, 0x7b, 0x6c, 0x83, 0x4b, 0x7b, 0x8c, 0x83, 0x6c, 0x83, 0x6b, 0x7b, 0x4b, 0x7b,
    0x6c, 0x83, 0x6c, 0x83, 0x6c, 0x83, 0x6c, 0x83, 0x6b, 0x7b, 0x6c, 0x7b, 0x6c, 0x83, 0x8c, 0x83,
    0x6c, 0x83, 0x4b, 0x7b, 0x2b, 0x7b, 0x6c, 0x83, 0x4b, 0x7b, 0x4b, 0x7b, 0x6c, 0x83, 0x4b, 0x7b,
    0x6b, 0x83, 0x2b, 0x7b, 0x4b, 0x7b, 0x4b, 0x7b, 0x6c, 0x83, 0x4c, 0x7b, 0x2b, 0x7b, 0x6c, 0x7b,
    0x6c, 0x7b, 0x8c, 0x83, 0x4b, 0x7b, 0x6c, 0x7b, 0x2b, 0x7b, 0x4b, 0x7b, 0x4b, 0x7b, 0x4b, 0x7b,
    0x4b, 0x7b, 0x4b, 0x7b, 0x4b, 0x7b, 0x4b, 0x7b, 0x4c, 0x7b, 0x4b, 0x7b, 0x6c, 0x83, 0x4b, 0x7b,
    0x6c, 0x7b, 0x6b, 0x83, 0x6b, 0x7b, 0x6c, 0x83, 0x6c, 0x83, 0x8c, 0x83, 0x4b, 0x7b, 0x6c, 0x7b,
    0x4b, 0x7b, 0x6c, 0x83, 0x6b, 0x7b, 0x6c, 0x83, 0x6c, 0x7b, 0x4b, 0x7b, 0x8c, 0x83, 0xea, 0x6a,
    0xa6, 0x31, 0x65, 0x29, 0xa9, 0x5a, 0x6c, 0x7b, 0x4b, 0x83, 0x4b, 0x7b, 0x48, 0x52, 0x44, 0x31,
    0xe3, 0x18, 0x04, 0x21, 0x24, 0x21, 0x03, 0x21, 0x65, 0x29, 0x66, 0x29, 0xe3, 0x18, 0x27, 0x4a,
    0x4b, 0x7b, 0x6b, 0x83, 0x4b, 0x7b, 0x89, 0x62, 0x65, 0x39, 0xa2, 0x18, 0xe3, 0x18, 0x85, 0x29,
    0x65, 0x29, 0x45, 0x29, 0x86, 0x31, 0x24, 0x29, 0xc6, 0x41, 0x0b, 0x6b, 0x6c, 0x83, 0x6c, 0x83,
    0x4b, 0x7b, 0x0a, 0x73, 0xca, 0x6a, 0x69, 0x5a, 0xa6, 0x41, 0xa1, 0x20, 0x43, 0x39, 0x84, 0x41,
    0x22, 0x39, 0xe1, 0x30, 0x03, 0x29, 0x4b, 0x73, 0x32, 0xad, 0xd3, 0xcd, 0xb6, 0xe6, 0xb6, 0xee,
    0xb6, 0xee, 0xb6, 0xee, 0xb6, 0xee, 0xb6, 0xee, 0xb6, 0xee, 0xb6, 0xee, 0xb6, 0xee, 0xb6, 0xee,
    0xb6, 0xee, 0xb6, 0xee, 0xb6, 0xee, 0xb6, 0xee, 0xb6, 0xee, 0xb6, 0xee, 0xb6, 0xee, 0xb6, 0xee,
    0xb6, 0xee, 0xb6, 0xee, 0xb6, 0xee, 0xb6, 0xee, 0xb6, 0xee, 0xb6, 0xee, 0xb6, 0xee, 0xb6, 0xee,
    0xb6, 0xee, 0xb6, 0xee, 0xb6, 0xee, 0xb6, 0xee, 0xb6, 0xee, 0xb6, 0xee, 0xb6, 0xee, 0xb6, 0xee,
    0xb6, 0xee, 0xb6, 0xee, 0xb6, 0xee, 0xb6, 0xee, 0xb6, 0xee, 0xb6, 0xee, 0xb6, 0xee, 0xb6, 0xee,
    0xb6, 0xee, 0xb6, 0xee, 0xb6, 0xee, 0xb6, 0xee, 0xb6, 0xee, 0xb6, 0xee, 0xb6, 0xee, 0xb6, 0xee,
    0xb6, 0xee, 0xb6, 0xee, 0xb6, 0xee, 0xb6, 0xee, 0xb6, 0xee, 0xb6, 0xee, 0xb6, 0xee, 0xb6, 0xee,
    0xb6, 0xee, 0xb6, 0xe6, 0x96, 0xe6, 0xd3, 0xcd, 0x52, 0xb5, 0xcd, 0x83, 0x02, 0x29, 0xe1, 0x28,
    0x01, 0x31, 0x84, 0x41, 0x44, 0x39, 0x81, 0x18, 0xa5, 0x41, 0x68, 0x5a, 0xc9, 0x62, 0x0a, 0x73,
    0x4b, 0x7b, 0x4b, 0x7b, 0x6c, 0x7b, 0x4b, 0x7b, 0x4c, 0x7b, 0x6c, 0x83, 0xea, 0x72, 0x27, 0x52,
    0xe2, 0x20, 0x03, 0x21, 0x24, 0x21, 0x04, 0x21, 0x64, 0x31, 0x47, 0x5a, 0x4b, 0x83, 0x6c, 0x83,
    0x8d, 0x7b, 0x8a, 0x5a, 0x24, 0x21, 0xe3, 0x18, 0x44, 0x29, 0x24, 0x21, 0x45, 0x29, 0x24, 0x21,
    0x04, 0x21, 0x24, 0x29, 0x06, 0x4a, 0x0a, 0x73, 0x4b, 0x7b, 0x8c, 0x83, 0x6c, 0x83, 0x6b, 0x7b,
    0x6c, 0x83, 0x4b, 0x7b, 0x8c, 0x83, 0x6b, 0x7b, 0x6b, 0x7b, 0x4b, 0x7b, 0x6b, 0x7b, 0x6b, 0x7b,
    0x6b, 0x7b, 0x6b, 0x7b, 0x6b, 0x7b, 0x6c, 0x83, 0x4b, 0x7b, 0x4b, 0x7b, 0xca, 0x6a, 0x68, 0x5a,
    0x27, 0x52, 0x27, 0x52, 0x48, 0x5a, 0x27, 0x52, 0x47, 0x5a, 0x27, 0x52, 0x48, 0x5a, 0x27, 0x52,
    0x27, 0x52, 0x27, 0x52, 0x48, 0x5a, 0x27, 0x52, 0x68, 0x5a, 0xea, 0x6a, 0x6c, 0x83, 0x2b, 0x7b,
    0xa9, 0x62, 0x89, 0x5a, 0x07, 0x52, 0x48, 0x5a, 0x27, 0x52, 0x27, 0x52, 0x48, 0x5a, 0x48, 0x5a,
    0x48, 0x5a, 0x27, 0x52, 0x48, 0x52, 0x27, 0x52, 0x27, 0x52, 0x48, 0x52, 0x88, 0x5a, 0x0a, 0x7b,
    0x4b, 0x7b, 0x6c, 0x7b, 0x4b, 0x7b, 0x6c, 0x7b, 0x6c, 0x7b, 0x6c, 0x83, 0x6b, 0x7b, 0x6b, 0x7b,
    0x6b, 0x7b, 0x8c, 0x83, 0x6c, 0x7b, 0x6c, 0x7b, 0x6b, 0x83, 0x4b, 0x7b, 0x2c, 0x73, 0xca, 0x62,
    0x4c, 0x7b, 0x2b, 0x7b, 0x2b, 0x7b, 0x68, 0x5a, 0x03, 0x29, 0x24, 0x29, 0x86, 0x31, 0x86, 0x31,
    0x66, 0x29, 0x86, 0x31, 0xa7, 0x31, 0x45, 0x21, 0x28, 0x4a, 0x0b, 0x73, 0x6b, 0x83, 0x2b, 0x7b,
    0x89, 0x62, 0x44, 0x31, 0xc3, 0x20, 0x25, 0x29, 0x45, 0x29, 0x24, 0x21, 0x24, 0x21, 0x45, 0x21,
    0xe3, 0x18, 0xa6, 0x39, 0xeb, 0x6a, 0x6c, 0x83, 0x4b, 0x7b, 0x6c, 0x83, 0x0a, 0x73, 0xea, 0x72,
    0x68, 0x5a, 0xa6, 0x41, 0x81, 0x20, 0x23, 0x39, 0x64, 0x41, 0x02, 0x39, 0x02, 0x31, 0xe1, 0x28,
    0x6c, 0x73, 0x72, 0xbd, 0xd3, 0xcd, 0x96, 0xe6, 0xb6, 0xe6, 0xb6, 0xee, 0xb6, 0xee, 0xb6, 0xee,
    0xb6, 0xee, 0xb6, 0xee, 0xb6, 0xee, 0xb6, 0xee, 0xb6, 0xee, 0xb6, 0xee, 0xb6, 0xee, 0xb6, 0xee,
    0xb6, 0xee, 0xb6, 0xee, 0xb6, 0xee, 0xb6, 0xee, 0xb6, 0xee, 0xb6, 0xee, 0xb6, 0xee, 0xb6, 0xee,
    0xb6, 0xee, 0xb6, 0xee, 0xb6, 0xee, 0xb6, 0xee, 0xb6, 0xee, 0xb6, 0xee, 0xb6, 0xee, 0xb6, 0xee,
    0xb6, 0xee, 0xb6, 0xee, 0xb6, 0xee, 0xb6, 0xee, 0xb6, 0xee, 0xb6, 0xee, 0xb6, 0xee, 0xb6, 0xee,
    0xb6, 0xee, 0xb6, 0xee, 0xb6, 0xee, 0xb6, 0xee, 0xb6, 0xee, 0xb6, 0xee, 0xb6, 0xee, 0xb6, 0xee,
    0xb6, 0xee, 0xb6, 0xee, 0xb6, 0xee, 0xb6, 0xee, 0xb6, 0xee, 0xb6, 0xee, 0xb6, 0xee, 0xb6, 0xee,
    0xb6, 0xee, 0xb6, 0xee, 0xb6, 0xee, 0xb6, 0xee, 0xb6, 0xee, 0xb6, 0xee, 0xb6, 0xee, 0xb6, 0xee,
    0xb6, 0xe6, 0x96, 0xe6, 0xd3, 0xcd, 0x11, 0xad, 0xcd, 0x83, 0xe2, 0x28, 0xe2, 0x28, 0x02, 0x31,
    0xa5, 0x49, 0x23, 0x39, 0xa1, 0x20, 0x85, 0x41, 0x68, 0x5a, 0x89, 0x62, 0x0b, 0x73, 0x4b, 0x7b,
    0x6c, 0x7b, 0x8c, 0x83, 0x6c, 0x83, 0x4b, 0x7b, 0x48, 0x5a, 0x03, 0x29, 0x24, 0x21, 0x45, 0x29,
    0x24, 0x21, 0x24, 0x21, 0xc3, 0x18, 0x44, 0x31, 0x48, 0x5a, 0x4b, 0x7b, 0x6c, 0x83, 0x4b, 0x7b,
    0x69, 0x52, 0x86, 0x31, 0x04, 0x19, 0xa7, 0x31, 0x45, 0x29, 0xc2, 0x18, 0x24, 0x21, 0x24, 0x21,
    0xe2, 0x20, 0xa9, 0x62, 0x6c, 0x83, 0x4b, 0x7b, 0x6b, 0x7b, 0x6b, 0x7b, 0x6c, 0x83, 0x6b, 0x7b,
    0x8c, 0x83, 0x6b, 0x7b, 0x6b, 0x7b, 0x4b, 0x7b, 0x6c, 0x83, 0x6c, 0x83, 0x6c, 0x83, 0x8c, 0x83,
    0x6c, 0x83, 0x6b, 0x7b, 0x6b, 0x7b, 0x6b, 0x7b, 0x07, 0x4a, 0xe3, 0x20, 0xc2, 0x18, 0x03, 0x29,
    0x24, 0x29, 0x03, 0x29, 0x44, 0x31, 0xe3, 0x20, 0x24, 0x29, 0xe3, 0x20, 0x24, 0x29, 0xc3, 0x20,
    0x65, 0x31, 0x24, 0x31, 0x03, 0x29, 0x68, 0x5a, 0x4b, 0x7b, 0x4b, 0x7b, 0xa5, 0x41, 0xc2, 0x20,
    0xe3, 0x20, 0xe3, 0x20, 0xe3, 0x20, 0xc3, 0x20, 0x03, 0x29, 0xe3, 0x20, 0xe3, 0x20, 0x24, 0x29,
    0xc2, 0x18, 0x03, 0x29, 0x65, 0x31, 0xa2, 0x18, 0x24, 0x31, 0xc9, 0x6a, 0x6c, 0x83, 0x6c, 0x83,
    0x4b, 0x7b, 0x6c, 0x7b, 0x6c, 0x7b, 0x6c, 0x83, 0x6b, 0x7b, 0x6b, 0x7b, 0x6b, 0x7b, 0x6c, 0x83,
    0x4b, 0x7b, 0x4b, 0x7b, 0x6b, 0x83, 0x6b, 0x83, 0x6c, 0x83, 0x6b, 0x83, 0x6c, 0x83, 0x4b, 0x7b,
    0x48, 0x52, 0x03, 0x29, 0x24, 0x29, 0x65, 0x29, 0x86, 0x29, 0xc7, 0x39, 0xa6, 0x31, 0x25, 0x21,
    0xe3, 0x18, 0x07, 0x4a, 0x4c, 0x7b, 0x6c, 0x7b, 0x2b, 0x7b, 0x89, 0x62, 0x85, 0x39, 0x03, 0x21,
    0x65, 0x29, 0x45, 0x21, 0xe3, 0x18, 0x04, 0x21, 0x65, 0x29, 0x24, 0x29, 0x85, 0x31, 0xeb, 0x6a,
    0x6c, 0x83, 0x8c, 0x83, 0x4b, 0x7b, 0x2b, 0x7b, 0x0a, 0x6b, 0x68, 0x5a, 0xa6, 0x41, 0x81, 0x20,
    0x23, 0x39, 0x64, 0x41, 0xe2, 0x38, 0xe2, 0x30, 0xe2, 0x28, 0x4b, 0x73, 0x11, 0xad, 0xd3, 0xcd,
    0x96, 0xe6, 0xb6, 0xe6, 0xb6, 0xee, 0xb6, 0xee, 0xb6, 0xee, 0xb6, 0xee, 0xb6, 0xee, 0xb6, 0xee,
    0xb6, 0xee, 0xb6, 0xee, 0xb6, 0xee, 0xb6, 0xee, 0xb6, 0xee, 0xb6, 0xee, 0xb6, 0xee, 0xb6, 0xee,
    0xb6, 0xee, 0xb6, 0xee, 0xb6, 0xee, 0xb6, 0xee, 0xb6, 0xee, 0xb6, 0xee, 0xb6, 0xee, 0xb6, 0xee,
    0xb6, 0xee, 0xb6, 0xee, 0xb6, 0xee, 0xb6, 0xee, 0xb6, 0xee, 0xb6, 0xee, 0xb6, 0xee, 0xb6, 0xee,
    0xb6, 0xee, 0xb6, 0xee, 0xb6, 0xee, 0xb6, 0xee, 0xb6, 0xee, 0xb6, 0xee, 0xb6, 0xee, 0xb6, 0xee,
    0xb6, 0xee, 0xb6, 0xee, 0xb6, 0xee, 0xb6, 0xee, 0xb6, 0xee, 0xb6, 0xee, 0xb6, 0xee, 0xb6, 0xee,
    0xb6, 0xee, 0xb6, 0xee, 0xb6, 0xee, 0xb6, 0xee, 0xb6, 0xee, 0xb6, 0xee, 0xb6, 0xee, 0xb6, 0xee,
    0xb6, 0xee, 0xb6, 0xee, 0xb6, 0xee, 0xb6, 0xee, 0xb6, 0xee, 0xb6, 0xee, 0xb6, 0xee, 0xb6, 0xee,
    0xb6, 0xe6, 0xd3, 0xcd, 0x73, 0xbd, 0xee, 0x8b, 0x03, 0x29, 0xc1, 0x28, 0x02, 0x31, 0x84, 0x41,
    0x44, 0x41, 0x81, 0x20, 0xa6, 0x41, 0x48, 0x5a, 0xc9, 0x62, 0x0a, 0x73, 0x6c, 0x7b, 0x6b, 0x83,
    0x4b, 0x7b, 0x8c, 0x83, 0xe6, 0x41, 0x03, 0x21, 0xa6, 0x31, 0x25, 0x21, 0x25, 0x21, 0x65, 0x29,
    0x45, 0x29, 0xe3, 0x20, 0x44, 0x31, 0x48, 0x5a, 0x6c, 0x83, 0x4b, 0x83, 0x6c, 0x7b, 0xca, 0x62,
    0x65, 0x29, 0xa7, 0x31, 0xa7, 0x31, 0x65, 0x31, 0x65, 0x29, 0x04, 0x21, 0xc6, 0x41, 0x4b, 0x7b,
    0x6c, 0x83, 0x8c, 0x83, 0x8c, 0x83, 0x6c, 0x83, 0x8c, 0x83, 0x6c, 0x83, 0x8c, 0x83, 0x6b, 0x7b,
    0x6c, 0x83, 0x6b, 0x7b, 0x6c, 0x83, 0x6b, 0x7b, 0x6b, 0x7b, 0x6c, 0x83, 0x6b, 0x7b, 0x6c, 0x7b,
    0x8c, 0x83, 0x6c, 0x7b, 0xa6, 0x41, 0xc3, 0x20, 0x45, 0x29, 0x04, 0x21, 0x24, 0x21, 0x45, 0x29,
    0x86, 0x31, 0x04, 0x21, 0x25, 0x21, 0x04, 0x21, 0x24, 0x29, 0x45, 0x29, 0xa6, 0x31, 0x65, 0x31,
    0x24, 0x29, 0x68, 0x5a, 0x8c, 0x83, 0x4b, 0x7b, 0x44, 0x31, 0xc3, 0x18, 0xe3, 0x18, 0xc3, 0x18,
    0x25, 0x29, 0x04, 0x21, 0x65, 0x29, 0x04, 0x21, 0x04, 0x21, 0x86, 0x31, 0x65, 0x29, 0x45, 0x29,
    0x45, 0x29, 0x45, 0x29, 0x04, 0x29, 0xa9, 0x6a, 0x8c, 0x83, 0x6c, 0x83, 0x6c, 0x7b, 0x6c, 0x83,
    0x6c, 0x7b, 0x6c, 0x83, 0x6c, 0x83, 0x8c, 0x83, 0x8c, 0x83, 0x8c, 0x83, 0x6c, 0x7b, 0x6c, 0x7b,
    0x6c, 0x7b, 0x6c, 0x83, 0x8c, 0x83, 0x4b, 0x83, 0x6b, 0x83, 0xca, 0x6a, 0x44, 0x31, 0xc3, 0x18,
    0xa6, 0x31, 0x45, 0x21, 0x04, 0x19, 0xe3, 0x18, 0x44, 0x29, 0x66, 0x29, 0x07, 0x4a, 0x6c, 0x7b,
    0x4b, 0x7b, 0x2b, 0x7b, 0xa9, 0x62, 0x44, 0x31, 0x24, 0x29, 0x45, 0x29, 0x85, 0x29, 0x65, 0x29,
    0x65, 0x29, 0x86, 0x31, 0x44, 0x21, 0xc6, 0x41, 0x2b, 0x73, 0x8c, 0x83, 0x4b, 0x7b, 0x4b, 0x7b,
    0x2b, 0x73, 0xea, 0x6a, 0x68, 0x5a, 0xa5, 0x41, 0x81, 0x20, 0x43, 0x31, 0x83, 0x41, 0x02, 0x39,
    0x02, 0x39, 0xe3, 0x30, 0x6c, 0x73, 0x32, 0xad, 0xd3, 0xcd, 0xb6, 0xe6, 0xb6, 0xee, 0xb6, 0xee,
    0xb6, 0xee, 0xb6, 0xee, 0xb6, 0xee, 0xb6, 0xee, 0xb6, 0xee, 0xb6, 0xee, 0xb6, 0xee, 0xb6, 0xee,
    0xb6, 0xee, 0xb6, 0xee, 0xb6, 0xee, 0xb6, 0xee, 0xb6, 0xee, 0xb6, 0xee, 0xb6, 0xee, 0xb6, 0xee,
    0xb6, 0xee, 0xb6, 0xee, 0xb6, 0xee, 0xb6, 0xee, 0xb6, 0xee, 0xb6, 0xee, 0xb6, 0xee, 0xb6, 0xee,
    0xb6, 0xee, 0xb6, 0xee, 0xb6, 0xee, 0xb6, 0xee, 0xb6, 0xee, 0xb6, 0xee, 0xb6, 0xee, 0xb6, 0xee,
    0xb6, 0xee, 0xb6, 0xee, 0xb6, 0xee, 0xb6, 0xee, 0xb6, 0xee, 0xb6, 0xee, 0xb6, 0xee, 0xb6, 0xee,
    0xb6, 0xee, 0xb6, 0xee, 0xb6, 0xee, 0xb6, 0xee, 0xb6, 0xee, 0xb6, 0xee, 0xb6, 0xee, 0xb6, 0xee,
    0xb6, 0xee, 0xb6, 0xee, 0xb6, 0xee, 0xb6, 0xee, 0xb6, 0xee, 0xb6, 0xee, 0xb6, 0xee, 0xb6, 0xee,
    0xb6, 0xee, 0xb6, 0xee, 0xb6, 0xee, 0xb6, 0xee, 0xb6, 0xee, 0xb6, 0xee, 0xb6, 0xee, 0x96, 0xe6,
    0xd3, 0xcd, 0x32, 0xb5, 0x8c, 0x7b, 0x23, 0x31, 0xc1, 0x28, 0x22, 0x39, 0x63, 0x41, 0x44, 0x39,
    0x81, 0x20, 0x85, 0x39, 0x48, 0x52, 0xa9, 0x62, 0xea, 0x6a, 0x4b, 0x7b, 0x4b, 0x7b, 0x4b, 0x7b,
    0x2b, 0x73, 0xe7, 0x41, 0x04, 0x21, 0x25, 0x21, 0x65, 0x29, 0x65, 0x29, 0x65, 0x29, 0x65, 0x29,
    0x03, 0x21, 0x65, 0x39, 0x48, 0x5a, 0x0a, 0x7b, 0x4b, 0x7b, 0x6c, 0x7b, 0x69, 0x52, 0x65, 0x31,
    0xe3, 0x18, 0x85, 0x31, 0x45, 0x29, 0xe7, 0x41, 0x4c, 0x73, 0x8c, 0x83, 0x4b, 0x7b, 0x8c, 0x83,
    0x4b, 0x7b, 0x4b, 0x7b, 0x6b, 0x7b, 0x4b, 0x7b, 0x6c, 0x83, 0x4b, 0x7b, 0x6b, 0x7b, 0x6b, 0x7b,
    0x6b, 0x7b, 0x4b, 0x7b, 0x4b, 0x7b, 0x6b, 0x7b, 0x4b, 0x7b, 0x6b, 0x7b, 0x4b, 0x7b, 0x4b, 0x7b,
    0xc6, 0x41, 0x25, 0x29, 0x86, 0x29, 0x66, 0x29, 0x86, 0x29, 0xa6, 0x31, 0x45, 0x29, 0x25, 0x21,
    0x86, 0x29, 0x65, 0x29, 0x45, 0x29, 0x65, 0x29, 0x65, 0x29, 0x04, 0x21, 0x24, 0x29, 0x68, 0x5a,
    0x4b, 0x7b, 0x2b, 0x73, 0x85, 0x39, 0x24, 0x21, 0x86, 0x31, 0xa7, 0x31, 0x86, 0x31, 0x86, 0x29,
    0x04, 0x19, 0xc3, 0x10, 0x25, 0x21, 0x66, 0x29, 0xa6, 0x31, 0x24, 0x21, 0x24, 0x21, 0x86, 0x31,
    0x44, 0x31, 0xa9, 0x62, 0x6c, 0x83, 0x6c, 0x7b, 0x6c, 0x7b, 0x6c, 0x83, 0x6c, 0x7b, 0x8c, 0x83,
    0x4b, 0x7b, 0x6b, 0x7b, 0x6b, 0x7b, 0x6c, 0x7b, 0x4b, 0x7b, 0x4b, 0x7b, 0x8c, 0x83, 0x4c, 0x7b,
    0x4b, 0x7b, 0x6c, 0x83, 0x8c, 0x83, 0xca, 0x62, 0x45, 0x31, 0x45, 0x29, 0xa6, 0x31, 0xe4, 0x18,
    0x45, 0x21, 0x85, 0x31, 0x65, 0x31, 0x28, 0x4a, 0x2b, 0x73, 0x6c, 0x83, 0x4b, 0x7b, 0xa9, 0x62,
    0x65, 0x39, 0x04, 0x21, 0x24, 0x29, 0x24, 0x21, 0x65, 0x29, 0xc7, 0x39, 0x24, 0x21, 0x24, 0x21,
    0xa6, 0x39, 0x0b, 0x6b, 0x6c, 0x7b, 0x6b, 0x7b, 0x4b, 0x7b, 0x2a, 0x73, 0xea, 0x6a, 0x89, 0x5a,
    0xa5, 0x41, 0xa1, 0x20, 0x23, 0x31, 0x84, 0x41, 0x02, 0x31, 0xc1, 0x28, 0xe2, 0x28, 0x4b, 0x73,
    0x52, 0xb5, 0xd3, 0xcd, 0xb6, 0xe6, 0xb6, 0xee, 0xb6, 0xee, 0xb6, 0xee, 0xb6, 0xee, 0xb6, 0xee,
    0xb6, 0xee, 0xb6, 0xee, 0xb6, 0xee, 0xb6, 0xee, 0xb6, 0xee, 0xb6, 0xee, 0xb6, 0xee, 0xb6, 0xee,
    0xb6, 0xee, 0xb6, 0xee, 0xb6, 0xee, 0xb6, 0xee, 0xb6, 0xee, 0xb6, 0xee, 0xb6, 0xee, 0xb6, 0xee,
    0xb6, 0xee, 0xb6, 0xee, 0xb6, 0xee, 0xb6, 0xee, 0xb6, 0xee, 0xb6, 0xee, 0xb6, 0xee, 0xb6, 0xee,
    0xb6, 0xee, 0xb6, 0xee, 0xb6, 0xee, 0xb6, 0xee, 0xb6, 0xee, 0xb6, 0xee, 0xb6, 0xee, 0xb6, 0xee,
    0xb6, 0xee, 0xb6, 0xee, 0xb6, 0xee, 0xb6, 0xee, 0xb6, 0xee, 0xb6, 0xee, 0xb6, 0xee, 0xb6, 0xee,
    0xb6, 0xee, 0xb6, 0xee, 0xb6, 0xee, 0xb6, 0xee, 0xb6, 0xee, 0xb6, 0xee, 0xb6, 0xee, 0xb6, 0xee,
    0xb6, 0xee, 0xb6, 0xee, 0xb6, 0xee, 0xb6, 0xee, 0xb6, 0xee, 0xb6, 0xee, 0xb6, 0xee, 0xb6, 0xee,
    0xb6, 0xee, 0xb6, 0xee, 0xb6, 0xee, 0xb6, 0xee, 0xb6, 0xee, 0xb6, 0xee, 0x96, 0xe6, 0xd3, 0xcd,
    0x32, 0xb5, 0xcd, 0x83, 0x23, 0x29, 0xc1, 0x28, 0x22, 0x39, 0xa4, 0x49, 0x44, 0x39, 0x81, 0x20,
    0x85, 0x39, 0x68, 0x5a, 0xa9, 0x62, 0x2b, 0x73, 0x2b, 0x73, 0x8c, 0x83, 0x6b, 0x7b, 0x2c, 0x73,
    0xa7, 0x39, 0x24, 0x21, 0x65, 0x29, 0x85, 0x31, 0x24, 0x21, 0x66, 0x29, 0xa7, 0x31, 0xe4, 0x20,
    0x24, 0x31, 0x68, 0x62, 0x4b, 0x7b, 0x6c, 0x7b, 0x8c, 0x7b, 0x48, 0x52, 0x45, 0x29, 0x25, 0x21,
    0xa6, 0x39, 0x2b, 0x73, 0x4b, 0x7b, 0x6b, 0x83, 0x8c, 0x83, 0x8c, 0x83, 0x6c, 0x83, 0x6b, 0x7b,
    0x6c, 0x83, 0x6b, 0x7b, 0x8c, 0x83, 0x6b, 0x7b, 0x8c, 0x83, 0x6b, 0x7b, 0x6c, 0x83, 0x6b, 0x7b,
    0x6b, 0x7b, 0x6c, 0x83, 0x6c, 0x7b, 0x6c, 0x7b, 0x6b, 0x7b, 0x6c, 0x7b, 0xc6, 0x41, 0x25, 0x29,
    0x86, 0x31, 0x04, 0x21, 0x66, 0x29, 0xa6, 0x31, 0x24, 0x21, 0xa6, 0x31, 0x86, 0x31, 0x04, 0x21,
    0xe3, 0x20, 0x24, 0x21, 0x04, 0x19, 0x45, 0x29, 0x04, 0x29, 0x48, 0x5a, 0x6c, 0x83, 0x4b, 0x7b,
    0x65, 0x39, 0xa6, 0x31, 0xa7, 0x31, 0x65, 0x29, 0x86, 0x31, 0x24, 0x21, 0x45, 0x29, 0x44, 0x29,
    0x65, 0x29, 0x04, 0x21, 0x04, 0x21, 0x44, 0x29, 0x65, 0x29, 0x04, 0x21, 0x65, 0x31, 0xa9, 0x62,
    0x6c, 0x7b, 0x6c, 0x83, 0x6c, 0x7b, 0x8c, 0x83, 0x6c, 0x83, 0x8c, 0x83, 0x6b, 0x7b, 0x6b, 0x7b,
    0x6b, 0x7b, 0x8c, 0x83, 0x6c, 0x83, 0x6c, 0x7b, 0x8c, 0x83, 0x4b, 0x7b, 0x8d, 0x83, 0x4c, 0x7b,
    0x6b, 0x83, 0x6c, 0x83, 0x0b, 0x6b, 0x66, 0x31, 0x45, 0x29, 0x45, 0x29, 0xe7, 0x39, 0x86, 0x31,
    0x07, 0x42, 0x4b, 0x7b, 0x4b, 0x7b, 0x2b, 0x7b, 0xc9, 0x6a, 0x65, 0x39, 0xa2, 0x18, 0x24, 0x21,
    0x25, 0x21, 0x24, 0x21, 0x24, 0x21, 0x65, 0x29, 0x24, 0x21, 0xe7, 0x41, 0xea, 0x6a, 0x6c, 0x7b,
    0x6c, 0x83, 0x4b, 0x7b, 0x2b, 0x73, 0x0a, 0x6b, 0x47, 0x5a, 0xc6, 0x49, 0x81, 0x20, 0x23, 0x39,
    0xa4, 0x49, 0x22, 0x39, 0xe2, 0x30, 0x03, 0x29, 0x6c, 0x73, 0x52, 0xb5, 0xd3, 0xcd, 0x96, 0xe6,
    0xb6, 0xee, 0xb6, 0xee, 0xb6, 0xee, 0xb6, 0xee, 0xb6, 0xee, 0xb6, 0xee, 0xb6, 0xee, 0xb6, 0xee,
    0xb6, 0xee, 0xb6, 0xee, 0xb6, 0xee, 0xb6, 0xee, 0xb6, 0xee, 0xb6, 0xee, 0xb6, 0xee, 0xb6, 0xee,
    0xb6, 0xee, 0xb6, 0xee, 0xb6, 0xee, 0xb6, 0xee, 0xb6, 0xee, 0xb6, 0xee, 0xb6, 0xee, 0xb6, 0xee,
    0xb6, 0xee, 0xb6, 0xee, 0xb6, 0xee, 0xb6, 0xee, 0xb6, 0xee, 0xb6, 0xee, 0xb6, 0xee, 0xb6, 0xee,
    0xb6, 0xee, 0xb6, 0xee, 0xb6, 0xee, 0xb6, 0xee, 0xb6, 0xee, 0xb6, 0xee, 0xb6, 0xee, 0xb6, 0xee,
    0xb6, 0xee, 0xb6, 0xee, 0xb6, 0xee, 0xb6, 0xee, 0xb6, 0xee, 0xb6, 0xee, 0xb6, 0xee, 0xb6, 0xee,
    0xb6, 0xee, 0xb6, 0xee, 0xb6, 0xee, 0xb6, 0xee, 0xb6, 0xee, 0xb6, 0xee, 0xb6, 0xee, 0xb6, 0xee,
    0xb6, 0xee, 0xb6, 0xee, 0xb6, 0xee, 0xb6, 0xee, 0xb6, 0xee, 0xb6, 0xee, 0xb6, 0xee, 0xb6, 0xee,
    0xb6, 0xee, 0xb6, 0xee, 0xb6, 0xee, 0xb6, 0xee, 0xb6, 0xe6, 0xb6, 0xe6, 0xd3, 0xcd, 0x93, 0xbd,
    0xad, 0x7b, 0x23, 0x31, 0xc1, 0x28, 0x02, 0x31, 0x84, 0x41, 0x44, 0x39, 0x81, 0x20, 0x85, 0x39,
    0x48, 0x52, 0xca, 0x62, 0x2b, 0x73, 0x2b, 0x7b, 0x2b, 0x7b, 0x6c, 0x7b, 0x4c, 0x73, 0x07, 0x42,
    0x04, 0x21, 0x24, 0x21, 0x65, 0x29, 0x45, 0x29, 0x45, 0x21, 0x04, 0x21, 0xa2, 0x18, 0x24, 0x29,
    0x68, 0x5a, 0x2b, 0x7b, 0x4b, 0x7b, 0x6c, 0x7b, 0xca, 0x62, 0x69, 0x52, 0x0a, 0x6b, 0x6c, 0x7b,
    0x4b, 0x7b, 0x6c, 0x83, 0x6b, 0x7b, 0x6b, 0x7b, 0x6c, 0x7b, 0x4b, 0x7b, 0x6b, 0x7b, 0x6b, 0x7b,
    0x8c, 0x83, 0x6b, 0x7b, 0x6c, 0x83, 0x4b, 0x7b, 0x6b, 0x7b, 0x4b, 0x7b, 0x4b, 0x7b, 0x6b, 0x7b,
    0x6b, 0x7b, 0x4b, 0x7b, 0x6b, 0x7b, 0x6c, 0x7b, 0x85, 0x39, 0x04, 0x21, 0x04, 0x21, 0x65, 0x29,
    0x24, 0x21, 0x04, 0x21, 0xe3, 0x20, 0xc3, 0x18, 0xe3, 0x18, 0x24, 0x21, 0x82, 0x10, 0xc3, 0x18,
    0xe4, 0x20, 0xa7, 0x39, 0xe3, 0x20, 0x28, 0x52, 0x4c, 0x83, 0x0b, 0x73, 0x85, 0x39, 0xe3, 0x20,
    0x45, 0x29, 0x04, 0x21, 0x04, 0x21, 0xa7, 0x39, 0x45, 0x29, 0xc3, 0x18, 0xa7, 0x39, 0x25, 0x29,
    0xc3, 0x18, 0x24, 0x21, 0xa7, 0x31, 0x04, 0x21, 0x24, 0x29, 0x89, 0x62, 0x6c, 0x7b, 0x6b, 0x7b,
    0x4b, 0x7b, 0x6c, 0x83, 0x6b, 0x7b, 0x6c, 0x7b, 0x6b, 0x7b, 0x4b, 0x7b, 0x6c, 0x83, 0x6c, 0x83,
    0x4b, 0x7b, 0x6c, 0x7b, 0x6c, 0x83, 0x4b, 0x7b, 0x6c, 0x83, 0x4b, 0x7b, 0x6b, 0x83, 0x4b, 0x7b,
    0x6c, 0x7b, 0x0b, 0x6b, 0x65, 0x29, 0x86, 0x29, 0xe3, 0x18, 0xe7, 0x41, 0x2b, 0x73, 0x4b, 0x83,
    0x4b, 0x7b, 0xca, 0x6a, 0x85, 0x39, 0x45, 0x29, 0x65, 0x29, 0xc3, 0x18, 0x65, 0x29, 0xe7, 0x39,
    0x04, 0x21, 0x44, 0x29, 0xe7, 0x41, 0x0b, 0x6b, 0x6c, 0x7b, 0x4b, 0x7b, 0x4b, 0x7b, 0x2b, 0x7b,
    0xc9, 0x6a, 0x89, 0x5a, 0xc6, 0x41, 0x81, 0x20, 0x43, 0x39, 0x64, 0x41, 0x02, 0x39, 0xc2, 0x30,
    0xe2, 0x28, 0x4b, 0x73, 0x72, 0xb5, 0xd3, 0xcd, 0xb6, 0xe6, 0xb6, 0xe6, 0xb6, 0xee, 0xb6, 0xee,
    0xb6, 0xee, 0xb6, 0xee, 0xb6, 0xee, 0xb6, 0xee, 0xb6, 0xee, 0xb6, 0xee, 0xb6, 0xee, 0xb6, 0xee,
    0xb6, 0xee, 0xb6, 0xee, 0xb6, 0xee, 0xb6, 0xee, 0xb6, 0xee, 0xb6, 0xee, 0xb6, 0xee, 0xb6, 0xee,
    0xb6, 0xee, 0xb6, 0xee, 0xb6, 0xee, 0xb6, 0xee, 0xb6, 0xee, 0xb6, 0xee, 0xb6, 0xee, 0xb6, 0xee,
    0xb6, 0xee, 0xb6, 0xee, 0xb6, 0xee, 0xb6, 0xee, 0xb6, 0xee, 0xb6, 0xee, 0xb6, 0xee, 0xb6, 0xee,
    0xb6, 0xee, 0xb6, 0xee, 0xb6, 0xee, 0xb6, 0xee, 0xb6, 0xee, 0xb6, 0xee, 0xb6, 0xee, 0xb6, 0xee,
    0xb6, 0xee, 0xb6, 0xee, 0xb6, 0xee, 0xb6, 0xee, 0xb6, 0xee, 0xb6, 0xee, 0xb6, 0xee, 0xb6, 0xee,
    0xb6, 0xee, 0xb6, 0xee, 0xb6, 0xee, 0xb6, 0xee, 0xb6, 0xee, 0xb6, 0xee, 0xb6, 0xee, 0xb6, 0xee,
    0xb6, 0xee, 0xb6, 0xee, 0xb6, 0xee, 0xb6, 0xee, 0xb6, 0xee, 0xb6, 0xee, 0xb6, 0xee, 0xb6, 0xee,
    0xb6, 0xee, 0xb6, 0xee, 0xb6, 0xee, 0xb6, 0xee, 0xb6, 0xe6, 0xd3, 0xcd, 0x32, 0xad, 0x8c, 0x7b,
    0x23, 0x31, 0xc1, 0x28, 0x22, 0x39, 0x84, 0x49, 0x24, 0x39, 0x81, 0x20, 0xa6, 0x41, 0x68, 0x52,
    0xa9, 0x62, 0x2a, 0x73, 0x4b, 0x7b, 0x4b, 0x7b, 0x4b, 0x7b, 0x2b, 0x73, 0x07, 0x4a, 0x82, 0x10,
    0x65, 0x29, 0x86, 0x31, 0x04, 0x21, 0x45, 0x29, 0x86, 0x31, 0xc3, 0x18, 0x44, 0x31, 0x68, 0x5a,
    0x2b, 0x7b, 0x4b, 0x7b, 0x6c, 0x83, 0x6c, 0x7b, 0x4b, 0x7b, 0x6b, 0x7b, 0x4b, 0x7b, 0x6b, 0x7b,
    0x6b, 0x7b, 0x8c, 0x83, 0x6b, 0x7b, 0x6c, 0x83, 0x6b, 0x7b, 0x6c, 0x83, 0xac, 0x83, 0x4b, 0x7b,
    0x6c, 0x83, 0x4b, 0x7b, 0x6c, 0x83, 0x6b, 0x7b, 0x4b, 0x7b, 0x6b, 0x7b, 0x6b, 0x7b, 0x6c, 0x83,
    0x4b, 0x7b, 0x6c, 0x83, 0xe7, 0x49, 0x24, 0x29, 0x04, 0x21, 0x66, 0x29, 0xc7, 0x31, 0x65, 0x29,
    0xa6, 0x31, 0xc7, 0x31, 0x66, 0x29, 0x45, 0x21, 0xc6, 0x31, 0xa6, 0x31, 0x65, 0x29, 0x86, 0x31,
    0x44, 0x29, 0xa9, 0x5a, 0x6c, 0x7b, 0x6c, 0x73, 0xa5, 0x39, 0x85, 0x31, 0xc6, 0x31, 0xe7, 0x39,
    0xe7, 0x39, 0xa6, 0x31, 0x65, 0x29, 0x85, 0x31, 0x07, 0x42, 0xc6, 0x31, 0xa6, 0x31, 0x07, 0x3a,
    0x07, 0x3a, 0xe8, 0x39, 0xe7, 0x41, 0xea, 0x6a, 0x6b, 0x7b, 0x4b, 0x7b, 0x4b, 0x7b, 0x8c, 0x83,
    0x6c, 0x7b, 0x6c, 0x83, 0x4b, 0x7b, 0x6c, 0x83, 0x6b, 0x7b, 0x8c, 0x83, 0x6c, 0x7b, 0x4b, 0x7b,
    0x8c, 0x83, 0x6b, 0x7b, 0x6b, 0x83, 0x6b, 0x7b, 0x6c, 0x7b, 0x6b, 0x7b, 0x6b, 0x7b, 0x4b, 0x7b,
    0xea, 0x62, 0xc6, 0x31, 0x07, 0x42, 0x6c, 0x7b, 0x4b, 0x83, 0x4b, 0x7b, 0xa9, 0x62, 0x64, 0x31,
    0xe3, 0x20, 0xc7, 0x39, 0x45, 0x29, 0x86, 0x31, 0x86, 0x31, 0xa6, 0x31, 0xa6, 0x31, 0x07, 0x42,
    0x0b, 0x6b, 0x4b, 0x7b, 0x6c, 0x7b, 0x4b, 0x7b, 0x2b, 0x7b, 0xca, 0x6a, 0x68, 0x5a, 0xc6, 0x41,
    0xa2, 0x20, 0x43, 0x39, 0x83, 0x41, 0x43, 0x39, 0xe2, 0x30, 0xe2, 0x28, 0x8c, 0x7b, 0x52, 0xb5,
    0xd3, 0xcd, 0xb6, 0xe6, 0xb6, 0xee, 0xb6, 0xee, 0xb6, 0xee, 0xb6, 0xee, 0xb6, 0xee, 0xb6, 0xee,
    0xb6, 0xee, 0xb6, 0xee, 0xb6, 0xee, 0xb6, 0xee, 0xb6, 0xee, 0xb6, 0xee, 0xb6, 0xee, 0xb6, 0xee,
    0xb6, 0xee, 0xb6, 0xee, 0xb6, 0xee, 0xb6, 0xee, 0xb6, 0xee, 0xb6, 0xee, 0xb6, 0xee, 0xb6, 0xee,
    0xb6, 0xee, 0xb6, 0xee, 0xb6, 0xee, 0xb6, 0xee, 0xb6, 0xee, 0xb6, 0xee, 0xb6, 0xee, 0xb6, 0xee,
    0xb6, 0xee, 0xb6, 0xee, 0xb6, 0xee, 0xb6, 0xee, 0xb6, 0xee, 0xb6, 0xee, 0xb6, 0xee, 0xb6, 0xee,
    0xb6, 0xee, 0xb6, 0xee, 0xb6, 0xee, 0xb6, 0xee, 0xb6, 0xee, 0xb6, 0xee, 0xb6, 0xee, 0xb6, 0xee,
    0xb6, 0xee, 0xb6, 0xee, 0xb6, 0xee, 0xb6, 0xee, 0xb6, 0xee, 0xb6, 0xee, 0xb6, 0xee, 0xb6, 0xee,
    0xb6, 0xee, 0xb6, 0xee, 0xb6, 0xee, 0xb6, 0xee, 0xb6, 0xee, 0xb6, 0xee, 0xb6, 0xee, 0xb6, 0xee,
    0xb6, 0xee, 0xb6, 0xee, 0xb6, 0xee, 0xb6, 0xee, 0xb6, 0xee, 0xb6, 0xee, 0xb6, 0xee, 0xb6, 0xee,
    0xb6, 0xee, 0xb6, 0xee, 0xb6, 0xe6, 0xb6, 0xe6, 0xd3, 0xcd, 0x31, 0xad, 0xcd, 0x83, 0x23, 0x31,
    0xc2, 0x30, 0x02, 0x39, 0x84, 0x49, 0x44, 0x39, 0xa1, 0x20, 0x85, 0x39, 0x48, 0x52, 0xaa, 0x62,
    0x0a, 0x73, 0x4b, 0x7b, 0x2b, 0x7b, 0x4c, 0x7b, 0x4c, 0x73, 0xc6, 0x41, 0xc3, 0x18, 0x45, 0x29,
    0x24, 0x21, 0x65, 0x29, 0xa6, 0x39, 0x45, 0x29, 0x04, 0x21, 0x44, 0x31, 0x68, 0x5a, 0x6c, 0x7b,
    0x4b, 0x7b, 0x4b, 0x7b, 0x6b, 0x7b, 0x6b, 0x7b, 0x4b, 0x7b, 0x6b, 0x7b, 0x4b, 0x7b, 0x6c, 0x83,
    0x6c, 0x83, 0x4b, 0x7b, 0x4b, 0x7b, 0x6b, 0x7b, 0x6c, 0x83, 0x4b, 0x7b, 0x6b, 0x7b, 0x4b, 0x7b,
    0x6c, 0x83, 0x6b, 0x7b, 0x6b, 0x7b, 0x6b, 0x7b, 0x4b, 0x7b, 0x8c, 0x83, 0x4b, 0x7b, 0x4b, 0x7b,
    0x2b, 0x73, 0x0b, 0x6b, 0x4c, 0x73, 0x4b, 0x73, 0x8c, 0x7b, 0x6c, 0x73, 0x8c, 0x7b, 0x6c, 0x7b,
    0x6c, 0x73, 0x2b, 0x73, 0x4c, 0x73, 0x4b, 0x73, 0x2c, 0x73, 0x6d, 0x7b, 0x2b, 0x73, 0x2b, 0x73,
    0x6b, 0x7b, 0x6c, 0x7b, 0x2b, 0x73, 0x4c, 0x73, 0x2b, 0x6b, 0x0b, 0x6b, 0x4b, 0x73, 0x2b, 0x6b,
    0x4c, 0x73, 0x8c, 0x7b, 0x8c, 0x7b, 0x8c, 0x7b, 0x4c, 0x73, 0xad, 0x83, 0x2b, 0x73, 0x4c, 0x7b,
    0x4c, 0x7b, 0x4b, 0x7b, 0x6c, 0x83, 0x4b, 0x7b, 0x4b, 0x7b, 0x6c, 0x83, 0x6c, 0x7b, 0x6c, 0x83,
    0x4b, 0x7b, 0x4b, 0x7b, 0x6b, 0x7b, 0x6c, 0x83, 0x4b, 0x7b, 0x4b, 0x7b, 0x6b, 0x7b, 0x6b, 0x7b,
    0x6c, 0x83, 0x6b, 0x7b, 0x6c, 0x83, 0x4b, 0x7b, 0x6c, 0x83, 0x4b, 0x7b, 0x6b, 0x7b, 0x4b, 0x73,
    0x2b, 0x73, 0x4c, 0x7b, 0x2b, 0x7b, 0xa9, 0x62, 0x85, 0x39, 0x03, 0x21, 0x24, 0x29, 0x45, 0x29,
    0x65, 0x29, 0x25, 0x21, 0x86, 0x29, 0x45, 0x29, 0x85, 0x39, 0x0b, 0x6b, 0x4b, 0x7b, 0x6b, 0x7b,
    0x2b, 0x7b, 0x2b, 0x73, 0xca, 0x6a, 0x89, 0x5a, 0xa5, 0x41, 0x80, 0x18, 0x23, 0x31, 0x84, 0x41,
    0x02, 0x39, 0x02, 0x31, 0x02, 0x29, 0x4b, 0x73, 0x32, 0xb5, 0xd3, 0xcd, 0x96, 0xe6, 0xb6, 0xe6,
    0xb6, 0xee, 0xb6, 0xee, 0xb6, 0xee, 0xb6, 0xee, 0xb6, 0xee, 0xb6, 0xee, 0xb6, 0xee, 0xb6, 0xee,
    0xb6, 0xee, 0xb6, 0xee, 0xb6, 0xee, 0xb6, 0xee, 0xb6, 0xee, 0xb6, 0xee, 0xb6, 0xee, 0xb6, 0xee,
    0xb6, 0xee, 0xb6, 0xee, 0xb6, 0xee, 0xb6, 0xee, 0xb6, 0xee, 0xb6, 0xee, 0xb6, 0xee, 0xb6, 0xee,
    0xb6, 0xee, 0xb6, 0xee, 0xb6, 0xee, 0xb6, 0xee, 0xb6, 0xee, 0xb6, 0xee, 0xb6, 0xee, 0xb6, 0xee,
    0xb6, 0xee, 0xb6, 0xee, 0xb6, 0xee, 0xb6, 0xee, 0xb6, 0xee, 0xb6, 0xee, 0xb6, 0xee, 0xb6, 0xee,
    0xb6, 0xee, 0xb6, 0xee, 0xb6, 0xee, 0xb6, 0xee, 0xb6, 0xee, 0xb6, 0xee, 0xb6, 0xee, 0xb6, 0xee,
    0xb6, 0xee, 0xb6, 0xee, 0xb6, 0xee, 0xb6, 0xee, 0xb6, 0xee, 0xb6, 0xee, 0xb6, 0xee, 0xb6, 0xee,
    0xb6, 0xee, 0xb6, 0xee, 0xb6, 0xee, 0xb6, 0xee, 0xb6, 0xee, 0xb6, 0xee, 0xb6, 0xee, 0xb6, 0xee,
    0xb6, 0xee, 0xb6, 0xee, 0xb6, 0xee, 0xb6, 0xee, 0xb6, 0xee, 0xb6, 0xee, 0xb6, 0xee, 0xb6, 0xee,
    0xb6, 0xee, 0xb6, 0xe6, 0xb6, 0xe6, 0xd3, 0xcd, 0x93, 0xbd, 0xad, 0x7b, 0x23, 0x31, 0xc1, 0x28,
    0x02, 0x39, 0x84, 0x41, 0x43, 0x39, 0x81, 0x20, 0xa6, 0x41, 0x28, 0x52, 0xa9, 0x62, 0x0b, 0x73,
    0x4b, 0x7b, 0x4b, 0x7b, 0x6c, 0x7b, 0x2b, 0x73, 0xe7, 0x41, 0xe3, 0x18, 0x04, 0x21, 0x24, 0x21,
    0x24, 0x21, 0x65, 0x29, 0x86, 0x29, 0xc3, 0x18, 0x28, 0x52, 0x6c, 0x7b, 0x4b, 0x7b, 0x6b, 0x83,
    0x4b, 0x7b, 0x6c, 0x83, 0x6b, 0x7b, 0x6c, 0x83, 0x6b, 0x7b, 0x4b, 0x7b, 0x6b, 0x7b, 0x4b, 0x7b,
    0x6b, 0x7b, 0x4b, 0x7b, 0x6c, 0x83, 0x4b, 0x7b, 0x6b, 0x7b, 0x4b, 0x7b, 0x6b, 0x7b, 0x4b, 0x7b,
    0x4b, 0x7b, 0x6b, 0x7b, 0x4b, 0x7b, 0x6c, 0x7b, 0x6c, 0x7b, 0x6c, 0x83, 0x6c, 0x83, 0x6c, 0x83,
    0x6c, 0x7b, 0x6c, 0x83, 0x4b, 0x7b, 0x6b, 0x83, 0x8c, 0x83, 0x4b, 0x7b, 0x6b, 0x83, 0x6c, 0x7b,
    0x6c, 0x83, 0x4b, 0x7b, 0x6c, 0x83, 0x6c, 0x83, 0x6c, 0x83, 0x8c, 0x83, 0x4b, 0x7b, 0x4b, 0x7b,
    0x6c, 0x83, 0x6c, 0x83, 0x6c, 0x83, 0x8c, 0x83, 0x6c, 0x83, 0x6b, 0x83, 0x8c, 0x83, 0x4b, 0x7b,
    0x6c, 0x83, 0x4b, 0x7b, 0x8c, 0x83, 0x4b, 0x7b, 0x6b, 0x83, 0x6c, 0x83, 0x6c, 0x83, 0x6b, 0x83,
    0x6b, 0x7b, 0x6c, 0x83, 0x4b, 0x7b, 0x6c, 0x7b, 0x4b, 0x7b, 0x6c, 0x7b, 0x4b, 0x7b, 0x4b, 0x7b,
    0x6b, 0x7b, 0x6c, 0x7b, 0x4b, 0x7b, 0x6c, 0x7b, 0x6c, 0x7b, 0x6b, 0x7b, 0x6b, 0x7b, 0x4b, 0x7b,
    0x6b, 0x7b, 0x6b, 0x7b, 0x6c, 0x7b, 0x6c, 0x83, 0x6c, 0x83, 0x6b, 0x83, 0x6b, 0x83, 0x6c, 0x83,
    0x89, 0x62, 0x65, 0x31, 0xa2, 0x18, 0x65, 0x31, 0x24, 0x21, 0x04, 0x21, 0x04, 0x21, 0x65, 0x29,
    0x24, 0x21, 0xa6, 0x39, 0x0b, 0x6b, 0x4c, 0x7b, 0x8c, 0x83, 0x4b, 0x7b, 0x2b, 0x73, 0xc9, 0x6a,
    0x68, 0x5a, 0xa5, 0x41, 0xa1, 0x20, 0x43, 0x31, 0x63, 0x41, 0x22, 0x39, 0xc1, 0x30, 0xe2, 0x28,
    0x4b, 0x73, 0x32, 0xad, 0xd3, 0xcd, 0xb6, 0xe6, 0xb6, 0xe6, 0xb6, 0xee, 0xb6, 0xee, 0xb6, 0xee,
    0xb6, 0xee, 0xb6, 0xee, 0xb6, 0xee, 0xb6, 0xee, 0xb6, 0xee, 0xb6, 0xee, 0xb6, 0xee, 0xb6, 0xee,
    0xb6, 0xee, 0xb6, 0xee, 0xb6, 0xee, 0xb6, 0xee, 0xb6, 0xee, 0xb6, 0xee, 0xb6, 0xee, 0xb6, 0xee,
    0xb6, 0xee, 0xb6, 0xee, 0xb6, 0xee, 0xb6, 0xee, 0xb6, 0xee, 0xb6, 0xee, 0xb6, 0xee, 0xb6, 0xee,
    0xb6, 0xee, 0xb6, 0xee, 0xb6, 0xee, 0xb6, 0xee, 0xb6, 0xee, 0xb6, 0xee, 0xb6, 0xee, 0xb6, 0xee,
    0xb6, 0xee, 0xb6, 0xee, 0xb6, 0xee, 0xb6, 0xee, 0xb6, 0xee, 0xb6, 0xee, 0xb6, 0xee, 0xb6, 0xee,
    0xb6, 0xee, 0xb6, 0xee, 0xb6, 0xee, 0xb6, 0xee, 0xb6, 0xee, 0xb6, 0xee, 0xb6, 0xee, 0xb6, 0xee,
    0xb6, 0xee, 0xb6, 0xee, 0xb6, 0xee, 0xb6, 0xee, 0xb6, 0xee, 0xb6, 0xee, 0xb6, 0xee, 0xb6, 0xee,
    0xb6, 0xee, 0xb6, 0xee, 0xb6, 0xee, 0xb6, 0xee, 0xb6, 0xee, 0xb6, 0xee, 0xb6, 0xee, 0xb6, 0xee,
    0xb6, 0xee, 0xb6, 0xee, 0xb6, 0xee, 0xb6, 0xee, 0xb6, 0xee, 0xb6, 0xee, 0xb6, 0xee, 0xb6, 0xee,
    0xb6, 0xee, 0xb6, 0xe6, 0xd3, 0xcd, 0x32, 0xb5, 0xae, 0x83, 0xe2, 0x28, 0xe1, 0x28, 0x22, 0x39,
    0x64, 0x41, 0x44, 0x39, 0x81, 0x20, 0x85, 0x41, 0x68, 0x5a, 0xca, 0x6a, 0x0a, 0x73, 0x6c, 0x7b,
    0x4b, 0x7b, 0x6c, 0x7b, 0x6c, 0x73, 0x07, 0x4a, 0x82, 0x10, 0x65, 0x29, 0x44, 0x29, 0xc3, 0x18,
    0x65, 0x29, 0xe7, 0x41, 0x2b, 0x73, 0x4b, 0x7b, 0x6b, 0x7b, 0x8c, 0x83, 0x6b, 0x7b, 0x8c, 0x83,
    0x6b, 0x7b, 0x6c, 0x83, 0x4b, 0x7b, 0x6c, 0x83, 0x6b, 0x7b, 0x6c, 0x83, 0x6b, 0x7b, 0x6b, 0x7b,
    0x8c, 0x83, 0x4b, 0x7b, 0x8c, 0x83, 0x6b, 0x7b, 0x6c, 0x83, 0x4b, 0x7b, 0x6b, 0x7b, 0x6c, 0x83,
    0x8c, 0x83, 0xac, 0x83, 0x4b, 0x7b, 0x6b, 0x7b, 0x0a, 0x73, 0xca, 0x6a, 0xa9, 0x62, 0xca, 0x6a,
    0xca, 0x6a, 0xca, 0x6a, 0xeb, 0x72, 0xca, 0x6a, 0xca, 0x6a, 0xca, 0x6a, 0xea, 0x6a, 0xa8, 0x62,
    0xea, 0x6a, 0xca, 0x6a, 0xca, 0x6a, 0x0a, 0x73, 0xca, 0x6a, 0xea, 0x6a, 0xa9, 0x62, 0xea, 0x6a,
    0xc9, 0x6a, 0xa9, 0x6a, 0xc9, 0x6a, 0xc9, 0x6a, 0xc9, 0x6a, 0xea, 0x6a, 0xc9, 0x6a, 0xea, 0x6a,
    0xea, 0x62, 0xc9, 0x6a, 0xa9, 0x6a, 0xea, 0x6a, 0xea, 0x6a, 0x6b, 0x7b, 0x6c, 0x83, 0x6b, 0x7b,
    0x4b, 0x7b, 0x6c, 0x83, 0x6c, 0x7b, 0x6c, 0x83, 0x4b, 0x7b, 0x8c, 0x83, 0x4b, 0x7b, 0x8c, 0x83,
    0x6c, 0x83, 0x6c, 0x7b, 0x8c, 0x83, 0x6b, 0x7b, 0x6c, 0x83, 0x4b, 0x7b, 0x6c, 0x83, 0x8c, 0x83,
    0x8c, 0x83, 0x6c, 0x7b, 0x6c, 0x7b, 0x4b, 0x7b, 0x6c, 0x83, 0x6c, 0x7b, 0xe6, 0x49, 0x03, 0x21,
    0x65, 0x31, 0x24, 0x21, 0x65, 0x29, 0xe3, 0x18, 0x24, 0x21, 0x65, 0x31, 0xc6, 0x39, 0x89, 0x5a,
    0x8c, 0x83, 0x6c, 0x83, 0x6b, 0x83, 0x0b, 0x73, 0xca, 0x6a, 0x88, 0x5a, 0x85, 0x41, 0xc2, 0x20,
    0x02, 0x31, 0xa5, 0x49, 0x02, 0x39, 0x02, 0x31, 0xe2, 0x28, 0x6c, 0x73, 0x73, 0xb5, 0xd3, 0xcd,
    0xb6, 0xe6, 0xb6, 0xee, 0xb6, 0xee, 0xb6, 0xee, 0xb6, 0xee, 0xb6, 0xee, 0xb6, 0xee, 0xb6, 0xee,
    0xb6, 0xee, 0xb6, 0xee, 0xb6, 0xee, 0xb6, 0xee, 0xb6, 0xee, 0xb6, 0xee, 0xb6, 0xee, 0xb6, 0xee,
    0xb6, 0xee, 0xb6, 0xee, 0xb6, 0xee, 0xb6, 0xee, 0xb6, 0xee, 0xb6, 0xee, 0xb6, 0xee, 0xb6, 0xee,
    0xb6, 0xee, 0xb6, 0xee, 0xb6, 0xee, 0xb6, 0xee, 0xb6, 0xee, 0xb6, 0xee, 0xb6, 0xee, 0xb6, 0xee,
    0xb6, 0xee, 0xb6, 0xee, 0xb6, 0xee, 0xb6, 0xee, 0xb6, 0xee, 0xb6, 0xee, 0xb6, 0xee, 0xb6, 0xee,
    0xb6, 0xee, 0xb6, 0xee, 0xb6, 0xee, 0xb6, 0xee, 0xb6, 0xee, 0xb6, 0xee, 0xb6, 0xee, 0xb6, 0xee,
    0xb6, 0xee, 0xb6, 0xee, 0xb6, 0xee, 0xb6, 0xee, 0xb6, 0xee, 0xb6, 0xee, 0xb6, 0xee, 0xb6, 0xee,
    0xb6, 0xee, 0xb6, 0xee, 0xb6, 0xee, 0xb6, 0xee, 0xb6, 0xee, 0xb6, 0xee, 0xb6, 0xee, 0xb6, 0xee,
    0xb6, 0xee, 0xb6, 0xee, 0xb6, 0xee, 0xb6, 0xee, 0xb6, 0xee, 0xb6, 0xee, 0xb6, 0xee, 0xb6, 0xee,
    0xb6, 0xee, 0xb6, 0xee, 0xb6, 0xee, 0xb6, 0xee, 0xb6, 0xee, 0xb6, 0xee, 0xb6, 0xee, 0xb6, 0xee,
    0xb6, 0xe6, 0xd3, 0xcd, 0x32, 0xb5, 0xad, 0x7b, 0x03, 0x31, 0xc1, 0x28, 0x02, 0x39, 0xa5, 0x49,
    0x23, 0x39, 0xa1, 0x20, 0x85, 0x39, 0x48, 0x52, 0xa9, 0x62, 0x0a, 0x73, 0x4b, 0x7b, 0x8c, 0x83,
    0x6c, 0x83, 0x2b, 0x73, 0x85, 0x31, 0x24, 0x21, 0x65, 0x29, 0x45, 0x29, 0x28, 0x52, 0x2b, 0x73,
    0xad, 0x83, 0x4b, 0x7b, 0x6c, 0x83, 0x6c, 0x83, 0x6c, 0x83, 0x8c, 0x83, 0x4b, 0x7b, 0x6b, 0x7b,
    0x6b, 0x7b, 0x8c, 0x83, 0x8c, 0x83, 0x4b, 0x7b, 0x6c, 0x83, 0x6b, 0x7b, 0x6c, 0x83, 0x8c, 0x83,
    0x6c, 0x83, 0x6b, 0x7b, 0x6c, 0x83, 0x6b, 0x7b, 0x6c, 0x83, 0x6c, 0x83, 0x6b, 0x7b, 0x4b, 0x7b,
    0x6c, 0x7b, 0x6c, 0x7b, 0x48, 0x5a, 0x65, 0x39, 0x65, 0x39, 0x24, 0x39, 0x44, 0x39, 0x23, 0x31,
    0x23, 0x31, 0x44, 0x39, 0x64, 0x39, 0x45, 0x39, 0x44, 0x39, 0x64, 0x39, 0x44, 0x39, 0x24, 0x31,
    0x45, 0x39, 0x45, 0x39, 0x45, 0x39, 0x24, 0x31, 0x44, 0x39, 0x44, 0x39, 0x65, 0x39, 0x24, 0x31,
    0x44, 0x39, 0x24, 0x39, 0x44, 0x39, 0x65, 0x39, 0x45, 0x39, 0x45, 0x39, 0x44, 0x39, 0x44, 0x39,
    0x24, 0x39, 0x24, 0x31, 0xa5, 0x41, 0xc9, 0x72, 0x6b, 0x7b, 0x6b, 0x7b, 0x4b, 0x7b, 0x8c, 0x83,
    0x6c, 0x7b, 0x8c, 0x83, 0x6c, 0x7b, 0x4b, 0x7b, 0x6c, 0x83, 0x6c, 0x7b, 0x6c, 0x83, 0x8c, 0x83,
    0x6b, 0x7b, 0x6b, 0x7b, 0x6c, 0x83, 0x4b, 0x7b, 0x6c, 0x83, 0x6b, 0x7b, 0x6b, 0x7b, 0x6b, 0x7b,
    0x6b, 0x7b, 0x6c, 0x83, 0x6c, 0x83, 0x8c, 0x83, 0xa9, 0x62, 0xe7, 0x41, 0x44, 0x29, 0x45, 0x29,
    0xa6, 0x31, 0x85, 0x29, 0x24, 0x21, 0x85, 0x39, 0x0b, 0x6b, 0x6c, 0x7b, 0x8c, 0x83, 0x4b, 0x7b,
    0x4b, 0x7b, 0xea, 0x72, 0x48, 0x5a, 0xa6, 0x41, 0xa1, 0x20, 0x43, 0x39, 0x64, 0x41, 0x03, 0x39,
    0xa1, 0x28, 0x23, 0x31, 0x4b, 0x73, 0x52, 0xb5, 0xd3, 0xcd, 0xb6, 0xe6, 0xb6, 0xee, 0xb6, 0xee,
    0xb6, 0xee, 0xb6, 0xee, 0xb6, 0xee, 0xb6, 0xee, 0xb6, 0xee, 0xb6, 0xee, 0xb6, 0xee, 0xb6, 0xee,
    0xb6, 0xee, 0xb6, 0xee, 0xb6, 0xee, 0xb6, 0xee, 0xb6, 0xee, 0xb6, 0xee, 0xb6, 0xee, 0xb6, 0xee,
    0xb6, 0xee, 0xb6, 0xee, 0xb6, 0xee, 0xb6, 0xee, 0xb6, 0xee, 0xb6, 0xee, 0xb6, 0xee, 0xb6, 0xee,
    0xb6, 0xee, 0xb6, 0xee, 0xb6, 0xee, 0xb6, 0xee, 0xb6, 0xee, 0xb6, 0xee, 0xb6, 0xee, 0xb6, 0xee,
    0xb6, 0xee, 0xb6, 0xee, 0xb6, 0xee, 0xb6, 0xee, 0xb6, 0xee, 0xb6, 0xee, 0xb6, 0xee, 0xb6, 0xee,
    0xb6, 0xee, 0xb6, 0xee, 0xb6, 0xee, 0xb6, 0xee, 0xb6, 0xee, 0xb6, 0xee, 0xb6, 0xee, 0xb6, 0xee,
    0xb6, 0xee, 0xb6, 0xee, 0xb6, 0xee, 0xb6, 0xee, 0xb6, 0xee, 0xb6, 0xee, 0xb6, 0xee, 0xb6, 0xee,
    0xb6, 0xee, 0xb6, 0xee, 0xb6, 0xee, 0xb6, 0xee, 0xb6, 0xee, 0xb6, 0xee, 0xb6, 0xee, 0xb6, 0xee,
    0xb6, 0xee, 0xb6, 0xee, 0xb6, 0xee, 0xb6, 0xee, 0xb6, 0xee, 0xb6, 0xee, 0xb6, 0xee, 0xb6, 0xee,
    0xb6, 0xee, 0xb6, 0xee, 0xb6, 0xee, 0xb6, 0xee, 0xb6, 0xee, 0xb6, 0xee, 0xb6, 0xee, 0x96, 0xe6,
    0xd3, 0xcd, 0x73, 0xbd, 0xce, 0x83, 0x03, 0x31, 0xe2, 0x28, 0x23, 0x39, 0x84, 0x41, 0x63, 0x39,
    0xa1, 0x20, 0xa5, 0x41, 0x48, 0x52, 0xca, 0x62, 0x4b, 0x73, 0x2a, 0x7b, 0x4b, 0x7b, 0x6c, 0x7b,
    0x6c, 0x7b, 0x07, 0x42, 0x24, 0x29, 0x07, 0x42, 0x4b, 0x73, 0x6c, 0x83, 0x4b, 0x7b, 0x6c, 0x83,
    0x4b, 0x7b, 0x8c, 0x83, 0x4b, 0x7b, 0x6c, 0x83, 0x6b, 0x7b, 0x6c, 0x83, 0x6c, 0x83, 0x8c, 0x83,
    0x6b, 0x7b, 0x6c, 0x83, 0x6b, 0x7b, 0x6b, 0x7b, 0x8c, 0x83, 0x4b, 0x7b, 0x8c, 0x83, 0x6b, 0x7b,
    0x6c, 0x83, 0x6b, 0x7b, 0x6b, 0x7b, 0x6c, 0x83, 0x4b, 0x7b, 0x6c, 0x7b, 0x6b, 0x7b, 0x6b, 0x7b,
    0xc6, 0x41, 0x41, 0x10, 0x24, 0x29, 0x66, 0x29, 0xe4, 0x18, 0xe4, 0x18, 0xa3, 0x10, 0xc3, 0x18,
    0x24, 0x21, 0xe3, 0x18, 0x03, 0x21, 0x44, 0x29, 0x03, 0x19, 0x03, 0x19, 0x04, 0x19, 0x03, 0x19,
    0x03, 0x19, 0xe3, 0x18, 0xc2, 0x18, 0xc2, 0x18, 0xc2, 0x18, 0xa6, 0x31, 0x24, 0x21, 0xc3, 0x18,
    0x45, 0x29, 0x24, 0x21, 0x45, 0x29, 0x44, 0x29, 0x03, 0x21, 0x44, 0x29, 0xc7, 0x31, 0xe4, 0x18,
    0x24, 0x29, 0x88, 0x62, 0x6c, 0x83, 0x6c, 0x83, 0x6b, 0x7b, 0x8c, 0x83, 0x6c, 0x7b, 0x6c, 0x83,
    0x4b, 0x7b, 0x6c, 0x83, 0x4b, 0x7b, 0x6c, 0x83, 0x6c, 0x83, 0x6c, 0x7b, 0x6c, 0x83, 0x4b, 0x7b,
    0x6c, 0x83, 0x6b, 0x7b, 0x6c, 0x83, 0x4b, 0x7b, 0x8c, 0x83, 0x6b, 0x83, 0x6b, 0x7b, 0x6c, 0x83,
    0x6c, 0x83, 0x6b, 0x83, 0x8c, 0x83, 0xeb, 0x62, 0xe7, 0x41, 0x86, 0x31, 0x65, 0x29, 0x24, 0x21,
    0x86, 0x31, 0xea, 0x6a, 0x6c, 0x7b, 0x4b, 0x7b, 0x6b, 0x83, 0x0a, 0x73, 0xca, 0x6a, 0x69, 0x5a,
    0xa6, 0x41, 0xa1, 0x20, 0x23, 0x31, 0x84, 0x41, 0x22, 0x39, 0x02, 0x39, 0xe2, 0x28, 0x6c, 0x7b,
    0x32, 0xb5, 0xd3, 0xcd, 0x96, 0xe6, 0xb6, 0xee, 0xb6, 0xee, 0xb6, 0xee, 0xb6, 0xee, 0xb6, 0xee,
    0xb6, 0xee, 0xb6, 0xee, 0xb6, 0xee, 0xb6, 0xee, 0xb6, 0xee, 0xb6, 0xee, 0xb6, 0xee, 0xb6, 0xee,
    0xb6, 0xee, 0xb6, 0xee, 0xb6, 0xee, 0xb6, 0xee, 0xb6, 0xee, 0xb6, 0xee, 0xb6, 0xee, 0xb6, 0xee,
    0xb6, 0xee, 0xb6, 0xee, 0xb6, 0xee, 0xb6, 0xee, 0xb6, 0xee, 0xb6, 0xee, 0xb6, 0xee, 0xb6, 0xee,
    0xb6, 0xee, 0xb6, 0xee, 0xb6, 0xee, 0xb6, 0xee, 0xb6, 0xee, 0xb6, 0xee, 0xb6, 0xee, 0xb6, 0xee,
    0xb6, 0xee, 0xb6, 0xee, 0xb6, 0xee, 0xb6, 0xee, 0xb6, 0xee, 0xb6, 0xee, 0xb6, 0xee, 0xb6, 0xee,
    0xb6, 0xee, 0xb6, 0xee, 0xb6, 0xee, 0xb6, 0xee, 0xb6, 0xee, 0xb6, 0xee, 0xb6, 0xee, 0xb6, 0xee,
    0xb6, 0xee, 0xb6, 0xee, 0xb6, 0xee, 0xb6, 0xee, 0xb6, 0xee, 0xb6, 0xee, 0xb6, 0xee, 0xb6, 0xee,
    0xb6, 0xee, 0xb6, 0xee, 0xb6, 0xee, 0xb6, 0xee, 0xb6, 0xee, 0xb6, 0xee, 0xb6, 0xee, 0xb6, 0xee,
    0xb6, 0xee, 0xb6, 0xee, 0xb6, 0xee, 0xb6, 0xee, 0xb6, 0xee, 0xb6, 0xee, 0xb6, 0xee, 0xb6, 0xee,
    0xb6, 0xee, 0xb6, 0xee, 0xb6, 0xee, 0xb6, 0xee, 0xb6, 0xee, 0xb6, 0xe6, 0xb6, 0xe6, 0xd3, 0xcd,
    0x11, 0xad, 0x8d, 0x7b, 0xe3, 0x28, 0xc1, 0x28, 0x22, 0x31, 0xa4, 0x41, 0x43, 0x39, 0xa1, 0x20,
    0x85, 0x39, 0x69, 0x5a, 0xa9, 0x62, 0x0a, 0x73, 0x4b, 0x7b, 0x4b, 0x7b, 0x6c, 0x7b, 0x2b, 0x73,
    0x88, 0x5a, 0x2b, 0x73, 0x6c, 0x83, 0x6b, 0x7b, 0x6c, 0x83, 0x6c, 0x83, 0x6b, 0x7b, 0x4b, 0x7b,
    0x4b, 0x7b, 0x6c, 0x83, 0x6b, 0x7b, 0x6b, 0x7b, 0x6b, 0x7b, 0x6b, 0x7b, 0x6c, 0x83, 0x6b, 0x7b,
    0x6c, 0x83, 0x4b, 0x7b, 0x6c, 0x83, 0x4b, 0x7b, 0x6c, 0x83, 0x4b, 0x7b, 0x6c, 0x83, 0x6b, 0x83,
    0x6b, 0x7b, 0x6b, 0x83, 0x4b, 0x7b, 0x6c, 0x7b, 0x6b, 0x7b, 0x4b, 0x7b, 0xc7, 0x41, 0x04, 0x21,
    0x85, 0x29, 0x65, 0x29, 0x45, 0x29, 0xe7, 0x39, 0x65, 0x29, 0x45, 0x29, 0x65, 0x29, 0x65, 0x29,
    0x45, 0x29, 0x45, 0x29, 0x65, 0x29, 0xa7, 0x31, 0x65, 0x29, 0x45, 0x29, 0x45, 0x29, 0x86, 0x31,
    0x45, 0x29, 0x65, 0x29, 0xc7, 0x39, 0x65, 0x31, 0x45, 0x29, 0x86, 0x31, 0x86, 0x31, 0x45, 0x29,
    0x45, 0x29, 0x65, 0x29, 0x65, 0x29, 0xa6, 0x31, 0x66, 0x29, 0xe8, 0x39, 0x24, 0x29, 0xa9, 0x6a,
    0x6c, 0x83, 0x6b, 0x7b, 0x4b, 0x7b, 0x6b, 0x7b, 0x6b, 0x7b, 0x6b, 0x7b, 0x6b, 0x7b, 0x6b, 0x7b,
    0x6b, 0x7b, 0x6b, 0x7b, 0x6c, 0x7b, 0x4c, 0x7b, 0x6c, 0x83, 0x6c, 0x83, 0x6c, 0x83, 0x4b, 0x7b,
    0x6b, 0x7b, 0x4b, 0x7b, 0x6b, 0x7b, 0x6b, 0x7b, 0x6b, 0x7b, 0x6b, 0x7b, 0x4b, 0x7b, 0x6c, 0x83,
    0x4b, 0x7b, 0x6b, 0x7b, 0x2b, 0x73, 0xc7, 0x39, 0xe3, 0x18, 0xc6, 0x39, 0xea, 0x6a, 0x6b, 0x7b,
    0x8c, 0x83, 0x2b, 0x7b, 0x2b, 0x7b, 0xc9, 0x6a, 0x88, 0x5a, 0xc6, 0x41, 0xa1, 0x20, 0x23, 0x39,
    0x84, 0x41, 0x22, 0x31, 0xe1, 0x28, 0x02, 0x29, 0x6c, 0x73, 0x52, 0xb5, 0xd3, 0xcd, 0xb6, 0xe6,
    0xb6, 0xe6, 0xb6, 0xee, 0xb6, 0xee, 0xb6, 0xee, 0xb6, 0xee, 0xb6, 0xee, 0xb6, 0xee, 0xb6, 0xee,
    0xb6, 0xee, 0xb6, 0xee, 0xb6, 0xee, 0xb6, 0xee, 0xb6, 0xee, 0xb6, 0xee, 0xb6, 0xee, 0xb6, 0xee,
    0xb6, 0xee, 0xb6, 0xee, 0xb6, 0xee, 0xb6, 0xee, 0xb6, 0xee, 0xb6, 0xee, 0xb6, 0xee, 0xb6, 0xee,
    0xb6, 0xee, 0xb6, 0xee, 0xb6, 0xee, 0xb6, 0xee, 0xb6, 0xee, 0xb6, 0xee, 0xb6, 0xee, 0xb6, 0xee,
    0xb6, 0xee, 0xb6, 0xee, 0xb6, 0xee, 0xb6, 0xee, 0xb6, 0xee, 0xb6, 0xee, 0xb6, 0xee, 0xb6, 0xee,
    0xb6, 0xee, 0xb6, 0xee, 0xb6, 0xee, 0xb6, 0xee, 0xb6, 0xee, 0xb6, 0xee, 0xb6, 0xee, 0xb6, 0xee,
    0xb6, 0xee, 0xb6, 0xee, 0xb6, 0xee, 0xb6, 0xee, 0xb6, 0xee, 0xb6, 0xee, 0xb6, 0xee, 0xb6, 0xee,
    0xb6, 0xee, 0xb6, 0xee, 0xb6, 0xee, 0xb6, 0xee, 0xb6, 0xee, 0xb6, 0xee, 0xb6, 0xee, 0xb6, 0xee,
    0xb6, 0xee, 0xb6, 0xee, 0xb6, 0xee, 0xb6, 0xee, 0xb6, 0xee, 0xb6, 0xee, 0xb6, 0xee, 0xb6, 0xee,
    0xb6, 0xee, 0xb6, 0xee, 0xb6, 0xee, 0xb6, 0xee, 0xb6, 0xee, 0xb6, 0xee, 0xb6, 0xee, 0xb6, 0xee,
    0xb6, 0xee, 0xb6, 0xee, 0xb6, 0xee, 0xb6, 0xee, 0xb6, 0xee, 0x96, 0xe6, 0xd3, 0xcd, 0x32, 0xb5,
    0xcd, 0x83, 0x23, 0x31, 0xa1, 0x28, 0x43, 0x39, 0x84, 0x41, 0x64, 0x39, 0x81, 0x20, 0x85, 0x41,
    0x48, 0x52, 0xca, 0x6a, 0x2b, 0x73, 0x4b, 0x7b, 0x6c, 0x7b, 0x6c, 0x7b, 0xad, 0x83, 0x4c, 0x7b,
    0x6b, 0x7b, 0x6b, 0x7b, 0x4b, 0x7b, 0x6c, 0x83, 0x6c, 0x83, 0x8c, 0x83, 0x6c, 0x83, 0x8c, 0x83,
    0x6b, 0x7b, 0x6c, 0x83, 0x6c, 0x83, 0x6c, 0x83, 0x6c, 0x83, 0x6b, 0x7b, 0x6b, 0x7b, 0x6b, 0x7b,
    0x8c, 0x83, 0x6b, 0x7b, 0x6b, 0x83, 0x4b, 0x7b, 0x8c, 0x83, 0x6c, 0x83, 0x6c, 0x83, 0x6c, 0x83,
    0x6b, 0x83, 0x8c, 0x83, 0x6b, 0x83, 0x4c, 0x7b, 0xc6, 0x41, 0x04, 0x21, 0x45, 0x21, 0x65, 0x29,
    0x65, 0x29, 0xa6, 0x31, 0x86, 0x31, 0x45, 0x29, 0x24, 0x21, 0x04, 0x21, 0x24, 0x21, 0x24, 0x21,
    0x24, 0x21, 0xa6, 0x31, 0x45, 0x29, 0x24, 0x21, 0x24, 0x21, 0x04, 0x21, 0x24, 0x21, 0x86, 0x31,
    0x04, 0x21, 0x04, 0x21, 0x24, 0x21, 0x65, 0x31, 0x45, 0x29, 0xc3, 0x18, 0x24, 0x21, 0x45, 0x29,
    0x03, 0x21, 0x65, 0x29, 0x45, 0x29, 0x24, 0x21, 0x24, 0x31, 0xa8, 0x62, 0x6c, 0x83, 0x6c, 0x83,
    0x6b, 0x7b, 0x6c, 0x83, 0x6c, 0x83, 0x6c, 0x83, 0x6b, 0x7b, 0x6b, 0x7b, 0x6b, 0x7b, 0x6c, 0x83,
    0x6c, 0x7b, 0x6c, 0x7b, 0x6c, 0x83, 0x6b, 0x7b, 0x6c, 0x83, 0x6b, 0x7b, 0x8c, 0x83, 0x6c, 0x83,
    0x6c, 0x83, 0x6b, 0x7b, 0x6c, 0x83, 0x8c, 0x83, 0x6c, 0x83, 0x8c, 0x83, 0x6c, 0x83, 0x6c, 0x83,
    0x6c, 0x7b, 0xeb, 0x6a, 0xe7, 0x41, 0x0b, 0x6b, 0x8c, 0x83, 0x6b, 0x7b, 0x4b, 0x7b, 0x2b, 0x7b,
    0xea, 0x72, 0x68, 0x5a, 0xc6, 0x41, 0x81, 0x18, 0x43, 0x39, 0x64, 0x41, 0x22, 0x39, 0x02, 0x31,
    0xe2, 0x28, 0x4b, 0x73, 0x32, 0xb5, 0xd3, 0xcd, 0x96, 0xe6, 0xb6, 0xee, 0xb6, 0xee, 0xb6, 0xee,
    0xb6, 0xee, 0xb6, 0xee, 0xb6, 0xee, 0xb6, 0xee, 0xb6, 0xee, 0xb6, 0xee, 0xb6, 0xee, 0xb6, 0xee,
    0xb6, 0xee, 0xb6, 0xee, 0xb6, 0xee, 0xb6, 0xee, 0xb6, 0xee, 0xb6, 0xee, 0xb6, 0xee, 0xb6, 0xee,
    0xb6, 0xee, 0xb6, 0xee, 0xb6, 0xee, 0xb6, 0xee, 0xb6, 0xee, 0xb6, 0xee, 0xb6, 0xee, 0xb6, 0xee,
    0xb6, 0xee, 0xb6, 0xee, 0xb6, 0xee, 0xb6, 0xee, 0xb6, 0xee, 0xb6, 0xee, 0xb6, 0xee, 0xb6, 0xee,
    0xb6, 0xee, 0xb6, 0xee, 0xb6, 0xee, 0xb6, 0xee, 0xb6, 0xee, 0xb6, 0xee, 0xb6, 0xee, 0xb6, 0xee,
    0xb6, 0xee, 0xb6, 0xee, 0xb6, 0xee, 0xb6, 0xee, 0xb6, 0xee, 0xb6, 0xee, 0xb6, 0xee, 0xb6, 0xee,
    0xb6, 0xee, 0xb6, 0xee, 0xb6, 0xee, 0xb6, 0xee, 0xb6, 0xee, 0xb6, 0xee, 0xb6, 0xee, 0xb6, 0xee,
    0xb6, 0xee, 0xb6, 0xee, 0xb6, 0xee, 0xb6, 0xee, 0xb6, 0xee, 0xb6, 0xee, 0xb6, 0xee, 0xb6, 0xee,
    0xb6, 0xee, 0xb6, 0xee, 0xb6, 0xee, 0xb6, 0xee, 0xb6, 0xee, 0xb6, 0xee, 0xb6, 0xee, 0xb6, 0xee,
    0xb6, 0xee, 0xb6, 0xee, 0xb6, 0xee, 0xb6, 0xee, 0xb6, 0xee, 0xb6, 0xee, 0xb6, 0xee, 0xb6, 0xee,
    0xb6, 0xee, 0xb6, 0xee, 0xb6, 0xee, 0xb6, 0xe6, 0x96, 0xe6, 0xd3, 0xcd, 0x73, 0xb5, 0xcd, 0x83,
    0x03, 0x31, 0xc1, 0x28, 0x02, 0x39, 0x63, 0x41, 0x64, 0x41, 0x81, 0x20, 0x85, 0x39, 0x68, 0x5a,
    0xc9, 0x62, 0x0b, 0x73, 0x6c, 0x7b, 0x4b, 0x7b, 0x6c, 0x83, 0x4b, 0x7b, 0x4b, 0x7b, 0x6c, 0x83,
    0x6c, 0x83, 0x4b, 0x7b, 0x4b, 0x7b, 0x8c, 0x83, 0x6c, 0x83, 0x6b, 0x7b, 0x4b, 0x7b, 0x6b, 0x7b,
    0x6c, 0x83, 0x6b, 0x7b, 0x6c, 0x83, 0x4b, 0x7b, 0x6b, 0x7b, 0x6b, 0x7b, 0x8c, 0x83, 0x4b, 0x7b,
    0x6b, 0x83, 0x6b, 0x83, 0x6c, 0x83, 0x4b, 0x7b, 0x6b, 0x83, 0x8c, 0x83, 0x8c, 0x83, 0x6b, 0x7b,
    0x4b, 0x7b, 0x6c, 0x7b, 0xc7, 0x49, 0x66, 0x31, 0xe7, 0x39, 0x04, 0x21, 0x25, 0x21, 0x66, 0x29,
    0x86, 0x31, 0x66, 0x29, 0x24, 0x21, 0x66, 0x29, 0x04, 0x21, 0xe3, 0x18, 0x45, 0x29, 0x04, 0x21,
    0x86, 0x31, 0x65, 0x29, 0x04, 0x19, 0x44, 0x21, 0x65, 0x29, 0xe7, 0x39, 0x45, 0x21, 0x24, 0x21,
    0x45, 0x29, 0x24, 0x21, 0x65, 0x29, 0xa6, 0x31, 0x45, 0x29, 0x04, 0x21, 0x45, 0x21, 0xc7, 0x39,
    0x86, 0x29, 0x86, 0x29, 0x65, 0x31, 0xa9, 0x6a, 0x6c, 0x83, 0x6b, 0x7b, 0x4b, 0x7b, 0x6c, 0x83,
    0x6b, 0x7b, 0x6c, 0x83, 0x6b, 0x7b, 0x6b, 0x7b, 0x6b, 0x7b, 0x6c, 0x83, 0x6c, 0x7b, 0x6c, 0x7b,
    0x6c, 0x83, 0x6b, 0x7b, 0x6b, 0x7b, 0x6b, 0x7b, 0x8c, 0x83, 0x8c, 0x83, 0x6c, 0x83, 0x4b, 0x7b,
    0x4b, 0x7b, 0x6c, 0x83, 0x6b, 0x7b, 0x6c, 0x83, 0x6b, 0x7b, 0x4b, 0x7b, 0x6c, 0x7b, 0x8c, 0x7b,
    0x8c, 0x7b, 0x4b, 0x7b, 0x6b, 0x83, 0x6c, 0x7b, 0x2b, 0x73, 0xc9, 0x6a, 0x89, 0x62, 0xc6, 0x41,
    0xa1, 0x20, 0x43, 0x31, 0x64, 0x41, 0x02, 0x39, 0xe1, 0x30, 0x02, 0x31, 0x4c, 0x73, 0x11, 0xad,
    0xd3, 0xcd, 0x96, 0xe6, 0xb6, 0xe6, 0xb6, 0xee, 0xb6, 0xee, 0xb6, 0xee, 0xb6, 0xee, 0xb6, 0xee,
    0xb6, 0xee, 0xb6, 0xee, 0xb6, 0xee, 0xb6, 0xee, 0xb6, 0xee, 0xb6, 0xee, 0xb6, 0xee, 0xb6, 0xee,
    0xb6, 0xee, 0xb6, 0xee, 0xb6, 0xee, 0xb6, 0xee, 0xb6, 0xee, 0xb6, 0xee, 0xb6, 0xee, 0xb6, 0xee,
    0xb6, 0xee, 0xb6, 0xee, 0xb6, 0xee, 0xb6, 0xee, 0xb6, 0xee, 0xb6, 0xee, 0xb6, 0xee, 0xb6, 0xee,
    0xb6, 0xee, 0xb6, 0xee, 0xb6, 0xee, 0xb6, 0xee, 0xb6, 0xee, 0xb6, 0xee, 0xb6, 0xee, 0xb6, 0xee,
    0xb6, 0xee, 0xb6, 0xee, 0xb6, 0xee, 0xb6, 0xee, 0xb6, 0xee, 0xb6, 0xee, 0xb6, 0xee, 0xb6, 0xee,
    0xb6, 0xee, 0xb6, 0xee, 0xb6, 0xee, 0xb6, 0xee, 0xb6, 0xee, 0xb6, 0xee, 0xb6, 0xee, 0xb6, 0xee,
    0xb6, 0xee, 0xb6, 0xee, 0xb6, 0xee, 0xb6, 0xee, 0xb6, 0xee, 0xb6, 0xee, 0xb6, 0xee, 0xb6, 0xee,
    0xb6, 0xee, 0xb6, 0xee, 0xb6, 0xee, 0xb6, 0xee, 0xb6, 0xee, 0xb6, 0xee, 0xb6, 0xee, 0xb6, 0xee,
    0xb6, 0xee, 0xb6, 0xee, 0xb6, 0xee, 0xb6, 0xee, 0xb6, 0xee, 0xb6, 0xee, 0xb6, 0xee, 0xb6, 0xee,
    0xb6, 0xee, 0xb6, 0xee, 0xb6, 0xee, 0xb6, 0xee, 0xb6, 0xee, 0xb6, 0xee, 0xb6, 0xee, 0xb6, 0xee,
    0xb6, 0xee, 0xb6, 0xee, 0xb6, 0xe6, 0xb6, 0xe6, 0xd3, 0xcd, 0x31, 0xad, 0x8d, 0x7b, 0x03, 0x31,
    0xc0, 0x28, 0x23, 0x39, 0x84, 0x49, 0x23, 0x39, 0xa1, 0x20, 0x85, 0x39, 0x48, 0x5a, 0xa9, 0x62,
    0xea, 0x72, 0x6c, 0x7b, 0x6b, 0x83, 0x4b, 0x7b, 0x6c, 0x83, 0x8c, 0x83, 0x6c, 0x83, 0x6b, 0x7b,
    0x6b, 0x7b, 0x8c, 0x83, 0x6b, 0x7b, 0x6c, 0x83, 0x4b, 0x7b, 0x6b, 0x7b, 0x6c, 0x83, 0x6b, 0x7b,
    0x6c, 0x83, 0x4b, 0x7b, 0x6b, 0x7b, 0x6b, 0x7b, 0x8c, 0x83, 0x4b, 0x7b, 0x6c, 0x83, 0x6c, 0x83,
    0x6c, 0x83, 0x4b, 0x7b, 0x6b, 0x7b, 0x8c, 0x83, 0x8c, 0x83, 0x8c, 0x83, 0x6b, 0x7b, 0x6b, 0x7b,
    0xc6, 0x41, 0x24, 0x29, 0xa6, 0x31, 0xc3, 0x10, 0xc3, 0x18, 0xe7, 0x39, 0xe3, 0x18, 0xa2, 0x10,
    0x25, 0x21, 0x45, 0x29, 0x24, 0x21, 0x45, 0x21, 0x04, 0x19, 0x45, 0x29, 0x86, 0x29, 0xc7, 0x39,
    0xe3, 0x18, 0x65, 0x29, 0x45, 0x29, 0x45, 0x29, 0x45, 0x29, 0x24, 0x21, 0x45, 0x29, 0xe3, 0x18,
    0xa6, 0x31, 0xa6, 0x31, 0xc3, 0x10, 0x86, 0x29, 0x45, 0x21, 0xe3, 0x18, 0xc3, 0x18, 0xe3, 0x18,
    0x65, 0x31, 0xa9, 0x62, 0x6b, 0x7b, 0x6b, 0x7b, 0x6b, 0x7b, 0x6c, 0x83, 0x6b, 0x7b, 0x6b, 0x7b,
    0x6c, 0x83, 0x6c, 0x83, 0x6c, 0x83, 0x8c, 0x83, 0x6c, 0x83, 0x6c, 0x7b, 0x8c, 0x83, 0x6b, 0x7b,
    0x6b, 0x7b, 0x4b, 0x7b, 0x8c, 0x83, 0x6c, 0x83, 0x6c, 0x83, 0x6b, 0x7b, 0x6b, 0x7b, 0x6b, 0x7b,
    0x4b, 0x7b, 0x6c, 0x7b, 0x6c, 0x83, 0x8c, 0x83, 0x6b, 0x7b, 0x8c, 0x83, 0x6b, 0x7b, 0x6c, 0x83,
    0x6b, 0x83, 0x2b, 0x73, 0xea, 0x6a, 0x68, 0x5a, 0xc5, 0x41, 0xa1, 0x20, 0x23, 0x31, 0x84, 0x41,
    0x22, 0x39, 0xe2, 0x30, 0xe2, 0x30, 0x6c, 0x73, 0x32, 0xad, 0xd3, 0xcd, 0xb6, 0xe6, 0xb6, 0xe6,
    0xb6, 0xee, 0xb6, 0xee, 0xb6, 0xee, 0xb6, 0xee, 0xb6, 0xee, 0xb6, 0xee, 0xb6, 0xee, 0xb6, 0xee,
    0xb6, 0xee, 0xb6, 0xee, 0xb6, 0xee, 0xb6, 0xee, 0xb6, 0xee, 0xb6, 0xee, 0xb6, 0xee, 0xb6, 0xee,
    0xb6, 0xee, 0xb6, 0xee, 0xb6, 0xee, 0xb6, 0xee, 0xb6, 0xee, 0xb6, 0xee, 0xb6, 0xee, 0xb6, 0xee,
    0xb6, 0xee, 0xb6, 0xee, 0xb6, 0xee, 0xb6, 0xee, 0xb6, 0xee, 0xb6, 0xee, 0xb6, 0xee, 0xb6, 0xee,
    0xb6, 0xee, 0xb6, 0xee, 0xb6, 0xee, 0xb6, 0xee, 0xb6, 0xee, 0xb6, 0xee, 0xb6, 0xee, 0xb6, 0xee,
    0xb6, 0xee, 0xb6, 0xee, 0xb6, 0xee, 0xb6, 0xee, 0xb6, 0xee, 0xb6, 0xee, 0xb6, 0xee, 0xb6, 0xee,
    0xb6, 0xee, 0xb6, 0xee, 0xb6, 0xee, 0xb6, 0xee, 0xb6, 0xee, 0xb6, 0xee, 0xb6, 0xee, 0xb6, 0xee,
    0xb6, 0xee, 0xb6, 0xee, 0xb6, 0xee, 0xb6, 0xee, 0xb6, 0xee, 0xb6, 0xee, 0xb6, 0xee, 0xb6, 0xee,
    0xb6, 0xee, 0xb6, 0xee, 0xb6, 0xee, 0xb6, 0xee, 0xb6, 0xee, 0xb6, 0xee, 0xb6, 0xee, 0xb6, 0xee,
    0xb6, 0xee, 0xb6, 0xee, 0xb6, 0xee, 0xb6, 0xee, 0xb6, 0xee, 0xb6, 0xee, 0xb6, 0xee, 0xb6, 0xee,
    0xb6, 0xee, 0xb6, 0xee, 0xb6, 0xee, 0xb6, 0xee, 0xb6, 0xee, 0xb6, 0xee, 0xb6, 0xee, 0xb6, 0xee,
    0xb6, 0xee, 0xb6, 0xee, 0xb6, 0xe6, 0xd3, 0xcd, 0x32, 0xb5, 0xce, 0x83, 0x02, 0x29, 0xe2, 0x28,
    0xe2, 0x30, 0xa5, 0x49, 0x43, 0x39, 0x61, 0x20, 0x85, 0x41, 0x68, 0x5a, 0xa9, 0x62, 0x2b, 0x73,
    0x4b, 0x7b, 0x4b, 0x7b, 0x6c, 0x83, 0x6b, 0x7b, 0x6b, 0x7b, 0x6c, 0x83, 0x6c, 0x83, 0x6b, 0x7b,
    0x4b, 0x7b, 0x6b, 0x7b, 0x4b, 0x7b, 0x6b, 0x7b, 0x4b, 0x7b, 0x4b, 0x7b, 0x6b, 0x7b, 0x6b, 0x7b,
    0x6c, 0x83, 0x6c, 0x83, 0x8c, 0x83, 0x6b, 0x7b, 0x6c, 0x83, 0x6b, 0x7b, 0x8c, 0x83, 0x6c, 0x83,
    0x6c, 0x83, 0x6c, 0x83, 0x4b, 0x7b, 0x6b, 0x7b, 0x6b, 0x7b, 0x8c, 0x7b, 0xca, 0x62, 0x89, 0x5a,
    0xa9, 0x5a, 0x89, 0x5a, 0x0b, 0x6b, 0xca, 0x62, 0x89, 0x5a, 0xeb, 0x62, 0x69, 0x52, 0xca, 0x62,
    0xea, 0x62, 0xca, 0x62, 0x89, 0x5a, 0xca, 0x62, 0xca, 0x62, 0x2b, 0x6b, 0x2b, 0x6b, 0xa9, 0x5a,
    0x89, 0x5a, 0x0b, 0x6b, 0xaa, 0x5a, 0xaa, 0x5a, 0x0b, 0x6b, 0x0b, 0x63, 0x89, 0x5a, 0xea, 0x62,
    0xca, 0x62, 0xca, 0x5a, 0xca, 0x5a, 0x89, 0x5a, 0xa9, 0x5a, 0xca, 0x62, 0xca, 0x62, 0x0b, 0x73,
    0x6c, 0x83, 0x6b, 0x7b, 0x4b, 0x7b, 0x6b, 0x7b, 0x6b, 0x7b, 0x6b, 0x7b, 0x6b, 0x7b, 0x6b, 0x7b,
    0x6b, 0x7b, 0x8c, 0x83, 0x6c, 0x7b, 0x4c, 0x7b, 0x6c, 0x83, 0x6b, 0x7b, 0x6c, 0x83, 0x4b, 0x7b,
    0x6c, 0x83, 0x4b, 0x7b, 0x4b, 0x7b, 0x6c, 0x7b, 0x6c, 0x7b, 0x6c, 0x7b, 0x4b, 0x7b, 0x6c, 0x7b,
    0x4b, 0x7b, 0x4b, 0x7b, 0x8c, 0x83, 0x8c, 0x83, 0x6c, 0x83, 0x2b, 0x7b, 0x2b, 0x73, 0xea, 0x6a,
    0x88, 0x62, 0xa5, 0x41, 0x81, 0x20, 0x23, 0x39, 0x84, 0x41, 0x02, 0x39, 0xc1, 0x28, 0x02, 0x29,
    0x4c, 0x73, 0x52, 0xb5, 0xd3, 0xcd, 0xb6, 0xe6, 0xb6, 0xee, 0xb6, 0xee, 0xb6, 0xee, 0xb6, 0xee,
    0xb6, 0xee, 0xb6, 0xee, 0xb6, 0xee, 0xb6, 0xee, 0xb6, 0xee, 0xb6, 0xee, 0xb6, 0xee, 0xb6, 0xee,
    0xb6, 0xee, 0xb6, 0xee, 0xb6, 0xee, 0xb6, 0xee, 0xb6, 0xee, 0xb6, 0xee, 0xb6, 0xee, 0xb6, 0xee,
    0xb6, 0xee, 0xb6, 0xee, 0xb6, 0xee, 0xb6, 0xee, 0xb6, 0xee, 0xb6, 0xee, 0xb6, 0xee, 0xb6, 0xee,
    0xb6, 0xee, 0xb6, 0xee, 0xb6, 0xee, 0xb6, 0xee, 0xb6, 0xee, 0xb6, 0xee, 0xb6, 0xee, 0xb6, 0xee,
    0xb6, 0xee, 0xb6, 0xee, 0xb6, 0xee, 0xb6, 0xee, 0xb6, 0xee, 0xb6, 0xee, 0xb6, 0xee, 0xb6, 0xee,
    0xb6, 0xee, 0xb6, 0xee, 0xb6, 0xee, 0xb6, 0xee, 0xb6, 0xee, 0xb6, 0xee, 0xb6, 0xee, 0xb6, 0xee,
    0xb6, 0xee, 0xb6, 0xee, 0xb6, 0xee, 0xb6, 0xee, 0xb6, 0xee, 0xb6, 0xee, 0xb6, 0xee, 0xb6, 0xee,
    0xb6, 0xee, 0xb6, 0xee, 0xb6, 0xee, 0xb6, 0xee, 0xb6, 0xee, 0xb6, 0xee, 0xb6, 0xee, 0xb6, 0xee,
    0xb6, 0xee, 0xb6, 0xee, 0xb6, 0xee, 0xb6, 0xee, 0xb6, 0xee, 0xb6, 0xee, 0xb6, 0xee, 0xb6, 0xee,
    0xb6, 0xee, 0xb6, 0xee, 0xb6, 0xee, 0xb6, 0xee, 0xb6, 0xee, 0xb6, 0xee, 0xb6, 0xee, 0xb6, 0xee,
    0xb6, 0xee, 0xb6, 0xee, 0xb6, 0xee, 0xb6, 0xee, 0xb6, 0xee, 0xb6, 0xee, 0xb6, 0xee, 0xb6, 0xee,
    0xb6, 0xe6, 0x96, 0xe6, 0xd3, 0xcd, 0x93, 0xbd, 0xcd, 0x7b, 0x23, 0x31, 0xc1, 0x28, 0x03, 0x39,
    0x85, 0x49, 0x44, 0x39, 0xa1, 0x20, 0x85, 0x39, 0x48, 0x5a, 0xc9, 0x62, 0x2b, 0x73, 0x2b, 0x7b,
    0x4b, 0x7b, 0x6b, 0x7b, 0x6c, 0x83, 0x8c, 0x83, 0x6c, 0x83, 0x8c, 0x83, 0x6b, 0x7b, 0x8c, 0x83,
    0x6c, 0x83, 0x8c, 0x83, 0x6c, 0x83, 0x6c, 0x83, 0x6b, 0x7b, 0x4b, 0x7b, 0x6c, 0x83, 0x6b, 0x7b,
    0x6c, 0x83, 0x4b, 0x7b, 0x6c, 0x83, 0x6b, 0x7b, 0x6c, 0x83, 0x6c, 0x83, 0x6c, 0x83, 0x8c, 0x83,
    0x6c, 0x83, 0x8c, 0x83, 0x6c, 0x83, 0x6c, 0x83, 0x6c, 0x83, 0xad, 0x83, 0x6c, 0x7b, 0xad, 0x83,
    0x8c, 0x83, 0x8c, 0x83, 0xcd, 0x8b, 0x8c, 0x83, 0x8c, 0x83, 0x8c, 0x83, 0xad, 0x83, 0xac, 0x83,
    0xad, 0x83, 0xac, 0x83, 0xad, 0x83, 0x6c, 0x83, 0xad, 0x83, 0x8c, 0x83, 0x8c, 0x83, 0xad, 0x8b,
    0x6c, 0x83, 0x8c, 0x83, 0x6c, 0x83, 0xac, 0x83, 0xad, 0x83, 0xac, 0x83, 0xad, 0x83, 0x8c, 0x83,
    0xad, 0x83, 0x8c, 0x83, 0xad, 0x83, 0xad, 0x83, 0xad, 0x83, 0x4b, 0x83, 0x6c, 0x83, 0x8c, 0x83,
    0x6c, 0x83, 0x8c, 0x83, 0x6c, 0x83, 0x6c, 0x83, 0x6c, 0x83, 0x6c, 0x83, 0x6c, 0x83, 0x8c, 0x83,
    0x6c, 0x7b, 0x6c, 0x7b, 0x6c, 0x83, 0x6b, 0x7b, 0x8c, 0x83, 0x8c, 0x83, 0x8c, 0x83, 0x6b, 0x7b,
    0x6c, 0x7b, 0x6c, 0x83, 0x6c, 0x83, 0x8c, 0x83, 0x6c, 0x83, 0x6c, 0x83, 0x6c, 0x7b, 0x8c, 0x83,
    0x6c, 0x83, 0x6c, 0x7b, 0x6b, 0x7b, 0x2b, 0x73, 0xea, 0x6a, 0x89, 0x5a, 0xa5, 0x41, 0xa1, 0x20,
    0x43, 0x39, 0x84, 0x41, 0x22, 0x39, 0xe1, 0x30, 0xe2, 0x30, 0x4c, 0x73, 0x32, 0xad, 0xd3, 0xcd,
    0x96, 0xe6, 0xb6, 0xe6, 0xb6, 0xee, 0xb6, 0xee, 0xb6, 0xee, 0xb6, 0xee, 0xb6, 0xee, 0xb6, 0xee,
    0xb6, 0xee, 0xb6, 0xee, 0xb6, 0xee, 0xb6, 0xee, 0xb6, 0xee, 0xb6, 0xee, 0xb6, 0xee, 0xb6, 0xee,
    0xb6, 0xee, 0xb6, 0xee, 0xb6, 0xee, 0xb6, 0xee, 0xb6, 0xee, 0xb6, 0xee, 0xb6, 0xee, 0xb6, 0xee,
    0xb6, 0xee, 0xb6, 0xee, 0xb6, 0xee, 0xb6, 0xee, 0xb6, 0xee, 0xb6, 0xee, 0xb6, 0xee, 0xb6, 0xee,
    0xb6, 0xee, 0xb6, 0xee, 0xb6, 0xee, 0xb6, 0xee, 0xb6, 0xee, 0xb6, 0xee, 0xb6, 0xee, 0xb6, 0xee,
    0xb6, 0xee, 0xb6, 0xee, 0xb6, 0xee, 0xb6, 0xee, 0xb6, 0xee, 0xb6, 0xee, 0xb6, 0xee, 0xb6, 0xee,
    0xb6, 0xee, 0xb6, 0xee, 0xb6, 0xee, 0xb6, 0xee, 0xb6, 0xee, 0xb6, 0xee, 0xb6, 0xee, 0xb6, 0xee,
    0xb6, 0xee, 0xb6, 0xee, 0xb6, 0xee, 0xb6, 0xee, 0xb6, 0xee, 0xb6, 0xee, 0xb6, 0xee, 0xb6, 0xee,
    0xb6, 0xee, 0xb6, 0xee, 0xb6, 0xee, 0xb6, 0xee, 0xb6, 0xee, 0xb6, 0xee, 0xb6, 0xee, 0xb6, 0xee,
    0xb6, 0xee, 0xb6, 0xee, 0xb6, 0xee, 0xb6, 0xee, 0xb6, 0xee, 0xb6, 0xee, 0xb6, 0xee, 0xb6, 0xee,
    0xb6, 0xee, 0xb6, 0xee, 0xb6, 0xee, 0xb6, 0xee, 0xb6, 0xee, 0xb6, 0xee, 0xb6, 0xee, 0xb6, 0xee,
    0xb6, 0xee, 0xb6, 0xee, 0xb6, 0xee, 0xb6, 0xee, 0xb6, 0xee, 0xb6, 0xee, 0xb6, 0xee, 0xb6, 0xe6,
    0x96, 0xe6, 0xd3, 0xcd, 0x32, 0xad, 0x8d, 0x7b, 0x03, 0x29, 0xc2, 0x28, 0x02, 0x39, 0x84, 0x49,
    0x44, 0x39, 0x81, 0x18, 0x85, 0x39, 0x48, 0x52, 0xea, 0x6a, 0x0a, 0x73, 0x4b, 0x7b, 0x4b, 0x7b,
    0x4b, 0x7b, 0x6c, 0x7b, 0x4b, 0x7b, 0x6c, 0x83, 0x4b, 0x7b, 0x4b, 0x7b, 0x4b, 0x7b, 0x6c, 0x83,
    0x6b, 0x7b, 0x6c, 0x83, 0x6b, 0x7b, 0x4b, 0x7b, 0x6b, 0x7b, 0x4b, 0x7b, 0x8c, 0x83, 0x4b, 0x7b,
    0x6b, 0x7b, 0x4b, 0x7b, 0x4b, 0x7b, 0x4b, 0x7b, 0x6c, 0x83, 0x6b, 0x7b, 0x4b, 0x7b, 0x6c, 0x7b,
    0x4b, 0x7b, 0x6b, 0x83, 0x2b, 0x7b, 0x2b, 0x7b, 0x0a, 0x73, 0x2b, 0x7b, 0x2b, 0x73, 0x2a, 0x73,
    0x2b, 0x7b, 0x0a, 0x73, 0x2a, 0x73, 0x2b, 0x73, 0x2b, 0x73, 0x2a, 0x73, 0x2b, 0x73, 0x2b, 0x73,
    0x2b, 0x73, 0x4b, 0x7b, 0x4b, 0x7b, 0x6b, 0x83, 0x2b, 0x7b, 0x4b, 0x7b, 0x0a, 0x73, 0x2a, 0x7b,
    0x2b, 0x7b, 0x0b, 0x73, 0x2b, 0x7b, 0x2b, 0x7b, 0x0a, 0x73, 0x2b, 0x73, 0x4b, 0x73, 0x0a, 0x73,
    0x2b, 0x7b, 0x2b, 0x73, 0x2b, 0x73, 0x4b, 0x7b, 0x4b, 0x7b, 0x6b, 0x7b, 0x4b, 0x7b, 0x6c, 0x83,
    0x6b, 0x7b, 0x6b, 0x7b, 0x4b, 0x7b, 0x6b, 0x7b, 0x6b, 0x7b, 0x8c, 0x83, 0x6b, 0x7b, 0x6b, 0x7b,
    0x6b, 0x7b, 0x4b, 0x7b, 0x6b, 0x7b, 0x4b, 0x7b, 0x6b, 0x7b, 0x4b, 0x7b, 0x6b, 0x7b, 0x4b, 0x7b,
    0x6b, 0x7b, 0x6c, 0x83, 0x6b, 0x7b, 0x6b, 0x7b, 0x4b, 0x7b, 0x6b, 0x7b, 0x4b, 0x7b, 0x6b, 0x7b,
    0x2b, 0x73, 0xc9, 0x6a, 0x68, 0x5a, 0xa6, 0x41, 0x81, 0x18, 0x23, 0x31, 0x84, 0x41, 0x02, 0x31,
    0xe2, 0x30, 0x03, 0x29, 0x6c, 0x73, 0x72, 0xbd, 0xd3, 0xcd, 0xb6, 0xe6, 0xb6, 0xe6, 0xb6, 0xee,
    0xb6, 0xee, 0xb6, 0xee, 0xb6, 0xee, 0xb6, 0xee, 0xb6, 0xee, 0xb6, 0xee, 0xb6, 0xee, 0xb6, 0xee,
    0xb6, 0xee, 0xb6, 0xee, 0xb6, 0xee, 0xb6, 0xee, 0xb6, 0xee, 0xb6, 0xee, 0xb6, 0xee, 0xb6, 0xee,
    0xb6, 0xee, 0xb6, 0xee, 0xb6, 0xee, 0xb6, 0xee, 0xb6, 0xee, 0xb6, 0xee, 0xb6, 0xee, 0xb6, 0xee,
    0xb6, 0xee, 0xb6, 0xee, 0xb6, 0xee, 0xb6, 0xee, 0xb6, 0xee, 0xb6, 0xee, 0xb6, 0xee, 0xb6, 0xee,
    0xb6, 0xee, 0xb6, 0xee, 0xb6, 0xee, 0xb6, 0xee, 0xb6, 0xee, 0xb6, 0xee, 0xb6, 0xee, 0xb6, 0xee,
    0xb6, 0xee, 0xb6, 0xee, 0xb6, 0xee, 0xb6, 0xee, 0xb6, 0xee, 0xb6, 0xee, 0xb6, 0xee, 0xb6, 0xee,
    0xb6, 0xee, 0xb6, 0xee, 0xb6, 0xee, 0xb6, 0xee, 0xb6, 0xee, 0xb6, 0xee, 0xb6, 0xee, 0xb6, 0xee,
    0xb6, 0xee, 0xb6, 0xee, 0xb6, 0xee, 0xb6, 0xee, 0xb6, 0xee, 0xb6, 0xee, 0xb6, 0xee, 0xb6, 0xee,
    0xb6, 0xee, 0xb6, 0xee, 0xb6, 0xee, 0xb6, 0xee, 0xb6, 0xee, 0xb6, 0xee, 0xb6, 0xee, 0xb6, 0xee,
    0xb6, 0xee, 0xb6, 0xee, 0xb6, 0xee, 0xb6, 0xee, 0xb6, 0xee, 0xb6, 0xee, 0xb6, 0xee, 0xb6, 0xee,
    0xb6, 0xee, 0xb6, 0xee, 0xb6, 0xee, 0xb6, 0xee, 0xb6, 0xee, 0xb6, 0xee, 0xb6, 0xee, 0xb6, 0xee,
    0xb6, 0xee, 0xb6, 0xee, 0xb6, 0xee, 0xb6, 0xee, 0xb6, 0xee, 0xb6, 0xee, 0xb6, 0xee, 0xb6, 0xe6,
    0xd3, 0xcd, 0x11, 0xad, 0xad, 0x83, 0x03, 0x31, 0xe2, 0x30, 0xe2, 0x30, 0xa4, 0x41, 0x44, 0x39,
    0x81, 0x20, 0xa5, 0x41, 0x48, 0x5a, 0xa9, 0x62, 0x0a, 0x73, 0x4b, 0x7b, 0x6c, 0x7b, 0x8c, 0x83,
    0x6c, 0x83, 0x8c, 0x83, 0x6b, 0x7b, 0x6b, 0x7b, 0x4b, 0x7b, 0x6c, 0x83, 0x6b, 0x7b, 0x6c, 0x83,
    0x6c, 0x83, 0x6c, 0x83, 0x6b, 0x7b, 0x6b, 0x7b, 0x8c, 0x83, 0x6b, 0x7b, 0x6b, 0x7b, 0x4b, 0x7b,
    0x6c, 0x83, 0x6c, 0x83, 0x8c, 0x83, 0x6c, 0x83, 0x6c, 0x83, 0x8c, 0x83, 0x6b, 0x7b, 0x6c, 0x83,
    0xa9, 0x62, 0x07, 0x52, 0xe6, 0x49, 0xc6, 0x49, 0xe6, 0x49, 0xe7, 0x49, 0xe7, 0x49, 0x07, 0x52,
    0xe7, 0x49, 0xe7, 0x51, 0xc6, 0x49, 0xe6, 0x49, 0x07, 0x52, 0x07, 0x52, 0x27, 0x52, 0xea, 0x6a,
    0x6b, 0x7b, 0x4b, 0x7b, 0x68, 0x5a, 0x27, 0x52, 0x07, 0x52, 0x06, 0x4a, 0x07, 0x4a, 0xe6, 0x49,
    0xe6, 0x49, 0x07, 0x52, 0x27, 0x52, 0xc6, 0x41, 0x07, 0x4a, 0xe6, 0x49, 0x07, 0x52, 0x28, 0x52,
    0x48, 0x5a, 0x0a, 0x73, 0x6b, 0x7b, 0x6c, 0x83, 0x4b, 0x7b, 0x6c, 0x83, 0x6b, 0x7b, 0x6c, 0x83,
    0x6b, 0x7b, 0x6c, 0x83, 0x6b, 0x7b, 0x6c, 0x83, 0x6b, 0x7b, 0x4b, 0x7b, 0x6b, 0x7b, 0x6b, 0x7b,
    0x6c, 0x83, 0x6b, 0x7b, 0x6c, 0x83, 0x6c, 0x83, 0x6b, 0x7b, 0x6b, 0x7b, 0x6b, 0x7b, 0x6c, 0x83,
    0x6b, 0x7b, 0x6c, 0x83, 0x6c, 0x83, 0x6b, 0x7b, 0x4b, 0x7b, 0x4b, 0x7b, 0xca, 0x6a, 0x88, 0x5a,
    0xa5, 0x41, 0xa1, 0x20, 0x23, 0x39, 0x84, 0x41, 0x22, 0x39, 0xe2, 0x30, 0x03, 0x31, 0x4b, 0x73,
    0x52, 0xb5, 0xd3, 0xcd, 0xb6, 0xe6, 0xb6, 0xee, 0xb6, 0xee, 0xb6, 0xee, 0xb6, 0xee, 0xb6, 0xee,
    0xb6, 0xee, 0xb6, 0xee, 0xb6, 0xee, 0xb6, 0xee, 0xb6, 0xee, 0xb6, 0xee, 0xb6, 0xee, 0xb6, 0xee,
    0xb6, 0xee, 0xb6, 0xee, 0xb6, 0xee, 0xb6, 0xee, 0xb6, 0xee, 0xb6, 0xee, 0xb6, 0xee, 0xb6, 0xee,
    0xb6, 0xee, 0xb6, 0xee, 0xb6, 0xee, 0xb6, 0xee, 0xb6, 0xee, 0xb6, 0xee, 0xb6, 0xee, 0xb6, 0xee,
    0xb6, 0xee, 0xb6, 0xee, 0xb6, 0xee, 0xb6, 0xee, 0xb6, 0xee, 0xb6, 0xee, 0xb6, 0xee, 0xb6, 0xee,
    0xb6, 0xee, 0xb6, 0xee, 0xb6, 0xee, 0xb6, 0xee, 0xb6, 0xee, 0xb6, 0xee, 0xb6, 0xee, 0xb6, 0xee,
    0xb6, 0xee, 0xb6, 0xee, 0xb6, 0xee, 0xb6, 0xee, 0xb6, 0xee, 0xb6, 0xee, 0xb6, 0xee, 0xb6, 0xee,
    0xb6, 0xee, 0xb6, 0xee, 0xb6, 0xee, 0xb6, 0xee, 0xb6, 0xee, 0xb6, 0xee, 0xb6, 0xee, 0xb6, 0xee,
    0xb6, 0xee, 0xb6, 0xee, 0xb6, 0xee, 0xb6, 0xee, 0xb6, 0xee, 0xb6, 0xee, 0xb6, 0xee, 0xb6, 0xee,
    0xb6, 0xee, 0xb6, 0xee, 0xb6, 0xee, 0xb6, 0xee, 0xb6, 0xee, 0xb6, 0xee, 0xb6, 0xee, 0xb6, 0xee,
    0xb6, 0xee, 0xb6, 0xee, 0xb6, 0xee, 0xb6, 0xee, 0xb6, 0xee, 0xb6, 0xee, 0xb6, 0xee, 0xb6, 0xee,
    0xb6, 0xee, 0xb6, 0xee, 0xb6, 0xee, 0xb6, 0xee, 0xb6, 0xee, 0xb6, 0xee, 0xb6, 0xee, 0xb6, 0xee,
    0xb6, 0xee, 0xb6, 0xee, 0xb6, 0xee, 0xb6, 0xee, 0xb6, 0xee, 0xb6, 0xee, 0x96, 0xe6, 0xd3, 0xcd,
    0x73, 0xb5, 0xee, 0x83, 0x03, 0x31, 0xc2, 0x28, 0x22, 0x39, 0x84, 0x41, 0x43, 0x39, 0x61, 0x20,
    0xc6, 0x41, 0x48, 0x52, 0xa9, 0x62, 0x0b, 0x73, 0x4b, 0x7b, 0x6c, 0x83, 0x6c, 0x83, 0x8c, 0x83,
    0x6c, 0x83, 0x8c, 0x83, 0x6b, 0x7b, 0x8c, 0x83, 0x6c, 0x83, 0x8c, 0x83, 0x6c, 0x83, 0x6c, 0x83,
    0x6c, 0x83, 0x6c, 0x83, 0xac, 0x83, 0x6c, 0x83, 0x6c, 0x83, 0x4b, 0x7b, 0x8c, 0x83, 0x6c, 0x83,
    0x8c, 0x83, 0x6c, 0x83, 0x6c, 0x83, 0x6c, 0x83, 0x6b, 0x83, 0x6b, 0x7b, 0xa6, 0x41, 0xe3, 0x20,
    0x03, 0x21, 0x65, 0x31, 0x24, 0x29, 0xa2, 0x20, 0x24, 0x29, 0xe3, 0x20, 0x24, 0x29, 0xa2, 0x18,
    0x03, 0x29, 0xa2, 0x18, 0xe3, 0x28, 0xe3, 0x20, 0x03, 0x29, 0xa9, 0x62, 0x8c, 0x83, 0x2b, 0x7b,
    0x85, 0x39, 0xc3, 0x20, 0xc2, 0x18, 0xc2, 0x20, 0x03, 0x21, 0x03, 0x21, 0xe3, 0x20, 0x03, 0x21,
    0x03, 0x21, 0xa2, 0x18, 0x44, 0x29, 0x03, 0x29, 0xc3, 0x20, 0x62, 0x18, 0x24, 0x31, 0xca, 0x6a,
    0x6b, 0x7b, 0x6c, 0x83, 0x6b, 0x7b, 0x6c, 0x83, 0x6c, 0x83, 0x8c, 0x83, 0x6c, 0x83, 0x6c, 0x83,
    0x6c, 0x83, 0x8c, 0x83, 0x6b, 0x7b, 0x6b, 0x7b, 0x6c, 0x83, 0x6b, 0x7b, 0x6c, 0x83, 0x6b, 0x7b,
    0x8c, 0x83, 0x6b, 0x7b, 0x6c, 0x83, 0x6c, 0x83, 0x6c, 0x83, 0x6c, 0x83, 0x6c, 0x83, 0x6c, 0x83,
    0x6c, 0x83, 0x8c, 0x83, 0x0a, 0x73, 0xea, 0x6a, 0x69, 0x5a, 0xa5, 0x41, 0xa1, 0x18, 0x22, 0x31,
    0xa4, 0x49, 0xe2, 0x38, 0x02, 0x39, 0xc2, 0x28, 0x4b, 0x73, 0x32, 0xb5, 0xd3, 0xcd, 0x96, 0xe6,
    0xb6, 0xee, 0xb6, 0xee, 0xb6, 0xee, 0xb6, 0xee, 0xb6, 0xee, 0xb6, 0xee, 0xb6, 0xee, 0xb6, 0xee,
    0xb6, 0xee, 0xb6, 0xee, 0xb6, 0xee, 0xb6, 0xee, 0xb6, 0xee, 0xb6, 0xee, 0xb6, 0xee, 0xb6, 0xee,
    0xb6, 0xee, 0xb6, 0xee, 0xb6, 0xee, 0xb6, 0xee, 0xb6, 0xee, 0xb6, 0xee, 0xb6, 0xee, 0xb6, 0xee,
    0xb6, 0xee, 0xb6, 0xee, 0xb6, 0xee, 0xb6, 0xee, 0xb6, 0xee, 0xb6, 0xee, 0xb6, 0xee, 0xb6, 0xee,
    0xb6, 0xee, 0xb6, 0xee, 0xb6, 0xee, 0xb6, 0xee, 0xb6, 0xee, 0xb6, 0xee, 0xb6, 0xee, 0xb6, 0xee,
    0xb6, 0xee, 0xb6, 0xee, 0xb6, 0xee, 0xb6, 0xee, 0xb6, 0xee, 0xb6, 0xee, 0xb6, 0xee, 0xb6, 0xee,
    0xb6, 0xee, 0xb6, 0xee, 0xb6, 0xee, 0xb6, 0xee, 0xb6, 0xee, 0xb6, 0xee, 0xb6, 0xee, 0xb6, 0xee,
    0xb6, 0xee, 0xb6, 0xee, 0xb6, 0xee, 0xb6, 0xee, 0xb6, 0xee, 0xb6, 0xee, 0xb6, 0xee, 0xb6, 0xee,
    0xb6, 0xee, 0xb6, 0xee, 0xb6, 0xee, 0xb6, 0xee, 0xb6, 0xee, 0xb6, 0xee, 0xb6, 0xee, 0xb6, 0xee,
    0xb6, 0xee, 0xb6, 0xee, 0xb6, 0xee, 0xb6, 0xee, 0xb6, 0xee, 0xb6, 0xee, 0xb6, 0xee, 0xb6, 0xee,
    0xb6, 0xee, 0xb6, 0xee, 0xb6, 0xee, 0xb6, 0xee, 0xb6, 0xee, 0xb6, 0xee, 0xb6, 0xee, 0xb6, 0xee,
    0xb6, 0xee, 0xb6, 0xee, 0xb6, 0xee, 0xb6, 0xee, 0xb6, 0xee, 0xb6, 0xee, 0xb6, 0xee, 0xb6, 0xee,
    0xb6, 0xee, 0xb6, 0xee, 0xb6, 0xee, 0xb6, 0xee, 0xb6, 0xe6, 0x96, 0xe6, 0xd3, 0xcd, 0x11, 0xad,
    0xad, 0x7b, 0x03, 0x31, 0xc1, 0x28, 0x02, 0x31, 0x84, 0x41, 0x44, 0x39, 0x81, 0x20, 0x85, 0x41,
    0x48, 0x5a, 0xc9, 0x62, 0x0b, 0x73, 0x4b, 0x7b, 0x4b, 0x7b, 0x6b, 0x7b, 0x6b, 0x7b, 0x6c, 0x83,
    0x4b, 0x7b, 0x6c, 0x83, 0x6b, 0x7b, 0x6c, 0x83, 0x6b, 0x7b, 0x6b, 0x7b, 0x6b, 0x7b, 0x4b, 0x7b,
    0x8c, 0x83, 0x4b, 0x7b, 0x6b, 0x7b, 0x6b, 0x7b, 0x6c, 0x83, 0x4b, 0x7b, 0x6b, 0x7b, 0x6b, 0x7b,
    0x6c, 0x7b, 0x6c, 0x7b, 0x6b, 0x7b, 0x6c, 0x7b, 0xc6, 0x41, 0x04, 0x21, 0x45, 0x29, 0x65, 0x29,
    0x24, 0x21, 0x24, 0x21, 0x65, 0x29, 0x24, 0x21, 0x65, 0x29, 0x85, 0x31, 0x65, 0x29, 0x45, 0x29,
    0x65, 0x29, 0x45, 0x29, 0xa2, 0x18, 0x47, 0x52, 0x6b, 0x83, 0x2b, 0x73, 0x65, 0x31, 0xe4, 0x20,
    0x25, 0x29, 0x24, 0x21, 0x04, 0x21, 0x45, 0x29, 0x04, 0x21, 0x24, 0x21, 0x04, 0x21, 0x86, 0x31,
    0x65, 0x29, 0xa2, 0x10, 0xa6, 0x31, 0xe3, 0x18, 0xa2, 0x18, 0x89, 0x62, 0x6b, 0x7b, 0x6b, 0x7b,
    0x6b, 0x7b, 0x6c, 0x83, 0x6b, 0x7b, 0x6b, 0x7b, 0x4b, 0x7b, 0x6b, 0x7b, 0x6b, 0x7b, 0x6c, 0x83,
    0x6b, 0x7b, 0x4b, 0x7b, 0x6b, 0x7b, 0x4b, 0x7b, 0x6b, 0x7b, 0x4b, 0x7b, 0x6c, 0x83, 0x4b, 0x7b,
    0x4b, 0x7b, 0x4b, 0x7b, 0x4b, 0x7b, 0x6c, 0x83, 0x6b, 0x7b, 0x6c, 0x83, 0x4b, 0x7b, 0x2a, 0x73,
    0xea, 0x6a, 0x89, 0x5a, 0xa5, 0x41, 0x81, 0x20, 0x44, 0x31, 0x84, 0x41, 0xe2, 0x30, 0xc1, 0x30,
    0xe2, 0x30, 0x4b, 0x73, 0x52, 0xb5, 0xd3, 0xcd, 0x96, 0xe6, 0xb6, 0xe6, 0xb6, 0xee, 0xb6, 0xee,
    0xb6, 0xee, 0xb6, 0xee, 0xb6, 0xee, 0xb6, 0xee, 0xb6, 0xee, 0xb6, 0xee, 0xb6, 0xee, 0xb6, 0xee,
    0xb6, 0xee, 0xb6, 0xee, 0xb6, 0xee, 0xb6, 0xee, 0xb6, 0xee, 0xb6, 0xee, 0xb6, 0xee, 0xb6, 0xee,
    0xb6, 0xee, 0xb6, 0xee, 0xb6, 0xee, 0xb6, 0xee, 0xb6, 0xee, 0xb6, 0xee, 0xb6, 0xee, 0xb6, 0xee,
    0xb6, 0xee, 0xb6, 0xee, 0xb6, 0xee, 0xb6, 0xee, 0xb6, 0xee, 0xb6, 0xee, 0xb6, 0xee, 0xb6, 0xee,
    0xb6, 0xee, 0xb6, 0xee, 0xb6, 0xee, 0xb6, 0xee, 0xb6, 0xee, 0xb6, 0xee, 0xb6, 0xee, 0xb6, 0xee,
    0xb6, 0xee, 0xb6, 0xee, 0xb6, 0xee, 0xb6, 0xee, 0xb6, 0xee, 0xb6, 0xee, 0xb6, 0xee, 0xb6, 0xee,
    0xb6, 0xee, 0xb6, 0xee, 0xb6, 0xee, 0xb6, 0xee, 0xb6, 0xee, 0xb6, 0xee, 0xb6, 0xee, 0xb6, 0xee,
    0xb6, 0xee, 0xb6, 0xee, 0xb6, 0xee, 0xb6, 0xee, 0xb6, 0xee, 0xb6, 0xee, 0xb6, 0xee, 0xb6, 0xee,
    0xb6, 0xee, 0xb6, 0xee, 0xb6, 0xee, 0xb6, 0xee, 0xb6, 0xee, 0xb6, 0xee, 0xb6, 0xee, 0xb6, 0xee,
    0xb6, 0xee, 0xb6, 0xee, 0xb6, 0xee, 0xb6, 0xee, 0xb6, 0xee, 0xb6, 0xee, 0xb6, 0xee, 0xb6, 0xee,
    0xb6, 0xee, 0xb6, 0xee, 0xb6, 0xee, 0xb6, 0xee, 0xb6, 0xee, 0xb6, 0xee, 0xb6, 0xee, 0xb6, 0xee,
    0xb6, 0xee, 0xb6, 0xee, 0xb6, 0xee, 0xb6, 0xee, 0xb6, 0xee, 0xb6, 0xee, 0xb6, 0xee, 0xb6, 0xee,
    0xb6, 0xee, 0xb6, 0xee, 0xb6, 0xee, 0xb6, 0xe6, 0xb6, 0xe6, 0xd3, 0xcd, 0x32, 0xb5, 0xee, 0x83,
    0x23, 0x29, 0xc1, 0x28, 0x23, 0x39, 0xa4, 0x49, 0x23, 0x39, 0x81, 0x20, 0xa5, 0x41, 0x48, 0x52,
    0xca, 0x6a, 0x0a, 0x73, 0x4b, 0x7b, 0x6c, 0x83, 0x6b, 0x7b, 0x6b, 0x7b, 0x4b, 0x7b, 0x8c, 0x83,
    0x6b, 0x7b, 0x6c, 0x83, 0x6c, 0x83, 0x6b, 0x7b, 0x6b, 0x7b, 0x4b, 0x7b, 0x8c, 0x83, 0x4b, 0x7b,
    0x6c, 0x83, 0x6c, 0x83, 0x6c, 0x83, 0x4b, 0x7b, 0x6b, 0x83, 0x6c, 0x83, 0x6c, 0x83, 0x6c, 0x83,
    0x4b, 0x7b, 0x4b, 0x7b, 0xe7, 0x49, 0x24, 0x21, 0x25, 0x21, 0x45, 0x21, 0xe3, 0x18, 0x24, 0x21,
    0xa6, 0x31, 0xa6, 0x31, 0x44, 0x21, 0x44, 0x29, 0xe3, 0x18, 0x86, 0x29, 0x45, 0x21, 0x45, 0x29,
    0x24, 0x21, 0x48, 0x52, 0x6c, 0x83, 0x2b, 0x73, 0x65, 0x31, 0xc3, 0x18, 0x45, 0x21, 0x04, 0x21,
    0x24, 0x21, 0x86, 0x31, 0x04, 0x21, 0xa6, 0x31, 0x86, 0x31, 0x24, 0x21, 0x24, 0x21, 0xc2, 0x10,
    0x65, 0x29, 0x45, 0x21, 0x24, 0x29, 0xa9, 0x62, 0x6b, 0x7b, 0x6b, 0x7b, 0x6b, 0x7b, 0x8c, 0x83,
    0x6b, 0x7b, 0x6c, 0x83, 0x4b, 0x7b, 0x6b, 0x7b, 0x6b, 0x7b, 0x8c, 0x83, 0x6c, 0x83, 0x6b, 0x7b,
    0x6c, 0x83, 0x6b, 0x7b, 0x6c, 0x83, 0x6b, 0x7b, 0x8c, 0x83, 0x6b, 0x7b, 0x6b, 0x7b, 0x6b, 0x7b,
    0x6b, 0x7b, 0x6c, 0x83, 0x6c, 0x83, 0x4b, 0x7b, 0x2b, 0x73, 0xe9, 0x6a, 0x68, 0x5a, 0xa6, 0x41,
    0xa1, 0x20, 0x44, 0x39, 0x84, 0x41, 0x22, 0x39, 0x02, 0x31, 0xe2, 0x28, 0x6c, 0x73, 0x52, 0xb5,
    0xd3, 0xcd, 0xb6, 0xe6, 0xb6, 0xe6, 0xb6, 0xee, 0xb6, 0xee, 0xb6, 0xee, 0xb6, 0xee, 0xb6, 0xee,
    0xb6, 0xee, 0xb6, 0xee, 0xb6, 0xee, 0xb6, 0xee, 0xb6, 0xee, 0xb6, 0xee, 0xb6, 0xee, 0xb6, 0xee,
    0xb6, 0xee, 0xb6, 0xee, 0xb6, 0xee, 0xb6, 0xee, 0xb6, 0xee, 0xb6, 0xee, 0xb6, 0xee, 0xb6, 0xee,
    0xb6, 0xee, 0xb6, 0xee, 0xb6, 0xee, 0xb6, 0xee, 0xb6, 0xee, 0xb6, 0xee, 0xb6, 0xee, 0xb6, 0xee,
    0xb6, 0xee, 0xb6, 0xee, 0xb6, 0xee, 0xb6, 0xee, 0xb6, 0xee, 0xb6, 0xee, 0xb6, 0xee, 0xb6, 0xee,
    0xb6, 0xee, 0xb6, 0xee, 0xb6, 0xee, 0xb6, 0xee, 0xb6, 0xee, 0xb6, 0xee, 0xb6, 0xee, 0xb6, 0xee,
    0xb6, 0xee, 0xb6, 0xee, 0xb6, 0xee, 0xb6, 0xee, 0xb6, 0xee, 0xb6, 0xee, 0xb6, 0xee, 0xb6, 0xee,
    0xb6, 0xee, 0xb6, 0xee, 0xb6, 0xee, 0xb6, 0xee, 0xb6, 0xee, 0xb6, 0xee, 0xb6, 0xee, 0xb6, 0xee,
    0xb6, 0xee, 0xb6, 0xee, 0xb6, 0xee, 0xb6, 0xee, 0xb6, 0xee, 0xb6, 0xee, 0xb6, 0xee, 0xb6, 0xee,
    0xb6, 0xee, 0xb6, 0xee, 0xb6, 0xee, 0xb6, 0xee, 0xb6, 0xee, 0xb6, 0xee, 0xb6, 0xee, 0xb6, 0xee,
    0xb6, 0xee, 0xb6, 0xee, 0xb6, 0xee, 0xb6, 0xee, 0xb6, 0xee, 0xb6, 0xee, 0xb6, 0xee, 0xb6, 0xee,
    0xb6, 0xee, 0xb6, 0xee, 0xb6, 0xee, 0xb6, 0xee, 0xb6, 0xee, 0xb6, 0xee, 0xb6, 0xee, 0xb6, 0xee,
    0xb6, 0xee, 0xb6, 0xee, 0xb6, 0xee, 0xb6, 0xee, 0xb6, 0xee, 0xb6, 0xee, 0xb6, 0xee, 0xb6, 0xee,
    0xb6, 0xee, 0xb6, 0xee, 0xb6, 0xee, 0xb6, 0xe6, 0xd3, 0xcd, 0x52, 0xb5, 0xad, 0x7b, 0x02, 0x29,
    0xc1, 0x28, 0x02, 0x39, 0x84, 0x49, 0x44, 0x39, 0x81, 0x18, 0x85, 0x39, 0x48, 0x52, 0xa9, 0x62,
    0x0a, 0x73, 0x4b, 0x7b, 0x4b, 0x7b, 0x4b, 0x7b, 0x4b, 0x7b, 0x6c, 0x83, 0x6b, 0x7b, 0x6c, 0x83,
    0x6b, 0x7b, 0x6b, 0x7b, 0x6b, 0x7b, 0x6b, 0x7b, 0x8c, 0x83, 0x6b, 0x7b, 0x6c, 0x83, 0x6b, 0x7b,
    0x6b, 0x7b, 0x4b, 0x7b, 0x6c, 0x83, 0x6b, 0x83, 0x4b, 0x7b, 0x4b, 0x7b, 0x6b, 0x7b, 0x2b, 0x7b,
    0xe7, 0x49, 0x25, 0x29, 0x86, 0x29, 0x86, 0x31, 0x45, 0x29, 0x45, 0x29, 0x86, 0x31, 0xa6, 0x31,
    0x04, 0x21, 0x45, 0x29, 0x86, 0x31, 0x86, 0x31, 0x86, 0x31, 0x65, 0x31, 0xc3, 0x20, 0x48, 0x5a,
    0x4b, 0x7b, 0x2b, 0x73, 0x85, 0x39, 0xc3, 0x18, 0x45, 0x29, 0xe3, 0x18, 0x45, 0x29, 0x45, 0x29,
    0x45, 0x29, 0xa6, 0x31, 0x65, 0x29, 0x45, 0x29, 0x45, 0x29, 0xc7, 0x39, 0x86, 0x31, 0xa6, 0x31,
    0xe3, 0x28, 0x88, 0x62, 0x6b, 0x7b, 0x6b, 0x7b, 0x4b, 0x7b, 0x6b, 0x7b, 0x6b, 0x7b, 0x6b, 0x83,
    0x6b, 0x7b, 0x6b, 0x7b, 0x6b, 0x7b, 0x6c, 0x83, 0x6b, 0x7b, 0x6b, 0x7b, 0x6c, 0x83, 0x4b, 0x7b,
    0x6b, 0x7b, 0x4b, 0x7b, 0x6c, 0x83, 0x4b, 0x7b, 0x4b, 0x7b, 0x6b, 0x7b, 0x6b, 0x7b, 0x6b, 0x7b,
    0x4b, 0x7b, 0x2a, 0x73, 0xe9, 0x6a, 0x88, 0x5a, 0x85, 0x41, 0xa1, 0x20, 0x03, 0x31, 0x84, 0x41,
    0x22, 0x39, 0xc1, 0x30, 0xe2, 0x30, 0x2b, 0x6b, 0x32, 0xad, 0xd3, 0xcd, 0xb6, 0xe6, 0xb6, 0xee,
    0xb6, 0xee, 0xb6, 0xee, 0xb6, 0xee, 0xb6, 0xee, 0xb6, 0xee, 0xb6, 0xee, 0xb6, 0xee, 0xb6, 0xee,
    0xb6, 0xee, 0xb6, 0xee, 0xb6, 0xee, 0xb6, 0xee, 0xb6, 0xee, 0xb6, 0xee, 0xb6, 0xee, 0xb6, 0xee,
    0xb6, 0xee, 0xb6, 0xee, 0xb6, 0xee, 0xb6, 0xee, 0xb6, 0xee, 0xb6, 0xee, 0xb6, 0xee, 0xb6, 0xee,
    0xb6, 0xee, 0xb6, 0xee, 0xb6, 0xee, 0xb6, 0xee, 0xb6, 0xee, 0xb6, 0xee, 0xb6, 0xee, 0xb6, 0xee,
    0xb6, 0xee, 0xb6, 0xee, 0xb6, 0xee, 0xb6, 0xee, 0xb6, 0xee, 0xb6, 0xee, 0xb6, 0xee, 0xb6, 0xee,
    0xb6, 0xee, 0xb6, 0xee, 0xb6, 0xee, 0xb6, 0xee, 0xb6, 0xee, 0xb6, 0xee, 0xb6, 0xee, 0xb6, 0xee,
    0xb6, 0xee, 0xb6, 0xee, 0xb6, 0xee, 0xb6, 0xee, 0xb6, 0xee, 0xb6, 0xee, 0xb6, 0xee, 0xb6, 0xee,
    0xb6, 0xee, 0xb6, 0xee, 0xb6, 0xee, 0xb6, 0xee, 0xb6, 0xee, 0xb6, 0xee, 0xb6, 0xee, 0xb6, 0xee,
    0xb6, 0xee, 0xb6, 0xee, 0xb6, 0xee, 0xb6, 0xee, 0xb6, 0xee, 0xb6, 0xee, 0xb6, 0xee, 0xb6, 0xee,
    0xb6, 0xee, 0xb6, 0xee, 0xb6, 0xee, 0xb6, 0xee, 0xb6, 0xee, 0xb6, 0xee, 0xb6, 0xee, 0xb6, 0xee,
    0xb6, 0xee, 0xb6, 0xee, 0xb6, 0xee, 0xb6, 0xee, 0xb6, 0xee, 0xb6, 0xee, 0xb6, 0xee, 0xb6, 0xee,
    0xb6, 0xee, 0xb6, 0xee, 0xb6, 0xee, 0xb6, 0xee, 0xb6, 0xee, 0xb6, 0xee, 0xb6, 0xee, 0xb6, 0xee,
    0xb6, 0xee, 0xb6, 0xee, 0xb6, 0xee, 0xb6, 0xee, 0xb6, 0xee, 0xb6, 0xee, 0xb6, 0xee, 0xb6, 0xee,
    0xb6, 0xee, 0xb6, 0xe6, 0x96, 0xe6, 0xd3, 0xcd, 0x32, 0xad, 0x8d, 0x7b, 0x22, 0x31, 0xe1, 0x30,
    0x22, 0x39, 0x84, 0x41, 0x64, 0x39, 0x81, 0x20, 0xa6, 0x41, 0x48, 0x52, 0xc9, 0x62, 0x2a, 0x73,
    0x2b, 0x73, 0x6b, 0x7b, 0x4b, 0x7b, 0x6c, 0x83, 0x6c, 0x7b, 0x6c, 0x83, 0x8c, 0x83, 0x6c, 0x7b,
    0x6c, 0x7b, 0x6c, 0x7b, 0x8c, 0x83, 0x6c, 0x7b, 0x6c, 0x7b, 0x6c, 0x7b, 0x6c, 0x7b, 0x6c, 0x7b,
    0x6c, 0x7b, 0x6b, 0x7b, 0x6c, 0x7b, 0x6c, 0x7b, 0x4b, 0x7b, 0x4c, 0x7b, 0xc6, 0x41, 0x24, 0x21,
    0x66, 0x29, 0xe3, 0x18, 0x25, 0x21, 0x45, 0x29, 0x66, 0x29, 0x04, 0x21, 0xc3, 0x18, 0x45, 0x21,
    0x45, 0x29, 0x04, 0x19, 0x45, 0x21, 0x25, 0x21, 0xe4, 0x20, 0x68, 0x5a, 0x6b, 0x7b, 0x4c, 0x73,
    0x44, 0x31, 0x82, 0x10, 0x45, 0x29, 0x45, 0x29, 0x25, 0x21, 0x04, 0x19, 0x24, 0x21, 0xe4, 0x18,
    0xa6, 0x31, 0x65, 0x29, 0x24, 0x21, 0x66, 0x29, 0xe4, 0x18, 0x86, 0x31, 0x24, 0x29, 0xa9, 0x62,
    0x6c, 0x7b, 0x6c, 0x7b, 0x4b, 0x7b, 0x8c, 0x83, 0x6c, 0x7b, 0x8c, 0x83, 0x6b, 0x7b, 0x6b, 0x7b,
    0x6c, 0x7b, 0x8c, 0x83, 0x6b, 0x7b, 0x6b, 0x7b, 0x6c, 0x83, 0x6b, 0x7b, 0x8c, 0x83, 0x6b, 0x7b,
    0x6c, 0x7b, 0x6c, 0x7b, 0x6b, 0x7b, 0x6b, 0x7b, 0x6b, 0x7b, 0x4b, 0x7b, 0x2b, 0x73, 0xc9, 0x6a,
    0x88, 0x5a, 0xc6, 0x41, 0x81, 0x20, 0x43, 0x39, 0x63, 0x41, 0x22, 0x39, 0x02, 0x31, 0xe3, 0x28,
    0x4c, 0x73, 0x32, 0xb5, 0xd3, 0xcd, 0x96, 0xe6, 0xb6, 0xe6, 0xb6, 0xee, 0xb6, 0xee, 0xb6, 0xee,
    0xb6, 0xee, 0xb6, 0xee, 0xb6, 0xee, 0xb6, 0xee, 0xb6, 0xee, 0xb6, 0xee, 0xb6, 0xee, 0xb6, 0xee,
    0xb6, 0xee, 0xb6, 0xee, 0xb6, 0xee, 0xb6, 0xee, 0xb6, 0xee, 0xb6, 0xee, 0xb6, 0xee, 0xb6, 0xee,
    0xb6, 0xee, 0xb6, 0xee, 0xb6, 0xee, 0xb6, 0xee, 0xb6, 0xee, 0xb6, 0xee, 0xb6, 0xee, 0xb6, 0xee,
    0xb6, 0xee, 0xb6, 0xee, 0xb6, 0xee, 0xb6, 0xee, 0xb6, 0xee, 0xb6, 0xee, 0xb6, 0xee, 0xb6, 0xee,
    0xb6, 0xee, 0xb6, 0xee, 0xb6, 0xee, 0xb6, 0xee, 0xb6, 0xee, 0xb6, 0xee, 0xb6, 0xee, 0xb6, 0xee,
    0xb6, 0xee, 0xb6, 0xee, 0xb6, 0xee, 0xb6, 0xee, 0xb6, 0xee, 0xb6, 0xee, 0xb6, 0xee, 0xb6, 0xee,
    0xb6, 0xee, 0xb6, 0xee, 0xb6, 0xee, 0xb6, 0xee, 0xb6, 0xee, 0xb6, 0xee, 0xb6, 0xee, 0xb6, 0xee,
    0xb6, 0xee, 0xb6, 0xee, 0xb6, 0xee, 0xb6, 0xee, 0xb6, 0xee, 0xb6, 0xee, 0xb6, 0xee, 0xb6, 0xee,
    0xb6, 0xee, 0xb6, 0xee, 0xb6, 0xee, 0xb6, 0xee, 0xb6, 0xee, 0xb6, 0xee, 0xb6, 0xee, 0xb6, 0xee,
    0xb6, 0xee, 0xb6, 0xee, 0xb6, 0xee, 0xb6, 0xee, 0xb6, 0xee, 0xb6, 0xee, 0xb6, 0xee, 0xb6, 0xee,
    0xb6, 0xee, 0xb6, 0xee, 0xb6, 0xee, 0xb6, 0xee, 0xb6, 0xee, 0xb6, 0xee, 0xb6, 0xee, 0xb6, 0xee,
    0xb6, 0xee, 0xb6, 0xee, 0xb6, 0xee, 0xb6, 0xee, 0xb6, 0xee, 0xb6, 0xee, 0xb6, 0xee, 0xb6, 0xee,
    0xb6, 0xee, 0xb6, 0xee, 0xb6, 0xee, 0xb6, 0xee, 0xb6, 0xee, 0xb6, 0xee, 0xb6, 0xee, 0xb6, 0xee,
    0xb6, 0xe6, 0x96, 0xe6, 0xd3, 0xcd, 0x32, 0xb5, 0xcd, 0x83, 0x02, 0x29, 0xc1, 0x28, 0x22, 0x31,
    0x85, 0x41, 0x44, 0x39, 0x81, 0x18, 0x85, 0x39, 0x27, 0x52, 0xc9, 0x62, 0x2a, 0x73, 0x2b, 0x7b,
    0x2b, 0x7b, 0x4b, 0x7b, 0x4b, 0x7b, 0x6b, 0x83, 0x6c, 0x83, 0x4b, 0x7b, 0x4b, 0x7b, 0x4b, 0x7b,
    0x8c, 0x83, 0x4b, 0x7b, 0x6c, 0x7b, 0x4b, 0x7b, 0x6c, 0x7b, 0x4b, 0x7b, 0x6b, 0x7b, 0x4b, 0x7b,
    0x6b, 0x7b, 0x6b, 0x7b, 0x6b, 0x7b, 0x6c, 0x7b, 0x06, 0x4a, 0x85, 0x39, 0x08, 0x42, 0xe7, 0x41,
    0x28, 0x4a, 0xa6, 0x39, 0xc6, 0x39, 0x69, 0x52, 0x85, 0x31, 0x28, 0x4a, 0x28, 0x4a, 0x86, 0x31,
    0xc7, 0x39, 0xa6, 0x39, 0xc7, 0x41, 0xc9, 0x62, 0x6b, 0x83, 0x2b, 0x73, 0x07, 0x4a, 0xc6, 0x39,
    0x07, 0x42, 0x28, 0x42, 0x48, 0x4a, 0x28, 0x42, 0xe7, 0x41, 0x28, 0x42, 0xe7, 0x41, 0x07, 0x42,
    0xa6, 0x39, 0xa6, 0x39, 0xa6, 0x31, 0x07, 0x42, 0x27, 0x52, 0xea, 0x6a, 0x4b, 0x7b, 0x4b, 0x7b,
    0x4b, 0x7b, 0x6c, 0x7b, 0x4b, 0x7b, 0x6c, 0x83, 0x4b, 0x7b, 0x4b, 0x7b, 0x6b, 0x7b, 0x6c, 0x83,
    0x4b, 0x7b, 0x4b, 0x7b, 0x6b, 0x7b, 0x6b, 0x7b, 0x6c, 0x83, 0x4b, 0x7b, 0x6c, 0x7b, 0x4b, 0x7b,
    0x6c, 0x7b, 0x4b, 0x7b, 0x2b, 0x73, 0x2b, 0x73, 0xea, 0x6a, 0x89, 0x62, 0xa5, 0x41, 0xa1, 0x20,
    0x23, 0x31, 0x84, 0x41, 0x02, 0x39, 0xe2, 0x30, 0x02, 0x29, 0x4c, 0x73, 0x73, 0xbd, 0xd3, 0xcd,
    0xb6, 0xe6, 0xb6, 0xe6, 0xb6, 0xee, 0xb6, 0xee, 0xb6, 0xee, 0xb6, 0xee, 0xb6, 0xee, 0xb6, 0xee,
    0xb6, 0xee, 0xb6, 0xee, 0xb6, 0xee, 0xb6, 0xee, 0xb6, 0xee, 0xb6, 0xee, 0xb6, 0xee, 0xb6, 0xee,
    0xb6, 0xee, 0xb6, 0xee, 0xb6, 0xee, 0xb6, 0xee, 0xb6, 0xee, 0xb6, 0xee, 0xb6, 0xee, 0xb6, 0xee,
    0xb6, 0xee, 0xb6, 0xee, 0xb6, 0xee, 0xb6, 0xee, 0xb6, 0xee, 0xb6, 0xee, 0xb6, 0xee, 0xb6, 0xee,
    0xb6, 0xee, 0xb6, 0xee, 0xb6, 0xee, 0xb6, 0xee, 0xb6, 0xee, 0xb6, 0xee, 0xb6, 0xee, 0xb6, 0xee,
    0xb6, 0xee, 0xb6, 0xee, 0xb6, 0xee, 0xb6, 0xee, 0xb6, 0xee, 0xb6, 0xee, 0xb6, 0xee, 0xb6, 0xee,
    0xb6, 0xee, 0xb6, 0xee, 0xb6, 0xee, 0xb6, 0xee, 0xb6, 0xee, 0xb6, 0xee, 0xb6, 0xee, 0xb6, 0xee,
    0xb6, 0xee, 0xb6, 0xee, 0xb6, 0xee, 0xb6, 0xee, 0xb6, 0xee, 0xb6, 0xee, 0xb6, 0xee, 0xb6, 0xee,
    0xb6, 0xee, 0xb6, 0xee, 0xb6, 0xee, 0xb6, 0xee, 0xb6, 0xee, 0xb6, 0xee, 0xb6, 0xee, 0xb6, 0xee,
    0xb6, 0xee, 0xb6, 0xee, 0xb6, 0xee, 0xb6, 0xee, 0xb6, 0xee, 0xb6, 0xee, 0xb6, 0xee, 0xb6, 0xee,
    0xb6, 0xee, 0xb6, 0xee, 0xb6, 0xee, 0xb6, 0xee, 0xb6, 0xee, 0xb6, 0xee, 0xb6, 0xee, 0xb6, 0xee,
    0xb6, 0xee, 0xb6, 0xee, 0xb6, 0xee, 0xb6, 0xee, 0xb6, 0xee, 0xb6, 0xee, 0xb6, 0xee, 0xb6, 0xee,
    0xb6, 0xee, 0xb6, 0xee, 0xb6, 0xee, 0xb6, 0xee, 0xb6, 0xee, 0xb6, 0xee, 0xb6, 0xee, 0xb6, 0xee,
    0xb6, 0xee, 0xb6, 0xee, 0xb6, 0xee, 0xb6, 0xee, 0xb6, 0xee, 0xb6, 0xee, 0xb6, 0xee, 0xb6, 0xee,
    0xb6, 0xe6, 0xd3, 0xcd, 0x73, 0xbd, 0xad, 0x7b, 0x23, 0x31, 0xc1, 0x28, 0x02, 0x39, 0x84, 0x49,
    0x64, 0x41, 0x81, 0x20, 0xa5, 0x41, 0x68, 0x5a, 0xa8, 0x62, 0x0a, 0x73, 0x2b, 0x7b, 0x6c, 0x83,
    0x6c, 0x83, 0x8c, 0x83, 0x6c, 0x83, 0x6b, 0x7b, 0x6b, 0x7b, 0x6b, 0x7b, 0x8c, 0x83, 0x6b, 0x7b,
    0x6b, 0x7b, 0x6b, 0x7b, 0x6b, 0x7b, 0x4b, 0x7b, 0x6b, 0x7b, 0x6b, 0x7b, 0x6c, 0x83, 0x6c, 0x83,
    0x4b, 0x7b, 0x8c, 0x83, 0x6b, 0x7b, 0x8d, 0x83, 0xae, 0x83, 0xce, 0x83, 0xad, 0x83, 0x6c, 0x7b,
    0xad, 0x83, 0xad, 0x83, 0x8c, 0x7b, 0x8d, 0x7b, 0xad, 0x83, 0x6c, 0x7b, 0xad, 0x83, 0x8d, 0x83,
    0x6c, 0x7b, 0x6b, 0x7b, 0x6b, 0x7b, 0x6b, 0x7b, 0x8c, 0x7b, 0xad, 0x83, 0x6c, 0x7b, 0xad, 0x83,
    0x8d, 0x7b, 0x6c, 0x7b, 0x8c, 0x7b, 0xcd, 0x83, 0x8d, 0x7b, 0x8c, 0x7b, 0xad, 0x83, 0x6d, 0x7b,
    0xae, 0x83, 0x6c, 0x7b, 0x6c, 0x7b, 0x4b, 0x7b, 0x6c, 0x83, 0x6c, 0x83, 0x6b, 0x7b, 0x8c, 0x83,
    0x6b, 0x7b, 0x6c, 0x83, 0x6b, 0x7b, 0x6b, 0x7b, 0x6b, 0x83, 0x6c, 0x83, 0x6b, 0x7b, 0x6b, 0x7b,
    0x6b, 0x83, 0x6b, 0x7b, 0x6c, 0x83, 0x4b, 0x7b, 0x6c, 0x83, 0x6b, 0x7b, 0x6c, 0x83, 0x4b, 0x7b,
    0x2b, 0x73, 0xea, 0x6a, 0x68, 0x5a, 0xa5, 0x41, 0xa1, 0x20, 0x22, 0x39, 0x63, 0x41, 0x23, 0x39,
    0xe2, 0x30, 0xe2, 0x28, 0x6c, 0x73, 0x31, 0xad, 0xd3, 0xcd, 0xb6, 0xe6, 0xb6, 0xee, 0xb6, 0xee,
    0xb6, 0xee, 0xb6, 0xee, 0xb6, 0xee, 0xb6, 0xee, 0xb6, 0xee, 0xb6, 0xee, 0xb6, 0xee, 0xb6, 0xee,
    0xb6, 0xee, 0xb6, 0xee, 0xb6, 0xee, 0xb6, 0xee, 0xb6, 0xee, 0xb6, 0xee, 0xb6, 0xee, 0xb6, 0xee,
    0xb6, 0xee, 0xb6, 0xee, 0xb6, 0xee, 0xb6, 0xee, 0xb6, 0xee, 0xb6, 0xee, 0xb6, 0xee, 0xb6, 0xee,
    0xb6, 0xee, 0xb6, 0xee, 0xb6, 0xee, 0xb6, 0xee, 0xb6, 0xee, 0xb6, 0xee, 0xb6, 0xee, 0xb6, 0xee,
    0xb6, 0xee, 0xb6, 0xee, 0xb6, 0xee, 0xb6, 0xee, 0xb6, 0xee, 0xb6, 0xee, 0xb6, 0xee, 0xb6, 0xee,
    0xb6, 0xee, 0xb6, 0xee, 0xb6, 0xee, 0xb6, 0xee, 0xb6, 0xee, 0xb6, 0xee, 0xb6, 0xee, 0xb6, 0xee,
    0xb6, 0xee, 0xb6, 0xee, 0xb6, 0xee, 0xb6, 0xee, 0xb6, 0xee, 0xb6, 0xee, 0xb6, 0xee, 0xb6, 0xee,
    0xb6, 0xee, 0xb6, 0xee, 0xb6, 0xee, 0xb6, 0xee, 0xb6, 0xee, 0xb6, 0xee, 0xb6, 0xee, 0xb6, 0xee,
    0xb6, 0xee, 0xb6, 0xee, 0xb6, 0xee, 0xb6, 0xee, 0xb6, 0xee, 0xb6, 0xee, 0xb6, 0xee, 0xb6, 0xee,
    0xb6, 0xee, 0xb6, 0xee, 0xb6, 0xee, 0xb6, 0xee, 0xb6, 0xee, 0xb6, 0xee, 0xb6, 0xee, 0xb6, 0xee,
    0xb6, 0xee, 0xb6, 0xee, 0xb6, 0xee, 0xb6, 0xee, 0xb6, 0xee, 0xb6, 0xee, 0xb6, 0xee, 0xb6, 0xee,
    0xb6, 0xee, 0xb6, 0xee, 0xb6, 0xee, 0xb6, 0xee, 0xb6, 0xee, 0xb6, 0xee, 0xb6, 0xee, 0xb6, 0xee,
    0xb6, 0xee, 0xb6, 0xee, 0xb6, 0xee, 0xb6, 0xee, 0xb6, 0xee, 0xb6, 0xee, 0xb6, 0xee, 0xb6, 0xee,
    0xb6, 0xee, 0xb6, 0xee, 0xb6, 0xee, 0xb6, 0xee, 0xb6, 0xee, 0xb6, 0xee, 0xb6, 0xee, 0x96, 0xe6,
    0xd3, 0xcd, 0x32, 0xad, 0xad, 0x7b, 0xe2, 0x28, 0xc1, 0x28, 0x02, 0x31, 0x84, 0x41, 0x44, 0x39,
    0x80, 0x20, 0x85, 0x39, 0x27, 0x52, 0xa9, 0x6a, 0x0a, 0x73, 0x2b, 0x7b, 0x2b, 0x7b, 0x2b, 0x7b,
    0x4b, 0x7b, 0x4b, 0x7b, 0x4b, 0x7b, 0x4b, 0x7b, 0x6c, 0x7b, 0x4b, 0x7b, 0x4b, 0x7b, 0x4b, 0x7b,
    0x4b, 0x7b, 0x4b, 0x7b, 0x4b, 0x7b, 0x4b, 0x7b, 0x4b, 0x7b, 0x8c, 0x83, 0x4b, 0x7b, 0x4b, 0x7b,
    0x2b, 0x7b, 0x4b, 0x7b, 0x4b, 0x7b, 0x2b, 0x7b, 0x4b, 0x7b, 0x4b, 0x7b, 0x4b, 0x7b, 0x4b, 0x7b,
    0x4b, 0x7b, 0x4b, 0x7b, 0x4b, 0x7b, 0x2b, 0x7b, 0x2b, 0x7b, 0x6b, 0x83, 0x4b, 0x7b, 0x6c, 0x83,
    0x6b, 0x7b, 0x2b, 0x7b, 0x2b, 0x7b, 0x6b, 0x7b, 0x4b, 0x7b, 0x4b, 0x7b, 0x2b, 0x7b, 0x4b, 0x7b,
    0x6b, 0x7b, 0x2b, 0x73, 0x4b, 0x7b, 0x4b, 0x7b, 0x4c, 0x7b, 0x2b, 0x7b, 0x4b, 0x7b, 0x4b, 0x7b,
    0x4b, 0x7b, 0x6b, 0x7b, 0x6b, 0x7b, 0x4b, 0x7b, 0x4b, 0x7b, 0x6c, 0x7b, 0x4b, 0x7b, 0x4b, 0x7b,
    0x4b, 0x7b, 0x4b, 0x7b, 0x4b, 0x7b, 0x4b, 0x7b, 0x4b, 0x7b, 0x4b, 0x7b, 0x4b, 0x7b, 0x4b, 0x7b,
    0x4b, 0x7b, 0x4b, 0x7b, 0x6c, 0x7b, 0x4b, 0x7b, 0x4b, 0x7b, 0x2b, 0x73, 0xa9, 0x62, 0x68, 0x5a,
    0xa5, 0x41, 0x81, 0x20, 0x23, 0x39, 0x84, 0x49, 0x02, 0x31, 0x02, 0x31, 0x02, 0x29, 0x4b, 0x73,
    0x32, 0xb5, 0xd3, 0xcd, 0x96, 0xe6, 0xb6, 0xee, 0xb6, 0xee, 0xb6, 0xee, 0xb6, 0xee, 0xb6, 0xee,
    0xb6, 0xee, 0xb6, 0xee, 0xb6, 0xee, 0xb6, 0xee, 0xb6, 0xee, 0xb6, 0xee, 0xb6, 0xee, 0xb6, 0xee,
    0xb6, 0xee, 0xb6, 0xee, 0xb6, 0xee, 0xb6, 0xee, 0xb6, 0xee, 0xb6, 0xee, 0xb6, 0xee, 0xb6, 0xee,
    0xb6, 0xee, 0xb6, 0xee, 0xb6, 0xee, 0xb6, 0xee, 0xb6, 0xee, 0xb6, 0xee, 0xb6, 0xee, 0xb6, 0xee,
    0xb6, 0xee, 0xb6, 0xee, 0xb6, 0xee, 0xb6, 0xee, 0xb6, 0xee, 0xb6, 0xee, 0xb6, 0xee, 0xb6, 0xee,
    0xb6, 0xee, 0xb6, 0xee, 0xb6, 0xee, 0xb6, 0xee, 0xb6, 0xee, 0xb6, 0xee, 0xb6, 0xee, 0xb6, 0xee,
    0xb6, 0xee, 0xb6, 0xee, 0xb6, 0xee, 0xb6, 0xee, 0xb6, 0xee, 0xb6, 0xee, 0xb6, 0xee, 0xb6, 0xee,
    0xb6, 0xee, 0xb6, 0xee, 0xb6, 0xee, 0xb6, 0xee, 0xb6, 0xee, 0xb6, 0xee, 0xb6, 0xee, 0xb6, 0xee,
    0xb6, 0xee, 0xb6, 0xee, 0xb6, 0xee, 0xb6, 0xee, 0xb6, 0xee, 0xb6, 0xee, 0xb6, 0xee, 0xb6, 0xee,
    0xb6, 0xee, 0xb6, 0xee, 0xb6, 0xee, 0xb6, 0xee, 0xb6, 0xee, 0xb6, 0xee, 0xb6, 0xee, 0xb6, 0xee,
    0xb6, 0xee, 0xb6, 0xee, 0xb6, 0xee, 0xb6, 0xee, 0xb6, 0xee, 0xb6, 0xee, 0xb6, 0xee, 0xb6, 0xee,
    0xb6, 0xee, 0xb6, 0xee, 0xb6, 0xee, 0xb6, 0xee, 0xb6, 0xee, 0xb6, 0xee, 0xb6, 0xee, 0xb6, 0xee,
    0xb6, 0xee, 0xb6, 0xee, 0xb6, 0xee, 0xb6, 0xee, 0xb6, 0xee, 0xb6, 0xee, 0xb6, 0xee, 0xb6, 0xee,
    0xb6, 0xee, 0xb6, 0xee, 0xb6, 0xee, 0xb6, 0xee, 0xb6, 0xee, 0xb6, 0xee, 0xb6, 0xee, 0xb6, 0xee,
    0xb6, 0xee, 0xb6, 0xee, 0xb6, 0xee, 0xb6, 0xee, 0xb6, 0xee, 0xb6, 0xee, 0x96, 0xe6, 0xd3, 0xcd,
    0x52, 0xb5, 0xee, 0x83, 0x23, 0x31, 0xa1, 0x28, 0x02, 0x39, 0xa5, 0x49, 0x43, 0x39, 0x81, 0x20,
    0xa5, 0x41, 0x48, 0x52, 0xa9, 0x62, 0xea, 0x6a, 0x0a, 0x73, 0x4b, 0x7b, 0x2b, 0x73, 0x0b, 0x73,
    0x0b, 0x73, 0x0a, 0x73, 0x2b, 0x73, 0x0a, 0x73, 0x2b, 0x73, 0x0b, 0x73, 0x2b, 0x73, 0x0b, 0x73,
    0x0b, 0x73, 0x0b, 0x73, 0x2b, 0x73, 0x2b, 0x73, 0x2b, 0x73, 0x2b, 0x73, 0x0a, 0x73, 0x2b, 0x73,
    0x2b, 0x73, 0x2b, 0x73, 0x0a, 0x73, 0x0a, 0x73, 0x2b, 0x73, 0x0a, 0x73, 0x2b, 0x73, 0x0a, 0x73,
    0x0a, 0x73, 0x2b, 0x7b, 0x0a, 0x73, 0x2b, 0x73, 0x2b, 0x73, 0x2b, 0x73, 0x2a, 0x73, 0x2b, 0x73,
    0x0a, 0x73, 0x2b, 0x73, 0x2b, 0x73, 0x0a, 0x73, 0x0a, 0x73, 0x0a, 0x73, 0x0a, 0x73, 0x0a, 0x73,
    0x2b, 0x73, 0x0b, 0x73, 0x2b, 0x73, 0x2b, 0x73, 0x0a, 0x73, 0x2b, 0x73, 0x0a, 0x73, 0x2b, 0x73,
    0x2b, 0x73, 0x2b, 0x73, 0x0a, 0x73, 0x2b, 0x73, 0x2b, 0x73, 0x2b, 0x73, 0x0a, 0x73, 0x2a, 0x73,
    0x0a, 0x73, 0x2b, 0x73, 0x2b, 0x73, 0x2b, 0x73, 0x2b, 0x73, 0x0a, 0x73, 0x2a, 0x73, 0x0a, 0x73,
    0x2b, 0x73, 0x0b, 0x73, 0x0a, 0x73, 0xc9, 0x62, 0x88, 0x5a, 0x85, 0x41, 0x81, 0x20, 0x43, 0x39,
    0x64, 0x41, 0x22, 0x39, 0xe1, 0x28, 0x23, 0x31, 0x4c, 0x73, 0x32, 0xb5, 0xd3, 0xcd, 0x96, 0xe6,
    0xb6, 0xee, 0xb6, 0xee, 0xb6, 0xee, 0xb6, 0xee, 0xb6, 0xee, 0xb6, 0xee, 0xb6, 0xee, 0xb6, 0xee,
    0xb6, 0xee, 0xb6, 0xee, 0xb6, 0xee, 0xb6, 0xee, 0xb6, 0xee, 0xb6, 0xee, 0xb6, 0xee, 0xb6, 0xee,
    0xb6, 0xee, 0xb6, 0xee, 0xb6, 0xee, 0xb6, 0xee, 0xb6, 0xee, 0xb6, 0xee, 0xb6, 0xee, 0xb6, 0xee,
    0xb6, 0xee, 0xb6, 0xee, 0xb6, 0xee, 0xb6, 0xee, 0xb6, 0xee, 0xb6, 0xee, 0xb6, 0xee, 0xb6, 0xee,
    0xb6, 0xee, 0xb6, 0xee, 0xb6, 0xee, 0xb6, 0xee, 0xb6, 0xee, 0xb6, 0xee, 0xb6, 0xee, 0xb6, 0xee,
    0xb6, 0xee, 0xb6, 0xee, 0xb6, 0xee, 0xb6, 0xee, 0xb6, 0xee, 0xb6, 0xee, 0xb6, 0xee, 0xb6, 0xee,
    0xb6, 0xee, 0xb6, 0xee, 0xb6, 0xee, 0xb6, 0xee, 0xb6, 0xee, 0xb6, 0xee, 0xb6, 0xee, 0xb6, 0xee,
    0xb6, 0xee, 0xb6, 0xee, 0xb6, 0xee, 0xb6, 0xee, 0xb6, 0xee, 0xb6, 0xee, 0xb6, 0xee, 0xb6, 0xee,
    0xb6, 0xee, 0xb6, 0xee, 0xb6, 0xee, 0xb6, 0xee, 0xb6, 0xee, 0xb6, 0xee, 0xb6, 0xee, 0xb6, 0xee,
    0xb6, 0xee, 0xb6, 0xee, 0xb6, 0xee, 0xb6, 0xee, 0xb6, 0xee, 0xb6, 0xee, 0xb6, 0xee, 0xb6, 0xee,
    0xb6, 0xee, 0xb6, 0xee, 0xb6, 0xee, 0xb6, 0xee, 0xb6, 0xee, 0xb6, 0xee, 0xb6, 0xee, 0xb6, 0xee,
    0xb6, 0xee, 0xb6, 0xee, 0xb6, 0xee, 0xb6, 0xee, 0xb6, 0xee, 0xb6, 0xee, 0xb6, 0xee, 0xb6, 0xee,
    0xb6, 0xee, 0xb6, 0xee, 0xb6, 0xee, 0xb6, 0xee, 0xb6, 0xee, 0xb6, 0xee, 0xb6, 0xee, 0xb6, 0xee,
    0xb6, 0xee, 0xb6, 0xee, 0xb6, 0xee, 0xb6, 0xee, 0xb6, 0xee, 0xb6, 0xee, 0xb6, 0xee, 0xb6, 0xee,
    0xb6, 0xee, 0xb6, 0xee, 0xb6, 0xee, 0xb6, 0xee, 0xb6, 0xe6, 0xb6, 0xe6, 0xd3, 0xcd, 0x73, 0xbd,
    0xae, 0x7b, 0x03, 0x29, 0xa1, 0x28, 0x02, 0x39, 0x84, 0x41, 0x44, 0x39, 0xa1, 0x20, 0x85, 0x39,
    0x07, 0x4a, 0x48, 0x5a, 0x68, 0x5a, 0xa9, 0x62, 0x89, 0x62, 0x89, 0x5a, 0x89, 0x5a, 0x68, 0x5a,
    0x89, 0x62, 0x68, 0x5a, 0x89, 0x62, 0x68, 0x5a, 0x89, 0x62, 0x89, 0x5a, 0x89, 0x62, 0x89, 0x5a,
    0x89, 0x62, 0x89, 0x62, 0x88, 0x5a, 0x89, 0x62, 0x89, 0x62, 0x89, 0x62, 0x89, 0x62, 0x89, 0x62,
    0x68, 0x5a, 0x88, 0x5a, 0x89, 0x62, 0x88, 0x5a, 0xa9, 0x62, 0x88, 0x5a, 0xa9, 0x62, 0x68, 0x5a,
    0x88, 0x62, 0x68, 0x5a, 0xa9, 0x62, 0x69, 0x5a, 0x68, 0x62, 0x89, 0x62, 0x89, 0x62, 0xa9, 0x62,
    0x89, 0x62, 0x89, 0x62, 0x68, 0x5a, 0x88, 0x62, 0x89, 0x62, 0x89, 0x62, 0x89, 0x62, 0x68, 0x5a,
    0x89, 0x5a, 0x88, 0x62, 0x89, 0x62, 0x89, 0x62, 0x89, 0x62, 0x69, 0x5a, 0x89, 0x62, 0x89, 0x5a,
    0x68, 0x5a, 0x89, 0x62, 0x89, 0x5a, 0x89, 0x62, 0x88, 0x5a, 0x89, 0x62, 0x88, 0x5a, 0x89, 0x5a,
    0x89, 0x62, 0x89, 0x5a, 0x89, 0x62, 0x88, 0x5a, 0x88, 0x62, 0x88, 0x5a, 0x89, 0x62, 0x68, 0x5a,
    0x68, 0x5a, 0x27, 0x52, 0x85, 0x39, 0xc2, 0x20, 0x23, 0x31, 0x84, 0x49, 0x02, 0x39, 0x02, 0x31,
    0xe2, 0x28, 0x4b, 0x73, 0x72, 0xb5, 0xd3, 0xcd, 0xb6, 0xe6, 0xb6, 0xe6, 0xb6, 0xee, 0xb6, 0xee,
    0xb6, 0xee, 0xb6, 0xee, 0xb6, 0xee, 0xb6, 0xee, 0xb6, 0xee, 0xb6, 0xee, 0xb6, 0xee, 0xb6, 0xee,
    0xb6, 0xee, 0xb6, 0xee, 0xb6, 0xee, 0xb6, 0xee, 0xb6, 0xee, 0xb6, 0xee, 0xb6, 0xee, 0xb6, 0xee,
    0xb6, 0xee, 0xb6, 0xee, 0xb6, 0xee, 0xb6, 0xee, 0xb6, 0xee, 0xb6, 0xee, 0xb6, 0xee, 0xb6, 0xee,
    0xb6, 0xee, 0xb6, 0xee, 0xb6, 0xee, 0xb6, 0xee, 0xb6, 0xee, 0xb6, 0xee, 0xb6, 0xee, 0xb6, 0xee,
    0xb6, 0xee, 0xb6, 0xee, 0xb6, 0xee, 0xb6, 0xee, 0xb6, 0xee, 0xb6, 0xee, 0xb6, 0xee, 0xb6, 0xee,
    0xb6, 0xee, 0xb6, 0xee, 0xb6, 0xee, 0xb6, 0xee, 0xb6, 0xee, 0xb6, 0xee, 0xb6, 0xee, 0xb6, 0xee,
    0xb6, 0xee, 0xb6, 0xee, 0xb6, 0xee, 0xb6, 0xee, 0xb6, 0xee, 0xb6, 0xee, 0xb6, 0xee, 0xb6, 0xee,
    0xb6, 0xee, 0xb6, 0xee, 0xb6, 0xee, 0xb6, 0xee, 0xb6, 0xee, 0xb6, 0xee, 0xb6, 0xee, 0xb6, 0xee,
    0xb6, 0xee, 0xb6, 0xee, 0xb6, 0xee, 0xb6, 0xee, 0xb6, 0xee, 0xb6, 0xee, 0xb6, 0xee, 0xb6, 0xee,
    0xb6, 0xee, 0xb6, 0xee, 0xb6, 0xee, 0xb6, 0xee, 0xb6, 0xee, 0xb6, 0xee, 0xb6, 0xee, 0xb6, 0xee,
    0xb6, 0xee, 0xb6, 0xee, 0xb6, 0xee, 0xb6, 0xee, 0xb6, 0xee, 0xb6, 0xee, 0xb6, 0xee, 0xb6, 0xee,
    0xb6, 0xee, 0xb6, 0xee, 0xb6, 0xee, 0xb6, 0xee, 0xb6, 0xee, 0xb6, 0xee, 0xb6, 0xee, 0xb6, 0xee,
    0xb6, 0xee, 0xb6, 0xee, 0xb6, 0xee, 0xb6, 0xee, 0xb6, 0xee, 0xb6, 0xee, 0xb6, 0xee, 0xb6, 0xee,
    0xb6, 0xee, 0xb6, 0xee, 0xb6, 0xee, 0xb6, 0xee, 0xb6, 0xee, 0xb6, 0xee, 0xb6, 0xee, 0xb6, 0xee,
    0xb6, 0xee, 0xb6, 0xee, 0xb6, 0xee, 0xb6, 0xee, 0xb6, 0xe6, 0xd3, 0xcd, 0x11, 0xad, 0x8d, 0x7b,
    0x03, 0x29, 0xc2, 0x28, 0x22, 0x39, 0xa4, 0x49, 0x44, 0x39, 0x61, 0x18, 0x24, 0x31, 0x85, 0x39,
    0xc6, 0x41, 0xc6, 0x41, 0xc6, 0x41, 0xa6, 0x41, 0xe6, 0x41, 0xc6, 0x41, 0xc6, 0x41, 0xc6, 0x41,
    0xc6, 0x41, 0xc6, 0x41, 0xc6, 0x41, 0xc6, 0x41, 0xc6, 0x41, 0xc6, 0x41, 0xa6, 0x41, 0xc6, 0x41,
    0xc6, 0x41, 0xc6, 0x41, 0xc6, 0x41, 0xc6, 0x41, 0xc6, 0x41, 0xc6, 0x41, 0xc6, 0x41, 0xc6, 0x41,
    0xc6, 0x41, 0xc6, 0x41, 0xc6, 0x41, 0xc6, 0x41, 0xc6, 0x41, 0xc6, 0x41, 0xc6, 0x41, 0xc6, 0x41,
    0xc6, 0x41, 0xc6, 0x41, 0xc6, 0x41, 0xc6, 0x41, 0xa6, 0x41, 0xc6, 0x41, 0xa6, 0x41, 0xc6, 0x41,
    0xa6, 0x41, 0xc6, 0x41, 0xc6, 0x41, 0xc6, 0x41, 0xc6, 0x41, 0xc6, 0x41, 0xe6, 0x41, 0xc6, 0x41,
    0xc6, 0x41, 0xc6, 0x41, 0xc6, 0x41, 0xc6, 0x41, 0xc6, 0x41, 0xc6, 0x41, 0xc6, 0x41, 0xc6, 0x41,
    0xc6, 0x41, 0xc6, 0x41, 0xc6, 0x41, 0xc6, 0x41, 0xc6, 0x41, 0xc6, 0x41, 0xc6, 0x41, 0xc6, 0x41,
    0xc6, 0x41, 0xc6, 0x41, 0xc6, 0x41, 0xc6, 0x41, 0xc6, 0x41, 0xa6, 0x41, 0xa6, 0x41, 0x64, 0x31,
    0x81, 0x20, 0x23, 0x39, 0x64, 0x41, 0x22, 0x39, 0xc1, 0x28, 0x02, 0x29, 0x6c, 0x73, 0x31, 0xad,
    0xd3, 0xcd, 0xb6, 0xe6, 0xb6, 0xee, 0xb6, 0xee, 0xb6, 0xee, 0xb6, 0xee, 0xb6, 0xee, 0xb6, 0xee,
    0xb6, 0xee, 0xb6, 0xee, 0xb6, 0xee, 0xb6, 0xee, 0xb6, 0xee, 0xb6, 0xee, 0xb6, 0xee, 0xb6, 0xee,
    0xb6, 0xee, 0xb6, 0xee, 0xb6, 0xee, 0xb6, 0xee, 0xb6, 0xee, 0xb6, 0xee, 0xb6, 0xee, 0xb6, 0xee,
    0xb6, 0xee, 0xb6, 0xee, 0xb6, 0xee, 0xb6, 0xee, 0xb6, 0xee, 0xb6, 0xee, 0xb6, 0xee, 0xb6, 0xee,
    0xb6, 0xee, 0xb6, 0xee, 0xb6, 0xee, 0xb6, 0xee, 0xb6, 0xee, 0xb6, 0xee, 0xb6, 0xee, 0xb6, 0xee,
    0xb6, 0xee, 0xb6, 0xee, 0xb6, 0xee, 0xb6, 0xee, 0xb6, 0xee, 0xb6, 0xee, 0xb6, 0xee, 0xb6, 0xee,
    0xb6, 0xee, 0xb6, 0xee, 0xb6, 0xee, 0xb6, 0xee, 0xb6, 0xee, 0xb6, 0xee, 0xb6, 0xee, 0xb6, 0xee,
    0xb6, 0xee, 0xb6, 0xee, 0xb6, 0xee, 0xb6, 0xee, 0xb6, 0xee, 0xb6, 0xee, 0xb6, 0xee, 0xb6, 0xee,
    0xb6, 0xee, 0xb6, 0xee, 0xb6, 0xee, 0xb6, 0xee, 0xb6, 0xee, 0xb6, 0xee, 0xb6, 0xee, 0xb6, 0xee,
    0xb6, 0xee, 0xb6, 0xee, 0xb6, 0xee, 0xb6, 0xee, 0xb6, 0xee, 0xb6, 0xee, 0xb6, 0xee, 0xb6, 0xee,
    0xb6, 0xee, 0xb6, 0xee, 0xb6, 0xee, 0xb6, 0xee, 0xb6, 0xee, 0xb6, 0xee, 0xb6, 0xee, 0xb6, 0xee,
    0xb6, 0xee, 0xb6, 0xee, 0xb6, 0xee, 0xb6, 0xee, 0xb6, 0xee, 0xb6, 0xee, 0xb6, 0xee, 0xb6, 0xee,
    0xb6, 0xee, 0xb6, 0xee, 0xb6, 0xee, 0xb6, 0xee, 0xb6, 0xee, 0xb6, 0xee, 0xb6, 0xee, 0xb6, 0xee,
    0xb6, 0xee, 0xb6, 0xee, 0xb6, 0xee, 0xb6, 0xee, 0xb6, 0xee, 0xb6, 0xee, 0xb6, 0xee, 0xb6, 0xee,
    0xb6, 0xee, 0xb6, 0xee, 0xb6, 0xee, 0xb6, 0xee, 0xb6, 0xee, 0xb6, 0xee, 0xb6, 0xee, 0xb6, 0xee,
    0xb6, 0xee, 0xb6, 0xee, 0xb6, 0xe6, 0xb6, 0xe6, 0xd3, 0xcd, 0x52, 0xb5, 0xce, 0x83, 0x03, 0x31,
    0xe2, 0x28, 0x42, 0x39, 0x64, 0x41, 0x64, 0x41, 0x81, 0x18, 0xc2, 0x20, 0xc2, 0x20, 0xc2, 0x20,
    0xe2, 0x20, 0xa2, 0x20, 0xe2, 0x20, 0xc2, 0x20, 0xc2, 0x20, 0xc2, 0x20, 0xc2, 0x20, 0xa2, 0x20,
    0xc2, 0x20, 0xc2, 0x20, 0xc2, 0x20, 0xe2, 0x20, 0xc2, 0x20, 0xc2, 0x20, 0xc2, 0x20, 0xc2, 0x20,
    0xc2, 0x20, 0xc2, 0x20, 0xc2, 0x20, 0xc2, 0x20, 0xc2, 0x20, 0xc2, 0x20, 0xc2, 0x20, 0xc2, 0x20,
    0xc2, 0x20, 0xc2, 0x20, 0xc2, 0x20, 0xc2, 0x20, 0xc2, 0x20, 0xc2, 0x20, 0xc2, 0x20, 0xc2, 0x20,
    0xc2, 0x20, 0xe2, 0x20, 0xc2, 0x20, 0xe2, 0x28, 0xc2, 0x20, 0xc2, 0x20, 0xc2, 0x20, 0xc2, 0x20,
    0xa2, 0x20, 0xe2, 0x20, 0xc2, 0x20, 0xc2, 0x20, 0xe3, 0x20, 0xc2, 0x20, 0xc2, 0x20, 0xe3, 0x20,
    0xc2, 0x20, 0xc2, 0x20, 0xc2, 0x20, 0xc2, 0x20, 0xc2, 0x20, 0xe3, 0x20, 0xc2, 0x20, 0xc2, 0x20,
    0xc2, 0x20, 0xc2, 0x20, 0xc2, 0x20, 0xc2, 0x20, 0xc2, 0x20, 0xc2, 0x20, 0xc2, 0x20, 0xe3, 0x20,
    0xc2, 0x20, 0xc2, 0x20, 0xc2, 0x20, 0xc2, 0x20, 0xa1, 0x18, 0x61, 0x18, 0x43, 0x39, 0x84, 0x49,
    0x23, 0x39, 0xe2, 0x30, 0xe2, 0x28, 0x6c, 0x7b, 0x72, 0xbd, 0xd3, 0xcd, 0x96, 0xe6, 0xb6, 0xe6,
    0xb6, 0xee, 0xb6, 0xee, 0xb6, 0xee, 0xb6, 0xee, 0xb6, 0xee, 0xb6, 0xee, 0xb6, 0xee, 0xb6, 0xee,
    0xb6, 0xee, 0xb6, 0xee, 0xb6, 0xee, 0xb6, 0xee, 0xb6, 0xee, 0xb6, 0xee, 0xb6, 0xee, 0xb6, 0xee,
    0xb6, 0xee, 0xb6, 0xee, 0xb6, 0xee, 0xb6, 0xee, 0xb6, 0xee, 0xb6, 0xee, 0xb6, 0xee, 0xb6, 0xee,
    0xb6, 0xee, 0xb6, 0xee, 0xb6, 0xee, 0xb6, 0xee, 0xb6, 0xee, 0xb6, 0xee, 0xb6, 0xee, 0xb6, 0xee,
    0xb6, 0xee, 0xb6, 0xee, 0xb6, 0xee, 0xb6, 0xee, 0xb6, 0xee, 0xb6, 0xee, 0xb6, 0xee, 0xb6, 0xee,
    0xb6, 0xee, 0xb6, 0xee, 0xb6, 0xee, 0xb6, 0xee, 0xb6, 0xee, 0xb6, 0xee, 0xb6, 0xee, 0xb6, 0xee,
    0xb6, 0xee, 0xb6, 0xee, 0xb6, 0xee, 0xb6, 0xee, 0xb6, 0xee, 0xb6, 0xee, 0xb6, 0xee, 0xb6, 0xee,
    0xb6, 0xee, 0xb6, 0xee, 0xb6, 0xee, 0xb6, 0xee, 0xb6, 0xee, 0xb6, 0xee, 0xb6, 0xee, 0xb6, 0xee,
    0xb6, 0xee, 0xb6, 0xee, 0xb6, 0xee, 0xb6, 0xee, 0xb6, 0xee, 0xb6, 0xee, 0xb6, 0xee, 0xb6, 0xee,
    0xb6, 0xee, 0xb6, 0xee, 0xb6, 0xee, 0xb6, 0xee, 0xb6, 0xee, 0xb6, 0xee, 0xb6, 0xee, 0xb6, 0xee,
    0xb6, 0xee, 0xb6, 0xee, 0xb6, 0xee, 0xb6, 0xee, 0xb6, 0xee, 0xb6, 0xee, 0xb6, 0xee, 0xb6, 0xee,
    0xb6, 0xee, 0xb6, 0xee, 0xb6, 0xee, 0xb6, 0xee, 0xb6, 0xee, 0xb6, 0xee, 0xb6, 0xee, 0xb6, 0xee,
    0xb6, 0xee, 0xb6, 0xee, 0xb6, 0xee, 0xb6, 0xee, 0xb6, 0xee, 0xb6, 0xee, 0xb6, 0xee, 0xb6, 0xee,
    0xb6, 0xee, 0xb6, 0xee, 0xb6, 0xee, 0xb6, 0xee, 0xb6, 0xee, 0xb6, 0xee, 0xb6, 0xee, 0xb6, 0xee,
    0xb6, 0xee, 0xb6, 0xee, 0xb6, 0xee, 0xb6, 0xee, 0xb6, 0xee, 0xb6, 0xee, 0xb6, 0xee, 0xb6, 0xee,
    0xb6, 0xee, 0xb6, 0xe6, 0xb6, 0xe6, 0xd3, 0xcd, 0x73, 0xbd, 0xad, 0x7b, 0x02, 0x29, 0xe2, 0x28,
    0x02, 0x31, 0x84, 0x41, 0x64, 0x39, 0x23, 0x31, 0x44, 0x39, 0x44, 0x39, 0x44, 0x31, 0x43, 0x31,
    0x44, 0x39, 0x44, 0x31, 0x44, 0x39, 0x43, 0x31, 0x44, 0x39, 0x44, 0x39, 0x44, 0x39, 0x44, 0x39,
    0x44, 0x39, 0x44, 0x39, 0x43, 0x31, 0x44, 0x39, 0x43, 0x31, 0x44, 0x39, 0x43, 0x39, 0x44, 0x39,
    0x23, 0x31, 0x43, 0x31, 0x43, 0x31, 0x43, 0x31, 0x44, 0x39, 0x43, 0x39, 0x44, 0x39, 0x43, 0x31,
    0x44, 0x39, 0x43, 0x31, 0x43, 0x31, 0x44, 0x39, 0x44, 0x31, 0x44, 0x39, 0x43, 0x39, 0x43, 0x39,
    0x23, 0x31, 0x64, 0x39, 0x43, 0x31, 0x43, 0x39, 0x43, 0x39, 0x43, 0x39, 0x23, 0x31, 0x44, 0x39,
    0x44, 0x39, 0x43, 0x39, 0x44, 0x39, 0x23, 0x31, 0x44, 0x39, 0x44, 0x39, 0x43, 0x31, 0x44, 0x39,
    0x43, 0x31, 0x43, 0x31, 0x43, 0x31, 0x44, 0x39, 0x43, 0x31, 0x44, 0x39, 0x43, 0x31, 0x44, 0x39,
    0x44, 0x31, 0x44, 0x31, 0x44, 0x39, 0x44, 0x39, 0x44, 0x39, 0x44, 0x39, 0x44, 0x39, 0x43, 0x31,
    0x44, 0x39, 0x43, 0x31, 0x23, 0x31, 0x84, 0x41, 0x63, 0x41, 0x23, 0x39, 0xc1, 0x28, 0xe2, 0x28,
    0x4c, 0x73, 0x11, 0xad, 0xd3, 0xcd, 0x96, 0xe6, 0xb6, 0xe6, 0xb6, 0xee, 0xb6, 0xee, 0xb6, 0xee,
    0xb6, 0xee, 0xb6, 0xee, 0xb6, 0xee, 0xb6, 0xee, 0xb6, 0xee, 0xb6, 0xee, 0xb6, 0xee, 0xb6, 0xee,
    0xb6, 0xee, 0xb6, 0xee, 0xb6, 0xee, 0xb6, 0xee, 0xb6, 0xee, 0xb6, 0xee, 0xb6, 0xee, 0xb6, 0xee,
    0xb6, 0xee, 0xb6, 0xee, 0xb6, 0xee, 0xb6, 0xee, 0xb6, 0xee, 0xb6, 0xee, 0xb6, 0xee, 0xb6, 0xee,
    0xb6, 0xee, 0xb6, 0xee, 0xb6, 0xee, 0xb6, 0xee, 0xb6, 0xee, 0xb6, 0xee, 0xb6, 0xee, 0xb6, 0xee,
    0xb6, 0xee, 0xb6, 0xee, 0xb6, 0xee, 0xb6, 0xee, 0xb6, 0xee, 0xb6, 0xee, 0xb6, 0xee, 0xb6, 0xee,
    0xb6, 0xee, 0xb6, 0xee, 0xb6, 0xee, 0xb6, 0xee, 0xb6, 0xee, 0xb6, 0xee, 0xb6, 0xee, 0xb6, 0xee,
    0xb6, 0xee, 0xb6, 0xee, 0xb6, 0xee, 0xb6, 0xee, 0xb6, 0xee, 0xb6, 0xee, 0xb6, 0xee, 0xb6, 0xee,
    0xb6, 0xee, 0xb6, 0xee, 0xb6, 0xee, 0xb6, 0xee, 0xb6, 0xee, 0xb6, 0xee, 0xb6, 0xee, 0xb6, 0xee,
    0xb6, 0xee, 0xb6, 0xee, 0xb6, 0xee, 0xb6, 0xee, 0xb6, 0xee, 0xb6, 0xee, 0xb6, 0xee, 0xb6, 0xee,
    0xb6, 0xee, 0xb6, 0xee, 0xb6, 0xee, 0xb6, 0xee, 0xb6, 0xee, 0xb6, 0xee, 0xb6, 0xee, 0xb6, 0xee,
    0xb6, 0xee, 0xb6, 0xee, 0xb6, 0xee, 0xb6, 0xee, 0xb6, 0xee, 0xb6, 0xee, 0xb6, 0xee, 0xb6, 0xee,
    0xb6, 0xee, 0xb6, 0xee, 0xb6, 0xee, 0xb6, 0xee, 0xb6, 0xee, 0xb6, 0xee, 0xb6, 0xee, 0xb6, 0xee,
    0xb6, 0xee, 0xb6, 0xee, 0xb6, 0xee, 0xb6, 0xee, 0xb6, 0xee, 0xb6, 0xee, 0xb6, 0xee, 0xb6, 0xee,
    0xb6, 0xee, 0xb6, 0xee, 0xb6, 0xee, 0xb6, 0xee, 0xb6, 0xee, 0xb6, 0xee, 0xb6, 0xee, 0xb6, 0xee,
    0xb6, 0xee, 0xb6, 0xee, 0xb6, 0xee, 0xb6, 0xee, 0xb6, 0xee, 0xb6, 0xee, 0xb6, 0xee, 0xb6, 0xee,
    0xb6, 0xee, 0xb6, 0xe6, 0xd3, 0xcd, 0x12, 0xad, 0xcd, 0x83, 0x44, 0x31, 0xa0, 0x20, 0x43, 0x41,
    0x63, 0x41, 0xc5, 0x49, 0xa4, 0x49, 0xa5, 0x49, 0xc5, 0x49, 0x85, 0x49, 0xa5, 0x49, 0xa5, 0x49,
    0xa5, 0x49, 0x84, 0x49, 0xa5, 0x49, 0xa5, 0x49, 0xa5, 0x49, 0xa5, 0x49, 0xa5, 0x49, 0xa5, 0x49,
    0xa5, 0x49, 0xa5, 0x49, 0x84, 0x49, 0xa5, 0x49, 0x84, 0x49, 0xa5, 0x49, 0xa4, 0x49, 0xa5, 0x49,
    0xa4, 0x49, 0xa4, 0x49, 0xa5, 0x49, 0x84, 0x49, 0xa5, 0x49, 0xa4, 0x49, 0xc5, 0x49, 0xa4, 0x49,
    0xa5, 0x49, 0xa5, 0x49, 0xa5, 0x49, 0xa5, 0x49, 0xa4, 0x49, 0xa4, 0x49, 0x84, 0x49, 0xc5, 0x49,
    0xa4, 0x49, 0xa5, 0x49, 0xa4, 0x49, 0xa5, 0x49, 0xa4, 0x49, 0xa4, 0x49, 0xa5, 0x49, 0xa4, 0x49,
    0xa5, 0x49, 0x84, 0x49, 0xa5, 0x49, 0xa4, 0x49, 0xa5, 0x49, 0xa5, 0x49, 0xa4, 0x49, 0xa5, 0x49,
    0x84, 0x49, 0xa5, 0x49, 0xa4, 0x49, 0xa5, 0x49, 0x84, 0x49, 0xa5, 0x49, 0x84, 0x49, 0xa5, 0x49,
    0xa5, 0x49, 0x85, 0x49, 0xa5, 0x49, 0x84, 0x41, 0xa4, 0x49, 0x84, 0x49, 0xa5, 0x49, 0xa4, 0x49,
    0xc5, 0x49, 0x64, 0x41, 0x23, 0x39, 0xe2, 0x30, 0xe2, 0x28, 0x6c, 0x7b, 0x32, 0xb5, 0xd3, 0xcd,
    0xb6, 0xe6, 0xb6, 0xee, 0xb6, 0xee, 0xb6, 0xee, 0xb6, 0xee, 0xb6, 0xee, 0xb6, 0xee, 0xb6, 0xee,
    0xb6, 0xee, 0xb6, 0xee, 0xb6, 0xee, 0xb6, 0xee, 0xb6, 0xee, 0xb6, 0xee, 0xb6, 0xee, 0xb6, 0xee,
    0xb6, 0xee, 0xb6, 0xee, 0xb6, 0xee, 0xb6, 0xee, 0xb6, 0xee, 0xb6, 0xee, 0xb6, 0xee, 0xb6, 0xee,
    0xb6, 0xee, 0xb6, 0xee, 0xb6, 0xee, 0xb6, 0xee, 0xb6, 0xee, 0xb6, 0xee, 0xb6, 0xee, 0xb6, 0xee,
    0xb6, 0xee, 0xb6, 0xee, 0xb6, 0xee, 0xb6, 0xee, 0xb6, 0xee, 0xb6, 0xee, 0xb6, 0xee, 0xb6, 0xee,
    0xb6, 0xee, 0xb6, 0xee, 0xb6, 0xee, 0xb6, 0xee, 0xb6, 0xee, 0xb6, 0xee, 0xb6, 0xee, 0xb6, 0xee,
    0xb6, 0xee, 0xb6, 0xee, 0xb6, 0xee, 0xb6, 0xee, 0xb6, 0xee, 0xb6, 0xee, 0xb6, 0xee, 0xb6, 0xee,
    0xb6, 0xee, 0xb6, 0xee, 0xb6, 0xee, 0xb6, 0xee, 0xb6, 0xee, 0xb6, 0xee, 0xb6, 0xee, 0xb6, 0xee,
    0xb6, 0xee, 0xb6, 0xee, 0xb6, 0xee, 0xb6, 0xee, 0xb6, 0xee, 0xb6, 0xee, 0xb6, 0xee, 0xb6, 0xee,
    0xb6, 0xee, 0xb6, 0xee, 0xb6, 0xee, 0xb6, 0xee, 0xb6, 0xee, 0xb6, 0xee, 0xb6, 0xee, 0xb6, 0xee,
    0xb6, 0xee, 0xb6, 0xee, 0xb6, 0xee, 0xb6, 0xee, 0xb6, 0xee, 0xb6, 0xee, 0xb6, 0xee, 0xb6, 0xee,
    0xb6, 0xee, 0xb6, 0xee, 0xb6, 0xee, 0xb6, 0xee, 0xb6, 0xee, 0xb6, 0xee, 0xb6, 0xee, 0xb6, 0xee,
    0xb6, 0xee, 0xb6, 0xee, 0xb6, 0xee, 0xb6, 0xee, 0xb6, 0xee, 0xb6, 0xee, 0xb6, 0xee, 0xb6, 0xee,
    0xb6, 0xee, 0xb6, 0xee, 0xb6, 0xee, 0xb6, 0xee, 0xb6, 0xee, 0xb6, 0xee, 0xb6, 0xee, 0xb6, 0xee,
    0xb6, 0xee, 0xb6, 0xee, 0xb6, 0xee, 0xb6, 0xee, 0xb6, 0xee, 0xb6, 0xee, 0xb6, 0xee, 0xb6, 0xee,
    0xb6, 0xee, 0xb6, 0xee, 0xb6, 0xee, 0xb6, 0xee, 0xb6, 0xee, 0xb6, 0xee, 0xb6, 0xee, 0xb6, 0xee,
    0xb6, 0xe6, 0xd3, 0xcd, 0x32, 0xb5, 0xad, 0x7b, 0x23, 0x31, 0x80, 0x20, 0xc1, 0x28, 0xc1, 0x28,
    0xc1, 0x28, 0xa0, 0x28, 0xa1, 0x28, 0xa1, 0x28, 0xa1, 0x28, 0xa1, 0x28, 0xc1, 0x28, 0xa0, 0x28,
    0xc1, 0x28, 0xa0, 0x28, 0xc1, 0x28, 0xa1, 0x28, 0xc1, 0x28, 0xc1, 0x28, 0xc1, 0x28, 0xc1, 0x28,
    0xa0, 0x28, 0xc1, 0x28, 0xa0, 0x28, 0xc1, 0x30, 0xa0, 0x28, 0xc1, 0x28, 0xc1, 0x28, 0xc1, 0x28,
    0xc1, 0x28, 0xa0, 0x28, 0xc1, 0x28, 0xa0, 0x28, 0xc1, 0x28, 0xa0, 0x28, 0xc1, 0x28, 0xc1, 0x28,
    0xa1, 0x28, 0xc1, 0x28, 0xa1, 0x28, 0xc1, 0x28, 0xa0, 0x28, 0xc1, 0x28, 0xa1, 0x28, 0xc1, 0x28,
    0xa1, 0x28, 0xc1, 0x28, 0xc1, 0x28, 0xc1, 0x28, 0xe1, 0x28, 0xa1, 0x28, 0xc1, 0x28, 0xa0, 0x28,
    0xc1, 0x28, 0xa0, 0x28, 0xc1, 0x28, 0xc1, 0x28, 0xc1, 0x28, 0xc1, 0x28, 0xa0, 0x28, 0xc1, 0x28,
    0xa1, 0x28, 0xc1, 0x28, 0xa0, 0x28, 0xc1, 0x28, 0xa0, 0x28, 0xc1, 0x28, 0xc1, 0x28, 0xa1, 0x28,
    0xc1, 0x28, 0xa0, 0x28, 0xc1, 0x28, 0xa0, 0x28, 0xc1, 0x28, 0xa0, 0x28, 0xc1, 0x28, 0xc1, 0x28,
    0xa1, 0x20, 0xe2, 0x28, 0x2b, 0x73, 0x52, 0xb5, 0xd3, 0xcd, 0x96, 0xe6, 0xb6, 0xee, 0xb6, 0xee,
    0xb6, 0xee, 0xb6, 0xee, 0xb6, 0xee, 0xb6, 0xee, 0xb6, 0xee, 0xb6, 0xee, 0xb6, 0xee, 0xb6, 0xee,
    0xb6, 0xee, 0xb6, 0xee, 0xb6, 0xee, 0xb6, 0xee, 0xb6, 0xee, 0xb6, 0xee, 0xb6, 0xee, 0xb6, 0xee,
    0xb6, 0xee, 0xb6, 0xee, 0xb6, 0xee, 0xb6, 0xee, 0xb6, 0xee, 0xb6, 0xee, 0xb6, 0xee, 0xb6, 0xee,
    0xb6, 0xee, 0xb6, 0xee, 0xb6, 0xee, 0xb6, 0xee, 0xb6, 0xee, 0xb6, 0xee, 0xb6, 0xee, 0xb6, 0xee,
    0xb6, 0xee, 0xb6, 0xee, 0xb6, 0xee, 0xb6, 0xee, 0xb6, 0xee, 0xb6, 0xee, 0xb6, 0xee, 0xb6, 0xee,
    0xb6, 0xee, 0xb6, 0xee, 0xb6, 0xee, 0xb6, 0xee, 0xb6, 0xee, 0xb6, 0xee, 0xb6, 0xee, 0xb6, 0xee,
    0xb6, 0xee, 0xb6, 0xee, 0xb6, 0xee, 0xb6, 0xee, 0xb6, 0xee, 0xb6, 0xee, 0xb6, 0xee, 0xb6, 0xee,
    0xb6, 0xee, 0xb6, 0xee, 0xb6, 0xee, 0xb6, 0xee, 0xb6, 0xee, 0xb6, 0xee, 0xb6, 0xee, 0xb6, 0xee,
    0xb6, 0xee, 0xb6, 0xee, 0xb6, 0xee, 0xb6, 0xee, 0xb6, 0xee, 0xb6, 0xee, 0xb6, 0xee, 0xb6, 0xee,
    0xb6, 0xee, 0xb6, 0xee, 0xb6, 0xee, 0xb6, 0xee, 0xb6, 0xee, 0xb6, 0xee, 0xb6, 0xee, 0xb6, 0xee,
    0xb6, 0xee, 0xb6, 0xee, 0xb6, 0xee, 0xb6, 0xee, 0xb6, 0xee, 0xb6, 0xee, 0xb6, 0xee, 0xb6, 0xee,
    0xb6, 0xee, 0xb6, 0xee, 0xb6, 0xee, 0xb6, 0xee, 0xb6, 0xee, 0xb6, 0xee, 0xb6, 0xee, 0xb6, 0xee,
    0xb6, 0xee, 0xb6, 0xee, 0xb6, 0xee, 0xb6, 0xee, 0xb6, 0xee, 0xb6, 0xee, 0xb6, 0xee, 0xb6, 0xee,
    0xb6, 0xee, 0xb6, 0xee, 0xb6, 0xee, 0xb6, 0xee, 0xb6, 0xee, 0xb6, 0xee, 0xb6, 0xee, 0xb6, 0xee,
    0xb6, 0xee, 0xb6, 0xee, 0xb6, 0xee, 0xb6, 0xee, 0xb6, 0xee, 0xb6, 0xee, 0xb6, 0xee, 0xb6, 0xee,
    0xb6, 0xee, 0xb6, 0xee, 0xb6, 0xee, 0xb6, 0xee, 0xb6, 0xee, 0xb6, 0xee, 0xb6, 0xee, 0x96, 0xe6,
    0xd3, 0xcd, 0x73, 0xbd, 0xcd, 0x83, 0x06, 0x4a, 0xc5, 0x41, 0x06, 0x4a, 0xe6, 0x49, 0xe6, 0x49,
    0xe6, 0x49, 0xe6, 0x49, 0xe6, 0x49, 0xe6, 0x49, 0x07, 0x52, 0xe6, 0x49, 0x27, 0x52, 0xe6, 0x49,
    0x07, 0x4a, 0xe6, 0x49, 0x06, 0x4a, 0xe6, 0x49, 0xe6, 0x49, 0xe6, 0x49, 0xe6, 0x49, 0x07, 0x4a,
    0xc6, 0x41, 0x07, 0x52, 0xc6, 0x49, 0x07, 0x4a, 0x06, 0x4a, 0x06, 0x4a, 0x27, 0x4a, 0xe6, 0x41,
    0x27, 0x4a, 0xe6, 0x49, 0x06, 0x4a, 0xc6, 0x41, 0x07, 0x4a, 0xe6, 0x49, 0xe6, 0x49, 0x06, 0x4a,
    0xe6, 0x49, 0x07, 0x4a, 0xe6, 0x49, 0xe6, 0x49, 0xe6, 0x49, 0x07, 0x4a, 0xe6, 0x49, 0x06, 0x4a,
    0x06, 0x4a, 0xe6, 0x49, 0x27, 0x52, 0xe6, 0x49, 0x06, 0x4a, 0xe6, 0x49, 0x07, 0x4a, 0xc6, 0x49,
    0xe6, 0x49, 0xe6, 0x49, 0x06, 0x4a, 0x06, 0x4a, 0xe6, 0x41, 0x07, 0x4a, 0xe6, 0x41, 0x07, 0x4a,
    0xe5, 0x41, 0x26, 0x52, 0xe6, 0x49, 0x06, 0x4a, 0x06, 0x4a, 0xe6, 0x49, 0x07, 0x4a, 0xe6, 0x41,
    0x07, 0x4a, 0xe6, 0x41, 0x07, 0x4a, 0xe6, 0x41, 0x07, 0x4a, 0xe6, 0x41, 0xe6, 0x41, 0x6c, 0x73,
    0x52, 0xb5, 0xd3, 0xcd, 0x96, 0xe6, 0xb6, 0xee, 0xb6, 0xee, 0xb6, 0xee, 0xb6, 0xee, 0xb6, 0xee,
    0xb6, 0xee, 0xb6, 0xee, 0xb6, 0xee, 0xb6, 0xee, 0xb6, 0xee, 0xb6, 0xee, 0xb6, 0xee, 0xb6, 0xee,
    0xb6, 0xee, 0xb6, 0xee, 0xb6, 0xee, 0xb6, 0xee, 0xb6, 0xee, 0xb6, 0xee, 0xb6, 0xee, 0xb6, 0xee,
    0xb6, 0xee, 0xb6, 0xee, 0xb6, 0xee, 0xb6, 0xee, 0xb6, 0xee, 0xb6, 0xee, 0xb6, 0xee, 0xb6, 0xee,
    0xb6, 0xee, 0xb6, 0xee, 0xb6, 0xee, 0xb6, 0xee, 0xb6, 0xee, 0xb6, 0xee, 0xb6, 0xee, 0xb6, 0xee,
    0xb6, 0xee, 0xb6, 0xee, 0xb6, 0xee, 0xb6, 0xee, 0xb6, 0xee, 0xb6, 0xee, 0xb6, 0xee, 0xb6, 0xee,
    0xb6, 0xee, 0xb6, 0xee, 0xb6, 0xee, 0xb6, 0xee, 0xb6, 0xee, 0xb6, 0xee, 0xb6, 0xee, 0xb6, 0xee,
    0xb6, 0xee, 0xb6, 0xee, 0xb6, 0xee, 0xb6, 0xee, 0xb6, 0xee, 0xb6, 0xee, 0xb6, 0xee, 0xb6, 0xee,
    0xb6, 0xee, 0xb6, 0xee, 0xb6, 0xee, 0xb6, 0xee, 0xb6, 0xee, 0xb6, 0xee, 0xb6, 0xee, 0xb6, 0xee,
    0xb6, 0xee, 0xb6, 0xee, 0xb6, 0xee, 0xb6, 0xee, 0xb6, 0xee, 0xb6, 0xee, 0xb6, 0xee, 0xb6, 0xee,
    0xb6, 0xee, 0xb6, 0xee, 0xb6, 0xee, 0xb6, 0xee, 0xb6, 0xee, 0xb6, 0xee, 0xb6, 0xee, 0xb6, 0xee,
    0xb6, 0xee, 0xb6, 0xee, 0xb6, 0xee, 0xb6, 0xee, 0xb6, 0xee, 0xb6, 0xee, 0xb6, 0xee, 0xb6, 0xee,
    0xb6, 0xee, 0xb6, 0xee, 0xb6, 0xee, 0xb6, 0xee, 0xb6, 0xee, 0xb6, 0xee, 0xb6, 0xee, 0xb6, 0xee,
    0xb6, 0xee, 0xb6, 0xee, 0xb6, 0xee, 0xb6, 0xee, 0xb6, 0xee, 0xb6, 0xee, 0xb6, 0xee, 0xb6, 0xee,
    0xb6, 0xee, 0xb6, 0xee, 0xb6, 0xee, 0xb6, 0xee, 0xb6, 0xee, 0xb6, 0xee, 0xb6, 0xee, 0xb6, 0xee,
    0xb6, 0xee, 0xb6, 0xee, 0xb6, 0xee, 0xb6, 0xee, 0xb6, 0xee, 0xb6, 0xee, 0xb6, 0xee, 0xb6, 0xee,
    0xb6, 0xee, 0xb6, 0xee, 0xb6, 0xee, 0xb6, 0xee, 0xb6, 0xee, 0xb6, 0xe6, 0xb6, 0xe6, 0xf3, 0xcd,
    0x52, 0xb5, 0x73, 0xb5, 0xf1, 0xac, 0x11, 0xad, 0x11, 0xad, 0x32, 0xad, 0x11, 0xad, 0x11, 0xad,
    0x11, 0xad, 0x11, 0xad, 0x32, 0xb5, 0x11, 0xad, 0x32, 0xb5, 0x11, 0xad, 0x31, 0xad, 0x11, 0xad,
    0x32, 0xad, 0x11, 0xad, 0x11, 0xad, 0x12, 0xad, 0x11, 0xad, 0x32, 0xad, 0x11, 0xad, 0x32, 0xb5,
    0x11, 0xad, 0x32, 0xad, 0x12, 0xad, 0x11, 0xad, 0x32, 0xad, 0x11, 0xad, 0x32, 0xad, 0x11, 0xad,
    0x32, 0xb5, 0x11, 0xad, 0x32, 0xad, 0x12, 0xad, 0x11, 0xad, 0x12, 0xad, 0x11, 0xad, 0x32, 0xad,
    0x11, 0xad, 0x12, 0xad, 0x11, 0xad, 0x32, 0xad, 0x11, 0xad, 0x31, 0xad, 0x11, 0xad, 0x11, 0xad,
    0x31, 0xad, 0x11, 0xad, 0x32, 0xad, 0x11, 0xad, 0x32, 0xb5, 0x11, 0xad, 0x12, 0xad, 0x11, 0xad,
    0x12, 0xad, 0x32, 0xad, 0x11, 0xad, 0x32, 0xad, 0x11, 0xad, 0x32, 0xad, 0x11, 0xad, 0x31, 0xb5,
    0x11, 0xad, 0x31, 0xad, 0x32, 0xad, 0x11, 0xad, 0x32, 0xad, 0x11, 0xad, 0x32, 0xad, 0x11, 0xad,
    0x32, 0xad, 0x11, 0xad, 0x11, 0xad, 0x11, 0xad, 0x52, 0xb5, 0x73, 0xbd, 0xf3, 0xcd, 0xb6, 0xe6,
    0xb6, 0xe6, 0xb6, 0xee, 0xb6, 0xee, 0xb6, 0xee, 0xb6, 0xee, 0xb6, 0xee, 0xb6, 0xee, 0xb6, 0xee,
    0xb6, 0xee, 0xb6, 0xee, 0xb6, 0xee, 0xb6, 0xee, 0xb6, 0xee, 0xb6, 0xee, 0xb6, 0xee, 0xb6, 0xee,
    0xb6, 0xee, 0xb6, 0xee, 0xb6, 0xee, 0xb6, 0xee, 0xb6, 0xee, 0xb6, 0xee, 0xb6, 0xee, 0xb6, 0xee,
    0xb6, 0xee, 0xb6, 0xee, 0xb6, 0xee, 0xb6, 0xee, 0xb6, 0xee, 0xb6, 0xee, 0xb6, 0xee, 0xb6, 0xee,
    0xb6, 0xee, 0xb6, 0xee, 0xb6, 0xee, 0xb6, 0xee, 0xb6, 0xee, 0xb6, 0xee, 0xb6, 0xee, 0xb6, 0xee,
    0xb6, 0xee, 0xb6, 0xee, 0xb6, 0xee, 0xb6, 0xee, 0xb6, 0xee, 0xb6, 0xee, 0xb6, 0xee, 0xb6, 0xee,
    0xb6, 0xee, 0xb6, 0xee, 0xb6, 0xee, 0xb6, 0xee, 0xb6, 0xee, 0xb6, 0xee, 0xb6, 0xee, 0xb6, 0xee,
    0xb6, 0xee, 0xb6, 0xee, 0xb6, 0xee, 0xb6, 0xee, 0xb6, 0xee, 0xb6, 0xee, 0xb6, 0xee, 0xb6, 0xee,
    0xb6, 0xee, 0xb6, 0xee, 0xb6, 0xee, 0xb6, 0xee, 0xb6, 0xee, 0xb6, 0xee, 0xb6, 0xee, 0xb6, 0xee,
    0xb6, 0xee, 0xb6, 0xee, 0xb6, 0xee, 0xb6, 0xee, 0xb6, 0xee, 0xb6, 0xee, 0xb6, 0xee, 0xb6, 0xee,
    0xb6, 0xee, 0xb6, 0xee, 0xb6, 0xee, 0xb6, 0xee, 0xb6, 0xee, 0xb6, 0xee, 0xb6, 0xee, 0xb6, 0xee,
    0xb6, 0xee, 0xb6, 0xee, 0xb6, 0xee, 0xb6, 0xee, 0xb6, 0xee, 0xb6, 0xee, 0xb6, 0xee, 0xb6, 0xee,
    0xb6, 0xee, 0xb6, 0xee, 0xb6, 0xee, 0xb6, 0xee, 0xb6, 0xee, 0xb6, 0xee, 0xb6, 0xee, 0xb6, 0xee,
    0xb6, 0xee, 0xb6, 0xee, 0xb6, 0xee, 0xb6, 0xee, 0xb6, 0xee, 0xb6, 0xee, 0xb6, 0xee, 0xb6, 0xee,
    0xb6, 0xee, 0xb6, 0xee, 0xb6, 0xee, 0xb6, 0xee, 0xb6, 0xee, 0xb6, 0xee, 0xb6, 0xee, 0xb6, 0xee,
    0xb6, 0xee, 0xb6, 0xee, 0xb6, 0xee, 0xb6, 0xee, 0xb6, 0xee, 0xb6, 0xee, 0xb6, 0xee, 0xb6, 0xee,
    0xb6, 0xee, 0xb6, 0xee, 0xb6, 0xee, 0xb6, 0xee, 0xb6, 0xee, 0xb6, 0xe6, 0x55, 0xde, 0x14, 0xd6,
    0x14, 0xd6, 0x14, 0xd6, 0x14, 0xd6, 0x14, 0xd6, 0x14, 0xd6, 0x14, 0xd6, 0x14, 0xd6, 0x14, 0xd6,
    0x14, 0xd6, 0x14, 0xd6, 0x14, 0xd6, 0x14, 0xd6, 0x14, 0xd6, 0x14, 0xd6, 0x14, 0xd6, 0x14, 0xd6,
    0x14, 0xd6, 0x14, 0xd6, 0x14, 0xd6, 0x14, 0xd6, 0x14, 0xd6, 0x14, 0xd6, 0x14, 0xd6, 0x14, 0xd6,
    0x14, 0xd6, 0x14, 0xd6, 0x14, 0xd6, 0x14, 0xd6, 0x14, 0xd6, 0x14, 0xd6, 0x14, 0xd6, 0x14, 0xd6,
    0x14, 0xd6, 0x14, 0xd6, 0x14, 0xd6, 0x14, 0xd6, 0x14, 0xd6, 0x14, 0xd6, 0x14, 0xd6, 0x14, 0xd6,
    0x14, 0xd6, 0x14, 0xd6, 0x14, 0xd6, 0x14, 0xd6, 0x14, 0xd6, 0x14, 0xd6, 0x14, 0xd6, 0x14, 0xd6,
    0x14, 0xd6, 0x14, 0xd6, 0x14, 0xd6, 0x14, 0xd6, 0x14, 0xd6, 0x14, 0xd6, 0x14, 0xd6, 0x14, 0xd6,
    0x14, 0xd6, 0x14, 0xd6, 0x14, 0xd6, 0x14, 0xd6, 0x14, 0xd6, 0x14, 0xd6, 0x14, 0xd6, 0x14, 0xd6,
    0x14, 0xd6, 0x14, 0xd6, 0x14, 0xd6, 0x14, 0xd6, 0x14, 0xd6, 0x14, 0xd6, 0x14, 0xd6, 0x14, 0xd6,
    0x14, 0xd6, 0x14, 0xd6, 0x14, 0xd6, 0x55, 0xde, 0xb6, 0xe6, 0xb6, 0xee, 0xb6, 0xee, 0xb6, 0xee,
    0xb6, 0xee, 0xb6, 0xee, 0xb6, 0xee, 0xb6, 0xee, 0xb6, 0xee, 0xb6, 0xee, 0xb6, 0xee, 0xb6, 0xee,
    0xb6, 0xee, 0xb6, 0xee, 0xb6, 0xee, 0xb6, 0xee, 0xb6, 0xee, 0xb6, 0xee, 0xb6, 0xee, 0xb6, 0xee,
    0xb6, 0xee, 0xb6, 0xee, 0xb6, 0xee, 0xb6, 0xee, 0xb6, 0xee, 0xb6, 0xee, 0xb6, 0xee, 0xb6, 0xee,
    0xb6, 0xee, 0xb6, 0xee, 0xb6, 0xee, 0xb6, 0xee, 0xb6, 0xee, 0xb6, 0xee, 0xb6, 0xee, 0xb6, 0xee,
    0xb6, 0xee, 0xb6, 0xee, 0xb6, 0xee, 0xb6, 0xee, 0xb6, 0xee, 0xb6, 0xee, 0xb6, 0xee, 0xb6, 0xee,
    0xb6, 0xee, 0xb6, 0xee, 0xb6, 0xee, 0xb6, 0xee, 0xb6, 0xee, 0xb6, 0xee, 0xb6, 0xee, 0xb6, 0xee,
    0xb6, 0xee, 0xb6, 0xee, 0xb6, 0xee, 0xb6, 0xee, 0xb6, 0xee, 0xb6, 0xee, 0xb6, 0xee, 0xb6, 0xee,
    0xb6, 0xee, 0xb6, 0xee, 0xb6, 0xee, 0xb6, 0xee, 0xb6, 0xee, 0xb6, 0xee, 0xb6, 0xee, 0xb6, 0xee,
    0xb6, 0xee, 0xb6, 0xee, 0xb6, 0xee, 0xb6, 0xee, 0xb6, 0xee, 0xb6, 0xee, 0xb6, 0xee, 0xb6, 0xee,
    0xb6, 0xee, 0xb6, 0xee, 0xb6, 0xee, 0xb6, 0xee, 0xb6, 0xee, 0xb6, 0xee, 0xb6, 0xee, 0xb6, 0xee,
    0xb6, 0xee, 0xb6, 0xee, 0xb6, 0xee, 0xb6, 0xee, 0xb6, 0xee, 0xb6, 0xee, 0xb6, 0xee, 0xb6, 0xee,
    0xb6, 0xee, 0xb6, 0xee, 0xb6, 0xee, 0xb6, 0xee, 0xb6, 0xee, 0xb6, 0xee, 0xb6, 0xee, 0xb6, 0xee,
    0xb6, 0xee, 0xb6, 0xee, 0xb6, 0xee, 0xb6, 0xee, 0xb6, 0xee, 0xb6, 0xee, 0xb6, 0xee, 0xb6, 0xee,
    0xb6, 0xee, 0xb6, 0xee, 0xb6, 0xee, 0xb6, 0xee, 0xb6, 0xee, 0xb6, 0xee, 0xb6, 0xee, 0xb6, 0xee,
    0xb6, 0xee, 0xb6, 0xee, 0xb6, 0xee, 0xb6, 0xee, 0xb6, 0xee, 0xb6, 0xee, 0xb6, 0xee, 0xb6, 0xee,
    0xb6, 0xee, 0xb6, 0xee, 0xb6, 0xee, 0xb6, 0xee, 0xb6, 0xee, 0xb6, 0xee, 0xb6, 0xee, 0xb6, 0xee,
    0xb6, 0xee, 0xb6, 0xee, 0xb6, 0xee, 0xb6, 0xee, 0xb6, 0xe6, 0xb6, 0xe6, 0xb6, 0xe6, 0xb6, 0xe6,
    0xb6, 0xe6, 0xb6, 0xe6, 0xb6, 0xe6, 0xb6, 0xe6, 0xb6, 0xe6, 0xb6, 0xe6, 0xb6, 0xe6, 0xb6, 0xe6,
    0xb6, 0xe6, 0xb6, 0xe6, 0xb6, 0xe6, 0xb6, 0xe6, 0xb6, 0xe6, 0xb6, 0xe6, 0xb6, 0xe6, 0xb6, 0xe6,
    0xb6, 0xe6, 0xb6, 0xe6, 0xb6, 0xe6, 0xb6, 0xe6, 0xb6, 0xe6, 0xb6, 0xe6, 0xb6, 0xe6, 0xb6, 0xe6,
    0xb6, 0xe6, 0xb6, 0xe6, 0xb6, 0xe6, 0xb6, 0xe6, 0xb6, 0xe6, 0xb6, 0xe6, 0xb6, 0xe6, 0xb6, 0xe6,
    0xb6, 0xe6, 0xb6, 0xe6, 0xb6, 0xe6, 0xb6, 0xe6, 0xb6, 0xe6, 0xb6, 0xe6, 0xb6, 0xe6, 0xb6, 0xe6,
    0xb6, 0xe6, 0xb6, 0xe6, 0xb6, 0xe6, 0xb6, 0xe6, 0xb6, 0xe6, 0xb6, 0xe6, 0xb6, 0xe6, 0xb6, 0xe6,
    0xb6, 0xe6, 0xb6, 0xe6, 0xb6, 0xe6, 0xb6, 0xe6, 0xb6, 0xe6, 0xb6, 0xe6, 0xb6, 0xe6, 0xb6, 0xe6,
    0xb6, 0xe6, 0xb6, 0xe6, 0xb6, 0xe6, 0xb6, 0xe6, 0xb6, 0xe6, 0xb6, 0xe6, 0xb6, 0xe6, 0xb6, 0xe6,
    0xb6, 0xe6, 0xb6, 0xe6, 0xb6, 0xe6, 0xb6, 0xe6, 0xb6, 0xe6, 0xb6, 0xe6, 0xb6, 0xe6, 0xb6, 0xe6,
    0xb6, 0xe6, 0xb6, 0xe6, 0xb6, 0xee, 0xb6, 0xee, 0xb6, 0xee, 0xb6, 0xee, 0xb6, 0xee, 0xb6, 0xee,
    0xb6, 0xee, 0xb6, 0xee, 0xb6, 0xee, 0xb6, 0xee, 0xb6, 0xee, 0xb6, 0xee, 0xb6, 0xee, 0xb6, 0xee,
    0xb6, 0xee, 0xb6, 0xee, 0xb6, 0xee, 0xb6, 0xee, 0xb6, 0xee, 0xb6, 0xee, 0xb6, 0xee, 0xb6, 0xee,
    0xb6, 0xee, 0xb6, 0xee, 0xb6, 0xee, 0xb6, 0xee, 0xb6, 0xee, 0xb6, 0xee, 0xb6, 0xee, 0xb6, 0xee,
    0xb6, 0xee, 0xb6, 0xee, 0xb6, 0xee, 0xb6, 0xee, 0xb6, 0xee, 0xb6, 0xee, 0xb6, 0xee, 0xb6, 0xee,
    0xb6, 0xee, 0xb6, 0xee, 0xb6, 0xee, 0xb6, 0xee, 0xb6, 0xee, 0xb6, 0xee, 0xb6, 0xee, 0xb6, 0xee,
    0xb6, 0xee, 0xb6, 0xee, 0xb6, 0xee, 0xb6, 0xee, 0xb6, 0xee, 0xb6, 0xee, 0xb6, 0xee, 0xb6, 0xee,
    0xb6, 0xee, 0xb6, 0xee, 0xb6, 0xee, 0xb6, 0xee, 0xb6, 0xee, 0xb6, 0xee, 0xb6, 0xee, 0xb6, 0xee,
    0xb6, 0xee, 0xb6, 0xee, 0xb6, 0xee, 0xb6, 0xee, 0xb6, 0xee, 0xb6, 0xee, 0xb6, 0xee, 0xb6, 0xee,
    0xb6, 0xee, 0xb6, 0xee, 0xb6, 0xee, 0xb6, 0xee, 0xb6, 0xee, 0xb6, 0xee, 0xb6, 0xee, 0xb6, 0xee,
    0xb6, 0xee, 0xb6, 0xee, 0xb6, 0xee, 0xb6, 0xee, 0xb6, 0xee, 0xb6, 0xee, 0xb6, 0xee, 0xb6, 0xee,
    0xb6, 0xee, 0xb6, 0xee, 0xb6, 0xee, 0xb6, 0xee, 0xb6, 0xee, 0xb6, 0xee, 0xb6, 0xee, 0xb6, 0xee,
    0xb6, 0xee, 0xb6, 0xee, 0xb6, 0xee, 0xb6, 0xee, 0xb6, 0xee, 0xb6, 0xee, 0xb6, 0xee, 0xb6, 0xee,
    0xb6, 0xee, 0xb6, 0xee, 0xb6, 0xee, 0xb6, 0xee, 0xb6, 0xee, 0xb6, 0xee, 0xb6, 0xee, 0xb6, 0xee,
    0xb6, 0xee, 0xb6, 0xee, 0xb6, 0xee, 0xb6, 0xee, 0xb6, 0xee, 0xb6, 0xee, 0xb6, 0xee, 0xb6, 0xee,
    0xb6, 0xee, 0xb6, 0xee, 0xb6, 0xee, 0xb6, 0xee, 0xb6, 0xee, 0xb6, 0xee, 0xb6, 0xee, 0xb6, 0xee,
    0xb6, 0xee, 0xb6, 0xee, 0xb6, 0xee, 0xb6, 0xee, 0xb6, 0xee, 0xb6, 0xee, 0xb6, 0xee, 0xb6, 0xee,
    0xb6, 0xee, 0xb6, 0xee, 0xb6, 0xee, 0xb6, 0xee, 0xb6, 0xee, 0xb6, 0xee, 0xb6, 0xee, 0xb6, 0xee,
    0xb6, 0xee, 0xb6, 0xee, 0xb6, 0xee, 0xb6, 0xee, 0xb6, 0xee, 0xb6, 0xee, 0xb6, 0xee, 0xb6, 0xee,
    0xb6, 0xee, 0xb6, 0xee, 0xb6, 0xee, 0xb6, 0xee, 0xb6, 0xee, 0xb6, 0xee, 0xb6, 0xee, 0xb6, 0xee,
    0xb6, 0xee, 0xb6, 0xee, 0xb6, 0xee, 0xb6, 0xee, 0xb6, 0xee, 0xb6, 0xee, 0xb6, 0xee, 0xb6, 0xee,
    0xb6, 0xee, 0xb6, 0xee, 0xb6, 0xee, 0xb6, 0xee, 0xb6, 0xee, 0xb6, 0xee, 0xb6, 0xee, 0xb6, 0xee,
    0xb6, 0xee, 0xb6, 0xee, 0xb6, 0xee, 0xb6, 0xee, 0xb6, 0xee, 0xb6, 0xee, 0xb6, 0xee, 0xb6, 0xee,
    0xb6, 0xee, 0xb6, 0xee, 0xb6, 0xee, 0xb6, 0xee, 0xb6, 0xee, 0xb6, 0xee, 0xb6, 0xee, 0xb6, 0xee,
    0xb6, 0xee, 0xb6, 0xee, 0xb6, 0xee, 0xb6, 0xee, 0xb6, 0xee, 0xb6, 0xee, 0xb6, 0xee, 0xb6, 0xee,
    0xb6, 0xee, 0xb6, 0xee, 0xb6, 0xee, 0xb6, 0xee, 0xb6, 0xee, 0xb6, 0xee, 0xb6, 0xee, 0xb6, 0xee,
    0xb6, 0xee, 0xb6, 0xee, 0xb6, 0xee, 0xb6, 0xee, 0xb6, 0xee, 0xb6, 0xee, 0xb6, 0xee, 0xb6, 0xee,
    0xb6, 0xee, 0xb6, 0xee, 0xb6, 0xee, 0xb6, 0xee, 0xb6, 0xee, 0xb6, 0xee, 0xb6, 0xee, 0xb6, 0xee,
    0xb6, 0xee, 0xb6, 0xee, 0xb6, 0xee, 0xb6, 0xee, 0xb6, 0xee, 0xb6, 0xee, 0xb6, 0xee, 0xb6, 0xee,
    0xb6, 0xee, 0xb6, 0xee, 0xb6, 0xee, 0xb6, 0xee, 0xb6, 0xee, 0xb6, 0xee, 0xb6, 0xee, 0xb6, 0xee,
    0xb6, 0xee, 0xb6, 0xee, 0xb6, 0xee, 0xb6, 0xee, 0xb6, 0xee, 0xb6, 0xee, 0xb6, 0xee, 0xb6, 0xee,
    0xb6, 0xee, 0xb6, 0xee, 0xb6, 0xee, 0xb6, 0xee, 0xb6, 0xee, 0xb6, 0xee, 0xb6, 0xee, 0xb6, 0xee,
    0xb6, 0xee, 0xb6, 0xee, 0xb6, 0xee, 0xb6, 0xee, 0xb6, 0xee, 0xb6, 0xee, 0xb6, 0xee, 0xb6, 0xee,
    0xb6, 0xee, 0xb6, 0xee, 0xb6, 0xee, 0xb6, 0xee, 0xb6, 0xee, 0xb6, 0xee, 0xb6, 0xee, 0xb6, 0xee,
    0xb6, 0xee, 0xb6, 0xee, 0xb6, 0xee, 0xb6, 0xee, 0xb6, 0xee, 0xb6, 0xee, 0xb6, 0xee, 0xb6, 0xee,
    0xb6, 0xee, 0xb6, 0xee, 0xb6, 0xee, 0xb6, 0xee, 0xb6, 0xee, 0xb6, 0xee, 0xb6, 0xee, 0xb6, 0xee,
    0xb6, 0xee, 0xb6, 0xee, 0xb6, 0xee, 0xb6, 0xee, 0xb6, 0xee, 0xb6, 0xee, 0xb6, 0xee, 0xb6, 0xee,
    0xb6, 0xee, 0xb6, 0xee, 0xb6, 0xee, 0xb6, 0xee, 0xb6, 0xee, 0xb6, 0xee, 0xb6, 0xee, 0xb6, 0xee,
    0xb6, 0xee, 0xb6, 0xee, 0xb6, 0xee, 0xb6, 0xee, 0xb6, 0xee, 0xb6, 0xee, 0xb6, 0xee, 0xb6, 0xee,
    0xb6, 0xee, 0xb6, 0xee, 0xb6, 0xee, 0xb6, 0xee, 0xb6, 0xee, 0xb6, 0xee, 0xb6, 0xee, 0xb6, 0xee,
    0xb6, 0xee, 0xb6, 0xee, 0xb6, 0xee, 0xb6, 0xee, 0xb6, 0xee, 0xb6, 0xee, 0xb6, 0xee, 0xb6, 0xee,
    0xb6, 0xee, 0xb6, 0xee, 0xb6, 0xee, 0xb6, 0xee, 0xb6, 0xee, 0xb6, 0xee, 0xb6, 0xee, 0xb6, 0xee,
    0xb6, 0xee, 0xb6, 0xee, 0xb6, 0xee, 0xb6, 0xee, 0xb6, 0xee, 0xb6, 0xee, 0xb6, 0xee, 0xb6, 0xee,
    0xb6, 0xee, 0xb6, 0xee, 0xb6, 0xee, 0xb6, 0xee, 0xb6, 0xee, 0xb6, 0xee, 0xb6, 0xee, 0xb6, 0xee,
    0xb6, 0xee, 0xb6, 0xee, 0xb6, 0xee, 0xb6, 0xee, 0xb6, 0xee, 0xb6, 0xee, 0xb6, 0xee, 0xb6, 0xee,
    0xb6, 0xee, 0xb6, 0xee, 0xb6, 0xee, 0xb6, 0xee, 0xb6, 0xee, 0xb6, 0xee, 0xb6, 0xee, 0xb6, 0xee,
    0xb6, 0xee, 0xb6, 0xee, 0xb6, 0xee, 0xb6, 0xee, 0xb6, 0xee, 0xb6, 0xee, 0xb6, 0xee, 0xb6, 0xee,
    0xb6, 0xee, 0xb6, 0xee, 0xb6, 0xee, 0xb6, 0xee, 0xb6, 0xee, 0xb6, 0xee, 0xb6, 0xee, 0xb6, 0xee,
    0xb6, 0xee, 0xb6, 0xee, 0xb6, 0xee, 0xb6, 0xee, 0xb6, 0xee, 0xb6, 0xee, 0xb6, 0xee, 0xb6, 0xee,
    0xb6, 0xee, 0xb6, 0xee, 0xb6, 0xee, 0xb6, 0xee, 0xb6, 0xee, 0xb6, 0xee, 0xb6, 0xee, 0xb6, 0xee,
    0xb6, 0xee, 0xb6, 0xee, 0xb6, 0xee, 0xb6, 0xee, 0xb6, 0xee, 0xb6, 0xee, 0xb6, 0xee, 0xb6, 0xee,
    0xb6, 0xee, 0xb6, 0xee, 0xb6, 0xee, 0xb6, 0xee, 0xb6, 0xee, 0xb6, 0xee, 0xb6, 0xee, 0xb6, 0xee,
    0xb6, 0xee, 0xb6, 0xee, 0xb6, 0xee, 0xb6, 0xee, 0xb6, 0xee, 0xb6, 0xee, 0xb6, 0xee, 0xb6, 0xee,
    0xb6, 0xee, 0xb6, 0xee, 0xb6, 0xee, 0xb6, 0xee, 0xb6, 0xee, 0xb6, 0xee, 0xb6, 0xee, 0xb6, 0xee,
    0xb6, 0xee, 0xb6, 0xee, 0xb6, 0xee, 0xb6, 0xee, 0xb6, 0xee, 0xb6, 0xee, 0xb6, 0xee, 0xb6, 0xee,
    0xb6, 0xee, 0xb6, 0xee, 0xb6, 0xee, 0xb6, 0xee, 0xb6, 0xee, 0xb6, 0xee, 0xb6, 0xee, 0xb6, 0xee,
    0xb6, 0xee, 0xb6, 0xee, 0xb6, 0xee, 0xb6, 0xee, 0xb6, 0xee, 0xb6, 0xee, 0xb6, 0xee, 0xb6, 0xee,
    0xb6, 0xee, 0xb6, 0xee, 0xb6, 0xee, 0xb6, 0xee, 0xb6, 0xee, 0xb6, 0xee, 0xb6, 0xee, 0xb6, 0xee,
    0xb6, 0xee, 0xb6, 0xee, 0xb6, 0xee, 0xb6, 0xee, 0xb6, 0xee, 0xb6, 0xee, 0xb6, 0xee, 0xb6, 0xee,
    0xb6, 0xee, 0xb6, 0xee, 0xb6, 0xee, 0xb6, 0xee, 0xb6, 0xee, 0xb6, 0xee, 0xb6, 0xee, 0xb6, 0xee,
    0xb6, 0xee, 0xb6, 0xee, 0xb6, 0xee, 0xb6, 0xee, 0xb6, 0xee, 0xb6, 0xee, 0xb6, 0xee, 0xb6, 0xee,
    0xb6, 0xee, 0xb6, 0xee, 0xb6, 0xee, 0xb6, 0xee, 0xb6, 0xee, 0xb6, 0xee, 0xb6, 0xee, 0xb6, 0xee,
    0xb6, 0xee, 0xb6, 0xee, 0xb6, 0xee, 0xb6, 0xee, 0xb6, 0xee, 0xb6, 0xee, 0xb6, 0xee, 0xb6, 0xee,
    0xb6, 0xee, 0xb6, 0xee, 0xb6, 0xee, 0xb6, 0xee, 0xb6, 0xee, 0xb6, 0xee, 0xb6, 0xee, 0xb6, 0xee,
    0xb6, 0xee, 0xb6, 0xee, 0xb6, 0xee, 0xb6, 0xee, 0xb6, 0xee, 0xb6, 0xee, 0xb6, 0xee, 0xb6, 0xee,
    0xb6, 0xee, 0xb6, 0xee, 0xb6, 0xee, 0xb6, 0xee, 0xb6, 0xee, 0xb6, 0xee, 0xb6, 0xee, 0xb6, 0xee,
    0xb6, 0xee, 0xb6, 0xee, 0xb6, 0xee, 0xb6, 0xee, 0xb6, 0xee, 0xb6, 0xee, 0xb6, 0xee, 0xb6, 0xee,
    0xb6, 0xee, 0xb6, 0xee, 0xb6, 0xee, 0xb6, 0xee, 0xb6, 0xee, 0xb6, 0xee, 0xb6, 0xee, 0xb6, 0xee,
    0xb6, 0xee, 0xb6, 0xee, 0xb6, 0xee, 0xb6, 0xee, 0xb6, 0xee, 0xb6, 0xee, 0xb6, 0xee, 0xb6, 0xee,
    0xb6, 0xee, 0xb6, 0xee, 0xb6, 0xee, 0xb6, 0xee, 0xb6, 0xee, 0xb6, 0xee, 0xb6, 0xee, 0xb6, 0xee,
    0xb6, 0xee, 0xb6, 0xee, 0xb6, 0xee, 0xb6, 0xee, 0xb6, 0xee, 0xb6, 0xee, 0xb6, 0xee, 0xb6, 0xee,
    0xb6, 0xee, 0xb6, 0xee, 0xb6, 0xee, 0xb6, 0xee, 0xb6, 0xee, 0xb6, 0xee, 0xb6, 0xee, 0xb6, 0xee,
    0xb6, 0xee, 0xb6, 0xee, 0xb6, 0xee, 0xb6, 0xee, 0xb6, 0xee, 0xb6, 0xee, 0xb6, 0xee, 0xb6, 0xee,
    0xb6, 0xee, 0xb6, 0xee, 0xb6, 0xee, 0xb6, 0xee, 0xb6, 0xee, 0xb6, 0xee, 0xb6, 0xee, 0xb6, 0xee,
    0xb6, 0xee, 0xb6, 0xee, 0xb6, 0xee, 0xb6, 0xee, 0xb6, 0xee, 0xb6, 0xee, 0xb6, 0xee, 0xb6, 0xee,
    0xb6, 0xee, 0xb6, 0xee, 0xb6, 0xee, 0xb6, 0xee, 0xb6, 0xee, 0xb6, 0xee, 0xb6, 0xee, 0xb6, 0xee,
    0xb6, 0xee, 0xb6, 0xee, 0xb6, 0xee, 0xb6, 0xee, 0xb6, 0xee, 0xb6, 0xee, 0xb6, 0xee, 0xb6, 0xee,
    0xb6, 0xee, 0xb6, 0xee, 0xb6, 0xee, 0xb6, 0xee, 0xb6, 0xee, 0xb6, 0xee, 0xb6, 0xee, 0xb6, 0xee,
    0xb6, 0xee, 0xb6, 0xee, 0xb6, 0xee, 0xb6, 0xee, 0xb6, 0xee, 0xb6, 0xee, 0xb6, 0xee, 0xb6, 0xee,
    0xb6, 0xee, 0xb6, 0xee, 0xb6, 0xee, 0xb6, 0xee, 0xb6, 0xee, 0xb6, 0xee, 0xb6, 0xee, 0xb6, 0xee,
    0xb6, 0xee, 0xb6, 0xee, 0xb6, 0xee, 0xb6, 0xee, 0xb6, 0xee, 0xb6, 0xee, 0xb6, 0xee, 0xb6, 0xee,
    0xb6, 0xee, 0xb6, 0xee, 0xb6, 0xee, 0xb6, 0xee, 0xb6, 0xee, 0xb6, 0xee, 0xb6, 0xee, 0xb6, 0xee,
    0xb6, 0xee, 0xb6, 0xee, 0xb6, 0xee, 0xb6, 0xee, 0xb6, 0xee, 0xb6, 0xee, 0xb6, 0xee, 0xb6, 0xee,
    0xb6, 0xee, 0xb6, 0xee, 0xb6, 0xee, 0xb6, 0xee, 0xb6, 0xee, 0xb6, 0xee, 0xb6, 0xee, 0xb6, 0xee,
    0xb6, 0xee, 0xb6, 0xee, 0xb6, 0xee, 0xb6, 0xee, 0xb6, 0xee, 0xb6, 0xee, 0xb6, 0xee, 0xb6, 0xee,
    0xb6, 0xee, 0xb6, 0xee, 0xb6, 0xee, 0xb6, 0xee, 0xb6, 0xee, 0xb6, 0xee, 0xb6, 0xee, 0xb6, 0xee,
    0xb6, 0xee, 0xb6, 0xee, 0xb6, 0xee, 0xb6, 0xee, 0xb6, 0xee, 0xb6, 0xee, 0xb6, 0xee, 0xb6, 0xee,
    0xb6, 0xee, 0xb6, 0xee, 0xb6, 0xee, 0xb6, 0xee, 0xb6, 0xee, 0xb6, 0xee, 0xb6, 0xee, 0xb6, 0xee,
    0xb6, 0xee, 0xb6, 0xee, 0xb6, 0xee, 0xb6, 0xee, 0xb6, 0xee, 0xb6, 0xee, 0xb6, 0xee, 0xb6, 0xee,
    0xb6, 0xee, 0xb6, 0xee, 0xb6, 0xee, 0xb6, 0xee, 0xb6, 0xee, 0xb6, 0xee, 0xb6, 0xee, 0xb6, 0xee,
    0xb6, 0xee, 0xb6, 0xee, 0xb6, 0xee, 0xb6, 0xee, 0xb6, 0xee, 0xb6, 0xee, 0xb6, 0xee, 0xb6, 0xee,
    0xb6, 0xee, 0xb6, 0xee, 0xb6, 0xee, 0xb6, 0xee, 0xb6, 0xee, 0xb6, 0xee, 0xb6, 0xee, 0xb6, 0xee,
    0xb6, 0xee, 0xb6, 0xee, 0xb6, 0xee, 0xb6, 0xee, 0xb6, 0xee, 0xb6, 0xee, 0xb6, 0xee, 0xb6, 0xee,
    0xb6, 0xee, 0xb6, 0xee, 0xb6, 0xee, 0xb6, 0xee, 0xb6, 0xee, 0xb6, 0xee, 0xb6, 0xee, 0xb6, 0xee,
    0xb6, 0xee, 0xb6, 0xee, 0xb6, 0xee, 0xb6, 0xee, 0xb6, 0xee, 0xb6, 0xee, 0xb6, 0xee, 0xb6, 0xee,
    0xb6, 0xee, 0xb6, 0xee, 0xb6, 0xee, 0xb6, 0xee, 0xb6, 0xee, 0xb6, 0xee, 0xb6, 0xee, 0xb6, 0xee,
    0xb6, 0xee, 0xb6, 0xee, 0xb6, 0xee, 0xb6, 0xee, 0xb6, 0xee, 0xb6, 0xee, 0xb6, 0xee, 0xb6, 0xee,
    0xb6, 0xee, 0xb6, 0xee, 0xb6, 0xee, 0xb6, 0xee, 0xb6, 0xee, 0xb6, 0xee, 0xb6, 0xee, 0xb6, 0xee,
    0xb6, 0xee, 0xb6, 0xee, 0xb6, 0xee, 0xb6, 0xee, 0xb6, 0xee, 0xb6, 0xee, 0xb6, 0xee, 0xb6, 0xee,
    0xb6, 0xee, 0xb6, 0xee, 0xb6, 0xee, 0xb6, 0xee, 0xb6, 0xee, 0xb6, 0xee, 0xb6, 0xee, 0xb6, 0xee,
    0xb6, 0xee, 0xb6, 0xee, 0xb6, 0xee, 0xb6, 0xee, 0xb6, 0xee, 0xb6, 0xee, 0xb6, 0xee, 0xb6, 0xee,
    0xb6, 0xee, 0xb6, 0xee, 0xb6, 0xee, 0xb6, 0xee, 0xb6, 0xee, 0xb6, 0xee, 0xb6, 0xee, 0xb6, 0xee,
    0xb6, 0xee, 0xb6, 0xee, 0xb6, 0xee, 0xb6, 0xee, 0xb6, 0xee, 0xb6, 0xee, 0xb6, 0xee, 0xb6, 0xee,
    0xb6, 0xee, 0xb6, 0xee, 0xb6, 0xee, 0xb6, 0xee, 0xb6, 0xee, 0xb6, 0xee, 0xb6, 0xee, 0xb6, 0xee,
    0xb6, 0xee, 0xb6, 0xee, 0xb6, 0xee, 0xb6, 0xee, 0xb6, 0xee, 0xb6, 0xee, 0xb6, 0xee, 0xb6, 0xee,
    0xb6, 0xee, 0xb6, 0xee, 0xb6, 0xee, 0xb6, 0xee, 0xb6, 0xee, 0xb6, 0xee, 0xb6, 0xee, 0xb6, 0xee,
    0xb6, 0xee, 0xb6, 0xee, 0xb6, 0xee, 0xb6, 0xee, 0xb6, 0xee, 0xb6, 0xee, 0xb6, 0xee, 0xb6, 0xee,
    0xb6, 0xee, 0xb6, 0xee, 0xb6, 0xee, 0xb6, 0xee, 0xb6, 0xee, 0xb6, 0xee, 0xb6, 0xee, 0xb6, 0xee,
    0xb6, 0xee, 0xb6, 0xee, 0xb6, 0xee, 0xb6, 0xee, 0xb6, 0xee, 0xb6, 0xee, 0xb6, 0xee, 0xb6, 0xee,
    0xb6, 0xee, 0xb6, 0xee, 0xb6, 0xee, 0xb6, 0xee, 0xb6, 0xee, 0xb6, 0xee, 0xb6, 0xee, 0xb6, 0xee,
    0xb6, 0xee, 0xb6, 0xee, 0xb6, 0xee, 0xb6, 0xee, 0xb6, 0xee, 0xb6, 0xee, 0xb6, 0xee, 0xb6, 0xee,
    0xb6, 0xee, 0xb6, 0xee, 0xb6, 0xee, 0xb6, 0xee, 0xb6, 0xee, 0xb6, 0xee, 0xb6, 0xee, 0xb6, 0xee,
    0xb6, 0xee, 0xb6, 0xee, 0xb6, 0xee, 0xb6, 0xee, 0xb6, 0xee, 0xb6, 0xee, 0xb6, 0xee, 0xb6, 0xee,
    0xb6, 0xee, 0xb6, 0xee, 0xb6, 0xee, 0xb6, 0xee, 0xb6, 0xee, 0xb6, 0xee, 0xb6, 0xee, 0xb6, 0xee,
    0xb6, 0xee, 0xb6, 0xee, 0xb6, 0xee, 0xb6, 0xee, 0xb6, 0xee, 0xb6, 0xee, 0xb6, 0xee, 0xb6, 0xee,
    0xb6, 0xee, 0xb6, 0xee, 0xb6, 0xee, 0xb6, 0xee, 0xb6, 0xee, 0xb6, 0xee, 0xb6, 0xee, 0xb6, 0xee,
    0xb6, 0xee, 0xb6, 0xee, 0xb6, 0xee, 0xb6, 0xee, 0xb6, 0xee, 0xb6, 0xee, 0xb6, 0xee, 0xb6, 0xee,
    0xb6, 0xee, 0xb6, 0xee, 0xb6, 0xee, 0xb6, 0xee, 0xb6, 0xee, 0xb6, 0xee, 0xb6, 0xee, 0xb6, 0xee,
    0xb6, 0xee, 0xb6, 0xee, 0xb6, 0xee, 0xb6, 0xee, 0xb6, 0xee, 0xb6, 0xee, 0xb6, 0xee, 0xb6, 0xee,
    0xb6, 0xee, 0xb6, 0xee, 0xb6, 0xee, 0xb6, 0xee, 0xb6, 0xee, 0xb6, 0xee, 0xb6, 0xee, 0xb6, 0xee,
    0xb6, 0xee, 0xb6, 0xee, 0xb6, 0xee, 0xb6, 0xee, 0xb6, 0xee, 0xb6, 0xee, 0xb6, 0xee, 0xb6, 0xee,
    0xb6, 0xee, 0xb6, 0xee, 0xb6, 0xee, 0xb6, 0xee, 0xb6, 0xee, 0xb6, 0xee, 0xb6, 0xee, 0xb6, 0xee,
    0xb6, 0xee, 0xb6, 0xee, 0xb6, 0xee, 0xb6, 0xee, 0xb6, 0xee, 0xb6, 0xee, 0xb6, 0xee, 0xb6, 0xee,
    0xb6, 0xee, 0xb6, 0xee, 0xb6, 0xee, 0xb6, 0xee, 0xb6, 0xee, 0xb6, 0xee, 0xb6, 0xee, 0xb6, 0xee,
    0xb6, 0xee, 0xb6, 0xee, 0xb6, 0xee, 0xb6, 0xee, 0xb6, 0xee, 0xb6, 0xee, 0xb6, 0xee, 0xb6, 0xee,
    0xb6, 0xee, 0xb6, 0xee, 0xb6, 0xee, 0xb6, 0xee, 0xb6, 0xee, 0xb6, 0xee, 0xb6, 0xee, 0xb6, 0xee,
    0xb6, 0xee, 0xb6, 0xee, 0xb6, 0xee, 0xb6, 0xee, 0xb6, 0xee, 0xb6, 0xee, 0xb6, 0xee, 0xb6, 0xee,
    0xb6, 0xee, 0xb6, 0xee, 0xb6, 0xee, 0xb6, 0xee, 0xb6, 0xee, 0xb6, 0xee, 0xb6, 0xee, 0xb6, 0xee,
    0xb6, 0xee, 0xb6, 0xee, 0xb6, 0xee, 0xb6, 0xee, 0xb6, 0xee, 0xb6, 0xee, 0xb6, 0xee, 0xb6, 0xee,
    0xb6, 0xee, 0xb6, 0xee, 0xb6, 0xee, 0xb6, 0xee, 0xb6, 0xee, 0xb6, 0xee, 0xb6, 0xee, 0xb6, 0xee,
    0xb6, 0xee, 0xb6, 0xee, 0xb6, 0xee, 0xb6, 0xee, 0xb6, 0xee, 0xb6, 0xee, 0xb6, 0xee, 0xb6, 0xee,
    0xb6, 0xee, 0xb6, 0xee, 0xb6, 0xee, 0xb6, 0xee, 0xb6, 0xee, 0xb6, 0xee, 0xb6, 0xee, 0xb6, 0xee,
    0xb6, 0xee, 0xb6, 0xee, 0xb6, 0xee, 0xb6, 0xee, 0xb6, 0xee, 0xb6, 0xee, 0xb6, 0xee, 0xb6, 0xee,
    0xb6, 0xee, 0xb6, 0xee, 0xb6, 0xee, 0xb6, 0xee, 0xb6, 0xee, 0xb6, 0xee, 0xb6, 0xee, 0xb6, 0xee,
    0xb6, 0xee, 0xb6, 0xee, 0xb6, 0xee, 0xb6, 0xee, 0xb6, 0xee, 0xb6, 0xee, 0xb6, 0xee, 0xb6, 0xee,
    0xb6, 0xee, 0xb6, 0xee, 0xb6, 0xee, 0xb6, 0xee, 0xb6, 0xee, 0xb6, 0xee, 0xb6, 0xee, 0xb6, 0xee,
    0xb6, 0xee, 0xb6, 0xee, 0xb6, 0xee, 0xb6, 0xee, 0xb6, 0xee, 0xb6, 0xee, 0xb6, 0xee, 0xb6, 0xee,
    0xb6, 0xee, 0xb6, 0xee, 0xb6, 0xee, 0xb6, 0xee, 0xb6, 0xee, 0xb6, 0xee, 0xb6, 0xee, 0xb6, 0xee,
    0xb6, 0xee, 0xb6, 0xee, 0xb6, 0xee, 0xb6, 0xee, 0xb6, 0xee, 0xb6, 0xee, 0xb6, 0xee, 0xb6, 0xee,
    0xb6, 0xee, 0xb6, 0xee, 0xb6, 0xee, 0xb6, 0xee, 0xb6, 0xee, 0xb6, 0xee, 0xb6, 0xee, 0xb6, 0xee,
    0xb6, 0xee, 0xb6, 0xee, 0xb6, 0xee, 0xb6, 0xee, 0xb6, 0xee, 0xb6, 0xee, 0xb6, 0xee, 0xb6, 0xee,
    0xb6, 0xee, 0xb6, 0xee, 0xb6, 0xee, 0xb6, 0xee, 0xb6, 0xee, 0xb6, 0xee, 0xb6, 0xee, 0xb6, 0xee,
    0xb6, 0xee, 0xb6, 0xee, 0xb6, 0xee, 0xb6, 0xee, 0xb6, 0xee, 0xb6, 0xee, 0xb6, 0xee, 0xb6, 0xee,
    0xb6, 0xee, 0xb6, 0xee, 0xb6, 0xee, 0xb6, 0xee, 0xb6, 0xee, 0xb6, 0xee, 0xb6, 0xee, 0xb6, 0xee,
    0xb6, 0xee, 0xb6, 0xee, 0xb6, 0xee, 0xb6, 0xee, 0xb6, 0xee, 0xb6, 0xee, 0xb6, 0xee, 0xb6, 0xee,
    0xb6, 0xee, 0xb6, 0xee, 0xb6, 0xee, 0xb6, 0xee, 0xb6, 0xee, 0xb6, 0xee, 0xb6, 0xee, 0xb6, 0xee,
    0xb6, 0xee, 0xb6, 0xee, 0xb6, 0xee, 0xb6, 0xee, 0xb6, 0xee, 0xb6, 0xee, 0xb6, 0xee, 0xb6, 0xee,
    0xb6, 0xee, 0xb6, 0xee, 0xb6, 0xee, 0xb6, 0xee, 0xb6, 0xee, 0xb6, 0xee, 0xb6, 0xee, 0xb6, 0xee,
    0xb6, 0xee, 0xb6, 0xee, 0xb6, 0xee, 0xb6, 0xee, 0xb6, 0xee, 0xb6, 0xee, 0xb6, 0xee, 0xb6, 0xee,
    0xb6, 0xee, 0xb6, 0xee, 0xb6, 0xee, 0xb6, 0xee, 0xb6, 0xee, 0xb6, 0xee, 0xb6, 0xee, 0xb6, 0xee,
    0xb6, 0xee, 0xb6, 0xee, 0xb6, 0xee, 0xb6, 0xee, 0xb6, 0xee, 0xb6, 0xee, 0xb6, 0xee, 0xb6, 0xee,
    0xb6, 0xee, 0xb6, 0xee, 0xb6, 0xee, 0xb6, 0xee, 0xb6, 0xee, 0xb6, 0xee, 0xb6, 0xee, 0xb6, 0xee,
    0xb6, 0xee, 0xb6, 0xee, 0xb6, 0xee, 0xb6, 0xee, 0xb6, 0xee, 0xb6, 0xee, 0xb6, 0xee, 0xb6, 0xee,
    0xb6, 0xee, 0xb6, 0xee, 0xb6, 0xee, 0xb6, 0xee, 0xb6, 0xee, 0xb6, 0xee, 0xb6, 0xee, 0xb6, 0xee,
    0xb6, 0xee, 0xb6, 0xee, 0xb6, 0xee, 0xb6, 0xee, 0xb6, 0xee, 0xb6, 0xee, 0xb6, 0xee, 0xb6, 0xee,
    0xb6, 0xee, 0xb6, 0xee, 0xb6, 0xee, 0xb6, 0xee, 0xb6, 0xee, 0xb6, 0xee, 0xb6, 0xee, 0xb6, 0xee,
    0xb6, 0xee, 0xb6, 0xee, 0xb6, 0xee, 0xb6, 0xee, 0xb6, 0xee, 0xb6, 0xee, 0xb6, 0xee, 0xb6, 0xee,
    0xb6, 0xee, 0xb6, 0xee, 0xb6, 0xee, 0xb6, 0xee, 0xb6, 0xee, 0xb6, 0xee, 0xb6, 0xee, 0xb6, 0xee,
    0xb6, 0xee, 0xb6, 0xee, 0xb6, 0xee, 0xb6, 0xee, 0xb6, 0xee, 0xb6, 0xee, 0xb6, 0xee, 0xb6, 0xee,
    0xb6, 0xee, 0xb6, 0xee, 0xb6, 0xee, 0xb6, 0xee, 0xb6, 0xee, 0xb6, 0xee, 0xb6, 0xee, 0xb6, 0xee,
    0xb6, 0xee, 0xb6, 0xee, 0xb6, 0xee, 0xb6, 0xee, 0xb6, 0xee, 0xb6, 0xee, 0xb6, 0xee, 0xb6, 0xee,
    0xb6, 0xee, 0xb6, 0xee, 0xb6, 0xee, 0xb6, 0xee, 0xb6, 0xee, 0xb6, 0xee, 0xb6, 0xee, 0xb6, 0xee,
    0xb6, 0xee, 0xb6, 0xee, 0xb6, 0xee, 0xb6, 0xee, 0xb6, 0xee, 0xb6, 0xee, 0xb6, 0xee, 0xb6, 0xee,
    0xb6, 0xee, 0xb6, 0xee, 0xb6, 0xee, 0xb6, 0xee, 0xb6, 0xee, 0xb6, 0xee, 0xb6, 0xee, 0xb6, 0xee,
    0xb6, 0xee, 0xb6, 0xee, 0xb6, 0xee, 0xb6, 0xee, 0xb6, 0xee, 0xb6, 0xee, 0xb6, 0xee, 0xb6, 0xee,
    0xb6, 0xee, 0xb6, 0xee, 0xb6, 0xee, 0xb6, 0xee, 0xb6, 0xee, 0xb6, 0xee, 0xb6, 0xee, 0xb6, 0xee,
    0xb6, 0xee, 0xb6, 0xee, 0xb6, 0xee, 0xb6, 0xee, 0xb6, 0xee, 0xb6, 0xee, 0xb6, 0xee, 0xb6, 0xee,
    0xb6, 0xee, 0xb6, 0xee, 0xb6, 0xee, 0xb6, 0xee, 0xb6, 0xee, 0xb6, 0xee, 0xb6, 0xee, 0xb6, 0xee,
    0xb6, 0xee, 0xb6, 0xee, 0xb6, 0xee, 0xb6, 0xee, 0xb6, 0xee, 0xb6, 0xee, 0xb6, 0xee, 0xb6, 0xee,
    0xb6, 0xee, 0xb6, 0xee, 0xb6, 0xee, 0xb6, 0xee, 0xb6, 0xee, 0xb6, 0xee, 0xb6, 0xee, 0xb6, 0xee,
    0xb6, 0xee, 0xb6, 0xee, 0xb6, 0xee, 0xb6, 0xee, 0xb6, 0xee, 0xb6, 0xee, 0xb6, 0xee, 0xb6, 0xee,
    0xb6, 0xee, 0xb6, 0xee, 0xb6, 0xee, 0xb6, 0xee, 0xb6, 0xee, 0xb6, 0xee, 0xb6, 0xee, 0xb6, 0xee,
    0xb6, 0xee, 0xb6, 0xee, 0xb6, 0xee, 0xb6, 0xee, 0xb6, 0xee, 0xb6, 0xee, 0xb6, 0xee, 0xb6, 0xee,
    0xb6, 0xee, 0xb6, 0xee, 0xb6, 0xee, 0xb6, 0xee, 0xb6, 0xee, 0xb6, 0xee, 0xb6, 0xee, 0xb6, 0xee,
    0xb6, 0xee, 0xb6, 0xee, 0xb6, 0xee, 0xb6, 0xee, 0xb6, 0xee, 0xb6, 0xee, 0xb6, 0xee, 0xb6, 0xee,
    0xb6, 0xee, 0xb6, 0xee, 0xb6, 0xee, 0xb6, 0xee, 0xb6, 0xee, 0xb6, 0xee, 0xb6, 0xee, 0xb6, 0xee,
    0xb6, 0xee, 0xb6, 0xee, 0xb6, 0xee, 0xb6, 0xee, 0xb6, 0xee, 0xb6, 0xee, 0xb6, 0xee, 0xb6, 0xee,
    0xb6, 0xee, 0xb6, 0xee, 0xb6, 0xee, 0xb6, 0xee, 0xb6, 0xee, 0xb6, 0xee, 0xb6, 0xee, 0xb6, 0xee,
    0xb6, 0xee, 0xb6, 0xee, 0xb6, 0xee, 0xb6, 0xee, 0xb6, 0xee, 0xb6, 0xee, 0xb6, 0xee, 0xb6, 0xee,
    0xb6, 0xee, 0xb6, 0xee, 0xb6, 0xee, 0xb6, 0xee, 0xb6, 0xee, 0xb6, 0xee, 0xb6, 0xee, 0xb6, 0xee,
    0xb6, 0xee, 0xb6, 0xee, 0xb6, 0xee, 0xb6, 0xee, 0xb6, 0xee, 0xb6, 0xee, 0xb6, 0xee, 0xb6, 0xee,
    0xb6, 0xee, 0xb6, 0xee, 0xb6, 0xee, 0xb6, 0xee, 0xb6, 0xee, 0xb6, 0xee, 0xb6, 0xee, 0xb6, 0xee,
    0xb6, 0xee, 0xb6, 0xee, 0xb6, 0xee, 0xb6, 0xee, 0xb6, 0xee, 0xb6, 0xee, 0xb6, 0xee, 0xb6, 0xee,
    0xb6, 0xee, 0xb6, 0xee, 0xb6, 0xee, 0xb6, 0xee, 0xb6, 0xee, 0xb6, 0xee, 0xb6, 0xee, 0xb6, 0xee,
    0xb6, 0xee, 0xb6, 0xee, 0xb6, 0xee, 0xb6, 0xee, 0xb6, 0xee, 0xb6, 0xee, 0xb6, 0xee, 0xb6, 0xee,
    0xb6, 0xee, 0xb6, 0xee, 0xb6, 0xee, 0xb6, 0xee, 0xb6, 0xee, 0xb6, 0xee, 0xb6, 0xee, 0xb6, 0xee,
    0xb6, 0xee, 0xb6, 0xee, 0xb6, 0xee, 0xb6, 0xee, 0xb6, 0xee, 0xb6, 0xee, 0xb6, 0xee, 0xb6, 0xee,
    0xb6, 0xee, 0xb6, 0xee, 0xb6, 0xee, 0xb6, 0xee, 0xb6, 0xee, 0xb6, 0xee, 0xb6, 0xee, 0xb6, 0xee,
    0xb6, 0xee, 0xb6, 0xee, 0xb6, 0xee, 0xb6, 0xee, 0xb6, 0xee, 0xb6, 0xee, 0xb6, 0xee, 0xb6, 0xee,
    0xb6, 0xee, 0xb6, 0xee, 0xb6, 0xee, 0xb6, 0xee, 0xb6, 0xee, 0xb6, 0xee, 0xb6, 0xee, 0xb6, 0xee,
    0xb6, 0xee, 0xb6, 0xee, 0xb6, 0xee, 0xb6, 0xee, 0xb6, 0xee, 0xb6, 0xee, 0xb6, 0xee, 0xb6, 0xee,
    0xb6, 0xee, 0xb6, 0xee, 0xb6, 0xee, 0xb6, 0xee, 0xb6, 0xee, 0xb6, 0xee, 0xb6, 0xee, 0xb6, 0xee,
    0xb6, 0xee, 0xb6, 0xee, 0xb6, 0xee, 0xb6, 0xee, 0xb6, 0xee, 0xb6, 0xee, 0xb6, 0xee, 0xb6, 0xee,
    0xb6, 0xee, 0xb6, 0xee, 0xb6, 0xee, 0xb6, 0xee, 0xb6, 0xee, 0xb6, 0xee, 0xb6, 0xee, 0xb6, 0xee,
    0xb6, 0xee, 0xb6, 0xee, 0xb6, 0xee, 0xb6, 0xee, 0xb6, 0xee, 0xb6, 0xee, 0xb6, 0xee, 0xb6, 0xee,
    0xb6, 0xee, 0xb6, 0xee, 0xb6, 0xee, 0xb6, 0xee, 0xb6, 0xee, 0xb6, 0xee, 0xb6, 0xee, 0xb6, 0xee,
    0xb6, 0xee, 0xb6, 0xee, 0xb6, 0xee, 0xb6, 0xee, 0xb6, 0xee, 0xb6, 0xee, 0xb6, 0xee, 0xb6, 0xee,
    0xb6, 0xee, 0xb6, 0xee, 0xb6, 0xee, 0xb6, 0xee, 0xb6, 0xee, 0xb6, 0xee, 0xb6, 0xee, 0xb6, 0xee,
    0xb6, 0xee, 0xb6, 0xee, 0xb6, 0xee, 0xb6, 0xee, 0xb6, 0xee, 0xb6, 0xee, 0xb6, 0xee, 0xb6, 0xee,
    0xb6, 0xee, 0xb6, 0xee, 0xb6, 0xee, 0xb6, 0xee, 0xb6, 0xee, 0xb6, 0xee, 0xb6, 0xee, 0xb6, 0xee,
    0xb6, 0xee, 0xb6, 0xee, 0xb6, 0xee, 0xb6, 0xee, 0xb6, 0xee, 0xb6, 0xee, 0xb6, 0xee, 0xb6, 0xee,
    0xb6, 0xee, 0xb6, 0xee, 0xb6, 0xee, 0xb6, 0xee, 0xb6, 0xee, 0xb6, 0xee, 0xb6, 0xee, 0xb6, 0xee,
    0xb6, 0xee, 0xb6, 0xee, 0xb6, 0xee, 0xb6, 0xee, 0xb6, 0xee, 0xb6, 0xee, 0xb6, 0xee, 0xb6, 0xee,
    0xb6, 0xee, 0xb6, 0xee, 0xb6, 0xee, 0xb6, 0xee, 0xb6, 0xee, 0xb6, 0xee, 0xb6, 0xee, 0xb6, 0xee,
    0xb6, 0xee, 0xb6, 0xee, 0xb6, 0xee, 0xb6, 0xee, 0xb6, 0xee, 0xb6, 0xee, 0xb6, 0xee, 0xb6, 0xee,
    0xb6, 0xee, 0xb6, 0xee, 0xb6, 0xee, 0xb6, 0xee, 0xb6, 0xee, 0xb6, 0xee, 0xb6, 0xee, 0xb6, 0xee,
    0xb6, 0xee, 0xb6, 0xee, 0xb6, 0xee, 0xb6, 0xee, 0xb6, 0xee, 0xb6, 0xee, 0xb6, 0xee, 0xb6, 0xee,
    0xb6, 0xee, 0xb6, 0xee, 0xb6, 0xee, 0xb6, 0xee, 0xb6, 0xee, 0xb6, 0xee, 0xb6, 0xee, 0xb6, 0xee,
    0xb6, 0xee, 0xb6, 0xee, 0xb6, 0xee, 0xb6, 0xee, 0xb6, 0xee, 0xb6, 0xee, 0xb6, 0xee, 0xb6, 0xee,
    0xb6, 0xee, 0xb6, 0xee, 0xb6, 0xee, 0xb6, 0xee, 0xb6, 0xee, 0xb6, 0xee, 0xb6, 0xee, 0xb6, 0xee,
    0xb6, 0xee, 0xb6, 0xee, 0xb6, 0xee, 0xb6, 0xee, 0xb6, 0xee, 0xb6, 0xee, 0xb6, 0xee, 0xb6, 0xee,
    0xb6, 0xee, 0xb6, 0xee, 0xb6, 0xee, 0xb6, 0xee, 0xb6, 0xee, 0xb6, 0xee, 0xb6, 0xee, 0xb6, 0xee,
    0xb6, 0xee, 0xb6, 0xee, 0xb6, 0xee, 0xb6, 0xee, 0xb6, 0xee, 0xb6, 0xee, 0xb6, 0xee, 0xb6, 0xee,
    0xb6, 0xee, 0xb6, 0xee, 0xb6, 0xee, 0xb6, 0xee, 0xb6, 0xee, 0xb6, 0xee, 0xb6, 0xee, 0xb6, 0xee,
    0xb6, 0xee, 0xb6, 0xee, 0xb6, 0xee, 0xb6, 0xee, 0xb6, 0xee, 0xb6, 0xee, 0xb6, 0xee, 0xb6, 0xee,
    0xb6, 0xee, 0xb6, 0xee, 0xb6, 0xee, 0xb6, 0xee, 0xb6, 0xee, 0xb6, 0xee, 0xb6, 0xee, 0xb6, 0xee,
    0xb6, 0xee, 0xb6, 0xee, 0xb6, 0xee, 0xb6, 0xee, 0xb6, 0xee, 0xb6, 0xee, 0xb6, 0xee, 0xb6, 0xee,
    0xb6, 0xee, 0xb6, 0xee, 0xb6, 0xee, 0xb6, 0xee, 0xb6, 0xee, 0xb6, 0xee, 0xb6, 0xee, 0xb6, 0xee,
    0xb6, 0xee, 0xb6, 0xee, 0xb6, 0xee, 0xb6, 0xee, 0xb6, 0xee, 0xb6, 0xee, 0xb6, 0xee, 0xb6, 0xee,
    0xb6, 0xee, 0xb6, 0xee, 0xb6, 0xee, 0xb6, 0xee, 0xb6, 0xee, 0xb6, 0xee, 0xb6, 0xee, 0xb6, 0xee,
    0xb6, 0xee, 0xb6, 0xee, 0xb6, 0xee, 0xb6, 0xee, 0xb6, 0xee, 0xb6, 0xee, 0xb6, 0xee, 0xb6, 0xee,
    0xb6, 0xee, 0xb6, 0xee, 0xb6, 0xee, 0xb6, 0xee, 0xb6, 0xee, 0xb6, 0xee, 0xb6, 0xee, 0xb6, 0xee,
    0xb6, 0xee, 0xb6, 0xee, 0xb6, 0xee, 0xb6, 0xee, 0xb6, 0xee, 0xb6, 0xee, 0xb6, 0xee, 0xb6, 0xee,
    0xb6, 0xee, 0xb6, 0xee, 0xb6, 0xee, 0xb6, 0xee, 0xb6, 0xee, 0xb6, 0xee, 0xb6, 0xee, 0xb6, 0xee,
    0xb6, 0xee, 0xb6, 0xee, 0xb6, 0xee, 0xb6, 0xee, 0xb6, 0xee, 0xb6, 0xee, 0xb6, 0xee, 0xb6, 0xee,
    0xb6, 0xee, 0xb6, 0xee, 0xb6, 0xee, 0xb6, 0xee, 0xb6, 0xee, 0xb6, 0xee, 0xb6, 0xee, 0xb6, 0xee,
    0xb6, 0xee, 0xb6, 0xee, 0xb6, 0xee, 0xb6, 0xee, 0xb6, 0xee, 0xb6, 0xee, 0xb6, 0xee, 0xb6, 0xee,
    0xb6, 0xee, 0xb6, 0xee, 0xb6, 0xee, 0xb6, 0xee, 0xb6, 0xee, 0xb6, 0xee, 0xb6, 0xee, 0xb6, 0xee,
    0xb6, 0xee, 0xb6, 0xee, 0xb6, 0xee, 0xb6, 0xee, 0xb6, 0xee, 0xb6, 0xee, 0xb6, 0xee, 0xb6, 0xee,
    0xb6, 0xee, 0xb6, 0xee, 0xb6, 0xee, 0xb6, 0xee, 0xb6, 0xee, 0xb6, 0xee, 0xb6, 0xee, 0xb6, 0xee,
    0xb6, 0xee, 0xb6, 0xee, 0xb6, 0xee, 0xb6, 0xee, 0xb6, 0xee, 0xb6, 0xee, 0xb6, 0xee, 0xb6, 0xee,
    0xb6, 0xee, 0xb6, 0xee, 0xb6, 0xee, 0xb6, 0xee, 0xb6, 0xee, 0xb6, 0xee, 0xb6, 0xee, 0xb6, 0xee,
    0xb6, 0xee, 0xb6, 0xee, 0xb6, 0xee, 0xb6, 0xee, 0xb6, 0xee, 0xb6, 0xee, 0xb6, 0xee, 0xb6, 0xee,
    0xb6, 0xee, 0xb6, 0xee, 0xb6, 0xee, 0xb6, 0xee, 0xb6, 0xee, 0xb6, 0xee, 0xb6, 0xee, 0xb6, 0xee,
    0xb6, 0xee, 0xb6, 0xee, 0xb6, 0xee, 0xb6, 0xee, 0xb6, 0xee, 0xb6, 0xee, 0xb6, 0xee, 0xb6, 0xee,
    0xb6, 0xee, 0xb6, 0xee, 0xb6, 0xee, 0xb6, 0xee, 0xb6, 0xee, 0xb6, 0xee, 0xb6, 0xee, 0xb6, 0xee,
    0xb6, 0xee, 0xb6, 0xee, 0xb6, 0xee, 0xb6, 0xee, 0xb6, 0xee, 0xb6, 0xee, 0xb6, 0xee, 0xb6, 0xee,
    0xb6, 0xee, 0xb6, 0xee, 0xb6, 0xee, 0xb6, 0xee, 0xb6, 0xee, 0xb6, 0xee, 0xb6, 0xee, 0xb6, 0xee,
    0xb6, 0xee, 0xb6, 0xee, 0xb6, 0xee, 0xb6, 0xee, 0xb6, 0xee, 0xb6, 0xee, 0xb6, 0xee, 0xb6, 0xee,
    0xb6, 0xee, 0xb6, 0xee, 0xb6, 0xee, 0xb6, 0xee, 0xb6, 0xee, 0xb6, 0xee, 0xb6, 0xee, 0xb6, 0xee,
    0xb6, 0xee, 0xb6, 0xee, 0xb6, 0xee, 0xb6, 0xee, 0xb6, 0xee, 0xb6, 0xee, 0xb6, 0xee, 0xb6, 0xee,
    0xb6, 0xee, 0xb6, 0xee, 0xb6, 0xee, 0xb6, 0xee, 0xb6, 0xee, 0xb6, 0xee, 0xb6, 0xee, 0xb6, 0xee,
    0xb6, 0xee, 0xb6, 0xee, 0xb6, 0xee, 0xb6, 0xee, 0xb6, 0xee, 0xb6, 0xee, 0xb6, 0xee, 0xb6, 0xee,
    0xb6, 0xee, 0xb6, 0xee, 0xb6, 0xee, 0xb6, 0xee, 0xb6, 0xee, 0xb6, 0xee, 0xb6, 0xee, 0xb6, 0xee,
    0xb6, 0xee, 0xb6, 0xee, 0xb6, 0xee, 0xb6, 0xee, 0xb6, 0xee, 0xb6, 0xee, 0xb6, 0xee, 0xb6, 0xee,
    0xb6, 0xee, 0xb6, 0xee, 0xb6, 0xee, 0xb6, 0xee, 0xb6, 0xee, 0xb6, 0xee, 0xb6, 0xee, 0xb6, 0xee,
    0xb6, 0xee, 0xb6, 0xee, 0xb6, 0xee, 0xb6, 0xee, 0xb6, 0xee, 0xb6, 0xee, 0xb6, 0xee, 0xb6, 0xee,
    0xb6, 0xee, 0xb6, 0xee, 0xb6, 0xee, 0xb6, 0xee, 0xb6, 0xee, 0xb6, 0xee, 0xb6, 0xee, 0xb6, 0xee,
    0xb6, 0xee, 0xb6, 0xee, 0xb6, 0xee, 0xb6, 0xee, 0xb6, 0xee, 0xb6, 0xee, 0xb6, 0xee, 0xb6, 0xee,
    0xb6, 0xee, 0xb6, 0xee, 0xb6, 0xee, 0xb6, 0xee, 0xb6, 0xee, 0xb6, 0xee, 0xb6, 0xee, 0xb6, 0xee,
    0xb6, 0xee, 0xb6, 0xee, 0xb6, 0xee, 0xb6, 0xee, 0xb6, 0xee, 0xb6, 0xee, 0xb6, 0xee, 0xb6, 0xee,
    0xb6, 0xee, 0xb6, 0xee, 0xb6, 0xee, 0xb6, 0xee, 0xb6, 0xee, 0xb6, 0xee, 0xb6, 0xee, 0xb6, 0xee,
    0xb6, 0xee, 0xb6, 0xee, 0xb6, 0xee, 0xb6, 0xee, 0xb6, 0xee, 0xb6, 0xee, 0xb6, 0xee, 0xb6, 0xee,
    0xb6, 0xee, 0xb6, 0xee, 0xb6, 0xee, 0xb6, 0xee, 0xb6, 0xee, 0xb6, 0xee, 0xb6, 0xee, 0xb6, 0xee,
    0xb6, 0xee, 0xb6, 0xee, 0xb6, 0xee, 0xb6, 0xee, 0xb6, 0xee, 0xb6, 0xee, 0xb6, 0xee, 0xb6, 0xee,
    0xb6, 0xee, 0xb6, 0xee, 0xb6, 0xee, 0xb6, 0xee, 0xb6, 0xee, 0xb6, 0xee, 0xb6, 0xee, 0xb6, 0xee,
    0xb6, 0xee, 0xb6, 0xee, 0xb6, 0xee, 0xb6, 0xee, 0xb6, 0xee, 0xb6, 0xee, 0xb6, 0xee, 0xb6, 0xee,
    0xb6, 0xee, 0xb6, 0xee, 0xb6, 0xee, 0xb6, 0xee, 0xb6, 0xee, 0xb6, 0xee, 0xb6, 0xee, 0xb6, 0xee,
    0xb6, 0xee, 0xb6, 0xee, 0xb6, 0xee, 0xb6, 0xee, 0xb6, 0xee, 0xb6, 0xee, 0xb6, 0xee, 0xb6, 0xee,
    0xb6, 0xee, 0xb6, 0xee, 0xb6, 0xee, 0xb6, 0xee, 0xb6, 0xee, 0xb6, 0xee, 0xb6, 0xee, 0xb6, 0xee,
    0xb6, 0xee, 0xb6, 0xee, 0xb6, 0xee, 0xb6, 0xee, 0xb6, 0xee, 0xb6, 0xee, 0xb6, 0xee, 0xb6, 0xee,
    0xb6, 0xee, 0xb6, 0xee, 0xb6, 0xee, 0xb6, 0xee, 0xb6, 0xee, 0xb6, 0xee, 0xb6, 0xee, 0xb6, 0xee,
    0xb6, 0xee, 0xb6, 0xee, 0xb6, 0xee, 0xb6, 0xee, 0xb6, 0xee, 0xb6, 0xee, 0xb6, 0xee, 0xb6, 0xee,
    0xb6, 0xee, 0xb6, 0xee, 0xb6, 0xee, 0xb6, 0xee, 0xb6, 0xee, 0xb6, 0xee, 0xb6, 0xee, 0xb6, 0xee,
    0xb6, 0xee, 0xb6, 0xee, 0xb6, 0xee, 0xb6, 0xee, 0xb6, 0xee, 0xb6, 0xee, 0xb6, 0xee, 0xb6, 0xee,
    0xb6, 0xee, 0xb6, 0xee, 0xb6, 0xee, 0xb6, 0xee, 0xb6, 0xee, 0xb6, 0xee, 0xb6, 0xee, 0xb6, 0xee,
    0xb6, 0xee, 0xb6, 0xee, 0xb6, 0xee, 0xb6, 0xee, 0xb6, 0xee, 0xb6, 0xee, 0xb6, 0xee, 0xb6, 0xee,
    0xb6, 0xee, 0xb6, 0xee, 0xb6, 0xee, 0xb6, 0xee, 0xb6, 0xee, 0xb6, 0xee, 0xb6, 0xee, 0xb6, 0xee,
    0xb6, 0xee, 0xb6, 0xee, 0xb6, 0xee, 0xb6, 0xee, 0xb6, 0xee, 0xb6, 0xee, 0xb6, 0xee, 0xb6, 0xee,
    0xb6, 0xee, 0xb6, 0xee, 0xb6, 0xee, 0xb6, 0xee, 0xb6, 0xee, 0xb6, 0xee, 0xb6, 0xee, 0xb6, 0xee,
    0xb6, 0xee, 0xb6, 0xee, 0xb6, 0xee, 0xb6, 0xee, 0xb6, 0xee, 0xb6, 0xee, 0xb6, 0xee, 0xb6, 0xee,
    0xb6, 0xee, 0xb6, 0xee, 0xb6, 0xee, 0xb6, 0xee, 0xb6, 0xee, 0xb6, 0xee, 0xb6, 0xee, 0xb6, 0xee,
    0xb6, 0xee, 0xb6, 0xee, 0xb6, 0xee, 0xb6, 0xee, 0xb6, 0xee, 0xb6, 0xee, 0xb6, 0xee, 0xb6, 0xee,
    0xb6, 0xee, 0xb6, 0xee, 0xb6, 0xee, 0xb6, 0xee, 0xb6, 0xee, 0xb6, 0xee, 0xb6, 0xee, 0xb6, 0xee,
    0xb6, 0xee, 0xb6, 0xee, 0xb6, 0xee, 0xb6, 0xee, 0xb6, 0xee, 0xb6, 0xee, 0xb6, 0xee, 0xb6, 0xee,
    0xb6, 0xee, 0xb6, 0xee, 0xb6, 0xee, 0xb6, 0xee, 0xb6, 0xee, 0xb6, 0xee, 0xb6, 0xee, 0xb6, 0xee,
    0xb6, 0xee, 0xb6, 0xee, 0xb6, 0xee, 0xb6, 0xee, 0xb6, 0xee, 0xb6, 0xee, 0xb6, 0xee, 0xb6, 0xee,
    0xb6, 0xee, 0xb6, 0xee, 0xb6, 0xee, 0xb6, 0xee, 0xb6, 0xee, 0xb6, 0xee, 0xb6, 0xee, 0xb6, 0xee,
    0xb6, 0xee, 0xb6, 0xee, 0xb6, 0xee, 0xb6, 0xee, 0xb6, 0xee, 0xb6, 0xee, 0xb6, 0xee, 0xb6, 0xee,
    0xb6, 0xee, 0xb6, 0xee, 0xb6, 0xee, 0xb6, 0xee, 0xb6, 0xee, 0xb6, 0xee, 0xb6, 0xee, 0xb6, 0xee,
    0xb6, 0xee, 0xb6, 0xee, 0xb6, 0xee, 0xb6, 0xee, 0xb6, 0xee, 0xb6, 0xee, 0xb6, 0xee, 0xb6, 0xee,
    0xb6, 0xee, 0xb6, 0xee, 0xb6, 0xee, 0xb6, 0xee, 0xb6, 0xee, 0xb6, 0xee, 0xb6, 0xee, 0xb6, 0xee,
    0xb6, 0xee, 0xb6, 0xee, 0xb6, 0xee, 0xb6, 0xee, 0xb6, 0xee, 0xb6, 0xee, 0xb6, 0xee, 0xb6, 0xee,
    0xb6, 0xee, 0xb6, 0xee, 0xb6, 0xee, 0xb6, 0xee, 0xb6, 0xee, 0xb6, 0xee, 0xb6, 0xee, 0xb6, 0xee,
    0xb6, 0xee, 0xb6, 0xee, 0xb6, 0xee, 0xb6, 0xee, 0xb6, 0xee, 0xb6, 0xee, 0xb6, 0xee, 0xb6, 0xee,
    0xb6, 0xee, 0xb6, 0xee, 0xb6, 0xee, 0xb6, 0xee, 0xb6, 0xee, 0xb6, 0xee, 0xb6, 0xee, 0xb6, 0xee,
    0xb6, 0xee, 0xb6, 0xee, 0xb6, 0xee, 0xb6, 0xee, 0xb6, 0xee, 0xb6, 0xee, 0xb6, 0xee, 0xb6, 0xee,
    0xb6, 0xee, 0xb6, 0xee, 0xb6, 0xee, 0xb6, 0xee, 0xb6, 0xee, 0xb6, 0xee, 0xb6, 0xee, 0xb6, 0xee,
    0xb6, 0xee, 0xb6, 0xee, 0xb6, 0xee, 0xb6, 0xee, 0xb6, 0xee, 0xb6, 0xee, 0xb6, 0xee, 0xb6, 0xee,
    0xb6, 0xee, 0xb6, 0xee, 0xb6, 0xee, 0xb6, 0xee, 0xb6, 0xee, 0xb6, 0xee, 0xb6, 0xee, 0xb6, 0xee,
    0xb6, 0xee, 0xb6, 0xee, 0xb6, 0xee, 0xb6, 0xee, 0xb6, 0xee, 0xb6, 0xee, 0xb6, 0xee, 0xb6, 0xee,
    0xb6, 0xee, 0xb6, 0xee, 0xb6, 0xee, 0xb6, 0xee, 0xb6, 0xee, 0xb6, 0xee, 0xb6, 0xee, 0xb6, 0xee,
    0xb6, 0xee, 0xb6, 0xee, 0xb6, 0xee, 0xb6, 0xee, 0xb6, 0xee, 0xb6, 0xee, 0xb6, 0xee, 0xb6, 0xee,
    0xb6, 0xee, 0xb6, 0xee, 0xb6, 0xee, 0xb6, 0xee, 0xb6, 0xee, 0xb6, 0xee, 0xb6, 0xee, 0xb6, 0xee,
    0xb6, 0xee, 0xb6, 0xee, 0xb6, 0xee, 0xb6, 0xee, 0xb6, 0xee, 0xb6, 0xee, 0xb6, 0xee, 0xb6, 0xee,
    0xb6, 0xee, 0xb6, 0xee, 0xb6, 0xee, 0xb6, 0xee, 0xb6, 0xee, 0xb6, 0xee, 0xb6, 0xee, 0xb6, 0xee,
    0xb6, 0xee, 0xb6, 0xee, 0xb6, 0xee, 0xb6, 0xee, 0xb6, 0xee, 0xb6, 0xee, 0xb6, 0xee, 0xb6, 0xee,
    0xb6, 0xee, 0xb6, 0xee, 0xb6, 0xee, 0xb6, 0xee, 0xb6, 0xee, 0xb6, 0xee, 0xb6, 0xee, 0xb6, 0xee,
    0xb6, 0xee, 0xb6, 0xee, 0xb6, 0xee, 0xb6, 0xee, 0xb6, 0xee, 0xb6, 0xee, 0xb6, 0xee, 0xb6, 0xee,
    0xb6, 0xee, 0xb6, 0xee, 0xb6, 0xee, 0xb6, 0xee, 0xb6, 0xee, 0xb6, 0xee, 0xb6, 0xee, 0xb6, 0xee,
    0xb6, 0xee, 0xb6, 0xee, 0xb6, 0xee, 0xb6, 0xee, 0xb6, 0xee, 0xb6, 0xee, 0xb6, 0xee, 0xb6, 0xee,
    0xb6, 0xee, 0xb6, 0xee, 0xb6, 0xee, 0xb6, 0xee, 0xb6, 0xee, 0xb6, 0xee, 0xb6, 0xee, 0xb6, 0xee,
    0xb6, 0xee, 0xb6, 0xee, 0xb6, 0xee, 0xb6, 0xee, 0xb6, 0xee, 0xb6, 0xee, 0xb6, 0xee, 0xb6, 0xee,
    0xb6, 0xee, 0xb6, 0xee, 0xb6, 0xee, 0xb6, 0xee, 0xb6, 0xee, 0xb6, 0xee, 0xb6, 0xee, 0xb6, 0xee,
    0xb6, 0xee, 0xb6, 0xee, 0xb6, 0xee, 0xb6, 0xee, 0xb6, 0xee, 0xb6, 0xee, 0xb6, 0xee, 0xb6, 0xee,
    0xb6, 0xee, 0xb6, 0xee, 0xb6, 0xee, 0xb6, 0xee, 0xb6, 0xee, 0xb6, 0xee, 0xb6, 0xee, 0xb6, 0xee,
    0xb6, 0xee, 0xb6, 0xee, 0xb6, 0xee, 0xb6, 0xee, 0xb6, 0xee, 0xb6, 0xee, 0xb6, 0xee, 0xb6, 0xee,
    0xb6, 0xee, 0xb6, 0xee, 0xb6, 0xee, 0xb6, 0xee, 0xb6, 0xee, 0xb6, 0xee, 0xb6, 0xee, 0xb6, 0xee,
    0xb6, 0xee, 0xb6, 0xee, 0xb6, 0xee, 0xb6, 0xee, 0xb6, 0xee, 0xb6, 0xee, 0xb6, 0xee, 0xb6, 0xee,
    0xb6, 0xee, 0xb6, 0xee, 0xb6, 0xee, 0xb6, 0xee, 0xb6, 0xee, 0xb6, 0xee, 0xb6, 0xee, 0xb6, 0xee,
    0xb6, 0xee, 0xb6, 0xee, 0xb6, 0xee, 0xb6, 0xee, 0xb6, 0xee, 0xb6, 0xee, 0xb6, 0xee, 0xb6, 0xee,
    0xb6, 0xee, 0xb6, 0xee, 0xb6, 0xee, 0xb6, 0xee, 0xb6, 0xee, 0xb6, 0xee, 0xb6, 0xee, 0xb6, 0xee,
    0xb6, 0xee, 0xb6, 0xee, 0xb6, 0xee, 0xb6, 0xee, 0xb6, 0xee, 0xb6, 0xee, 0xb6, 0xee, 0xb6, 0xee,
    0xb6, 0xee, 0xb6, 0xee, 0xb6, 0xee, 0xb6, 0xee, 0xb6, 0xee, 0xb6, 0xee, 0xb6, 0xee, 0xb6, 0xee,
    0xb6, 0xee, 0xb6, 0xee, 0xb6, 0xee, 0xb6, 0xee, 0xb6, 0xee, 0xb6, 0xee, 0xb6, 0xee, 0xb6, 0xee,
    0xb6, 0xee, 0xb6, 0xee, 0xb6, 0xee, 0xb6, 0xee, 0xb6, 0xee, 0xb6, 0xee, 0xb6, 0xee, 0xb6, 0xee,
    0xb6, 0xee, 0xb6, 0xee, 0xb6, 0xee, 0xb6, 0xee, 0xb6, 0xee, 0xb6, 0xee, 0xb6, 0xee, 0xb6, 0xee,
    0xb6, 0xee, 0xb6, 0xee, 0xb6, 0xee, 0xb6, 0xee, 0xb6, 0xee, 0xb6, 0xee, 0xb6, 0xee, 0xb6, 0xee,
    0xb6, 0xee, 0xb6, 0xee, 0xb6, 0xee, 0xb6, 0xee, 0xb6, 0xee, 0xb6, 0xee, 0xb6, 0xee, 0xb6, 0xee,
    0xb6, 0xee, 0xb6, 0xee, 0xb6, 0xee, 0xb6, 0xee, 0xb6, 0xee, 0xb6, 0xee, 0xb6, 0xee, 0xb6, 0xee,
    0xb6, 0xee, 0xb6, 0xee, 0xb6, 0xee, 0xb6, 0xee, 0xb6, 0xee, 0xb6, 0xee, 0xb6, 0xee, 0xb6, 0xee,
    0xb6, 0xee, 0xb6, 0xee, 0xb6, 0xee, 0xb6, 0xee, 0xb6, 0xee, 0xb6, 0xee, 0xb6, 0xee, 0xb6, 0xee,
    0xb6, 0xee, 0xb6, 0xee, 0xb6, 0xee, 0xb6, 0xee, 0xb6, 0xee, 0xb6, 0xee, 0xb6, 0xee, 0xb6, 0xee,
    0xb6, 0xee, 0xb6, 0xee, 0xb6, 0xee, 0xb6, 0xee, 0xb6, 0xee, 0xb6, 0xee, 0xb6, 0xee, 0xb6, 0xee,
    0xb6, 0xee, 0xb6, 0xee, 0xb6, 0xee, 0xb6, 0xee, 0xb6, 0xee, 0xb6, 0xee, 0xb6, 0xee, 0xb6, 0xee,
    0xb6, 0xee, 0xb6, 0xee, 0xb6, 0xee, 0xb6, 0xee, 0xb6, 0xee, 0xb6, 0xee, 0xb6, 0xee, 0xb6, 0xee,
    0xb6, 0xee, 0xb6, 0xee, 0xb6, 0xee, 0xb6, 0xee, 0xb6, 0xee, 0xb6, 0xee, 0xb6, 0xee, 0xb6, 0xee,
    0xb6, 0xee, 0xb6, 0xee, 0xb6, 0xee, 0xb6, 0xee, 0xb6, 0xee, 0xb6, 0xee, 0xb6, 0xee, 0xb6, 0xee,
    0xb6, 0xee, 0xb6, 0xee, 0xb6, 0xee, 0xb6, 0xee, 0xb6, 0xee, 0xb6, 0xee, 0xb6, 0xee, 0xb6, 0xee,
    0xb6, 0xee, 0xb6, 0xee, 0xb6, 0xee, 0xb6, 0xee, 0xb6, 0xee, 0xb6, 0xee, 0xb6, 0xee, 0xb6, 0xee,
    0xb6, 0xee, 0xb6, 0xee, 0xb6, 0xee, 0xb6, 0xee, 0xb6, 0xee, 0xb6, 0xee, 0xb6, 0xee, 0xb6, 0xee,
    0xb6, 0xee, 0xb6, 0xee, 0xb6, 0xee, 0xb6, 0xee, 0xb6, 0xee, 0xb6, 0xee, 0xb6, 0xee, 0xb6, 0xee,
    0xb6, 0xee, 0xb6, 0xee, 0xb6, 0xee, 0xb6, 0xee, 0xb6, 0xee, 0xb6, 0xee, 0xb6, 0xee, 0xb6, 0xee,
    0xb6, 0xee, 0xb6, 0xee, 0xb6, 0xee, 0xb6, 0xee, 0xb6, 0xee, 0xb6, 0xee, 0xb6, 0xee, 0xb6, 0xee,
    0xb6, 0xee, 0xb6, 0xee, 0xb6, 0xee, 0xb6, 0xee, 0xb6, 0xee, 0xb6, 0xee, 0xb6, 0xee, 0xb6, 0xee,
    0xb6, 0xee, 0xb6, 0xee, 0xb6, 0xee, 0xb6, 0xee, 0xb6, 0xee, 0xb6, 0xee, 0xb6, 0xee, 0xb6, 0xee,
    0xb6, 0xee, 0xb6, 0xee, 0xb6, 0xee, 0xb6, 0xee, 0xb6, 0xee, 0xb6, 0xee, 0xb6, 0xee, 0xb6, 0xee,
    0xb6, 0xee, 0xb6, 0xee, 0xb6, 0xee, 0xb6, 0xee, 0xb6, 0xee, 0xb6, 0xee, 0xb6, 0xee, 0xb6, 0xee,
    0xb6, 0xee, 0xb6, 0xee, 0xb6, 0xee, 0xb6, 0xee, 0xb6, 0xee, 0xb6, 0xee, 0xb6, 0xee, 0xb6, 0xee,
    0xb6, 0xee, 0xb6, 0xee, 0xb6, 0xee, 0xb6, 0xee, 0xb6, 0xee, 0xb6, 0xee, 0xb6, 0xee, 0xb6, 0xee,
    0xb6, 0xee, 0xb6, 0xee, 0xb6, 0xee, 0xb6, 0xee, 0xb6, 0xee, 0xb6, 0xee, 0xb6, 0xee, 0xb6, 0xee,
    0xb6, 0xee, 0xb6, 0xee, 0xb6, 0xee, 0xb6, 0xee, 0xb6, 0xee, 0xb6, 0xee, 0xb6, 0xee, 0xb6, 0xee,
    0xb6, 0xee, 0xb6, 0xee, 0xb6, 0xee, 0xb6, 0xee, 0xb6, 0xee, 0xb6, 0xee, 0xb6, 0xee, 0xb6, 0xee,
    0xb6, 0xee, 0xb6, 0xee, 0xb6, 0xee, 0xb6, 0xee, 0xb6, 0xee, 0xb6, 0xee, 0xb6, 0xee, 0xb6, 0xee,
    0xb6, 0xee, 0xb6, 0xee, 0xb6, 0xee, 0xb6, 0xee, 0xb6, 0xee, 0xb6, 0xee, 0xb6, 0xee, 0xb6, 0xee,
    0xb6, 0xee, 0xb6, 0xee, 0xb6, 0xee, 0xb6, 0xee, 0xb6, 0xee, 0xb6, 0xee, 0xb6, 0xee, 0xb6, 0xee,
    0xb6, 0xee, 0xb6, 0xee, 0xb6, 0xee, 0xb6, 0xee, 0xb6, 0xee, 0xb6, 0xee, 0xb6, 0xee, 0xb6, 0xee,
    0xb6, 0xee, 0xb6, 0xee, 0xb6, 0xee, 0xb6, 0xee, 0xb6, 0xee, 0xb6, 0xee, 0xb6, 0xee, 0xb6, 0xee,
    0xb6, 0xee, 0xb6, 0xee, 0xb6, 0xee, 0xb6, 0xee, 0xb6, 0xee, 0xb6, 0xee, 0xb6, 0xee, 0xb6, 0xee,
    0xb6, 0xee, 0xb6, 0xee, 0xb6, 0xee, 0xb6, 0xee, 0xb6, 0xee, 0xb6, 0xee, 0xb6, 0xee, 0xb6, 0xee,
    0xb6, 0xee, 0xb6, 0xee, 0xb6, 0xee, 0xb6, 0xee, 0xb6, 0xee, 0xb6, 0xee, 0xb6, 0xee, 0xb6, 0xee,
    0xb6, 0xee, 0xb6, 0xee, 0xb6, 0xee, 0xb6, 0xee, 0xb6, 0xee, 0xb6, 0xee, 0xb6, 0xee, 0xb6, 0xee,
    0xb6, 0xee, 0xb6, 0xee, 0xb6, 0xee, 0xb6, 0xee, 0xb6, 0xee, 0xb6, 0xee, 0xb6, 0xee, 0xb6, 0xee,
    0xb6, 0xee, 0xb6, 0xee, 0xb6, 0xee, 0xb6, 0xee, 0xb6, 0xee, 0xb6, 0xee, 0xb6, 0xee, 0xb6, 0xee,
    0xb6, 0xee, 0xb6, 0xee, 0xb6, 0xee, 0xb6, 0xee, 0xb6, 0xee, 0xb6, 0xee, 0xb6, 0xee, 0xb6, 0xee,
    0xb6, 0xee, 0xb6, 0xee, 0xb6, 0xee, 0xb6, 0xee, 0xb6, 0xee, 0xb6, 0xee, 0xb6, 0xee, 0xb6, 0xee,
    0xb6, 0xee, 0xb6, 0xee, 0xb6, 0xee, 0xb6, 0xee,
};

const lv_image_dsc_t yaogui_table_image = {
    .header.magic = LV_IMAGE_HEADER_MAGIC,
    .header.cf = LV_COLOR_FORMAT_RGB565,
    .header.flags = 0,
    .header.w = 214,
    .header.h = 214,
    .header.stride = 428,
    .data_size = 91592,
    .data = yaogui_table_map,
};
