/*******************************************************************************
 * Size: 12 px
 * Bpp: 1
 * Generated with lv_font_conv; source font paths are intentionally omitted.
 ******************************************************************************/

#ifdef LV_LVGL_H_INCLUDE_SIMPLE
#include "lvgl.h"
#else
#include "lvgl.h"
#endif

#ifndef YAOGUI_FONT_14
#define YAOGUI_FONT_14 1
#endif

#if YAOGUI_FONT_14

/*-----------------
 *    BITMAPS
 *----------------*/

/*Store the image of the glyphs*/
static LV_ATTRIBUTE_LARGE_CONST const uint8_t glyph_bitmap[] = {
    /* U+0020 " " */
    0x0,

    /* U+0021 "!" */
    0xfe, 0x80,

    /* U+0022 "\"" */
    0xb6, 0x80,

    /* U+0023 "#" */
    0x49, 0x2f, 0xd2, 0x49, 0x2f, 0xd2, 0x48,

    /* U+0024 "$" */
    0x23, 0xab, 0x4a, 0x38, 0xa5, 0xab, 0x88,

    /* U+0025 "%" */
    0x45, 0x49, 0x20, 0x41, 0x4, 0x9, 0x25, 0x44,

    /* U+0026 "&" */
    0x31, 0x24, 0x8c, 0x66, 0x58, 0xa2, 0x74,

    /* U+0027 "'" */
    0xe0,

    /* U+0028 "(" */
    0x29, 0x49, 0x24, 0x48, 0x80,

    /* U+0029 ")" */
    0x89, 0x12, 0x49, 0x4a, 0x0,

    /* U+002A "*" */
    0x25, 0x5d, 0x52, 0x0,

    /* U+002B "+" */
    0x21, 0x3e, 0x42, 0x0,

    /* U+002C "," */
    0x58,

    /* U+002D "-" */
    0xf8,

    /* U+002E "." */
    0x80,

    /* U+002F "/" */
    0x8, 0x44, 0x22, 0x10, 0x88, 0x44, 0x20,

    /* U+0030 "0" */
    0x74, 0x63, 0x3a, 0xe6, 0x31, 0x70,

    /* U+0031 "1" */
    0x59, 0x24, 0x92, 0xe0,

    /* U+0032 "2" */
    0x74, 0x42, 0x11, 0x11, 0x10, 0xf8,

    /* U+0033 "3" */
    0x74, 0x42, 0x13, 0x4, 0x31, 0x70,

    /* U+0034 "4" */
    0x11, 0x8c, 0xa5, 0x4b, 0xe2, 0x10,

    /* U+0035 "5" */
    0xfc, 0x21, 0xf, 0x4, 0x31, 0x70,

    /* U+0036 "6" */
    0x74, 0x61, 0xf, 0x46, 0x31, 0x70,

    /* U+0037 "7" */
    0xf8, 0x42, 0x21, 0x10, 0x84, 0x20,

    /* U+0038 "8" */
    0x74, 0x63, 0x17, 0x46, 0x31, 0x70,

    /* U+0039 "9" */
    0x74, 0x63, 0x17, 0x84, 0x31, 0x70,

    /* U+003A ":" */
    0x84,

    /* U+003B ";" */
    0x40, 0x16,

    /* U+003C "<" */
    0x12, 0x48, 0x42, 0x10,

    /* U+003D "=" */
    0xf8, 0x3e,

    /* U+003E ">" */
    0x84, 0x21, 0x24, 0x80,

    /* U+003F "?" */
    0x74, 0x42, 0x11, 0x10, 0x80, 0x20,

    /* U+0040 "@" */
    0x38, 0x8a, 0x6d, 0x5a, 0xb5, 0x6a, 0xdb, 0x40,
    0x78,

    /* U+0041 "A" */
    0x10, 0x20, 0xa1, 0x44, 0x4f, 0x91, 0x41, 0x82,

    /* U+0042 "B" */
    0xfa, 0x18, 0x61, 0xfa, 0x18, 0x61, 0xf8,

    /* U+0043 "C" */
    0x39, 0x18, 0x20, 0x82, 0x8, 0x11, 0x38,

    /* U+0044 "D" */
    0xf2, 0x28, 0x61, 0x86, 0x18, 0x62, 0xf0,

    /* U+0045 "E" */
    0xfe, 0x8, 0x20, 0xfa, 0x8, 0x20, 0xfc,

    /* U+0046 "F" */
    0xfe, 0x8, 0x20, 0xfa, 0x8, 0x20, 0x80,

    /* U+0047 "G" */
    0x39, 0x18, 0x20, 0x82, 0x38, 0x51, 0x3c,

    /* U+0048 "H" */
    0x86, 0x18, 0x61, 0xfe, 0x18, 0x61, 0x84,

    /* U+0049 "I" */
    0xe9, 0x24, 0x92, 0xe0,

    /* U+004A "J" */
    0x8, 0x42, 0x10, 0x86, 0x31, 0x70,

    /* U+004B "K" */
    0x86, 0x29, 0x28, 0xc2, 0x89, 0x22, 0x84,

    /* U+004C "L" */
    0x84, 0x21, 0x8, 0x42, 0x10, 0xf8,

    /* U+004D "M" */
    0x83, 0x7, 0x1e, 0x3a, 0xb5, 0x64, 0xc9, 0x92,

    /* U+004E "N" */
    0x87, 0x1a, 0x69, 0x96, 0x58, 0xe3, 0x84,

    /* U+004F "O" */
    0x38, 0x8a, 0xc, 0x18, 0x30, 0x60, 0xa2, 0x38,

    /* U+0050 "P" */
    0xfa, 0x18, 0x61, 0xfa, 0x8, 0x20, 0x80,

    /* U+0051 "Q" */
    0x38, 0x8a, 0xc, 0x18, 0x30, 0x62, 0xa2, 0x3a,

    /* U+0052 "R" */
    0xfa, 0x18, 0x61, 0xfa, 0x48, 0xa2, 0x84,

    /* U+0053 "S" */
    0x7a, 0x18, 0x10, 0x30, 0x20, 0x61, 0x78,

    /* U+0054 "T" */
    0xfe, 0x20, 0x40, 0x81, 0x2, 0x4, 0x8, 0x10,

    /* U+0055 "U" */
    0x86, 0x18, 0x61, 0x86, 0x18, 0x61, 0x78,

    /* U+0056 "V" */
    0x83, 0x5, 0x12, 0x24, 0x45, 0xa, 0x8, 0x10,

    /* U+0057 "W" */
    0x88, 0xc4, 0x62, 0x2a, 0xa5, 0x52, 0xa8, 0x88,
    0x44, 0x22, 0x0,

    /* U+0058 "X" */
    0x82, 0x89, 0x11, 0x41, 0x5, 0x11, 0x22, 0x82,

    /* U+0059 "Y" */
    0x82, 0x89, 0x11, 0x42, 0x82, 0x4, 0x8, 0x10,

    /* U+005A "Z" */
    0xfc, 0x10, 0x84, 0x20, 0x84, 0x20, 0xfc,

    /* U+005B "[" */
    0xf2, 0x49, 0x24, 0x93, 0x80,

    /* U+005C "\\" */
    0x84, 0x10, 0x82, 0x10, 0x82, 0x10, 0x42,

    /* U+005D "]" */
    0xe4, 0x92, 0x49, 0x27, 0x80,

    /* U+005E "^" */
    0x22, 0xa2,

    /* U+005F "_" */
    0xf8,

    /* U+0060 "`" */
    0x90,

    /* U+0061 "a" */
    0x70, 0x5f, 0x18, 0xbc,

    /* U+0062 "b" */
    0x84, 0x21, 0xe8, 0xc6, 0x31, 0xf0,

    /* U+0063 "c" */
    0x74, 0x61, 0x8, 0xb8,

    /* U+0064 "d" */
    0x8, 0x42, 0xf8, 0xc6, 0x31, 0x78,

    /* U+0065 "e" */
    0x74, 0x7f, 0x8, 0xb8,

    /* U+0066 "f" */
    0x34, 0x4f, 0x44, 0x44, 0x40,

    /* U+0067 "g" */
    0x7c, 0x63, 0x18, 0xbc, 0x2e,

    /* U+0068 "h" */
    0x84, 0x21, 0x6c, 0xc6, 0x31, 0x88,

    /* U+0069 "i" */
    0x40, 0x64, 0x92, 0xe0,

    /* U+006A "j" */
    0x20, 0x72, 0x49, 0x27, 0x0,

    /* U+006B "k" */
    0x84, 0x21, 0x1b, 0x62, 0x92, 0x88,

    /* U+006C "l" */
    0xc9, 0x24, 0x92, 0x60,

    /* U+006D "m" */
    0xed, 0x26, 0x4c, 0x99, 0x32, 0x40,

    /* U+006E "n" */
    0xb6, 0x63, 0x18, 0xc4,

    /* U+006F "o" */
    0x74, 0x63, 0x18, 0xb8,

    /* U+0070 "p" */
    0xf4, 0x63, 0x18, 0xfa, 0x10,

    /* U+0071 "q" */
    0x7c, 0x63, 0x18, 0xbc, 0x21,

    /* U+0072 "r" */
    0xbc, 0x88, 0x88,

    /* U+0073 "s" */
    0x74, 0x58, 0x28, 0xb8,

    /* U+0074 "t" */
    0x44, 0x4f, 0x44, 0x44, 0x30,

    /* U+0075 "u" */
    0x8c, 0x63, 0x19, 0xb4,

    /* U+0076 "v" */
    0x8c, 0x54, 0xa2, 0x10,

    /* U+0077 "w" */
    0x93, 0x26, 0xad, 0x54, 0x48, 0x80,

    /* U+0078 "x" */
    0x8a, 0x88, 0x45, 0x44,

    /* U+0079 "y" */
    0x8c, 0x62, 0xa5, 0x10, 0x98,

    /* U+007A "z" */
    0xf8, 0x88, 0x88, 0x7c,

    /* U+007B "{" */
    0x34, 0x44, 0x48, 0x44, 0x44, 0x30,

    /* U+007C "|" */
    0xff, 0xe0,

    /* U+007D "}" */
    0xc2, 0x22, 0x21, 0x22, 0x22, 0xc0,

    /* U+007E "~" */
    0x45, 0x44,

    /* U+00B7 "·" */
    0xf0,

    /* U+2191 "↑" */
    0x23, 0xaa, 0x42, 0x10, 0x84, 0x21, 0x8,

    /* U+2193 "↓" */
    0x21, 0x8, 0x42, 0x10, 0x84, 0xab, 0x88,

    /* U+2630 "☰" */
    0xff, 0x80, 0x0, 0x1f, 0xf0, 0x0, 0x3, 0xfe,

    /* U+2631 "☱" */
    0xf7, 0x80, 0x0, 0x1f, 0xf0, 0x0, 0x3, 0xfe,

    /* U+2632 "☲" */
    0xff, 0x80, 0x0, 0x1e, 0xf0, 0x0, 0x3, 0xfe,

    /* U+2633 "☳" */
    0xf7, 0x80, 0x0, 0x1e, 0xf0, 0x0, 0x3, 0xfe,

    /* U+2634 "☴" */
    0xff, 0x80, 0x0, 0x1f, 0xf0, 0x0, 0x3, 0xde,

    /* U+2635 "☵" */
    0xf7, 0x80, 0x0, 0x1f, 0xf0, 0x0, 0x3, 0xde,

    /* U+2636 "☶" */
    0xff, 0x80, 0x0, 0x1e, 0xf0, 0x0, 0x3, 0xde,

    /* U+2637 "☷" */
    0xf7, 0x80, 0x0, 0x1e, 0xf0, 0x0, 0x3, 0xde,

    /* U+3000 "　" */
    0x0,

    /* U+3001 "、" */
    0x8c, 0x80,

    /* U+3002 "。" */
    0x69, 0x96,

    /* U+4E00 "一" */
    0xff, 0xe0,

    /* U+4E03 "七" */
    0x8, 0x1, 0x0, 0x20, 0x4, 0x70, 0xf1, 0xf0,
    0x2, 0x0, 0x40, 0x8, 0x21, 0x4, 0x1f, 0x80,

    /* U+4E08 "丈" */
    0x1, 0x0, 0x23, 0xff, 0x80, 0x82, 0x10, 0x42,
    0x4, 0x80, 0x50, 0x4, 0x3, 0x63, 0x83, 0x80,

    /* U+4E09 "三" */
    0x7f, 0xc0, 0x0, 0x0, 0x0, 0x0, 0x0, 0x7f,
    0x0, 0x0, 0x0, 0x0, 0x0, 0x3, 0xff, 0x80,

    /* U+4E0A "上" */
    0x4, 0x0, 0x80, 0x10, 0x2, 0x0, 0x7c, 0x8,
    0x1, 0x0, 0x20, 0x4, 0x0, 0x83, 0xff, 0x80,

    /* U+4E0B "下" */
    0xff, 0xe0, 0x80, 0x10, 0x2, 0x0, 0x50, 0x9,
    0x1, 0x10, 0x20, 0x4, 0x0, 0x80, 0x10, 0x0,

    /* U+4E0D "不" */
    0xff, 0xe0, 0x40, 0x10, 0x6, 0x1, 0x50, 0x49,
    0x31, 0x10, 0x21, 0x4, 0x0, 0x80, 0x10, 0x0,

    /* U+4E0E "与" */
    0x10, 0x3, 0xfc, 0x40, 0x10, 0x3, 0xfe, 0x0,
    0x40, 0xf, 0xf9, 0x0, 0x20, 0x4, 0x7, 0x0,

    /* U+4E11 "丑" */
    0x7f, 0x81, 0x10, 0x22, 0x4, 0x40, 0x88, 0xff,
    0x4, 0x20, 0x84, 0x10, 0x82, 0x13, 0xff, 0x80,

    /* U+4E14 "且" */
    0x3f, 0x84, 0x10, 0x82, 0x1f, 0xc2, 0x8, 0x41,
    0xf, 0xe1, 0x4, 0x20, 0x84, 0x13, 0xff, 0x80,

    /* U+4E18 "丘" */
    0x1, 0x87, 0xc0, 0x80, 0x10, 0x3, 0xfc, 0x42,
    0x8, 0x41, 0x8, 0x21, 0x4, 0x23, 0xff, 0x80,

    /* U+4E1B "丛" */
    0x11, 0x2, 0x20, 0x44, 0x8, 0x82, 0xa8, 0x55,
    0x11, 0x12, 0x22, 0x88, 0x20, 0x3, 0xff, 0x80,

    /* U+4E1C "东" */
    0x8, 0x1f, 0xfc, 0x40, 0x12, 0x4, 0x40, 0xff,
    0x81, 0x1, 0x24, 0x44, 0x50, 0x84, 0x70, 0x0,

    /* U+4E27 "丧" */
    0x4, 0xf, 0xf8, 0x10, 0x12, 0x41, 0x51, 0xff,
    0xc9, 0x1, 0x11, 0x21, 0x45, 0x90, 0xc1, 0x80,

    /* U+4E2A "个" */
    0x4, 0x1, 0x40, 0x44, 0x10, 0x4c, 0x46, 0x8,
    0x1, 0x0, 0x20, 0x4, 0x0, 0x80, 0x10, 0x0,

    /* U+4E2D "中" */
    0x4, 0x0, 0x83, 0xff, 0xc2, 0x18, 0x43, 0x8,
    0x7f, 0xf8, 0x20, 0x4, 0x0, 0x80, 0x10, 0x0,

    /* U+4E30 "丰" */
    0x4, 0x0, 0x83, 0xff, 0x82, 0x0, 0x40, 0xff,
    0x81, 0x0, 0x20, 0xff, 0xe0, 0x80, 0x10, 0x0,

    /* U+4E34 "临" */
    0x22, 0x4, 0x42, 0x8f, 0xd2, 0x8a, 0x89, 0x40,
    0x2b, 0xfd, 0x49, 0xa9, 0x25, 0x24, 0xbf, 0x80,

    /* U+4E3A "为" */
    0x44, 0x4, 0x80, 0x10, 0x7f, 0xf0, 0x42, 0xa,
    0x42, 0x28, 0x45, 0x10, 0x24, 0x7, 0x3, 0x0,

    /* U+4E3B "主" */
    0x8, 0x0, 0x83, 0xff, 0x82, 0x0, 0x40, 0x8,
    0x1f, 0xf0, 0x20, 0x4, 0x0, 0x83, 0xff, 0x80,

    /* U+4E43 "乃" */
    0x7f, 0x82, 0x10, 0x42, 0x8, 0x81, 0x1e, 0x20,
    0x44, 0x9, 0x1, 0x20, 0x28, 0x6, 0x7, 0x0,

    /* U+4E4B "之" */
    0x8, 0x0, 0x83, 0xff, 0x0, 0x40, 0x10, 0x4,
    0x1, 0x0, 0x40, 0x30, 0x9, 0x82, 0xf, 0x80,

    /* U+4E58 "乘" */
    0x3, 0xcf, 0x80, 0x10, 0x7f, 0xf1, 0x55, 0xeb,
    0x5, 0x4f, 0xa7, 0xe, 0x6, 0xb3, 0x11, 0x80,

    /* U+4E59 "乙" */
    0xff, 0x80, 0x20, 0x8, 0x2, 0x0, 0x80, 0x20,
    0x8, 0x2, 0x0, 0x80, 0x30, 0x5, 0xff, 0x80,

    /* U+4E5D "九" */
    0x10, 0x2, 0x0, 0x40, 0x7f, 0x81, 0x10, 0x22,
    0x4, 0x41, 0x8, 0x21, 0x28, 0x26, 0x7, 0x80,

    /* U+4E60 "习" */
    0xff, 0xc0, 0x12, 0x4, 0x41, 0x8, 0x40, 0x10,
    0x34, 0x31, 0x30, 0x70, 0x10, 0x18,

    /* U+4E71 "乱" */
    0xd, 0xe, 0x20, 0x44, 0x8, 0x8f, 0xd0, 0x22,
    0x4, 0x43, 0xe8, 0x45, 0x28, 0xa5, 0xf3, 0x80,

    /* U+4E7E "乾" */
    0x22, 0x1f, 0x7c, 0x88, 0x7e, 0x8, 0xbd, 0xf0,
    0xa2, 0x27, 0xc8, 0x22, 0x1f, 0x44, 0x87, 0x80,

    /* U+4E8B "事" */
    0x4, 0x1f, 0xfc, 0x92, 0x12, 0x47, 0xfc, 0x8,
    0xbf, 0xf8, 0x22, 0x7f, 0xc0, 0x80, 0x70, 0x0,

    /* U+4E8C "二" */
    0x7f, 0xc0, 0x0, 0x0, 0x0, 0x0, 0x0, 0x0,
    0x0, 0x0, 0x0, 0xff, 0xe0,

    /* U+4E8E "于" */
    0x7f, 0xc0, 0x80, 0x10, 0x2, 0x0, 0x41, 0xff,
    0xc1, 0x0, 0x20, 0x4, 0x0, 0x80, 0x70, 0x0,

    /* U+4E8F "亏" */
    0x7f, 0xc0, 0x0, 0x0, 0x7f, 0xf1, 0x0, 0x40,
    0xf, 0xf0, 0x2, 0x0, 0x40, 0x8, 0xe, 0x0,

    /* U+4E91 "云" */
    0x7f, 0xc0, 0x0, 0x0, 0x0, 0xf, 0xfe, 0x10,
    0x2, 0x0, 0x84, 0x10, 0x84, 0x69, 0xf1, 0x0,

    /* U+4E94 "五" */
    0x7f, 0xc1, 0x0, 0x20, 0x4, 0x7, 0xf8, 0x21,
    0x4, 0x20, 0x84, 0x20, 0x84, 0x13, 0xff, 0x80,

    /* U+4E95 "井" */
    0x11, 0x2, 0x23, 0xff, 0x88, 0x81, 0x10, 0x22,
    0x3f, 0xf8, 0x88, 0x11, 0x4, 0x23, 0x4, 0x0,

    /* U+4EA1 "亡" */
    0x8, 0x0, 0x83, 0xff, 0x90, 0x2, 0x0, 0x40,
    0x8, 0x1, 0x0, 0x20, 0x4, 0x0, 0xff, 0x0,

    /* U+4EA2 "亢" */
    0x8, 0x0, 0x83, 0xff, 0x80, 0x1, 0xf0, 0x22,
    0x4, 0x40, 0x88, 0x11, 0x24, 0x27, 0x7, 0x80,

    /* U+4EA4 "交" */
    0x4, 0x1f, 0xfc, 0x0, 0x8, 0x82, 0x9, 0xa2,
    0xc2, 0x80, 0x20, 0xa, 0x6, 0x33, 0x1, 0x80,

    /* U+4EA6 "亦" */
    0x8, 0x0, 0x83, 0xff, 0x88, 0x81, 0x10, 0xa2,
    0x94, 0x4c, 0x89, 0x21, 0x4, 0x21, 0x1c, 0x0,

    /* U+4EA8 "亨" */
    0x4, 0x1f, 0xfc, 0x82, 0x10, 0x43, 0xf8, 0x0,
    0x1f, 0xe0, 0x8, 0x6, 0x0, 0x80, 0x70, 0x0,

    /* U+4EAB "享" */
    0x4, 0x1f, 0xfc, 0x82, 0x1f, 0xc0, 0x0, 0xff,
    0x0, 0x40, 0x30, 0xff, 0xe0, 0x80, 0x70, 0x0,

    /* U+4EBA "人" */
    0x4, 0x0, 0x80, 0x10, 0x2, 0x0, 0xa0, 0x14,
    0x4, 0x40, 0x88, 0x20, 0x88, 0xa, 0x0, 0x80,

    /* U+4EBF "亿" */
    0x2f, 0xc4, 0x9, 0x2, 0x20, 0x8c, 0x20, 0x84,
    0x11, 0x2, 0x20, 0x48, 0x29, 0x5, 0x1f, 0x80,

    /* U+4EC5 "仅" */
    0x2f, 0xe5, 0x5, 0x20, 0xa4, 0x1c, 0x44, 0x88,
    0x91, 0x12, 0x14, 0x41, 0x8, 0x51, 0x31, 0x80,

    /* U+4EC6 "仆" */
    0x11, 0x2, 0x20, 0x84, 0x10, 0x86, 0x19, 0x42,
    0x88, 0x49, 0x8, 0x21, 0x4, 0x20, 0x84, 0x0,

    /* U+4EC7 "仇" */
    0x24, 0x4, 0x81, 0x10, 0x2f, 0xcc, 0x48, 0x89,
    0x11, 0x22, 0x24, 0x48, 0xa9, 0x15, 0x43, 0x80,

    /* U+4ECB "介" */
    0x4, 0x1, 0x40, 0x44, 0x10, 0x4d, 0x16, 0x22,
    0x4, 0x40, 0x88, 0x21, 0x4, 0x21, 0x4, 0x0,

    /* U+4ECD "仍" */
    0x2f, 0xc4, 0x89, 0x11, 0x22, 0x4c, 0x4e, 0x88,
    0x51, 0xa, 0x21, 0x48, 0x29, 0x5, 0x43, 0x0,

    /* U+4ECE "从" */
    0x11, 0x2, 0x20, 0x44, 0x8, 0x81, 0x10, 0x55,
    0xa, 0xa1, 0x54, 0x44, 0x48, 0x8a, 0x20, 0x80,

    /* U+4ED6 "他" */
    0x21, 0x5, 0x21, 0x25, 0xa5, 0xdd, 0xd2, 0x92,
    0x52, 0x5a, 0x48, 0x48, 0x29, 0x5, 0x1f, 0x80,

    /* U+4EE5 "以" */
    0x1, 0x24, 0x48, 0x92, 0x24, 0x81, 0x20, 0x49,
    0x22, 0x88, 0xc5, 0x22, 0x23, 0x4,

    /* U+4EEA "仪" */
    0x22, 0x5, 0x25, 0x24, 0xa4, 0x1c, 0x44, 0x88,
    0x91, 0x12, 0x14, 0x41, 0x8, 0x51, 0x31, 0x80,

    /* U+4EF6 "件" */
    0x29, 0x5, 0x21, 0x3f, 0xa8, 0x8c, 0x10, 0x82,
    0x17, 0xfa, 0x8, 0x41, 0x8, 0x21, 0x4, 0x0,

    /* U+4EFD "份" */
    0x24, 0x84, 0x91, 0x21, 0x24, 0x2d, 0x2, 0x9f,
    0x91, 0x12, 0x22, 0x48, 0x49, 0x9, 0x46, 0x0,

    /* U+4F0F "伏" */
    0x11, 0x42, 0x24, 0x84, 0x17, 0xf6, 0x11, 0x45,
    0x8, 0xa1, 0x14, 0x24, 0x44, 0x88, 0xa0, 0x80,

    /* U+4F10 "伐" */
    0x22, 0x84, 0x49, 0x8, 0x21, 0xfd, 0xe0, 0x84,
    0x90, 0xa2, 0x8, 0x41, 0x28, 0xd5, 0x61, 0x80,

    /* U+4F11 "休" */
    0x22, 0x4, 0x41, 0x7f, 0xa1, 0xc, 0x70, 0x8e,
    0x12, 0xa2, 0x54, 0x52, 0x4c, 0x45, 0x8, 0x0,

    /* U+4F17 "众" */
    0x4, 0x1, 0x40, 0xc6, 0x60, 0x31, 0x10, 0x22,
    0x4, 0x41, 0x54, 0x2a, 0x88, 0x8a, 0x20, 0x80,

    /* U+4F1A "会" */
    0x4, 0x1, 0x40, 0xc6, 0x60, 0x33, 0xf8, 0x0,
    0x0, 0x7, 0xff, 0x10, 0x4, 0x11, 0xfd, 0x0,

    /* U+4F4D "位" */
    0x22, 0x4, 0x21, 0x7f, 0xa0, 0xc, 0x84, 0x90,
    0x91, 0x12, 0x24, 0x44, 0x88, 0x21, 0x7f, 0x80,

    /* U+4F4E "低" */
    0x20, 0xc5, 0xe1, 0x24, 0x24, 0x8c, 0x90, 0x9f,
    0xd2, 0x42, 0x44, 0x48, 0xa9, 0x4d, 0x34, 0x80,

    /* U+4F55 "何" */
    0x2f, 0xe4, 0x9, 0x1, 0x27, 0xac, 0x94, 0x92,
    0x92, 0x52, 0x7a, 0x40, 0x48, 0x9, 0x7, 0x0,

    /* U+4F5C "作" */
    0x24, 0x4, 0x81, 0x1f, 0xa5, 0xd, 0x20, 0x87,
    0xd0, 0x82, 0x10, 0x43, 0xe8, 0x41, 0x8, 0x0,

    /* U+4F7F "使" */
    0x21, 0x5, 0xfd, 0x4, 0x27, 0xfc, 0x92, 0x92,
    0x53, 0xfa, 0x28, 0x42, 0x8, 0xa1, 0x63, 0x80,

    /* U+4F9D "依" */
    0x22, 0x4, 0x21, 0x7f, 0xa1, 0xc, 0x50, 0x92,
    0x56, 0x52, 0x44, 0x48, 0x89, 0x49, 0x30, 0x80,

    /* U+4FAF "侯" */
    0x27, 0xc4, 0x9, 0x7f, 0xa4, 0xc, 0xfe, 0xa2,
    0x10, 0x42, 0xff, 0x42, 0x88, 0x89, 0x60, 0x80,

    /* U+4FB5 "侵" */
    0x2f, 0xc4, 0x9, 0x3f, 0x20, 0x2d, 0xfe, 0xa0,
    0x53, 0xf2, 0x42, 0x44, 0x88, 0x61, 0x73, 0x80,

    /* U+4FDD "保" */
    0x2f, 0xc5, 0x9, 0x21, 0x27, 0xec, 0x10, 0x82,
    0x17, 0xfa, 0x1c, 0x45, 0x4b, 0x25, 0x4, 0x0,

    /* U+4FE1 "信" */
    0x22, 0x4, 0x21, 0x7f, 0xa0, 0xc, 0xfc, 0x80,
    0x13, 0xf2, 0x0, 0x4f, 0xc9, 0x9, 0x3f, 0x0,

    /* U+5019 "候" */
    0x27, 0xc4, 0x9, 0x7f, 0xaa, 0xd, 0x7e, 0xb2,
    0x14, 0x42, 0xff, 0x52, 0x88, 0x89, 0x20, 0x80,

    /* U+503C "值" */
    0x21, 0x5, 0xfd, 0x4, 0x27, 0xec, 0x84, 0x9f,
    0x92, 0x12, 0x7e, 0x48, 0x49, 0x9, 0x7f, 0x80,

    /* U+503E "倾" */
    0x23, 0xe4, 0x11, 0x4f, 0xa9, 0x1d, 0xea, 0xa5,
    0x54, 0xaa, 0xb5, 0x58, 0x88, 0x29, 0x8, 0x80,

    /* U+5047 "假" */
    0x2e, 0xe5, 0x45, 0x28, 0xa7, 0x7c, 0x80, 0x9d,
    0xd2, 0x2a, 0x45, 0x4e, 0x49, 0x15, 0x24, 0x80,

    /* U+5141 "允" */
    0x4, 0x1, 0x0, 0x44, 0x10, 0x47, 0xfc, 0x22,
    0x84, 0x40, 0x88, 0x11, 0x24, 0x27, 0x7, 0x80,

    /* U+5143 "元" */
    0x7f, 0xc0, 0x0, 0x0, 0x0, 0xf, 0xfe, 0x22,
    0x4, 0x40, 0x88, 0x11, 0x24, 0x27, 0x7, 0x80,

    /* U+5148 "先" */
    0x24, 0x4, 0x80, 0xff, 0x22, 0x0, 0x41, 0xff,
    0xc4, 0x40, 0x88, 0x11, 0x24, 0x27, 0x7, 0x80,

    /* U+5149 "光" */
    0x4, 0x8, 0x88, 0x92, 0xa, 0x80, 0x41, 0xff,
    0xc4, 0x40, 0x88, 0x11, 0x24, 0x27, 0x7, 0x80,

    /* U+514B "克" */
    0x4, 0x1f, 0xfc, 0x10, 0x3f, 0xe4, 0x4, 0x80,
    0x9f, 0xf0, 0x88, 0x11, 0x24, 0x27, 0x7, 0x80,

    /* U+514D "免" */
    0x20, 0x7, 0xe1, 0x4, 0x7f, 0xe4, 0x44, 0x88,
    0x9f, 0xf0, 0x50, 0xa, 0x22, 0x47, 0x8f, 0x80,

    /* U+5151 "兑" */
    0x20, 0x82, 0x21, 0xff, 0x20, 0x24, 0x4, 0x80,
    0x9f, 0xf0, 0x88, 0x11, 0x24, 0x27, 0x7, 0x80,

    /* U+5165 "入" */
    0x10, 0x1, 0x0, 0x10, 0x2, 0x0, 0xa0, 0x14,
    0x4, 0x40, 0x88, 0x20, 0x88, 0xa, 0x0, 0x80,

    /* U+5168 "全" */
    0x4, 0x1, 0x40, 0xc6, 0x60, 0x33, 0xf8, 0x8,
    0x1, 0x3, 0xfe, 0x4, 0x0, 0x83, 0xff, 0x80,

    /* U+516B "八" */
    0x11, 0x2, 0x20, 0x44, 0x8, 0x81, 0x10, 0x41,
    0x8, 0x21, 0x4, 0x40, 0x48, 0xa, 0x0, 0x80,

    /* U+516C "公" */
    0x11, 0x2, 0x20, 0x82, 0x10, 0x44, 0x5, 0x10,
    0x42, 0x0, 0x84, 0x10, 0x84, 0x69, 0xf1, 0x0,

    /* U+516D "六" */
    0x8, 0x0, 0x80, 0x0, 0x7f, 0xf0, 0x0, 0x0,
    0x8, 0x21, 0x2, 0x40, 0x48, 0x6, 0x0, 0x80,

    /* U+5171 "共" */
    0x11, 0x2, 0x21, 0xff, 0x8, 0x81, 0x10, 0x22,
    0x3f, 0xf8, 0x0, 0x11, 0x4, 0x13, 0x1, 0x80,

    /* U+5174 "兴" */
    0x8, 0x48, 0x88, 0x92, 0x10, 0x40, 0x10, 0x0,
    0x3f, 0xf8, 0x0, 0x11, 0x4, 0x13, 0x1, 0x80,

    /* U+5176 "其" */
    0x20, 0x9f, 0xfc, 0x82, 0x1f, 0xc2, 0x8, 0x7f,
    0x8, 0x27, 0xff, 0x0, 0x4, 0x13, 0x1, 0x80,

    /* U+5177 "具" */
    0x3f, 0x84, 0x10, 0xfe, 0x10, 0x43, 0xf8, 0x41,
    0xf, 0xe1, 0x4, 0xff, 0xe4, 0x13, 0x1, 0x80,

    /* U+5179 "兹" */
    0x20, 0x82, 0x23, 0xff, 0x90, 0x42, 0x8, 0x92,
    0x7c, 0xf1, 0x4, 0x49, 0x33, 0x4f, 0xae, 0x80,

    /* U+517C "兼" */
    0x11, 0x1f, 0xfc, 0x28, 0x3f, 0xe0, 0xa5, 0xff,
    0xc2, 0x93, 0xfe, 0x1b, 0x5, 0x53, 0x29, 0x80,

    /* U+5185 "内" */
    0x4, 0x0, 0x83, 0xff, 0xc2, 0x18, 0x43, 0x14,
    0x64, 0x4d, 0x5, 0x80, 0x30, 0x6, 0x3, 0x80,

    /* U+518D "再" */
    0xff, 0xe0, 0x81, 0xff, 0x22, 0x27, 0xfc, 0x88,
    0x91, 0x17, 0xff, 0x40, 0x48, 0x9, 0x7, 0x0,

    /* U+5199 "写" */
    0xff, 0xf0, 0x6, 0x40, 0x8f, 0xc2, 0x0, 0x7f,
    0x80, 0x10, 0x2, 0xff, 0x40, 0x8, 0xe, 0x0,

    /* U+51A5 "冥" */
    0xff, 0xf0, 0x6, 0xfe, 0x90, 0x43, 0xf8, 0x41,
    0xf, 0xe0, 0x20, 0xff, 0xe4, 0x13, 0x1, 0x80,

    /* U+51AF "冯" */
    0x9f, 0x88, 0x11, 0x22, 0x4, 0x40, 0x88, 0x1f,
    0xd0, 0xa, 0x1, 0x5f, 0xb0, 0x6, 0x7, 0x0,

    /* U+51B0 "冰" */
    0x82, 0x8, 0x41, 0x8, 0x9d, 0xa0, 0xb4, 0x15,
    0x12, 0xa2, 0x92, 0x52, 0x54, 0x46, 0x18, 0x0,

    /* U+51B3 "决" */
    0x82, 0x8, 0x41, 0x3f, 0x1, 0x20, 0x24, 0x4,
    0x97, 0xfa, 0x10, 0x45, 0x11, 0x12, 0xc1, 0x80,

    /* U+51BD "冽" */
    0x9e, 0x29, 0x15, 0x22, 0x87, 0x51, 0x2a, 0x25,
    0x52, 0xaa, 0x25, 0x44, 0x31, 0x6, 0x43, 0x80,

    /* U+51CF "减" */
    0x80, 0xa8, 0x15, 0x3f, 0x84, 0x40, 0xea, 0x11,
    0x53, 0xaa, 0x52, 0x4e, 0x51, 0x16, 0x4c, 0x80,

    /* U+51E0 "几" */
    0x3f, 0x4, 0x20, 0x84, 0x10, 0x82, 0x10, 0x42,
    0x8, 0x41, 0x8, 0x41, 0x28, 0x26, 0x7, 0x80,

    /* U+51F6 "凶" */
    0x20, 0x82, 0x22, 0x44, 0xc5, 0x18, 0x43, 0x14,
    0x64, 0x4c, 0x89, 0xa0, 0xb0, 0x7, 0xff, 0x80,

    /* U+51FA "出" */
    0x4, 0x8, 0x89, 0x11, 0x22, 0x27, 0xfc, 0x8,
    0x1, 0x4, 0x21, 0x84, 0x30, 0x87, 0xff, 0x80,

    /* U+51FB "击" */
    0x4, 0x0, 0x81, 0xff, 0x2, 0x0, 0x41, 0xff,
    0xc1, 0x2, 0x22, 0x44, 0x48, 0x89, 0xff, 0x0,

    /* U+5211 "刑" */
    0xfe, 0x24, 0x94, 0x92, 0x92, 0x52, 0x4b, 0xfd,
    0x49, 0x29, 0x25, 0x44, 0x28, 0x86, 0x13, 0x80,

    /* U+5216 "刖" */
    0x7c, 0x28, 0xa5, 0x14, 0xbe, 0x94, 0x52, 0x8a,
    0x5f, 0x4a, 0x29, 0x44, 0x28, 0x86, 0x33, 0x80,

    /* U+5217 "列" */
    0xfc, 0x24, 0x24, 0x84, 0x9e, 0x94, 0x52, 0xca,
    0x65, 0x48, 0x49, 0x8, 0x22, 0x5, 0x83, 0x80,

    /* U+5219 "则" */
    0xfe, 0x30, 0x56, 0x4a, 0xc9, 0x59, 0x2b, 0x25,
    0x64, 0xac, 0x95, 0x28, 0x28, 0x86, 0xb, 0x80,

    /* U+521D "初" */
    0x4f, 0xe4, 0x47, 0xc8, 0x89, 0x12, 0x22, 0x54,
    0x5c, 0x8d, 0x51, 0x24, 0x24, 0x84, 0xa3, 0x0,

    /* U+5229 "利" */
    0xc, 0x2e, 0x4, 0x44, 0x88, 0x9f, 0xd2, 0x22,
    0x4c, 0x49, 0xc9, 0x54, 0x32, 0x4, 0x43, 0x80,

    /* U+5230 "到" */
    0xfe, 0x22, 0x14, 0x82, 0xa2, 0x5f, 0xaa, 0x21,
    0x44, 0x2f, 0xf5, 0x10, 0x23, 0xc7, 0x83, 0x80,

    /* U+5232 "刲" */
    0x10, 0x2f, 0x94, 0x42, 0x88, 0x5f, 0xea, 0x1,
    0x44, 0x2b, 0xe5, 0x10, 0x23, 0xc7, 0x83, 0x80,

    /* U+524D "前" */
    0x20, 0x82, 0x23, 0xff, 0x80, 0x7, 0xd4, 0x8a,
    0x9f, 0x52, 0x2a, 0x7d, 0x48, 0x89, 0x33, 0x0,

    /* U+5265 "剥" */
    0x7c, 0x20, 0x95, 0xf2, 0x82, 0x5f, 0xea, 0x21,
    0x64, 0xaa, 0xa5, 0x38, 0x2a, 0x86, 0xcb, 0x80,

    /* U+5293 "劓" */
    0x10, 0x2f, 0x95, 0x12, 0xff, 0x59, 0x2b, 0xfd,
    0x64, 0xaf, 0xf5, 0x0, 0x3f, 0xc5, 0x13, 0x80,

    /* U+529F "功" */
    0x2, 0x1e, 0x40, 0xbf, 0x91, 0x12, 0x22, 0x44,
    0x48, 0x89, 0x91, 0xc4, 0x20, 0x84, 0x23, 0x0,

    /* U+52A8 "动" */
    0x1, 0xf, 0x20, 0x1f, 0x80, 0x9f, 0x92, 0x42,
    0x50, 0x4a, 0x49, 0x9a, 0x3d, 0x44, 0x13, 0x0,

    /* U+52B3 "劳" */
    0x11, 0x1f, 0xfc, 0x44, 0x7f, 0xf8, 0x2, 0x10,
    0x1f, 0xf0, 0x42, 0x10, 0x44, 0xb, 0x6, 0x0,

    /* U+52FF "勿" */
    0x20, 0x4, 0x0, 0xff, 0xa4, 0x98, 0x92, 0x12,
    0x44, 0x48, 0x91, 0x22, 0x28, 0x84, 0x23, 0x0,

    /* U+5305 "包" */
    0x20, 0x7, 0xf9, 0x1, 0x5f, 0x22, 0x24, 0x44,
    0x8f, 0x91, 0xe, 0x20, 0x4, 0x4, 0x7f, 0x80,

    /* U+5315 "匕" */
    0x80, 0x40, 0x20, 0x70, 0xc9, 0x87, 0x2, 0x1,
    0x0, 0x80, 0xc0, 0x5f, 0xe0,

    /* U+5316 "化" */
    0x22, 0x4, 0x41, 0x9, 0x21, 0x4c, 0x30, 0x8c,
    0x16, 0x82, 0x10, 0x42, 0x28, 0x45, 0x7, 0x80,

    /* U+5317 "北" */
    0x12, 0x2, 0x40, 0x48, 0xf9, 0x21, 0x38, 0x24,
    0x4, 0x81, 0x90, 0xd2, 0x22, 0x44, 0x47, 0x80,

    /* U+532A "匪" */
    0xff, 0xf0, 0x2, 0x24, 0x5c, 0xe8, 0x91, 0x73,
    0xa2, 0x44, 0x48, 0xb9, 0xd1, 0x23, 0xff, 0x80,

    /* U+5339 "匹" */
    0xff, 0xf1, 0x22, 0x24, 0x44, 0x88, 0x91, 0x22,
    0x64, 0x4d, 0xf, 0x80, 0x10, 0x3, 0xff, 0x80,

    /* U+5341 "十" */
    0x4, 0x0, 0x80, 0x10, 0x2, 0xf, 0xfe, 0x8,
    0x1, 0x0, 0x20, 0x4, 0x0, 0x80, 0x10, 0x0,

    /* U+5347 "升" */
    0xc, 0x8e, 0x10, 0x42, 0x8, 0x41, 0x9, 0xff,
    0xc4, 0x20, 0x84, 0x10, 0x84, 0x13, 0x2, 0x0,

    /* U+534E "华" */
    0x12, 0x4, 0x4d, 0x8e, 0x57, 0x2, 0x22, 0x43,
    0xc1, 0x7, 0xff, 0x4, 0x0, 0x80, 0x10, 0x0,

    /* U+5355 "单" */
    0x20, 0x82, 0x21, 0xff, 0x22, 0x27, 0xfc, 0x88,
    0x9f, 0xf0, 0x20, 0xff, 0xe0, 0x80, 0x10, 0x0,

    /* U+5357 "南" */
    0x4, 0x1f, 0xfc, 0x10, 0x7f, 0xf9, 0x13, 0x14,
    0x6f, 0xec, 0x21, 0xbf, 0xb0, 0x86, 0x13, 0x80,

    /* U+535C "卜" */
    0x82, 0x8, 0x20, 0xc2, 0xc8, 0xe0, 0x82, 0x8,
    0x0,

    /* U+5360 "占" */
    0x8, 0x2, 0x0, 0xfc, 0x20, 0x8, 0x2, 0xf,
    0xfa, 0x2, 0x80, 0xa0, 0x2f, 0xf8,

    /* U+5366 "卦" */
    0x10, 0x8f, 0x90, 0x42, 0x8, 0x4f, 0xec, 0x1,
    0x44, 0x23, 0xe4, 0x10, 0x83, 0xd3, 0x82, 0x0,

    /* U+536B "卫" */
    0x7f, 0xc1, 0x8, 0x21, 0x4, 0x20, 0x84, 0x10,
    0x82, 0x70, 0x40, 0x8, 0x1, 0x3, 0xff, 0x80,

    /* U+5373 "即" */
    0xfb, 0xf1, 0x46, 0x28, 0xfd, 0x18, 0xa3, 0x14,
    0x7e, 0x8c, 0x91, 0x92, 0x35, 0x5f, 0x28, 0x0,

    /* U+537C "卼" */
    0xf9, 0xca, 0x49, 0x5f, 0xaa, 0x5, 0x5e, 0xaa,
    0x55, 0x5a, 0xa8, 0x58, 0xea, 0x2, 0x7f, 0x80,

    /* U+5389 "厉" */
    0x7f, 0xe8, 0x1, 0xff, 0xa4, 0x4, 0x80, 0x9f,
    0x92, 0x12, 0x42, 0x50, 0x4a, 0xa, 0x86, 0x0,

    /* U+539F "原" */
    0x7f, 0xe8, 0x41, 0x7f, 0x28, 0x25, 0xfc, 0xa0,
    0x97, 0xf2, 0x10, 0x52, 0x4a, 0x46, 0x98, 0x80,

    /* U+53A5 "厥" */
    0x7f, 0xec, 0x51, 0x52, 0x3f, 0xf4, 0x92, 0xd5,
    0x5a, 0xa3, 0xf4, 0x48, 0x8a, 0x2a, 0x88, 0x80,

    /* U+53BB "去" */
    0x4, 0x0, 0x81, 0xff, 0x2, 0x0, 0x41, 0xff,
    0xc2, 0x0, 0x84, 0x10, 0x84, 0x69, 0xf1, 0x0,

    /* U+53CA "及" */
    0xff, 0x84, 0x10, 0x84, 0x11, 0x2, 0x3c, 0x60,
    0x8a, 0x21, 0x28, 0x42, 0x9, 0xb2, 0xc1, 0x80,

    /* U+53CB "友" */
    0x8, 0x1, 0x3, 0xff, 0x88, 0x1, 0x0, 0x3f,
    0x8a, 0x11, 0x24, 0x43, 0x9, 0x92, 0xc1, 0x80,

    /* U+53CD "反" */
    0x3, 0xcf, 0x81, 0x0, 0x20, 0x7, 0xfc, 0xa0,
    0x92, 0x22, 0x28, 0x42, 0x9, 0xb2, 0xc1, 0x80,

    /* U+53D1 "发" */
    0x49, 0x9, 0x12, 0x20, 0x7f, 0xf1, 0x0, 0x3f,
    0xa, 0x21, 0x28, 0x42, 0x9, 0xb2, 0xc1, 0x80,

    /* U+53D6 "取" */
    0xfc, 0x9, 0x7d, 0xe8, 0xa5, 0x14, 0xa2, 0xf4,
    0x52, 0x52, 0x4a, 0x5c, 0x9d, 0x28, 0x28, 0x80,

    /* U+53D7 "受" */
    0x1, 0xcf, 0xc0, 0x91, 0x9, 0x4f, 0xff, 0x0,
    0x6f, 0xe9, 0x4, 0x11, 0x1, 0xc3, 0xc7, 0x80,

    /* U+53D8 "变" */
    0x4, 0x1f, 0xfc, 0x44, 0x28, 0xa9, 0x12, 0x22,
    0x1f, 0xf1, 0x4, 0x11, 0x1, 0xc3, 0xc7, 0x80,

    /* U+53E0 "叠" */
    0x3f, 0x82, 0x20, 0x38, 0x7d, 0xf5, 0x14, 0x41,
    0x3f, 0xfd, 0x5, 0x3f, 0x84, 0x13, 0xff, 0x80,

    /* U+53E3 "口" */
    0xff, 0xc0, 0x60, 0x30, 0x18, 0xc, 0x6, 0x3,
    0x1, 0xff, 0x80,

    /* U+53E6 "另" */
    0x7f, 0xc8, 0x9, 0x1, 0x3f, 0xe0, 0x81, 0xff,
    0xc2, 0x8, 0x41, 0x10, 0x24, 0x7, 0x7, 0x0,

    /* U+53EA "只" */
    0x7f, 0xc8, 0x9, 0x1, 0x20, 0x24, 0x4, 0xff,
    0x80, 0x0, 0x0, 0x20, 0x88, 0xa, 0x0, 0x80,

    /* U+53EF "可" */
    0xff, 0xe0, 0x8, 0x1, 0x1f, 0x22, 0x24, 0x44,
    0x88, 0x91, 0xf2, 0x0, 0x40, 0x8, 0x7, 0x0,

    /* U+53F2 "史" */
    0x4, 0xf, 0xf9, 0x11, 0x22, 0x24, 0x44, 0xff,
    0x81, 0x1, 0x40, 0x18, 0x4, 0xc3, 0x7, 0x80,

    /* U+53F3 "右" */
    0x8, 0x1, 0x3, 0xff, 0x88, 0x1, 0x0, 0x40,
    0xf, 0xf3, 0x2, 0xa0, 0x44, 0x8, 0xff, 0x0,

    /* U+53F7 "号" */
    0x3f, 0x84, 0x10, 0x82, 0x1f, 0xc0, 0x1, 0xff,
    0xc4, 0x0, 0xfc, 0x0, 0x80, 0x10, 0x1c, 0x0,

    /* U+5409 "吉" */
    0x4, 0x0, 0x83, 0xff, 0x82, 0x0, 0x40, 0xff,
    0x80, 0x3, 0xfe, 0x40, 0x48, 0x9, 0xff, 0x0,

    /* U+540C "同" */
    0xff, 0xf0, 0x6, 0xfe, 0xc0, 0x19, 0xf3, 0x22,
    0x64, 0x4c, 0x89, 0x9f, 0x30, 0x6, 0x3, 0x80,

    /* U+540E "后" */
    0x3, 0xcf, 0x81, 0x0, 0x20, 0x7, 0xfe, 0x80,
    0x17, 0xf2, 0x82, 0x50, 0x4a, 0xa, 0x7f, 0x0,

    /* U+541B "君" */
    0x7f, 0xc0, 0x8b, 0xff, 0x84, 0x27, 0xfc, 0x20,
    0x8, 0x3, 0xfe, 0xa0, 0x44, 0x8, 0xff, 0x0,

    /* U+541D "吝" */
    0x4, 0x1f, 0xfc, 0x82, 0x8, 0x80, 0xe0, 0x63,
    0x30, 0x19, 0xfc, 0x20, 0x84, 0x10, 0xfe, 0x0,

    /* U+5426 "否" */
    0xff, 0xe0, 0x40, 0x30, 0x1a, 0xcc, 0x46, 0x8,
    0x0, 0x3, 0xfe, 0x40, 0x48, 0x9, 0xff, 0x0,

    /* U+542B "含" */
    0xe, 0x6, 0x33, 0x11, 0x81, 0x7, 0xfc, 0x1,
    0x0, 0x43, 0xfe, 0x40, 0x48, 0x9, 0xff, 0x0,

    /* U+542F "启" */
    0x2, 0x7, 0xfc, 0x80, 0x90, 0x13, 0xfe, 0x40,
    0xf, 0xf9, 0x81, 0x50, 0x2a, 0x6, 0x7f, 0x80,

    /* U+543E "吾" */
    0x7f, 0xc1, 0x1, 0xfe, 0x8, 0x41, 0x9, 0xff,
    0xc0, 0x3, 0xfe, 0x40, 0x48, 0x9, 0xff, 0x0,

    /* U+544A "告" */
    0x44, 0xf, 0xfa, 0x10, 0x2, 0xf, 0xfe, 0x0,
    0x1f, 0xf2, 0x2, 0x40, 0x48, 0x9, 0xff, 0x0,

    /* U+547D "命" */
    0x4, 0x1, 0x40, 0xc6, 0x6f, 0xb0, 0x0, 0xf7,
    0x92, 0x92, 0x52, 0x4a, 0x4f, 0x58, 0x8, 0x0,

    /* U+548C "和" */
    0xc, 0xe, 0x3c, 0x44, 0x88, 0x9f, 0xd2, 0x22,
    0x4c, 0x4a, 0xc9, 0x95, 0x22, 0x3c, 0x40, 0x0,

    /* U+548E "咎" */
    0x20, 0x87, 0x91, 0x13, 0x54, 0x51, 0x8, 0x5f,
    0xf0, 0x3, 0xfe, 0x40, 0x48, 0x9, 0xff, 0x0,

    /* U+54A5 "咥" */
    0xf, 0xfc, 0x22, 0x88, 0x52, 0x2a, 0xfb, 0x42,
    0x28, 0x45, 0x7f, 0xe1, 0x0, 0x20, 0x7f, 0x80,

    /* U+54A8 "咨" */
    0x4, 0x1c, 0xfc, 0x24, 0x84, 0xa2, 0x30, 0x89,
    0x22, 0x19, 0xfc, 0x20, 0x84, 0x10, 0xfe, 0x0,

    /* U+54B7 "咷" */
    0x2, 0x9c, 0x52, 0xaa, 0xd3, 0x6a, 0x29, 0x45,
    0x29, 0xb5, 0x55, 0xe2, 0x80, 0x94, 0x63, 0x80,

    /* U+54B8 "咸" */
    0x1, 0x40, 0x25, 0xff, 0xa0, 0x85, 0xd2, 0x82,
    0x57, 0x52, 0xa4, 0x5c, 0xa8, 0x2e, 0x18, 0x80,

    /* U+54C1 "品" */
    0x3f, 0x84, 0x10, 0x82, 0x10, 0x43, 0xf8, 0x0,
    0x3e, 0xfc, 0x51, 0x8a, 0x31, 0x47, 0xef, 0x80,

    /* U+54D1 "哑" */
    0xf, 0xfc, 0x52, 0x8a, 0x51, 0x4a, 0x29, 0x55,
    0x69, 0xb5, 0x14, 0xe2, 0x80, 0x50, 0x3f, 0x80,

    /* U+5546 "商" */
    0x4, 0x1f, 0xfc, 0x82, 0x8, 0x8f, 0xff, 0x22,
    0x68, 0x2e, 0xfb, 0x91, 0x33, 0xe6, 0x1, 0x80,

    /* U+559C "喜" */
    0x4, 0x1f, 0xfc, 0x10, 0x3f, 0xe2, 0x8, 0x7f,
    0x4, 0x47, 0xff, 0x20, 0x84, 0x10, 0xfe, 0x0,

    /* U+55C3 "嗃" */
    0x1, 0x1d, 0xfe, 0x91, 0x53, 0xea, 0x1, 0x5f,
    0xea, 0xd, 0x5d, 0xea, 0xa1, 0x74, 0x21, 0x80,

    /* U+55D1 "嗑" */
    0x1, 0x1d, 0xfe, 0x84, 0x57, 0xfa, 0x21, 0x48,
    0xab, 0xed, 0x0, 0xef, 0xe1, 0x54, 0x7f, 0x80,

    /* U+55DF "嗟" */
    0x4, 0x5d, 0xfe, 0x84, 0x57, 0xfa, 0x11, 0x5f,
    0xe8, 0x85, 0x3f, 0xe8, 0x82, 0x10, 0x1f, 0x80,

    /* U+5609 "嘉" */
    0xff, 0xe0, 0x81, 0xff, 0x10, 0x43, 0xf8, 0x22,
    0x3f, 0xf9, 0x0, 0xfb, 0xe9, 0x46, 0x6f, 0x80,

    /* U+563B "嘻" */
    0x1, 0x1d, 0xfe, 0x84, 0x57, 0xea, 0x85, 0x5f,
    0xa9, 0x25, 0xff, 0xe8, 0x41, 0x8, 0x3f, 0x0,

    /* U+5668 "器" */
    0x7b, 0xc9, 0x49, 0x29, 0x3d, 0xe0, 0x51, 0xff,
    0xc8, 0x27, 0xdf, 0x4a, 0x49, 0x49, 0xef, 0x0,

    /* U+566C "噬" */
    0x8, 0x9d, 0xde, 0xd5, 0x50, 0xa, 0xff, 0x42,
    0x29, 0x55, 0x2a, 0xeb, 0xa0, 0x20, 0x3f, 0x80,

    /* U+56CA "囊" */
    0x4, 0x1f, 0xfd, 0x11, 0x7f, 0xfa, 0xaa, 0xf7,
    0x84, 0x47, 0xff, 0x11, 0x5d, 0x90, 0xc1, 0x80,

    /* U+56DB "四" */
    0xff, 0xf2, 0x26, 0x44, 0xc8, 0x99, 0x13, 0x22,
    0x68, 0x7e, 0x1, 0x80, 0x30, 0x7, 0xff, 0x80,

    /* U+56DE "回" */
    0xff, 0xf0, 0x6, 0x0, 0xcf, 0x99, 0x13, 0x22,
    0x64, 0x4c, 0xf9, 0x80, 0x30, 0x7, 0xff, 0x80,

    /* U+56ED "园" */
    0xff, 0xf0, 0x6, 0x7c, 0xc0, 0x1b, 0xfb, 0x14,
    0x62, 0x8c, 0x95, 0xa3, 0xb0, 0x7, 0xff, 0x80,

    /* U+56F0 "困" */
    0xff, 0xf0, 0x6, 0x10, 0xc2, 0x1b, 0xfb, 0x1c,
    0x65, 0x4d, 0x25, 0x84, 0x30, 0x7, 0xff, 0x80,

    /* U+56FD "国" */
    0xff, 0xf0, 0x6, 0xfe, 0xc2, 0x18, 0x43, 0x3e,
    0x61, 0xc, 0x29, 0xbf, 0xb0, 0x7, 0xff, 0x80,

    /* U+56FE "图" */
    0xff, 0xf1, 0x6, 0x3c, 0xd8, 0x98, 0xe3, 0xe3,
    0xe3, 0xc, 0x19, 0x98, 0x30, 0xc7, 0xff, 0x80,

    /* U+5728 "在" */
    0x8, 0x1, 0x3, 0xff, 0x88, 0x1, 0x10, 0x42,
    0x1b, 0xfd, 0x8, 0x21, 0x4, 0x20, 0xbf, 0x80,

    /* U+572D "圭" */
    0x4, 0xf, 0xf8, 0x10, 0x2, 0xf, 0xfe, 0x0,
    0x1, 0x3, 0xfe, 0x4, 0x0, 0x83, 0xff, 0x80,

    /* U+5730 "地" */
    0x41, 0x9, 0x21, 0x25, 0xf5, 0xd5, 0xd2, 0x92,
    0x52, 0x5b, 0x48, 0xc8, 0x21, 0x4, 0x1f, 0x80,

    /* U+5747 "均" */
    0x44, 0x8, 0xfd, 0x20, 0xf8, 0x14, 0x62, 0x82,
    0x50, 0xb, 0x5, 0xc3, 0x21, 0x84, 0x3, 0x0,

    /* U+574E "坎" */
    0x24, 0x4, 0x80, 0x9f, 0xfa, 0x12, 0x94, 0x42,
    0x8, 0x41, 0x94, 0xc2, 0x80, 0x88, 0x60, 0x80,

    /* U+575A "坚" */
    0x17, 0xf2, 0x86, 0x49, 0x48, 0xc9, 0x66, 0x20,
    0x1, 0x3, 0xfe, 0x4, 0x0, 0x83, 0xff, 0x80,

    /* U+575B "坛" */
    0x27, 0xc4, 0x0, 0x80, 0x78, 0x2, 0xfe, 0x44,
    0x8, 0x81, 0xa2, 0xc4, 0x41, 0x34, 0x38, 0x80,

    /* U+5764 "坤" */
    0x41, 0x8, 0x21, 0x3f, 0xf4, 0x94, 0x92, 0x9f,
    0xd2, 0x4b, 0x49, 0xcf, 0xe0, 0x20, 0x4, 0x0,

    /* U+5766 "坦" */
    0x4f, 0xc9, 0x9, 0x21, 0x74, 0x24, 0xfc, 0x90,
    0x92, 0x13, 0x42, 0xcf, 0xc0, 0x0, 0x7f, 0x80,

    /* U+5782 "垂" */
    0x3, 0xcf, 0x80, 0x10, 0x7f, 0xf2, 0x49, 0xff,
    0xc9, 0x21, 0x24, 0xff, 0xe0, 0x81, 0xff, 0x0,

    /* U+57CE "城" */
    0x40, 0xa8, 0x15, 0x3f, 0xf4, 0x44, 0xea, 0x95,
    0x52, 0xab, 0x52, 0xce, 0x41, 0x14, 0x4c, 0x80,

    /* U+585E "塞" */
    0x4, 0x1f, 0xfe, 0x44, 0xbf, 0xe1, 0x11, 0xff,
    0xc8, 0x22, 0x22, 0xbf, 0xa0, 0x83, 0xff, 0x80,

    /* U+5889 "墉" */
    0x41, 0x9, 0xfd, 0x25, 0x77, 0xf4, 0x94, 0x9f,
    0xd3, 0x4b, 0x7f, 0xcd, 0x22, 0xfc, 0x54, 0x80,

    /* U+58EB "士" */
    0x4, 0x0, 0x80, 0x10, 0x2, 0xf, 0xfe, 0x8,
    0x1, 0x0, 0x20, 0x4, 0x0, 0x81, 0xff, 0x0,

    /* U+58EE "壮" */
    0x21, 0x4, 0x22, 0x84, 0x37, 0xf2, 0x10, 0x42,
    0x8, 0x43, 0x8, 0xa1, 0x4, 0x20, 0x9f, 0x0,

    /* U+58F3 "壳" */
    0x4, 0x1f, 0xfc, 0x10, 0x3f, 0xe0, 0x1, 0xff,
    0xe0, 0x8, 0xf8, 0x11, 0x4, 0x27, 0x7, 0x80,

    /* U+5904 "处" */
    0x20, 0x84, 0x10, 0xf2, 0x22, 0x44, 0x4d, 0x49,
    0x4a, 0x21, 0x44, 0x10, 0x85, 0x83, 0xf, 0x80,

    /* U+590D "复" */
    0x40, 0xf, 0xfe, 0x81, 0x1f, 0xe2, 0x4, 0x7f,
    0x82, 0x0, 0xfe, 0x70, 0x81, 0xe3, 0xc3, 0x80,

    /* U+5915 "夕" */
    0x10, 0x4, 0x1, 0xfc, 0x81, 0x50, 0x63, 0x20,
    0x28, 0x4, 0x2, 0x3, 0x7, 0x0,

    /* U+5916 "外" */
    0x21, 0x4, 0x20, 0xe4, 0x24, 0x84, 0x99, 0x52,
    0x84, 0x48, 0x88, 0x21, 0x8, 0x22, 0x4, 0x0,

    /* U+5919 "夙" */
    0x7f, 0xc8, 0x9, 0xff, 0x22, 0x24, 0x44, 0x9e,
    0x94, 0x53, 0x4a, 0x46, 0x48, 0x8e, 0x60, 0x80,

    /* U+591C "夜" */
    0x4, 0x1f, 0xfc, 0x88, 0x11, 0xe4, 0x44, 0x92,
    0xb5, 0x22, 0x14, 0x41, 0x8, 0xd1, 0x61, 0x80,

    /* U+5924 "夤" */
    0x7, 0xcf, 0x8, 0x12, 0x7f, 0xf8, 0x42, 0xff,
    0x91, 0x13, 0xfe, 0x44, 0x4f, 0xfb, 0x1, 0x80,

    /* U+5927 "大" */
    0x4, 0x0, 0x80, 0x10, 0x7f, 0xf0, 0x40, 0x14,
    0x2, 0x80, 0x88, 0x11, 0x4, 0x13, 0x1, 0x80,

    /* U+5929 "天" */
    0x7f, 0xc0, 0x80, 0x10, 0x2, 0xf, 0xfe, 0x8,
    0x2, 0x80, 0x50, 0x11, 0x4, 0x13, 0x1, 0x80,

    /* U+592B "夫" */
    0x4, 0x0, 0x81, 0xff, 0x2, 0x0, 0x41, 0xff,
    0xc1, 0x0, 0x50, 0x11, 0x4, 0x13, 0x1, 0x80,

    /* U+592C "夬" */
    0x4, 0x0, 0x81, 0xff, 0x2, 0x20, 0x44, 0x8,
    0xbf, 0xf8, 0x50, 0x11, 0x4, 0x13, 0x1, 0x80,

    /* U+5931 "失" */
    0x24, 0x4, 0x80, 0xff, 0x22, 0x8, 0x40, 0x8,
    0x3f, 0xf8, 0x50, 0x11, 0x4, 0x13, 0x1, 0x80,

    /* U+5937 "夷" */
    0x4, 0x1f, 0xfc, 0x10, 0x3f, 0xe0, 0x44, 0xff,
    0x91, 0x3, 0xff, 0xa, 0x26, 0x33, 0x1, 0x80,

    /* U+5954 "奔" */
    0x8, 0x1f, 0xfc, 0x44, 0x10, 0x4c, 0x46, 0x7f,
    0x1, 0x1, 0x4, 0xff, 0xe4, 0x13, 0x2, 0x0,

    /* U+5973 "女" */
    0x8, 0x1, 0x0, 0x20, 0x7f, 0xf1, 0x8, 0x21,
    0x8, 0x40, 0xc8, 0x6, 0x3, 0x33, 0x81, 0x80,

    /* U+597D "好" */
    0x27, 0xc4, 0xb, 0xc2, 0x28, 0x85, 0x10, 0xbf,
    0xe4, 0x42, 0x88, 0x21, 0xa, 0x22, 0x1c, 0x0,

    /* U+5982 "如" */
    0x20, 0x4, 0x7f, 0xe8, 0xa5, 0x14, 0xa3, 0x14,
    0x64, 0x8a, 0x91, 0x22, 0x2a, 0x7e, 0x20, 0x0,

    /* U+5984 "妄" */
    0x4, 0x1f, 0xfc, 0x80, 0x10, 0x3, 0xfc, 0x10,
    0x3f, 0xf8, 0x84, 0x31, 0x1, 0xc3, 0xc7, 0x80,

    /* U+5987 "妇" */
    0x27, 0xe4, 0x7, 0xc0, 0xa8, 0x15, 0x2, 0xaf,
    0xe4, 0xa, 0x81, 0x20, 0x2a, 0x6, 0x1f, 0x80,

    /* U+59A3 "妣" */
    0x24, 0x84, 0x93, 0xd2, 0x2a, 0x55, 0x6c, 0xa9,
    0x25, 0x22, 0xa4, 0x24, 0xaa, 0xb6, 0x1b, 0x80,

    /* U+59B9 "妹" */
    0x21, 0x4, 0x23, 0xdf, 0x28, 0x85, 0x10, 0xbf,
    0xe4, 0x42, 0x9c, 0x25, 0x4b, 0x26, 0x4, 0x0,

    /* U+59BB "妻" */
    0x4, 0x1f, 0xfc, 0x11, 0x7f, 0xf0, 0x44, 0xff,
    0x82, 0x7, 0xff, 0x10, 0x83, 0xe3, 0x83, 0x80,

    /* U+59BE "妾" */
    0x4, 0xf, 0xf8, 0x82, 0x8, 0x8f, 0xfe, 0x10,
    0x3f, 0xf8, 0x84, 0x31, 0x1, 0xc3, 0xc7, 0x80,

    /* U+59CB "始" */
    0x21, 0x4, 0x23, 0xc9, 0x2a, 0x25, 0xfa, 0xa0,
    0x25, 0xfa, 0xa1, 0x24, 0x2a, 0x86, 0x1f, 0x80,

    /* U+59E4 "姤" */
    0x20, 0x64, 0xf3, 0xd0, 0x2a, 0x5, 0x7e, 0xa8,
    0x25, 0x7a, 0xa9, 0x25, 0x2a, 0xa6, 0x27, 0x80,

    /* U+5A01 "威" */
    0x1, 0x40, 0x25, 0xff, 0xa0, 0x87, 0xf2, 0x92,
    0x5f, 0x52, 0xa4, 0x54, 0xa9, 0x2e, 0xd8, 0x80,

    /* U+5A23 "娣" */
    0x24, 0x44, 0x53, 0xdf, 0xa8, 0x95, 0x7e, 0xaa,
    0x25, 0xfa, 0x89, 0x23, 0x2a, 0xae, 0x4, 0x0,

    /* U+5A5A "婚" */
    0x27, 0xe4, 0x93, 0xdf, 0xaa, 0x25, 0x72, 0xa0,
    0x25, 0xfa, 0xa1, 0x27, 0xea, 0x86, 0x1f, 0x80,

    /* U+5ABE "媾" */
    0x22, 0x85, 0xff, 0xca, 0x2f, 0xf5, 0x28, 0xbf,
    0xe5, 0x52, 0xbe, 0x25, 0x4b, 0xfe, 0x11, 0x0,

    /* U+5B50 "子" */
    0x7f, 0x80, 0x10, 0x4, 0x1, 0x0, 0x41, 0xff,
    0xc1, 0x0, 0x20, 0x4, 0x0, 0x80, 0x70, 0x0,

    /* U+5B55 "孕" */
    0x7f, 0x82, 0x10, 0x43, 0x90, 0x15, 0xf3, 0x5,
    0x81, 0x7, 0xff, 0x4, 0x0, 0x80, 0x70, 0x0,

    /* U+5B57 "字" */
    0x4, 0x1f, 0xfe, 0x0, 0xdf, 0xd0, 0x10, 0x4,
    0x1, 0x7, 0xff, 0x4, 0x0, 0x80, 0x70, 0x0,

    /* U+5B58 "存" */
    0x8, 0x1f, 0xfc, 0x40, 0x13, 0xe2, 0x8, 0xc2,
    0x28, 0x41, 0x7f, 0x21, 0x4, 0x20, 0x8c, 0x0,

    /* U+5B5A "孚" */
    0x1, 0xff, 0xc9, 0x21, 0x12, 0x47, 0xfc, 0x2,
    0x0, 0x87, 0xff, 0x4, 0x0, 0x80, 0x70, 0x0,

    /* U+5B64 "孤" */
    0xe0, 0xe5, 0xe9, 0x25, 0x24, 0xa4, 0x94, 0xd2,
    0xb2, 0x52, 0x4a, 0x4a, 0x49, 0x57, 0x5d, 0x80,

    /* U+5B81 "宁" */
    0x4, 0x1f, 0xfe, 0x0, 0x80, 0xf, 0xfe, 0x8,
    0x1, 0x0, 0x20, 0x4, 0x0, 0x80, 0x70, 0x0,

    /* U+5B83 "它" */
    0x4, 0x1f, 0xfe, 0x0, 0xd0, 0x12, 0x8, 0x46,
    0xf, 0x1, 0x0, 0x20, 0x24, 0x4, 0x7f, 0x80,

    /* U+5B89 "安" */
    0x4, 0x1f, 0xfe, 0x0, 0x84, 0x0, 0x81, 0xff,
    0xc4, 0x21, 0x4, 0x11, 0x1, 0xc3, 0xc7, 0x80,

    /* U+5B8C "完" */
    0x4, 0x1f, 0xfe, 0x0, 0xdf, 0xd0, 0x0, 0x0,
    0x3f, 0xf8, 0x88, 0x11, 0x4, 0x27, 0x7, 0x80,

    /* U+5B97 "宗" */
    0x4, 0x1f, 0xfe, 0x0, 0xc0, 0x13, 0xf8, 0x0,
    0x3f, 0xf8, 0x20, 0x24, 0x98, 0x8c, 0x30, 0x0,

    /* U+5B98 "官" */
    0x4, 0x1f, 0xfe, 0x0, 0xdf, 0xd2, 0x8, 0x7f,
    0x8, 0x1, 0xfe, 0x20, 0x44, 0x8, 0xff, 0x0,

    /* U+5B9A "定" */
    0x4, 0x1f, 0xfe, 0x0, 0x80, 0x7, 0xfc, 0x8,
    0x9, 0x1, 0x3e, 0x24, 0xb, 0x82, 0xf, 0x80,

    /* U+5B9C "宜" */
    0x4, 0x1f, 0xfe, 0x0, 0xdf, 0xd2, 0x8, 0x7f,
    0x8, 0x21, 0xfc, 0x20, 0x84, 0x13, 0xff, 0x80,

    /* U+5B9E "实" */
    0x4, 0x1f, 0xfe, 0x0, 0xd1, 0x11, 0x20, 0x84,
    0x8, 0x87, 0xff, 0x5, 0x3, 0x13, 0x81, 0x80,

    /* U+5BA0 "宠" */
    0x4, 0x1f, 0xfe, 0x0, 0xc4, 0x90, 0x89, 0xff,
    0xc2, 0x80, 0x94, 0x13, 0x4, 0xc7, 0x2f, 0x80,

    /* U+5BA2 "客" */
    0x4, 0x1f, 0xfe, 0x20, 0xcf, 0x97, 0x10, 0x1c,
    0xc, 0x67, 0xff, 0x20, 0x84, 0x10, 0xfe, 0x0,

    /* U+5BAB "宫" */
    0x4, 0x1f, 0xfe, 0x0, 0xdf, 0xd2, 0x8, 0x7f,
    0x0, 0x3, 0xfe, 0x40, 0x48, 0x9, 0xff, 0x0,

    /* U+5BB3 "害" */
    0x4, 0x1f, 0xfe, 0x10, 0xdf, 0xd0, 0x40, 0xff,
    0x81, 0x7, 0xff, 0x40, 0x48, 0x9, 0xff, 0x0,

    /* U+5BB6 "家" */
    0x4, 0x1f, 0xfe, 0x0, 0xdf, 0xd0, 0xc0, 0x64,
    0xb3, 0xa1, 0x98, 0xce, 0x86, 0x4f, 0x30, 0x0,

    /* U+5BB9 "容" */
    0x4, 0x1f, 0xfe, 0x44, 0xb2, 0x60, 0xa0, 0x63,
    0x30, 0x19, 0xfc, 0x20, 0x84, 0x10, 0xfe, 0x0,

    /* U+5BBD "宽" */
    0x4, 0x1f, 0xfe, 0x44, 0xbf, 0xe1, 0x10, 0x7f,
    0x8, 0x21, 0x24, 0x24, 0x81, 0x47, 0xcf, 0x80,

    /* U+5BBE "宾" */
    0x4, 0x1f, 0xfe, 0x4, 0xdf, 0x12, 0x0, 0x7f,
    0x88, 0x41, 0x8, 0xff, 0xe4, 0x13, 0x1, 0x80,

    /* U+5BC6 "密" */
    0x4, 0x1f, 0xfe, 0x24, 0xa9, 0x29, 0xc2, 0x61,
    0x37, 0xe0, 0x0, 0x44, 0x48, 0x89, 0xff, 0x0,

    /* U+5BC7 "寇" */
    0x4, 0x1f, 0xfe, 0x0, 0xb8, 0x80, 0x1c, 0x2,
    0x3e, 0xf2, 0x92, 0x51, 0x8a, 0x4a, 0x7f, 0x80,

    /* U+5BCC "富" */
    0x4, 0x1f, 0xfe, 0x0, 0xdf, 0xd1, 0x10, 0x22,
    0x1f, 0xf2, 0x22, 0x7f, 0xc8, 0x89, 0xff, 0x0,

    /* U+5BD2 "寒" */
    0x4, 0x1f, 0xfe, 0x44, 0xbf, 0xe1, 0x11, 0xff,
    0xc4, 0x41, 0x64, 0xc3, 0x63, 0x80, 0xc, 0x0,

    /* U+5BD8 "寘" */
    0x4, 0x1f, 0xfe, 0x10, 0xbf, 0xe0, 0x40, 0x7f,
    0x8, 0x21, 0xfc, 0x20, 0x9f, 0xfd, 0x1, 0x0,

    /* U+5C04 "射" */
    0x20, 0x4f, 0x9, 0x2f, 0xbc, 0x24, 0x84, 0xf4,
    0x92, 0x57, 0xca, 0x28, 0x49, 0xa, 0x67, 0x0,

    /* U+5C0F "小" */
    0x4, 0x0, 0x80, 0x10, 0x12, 0x42, 0x44, 0x88,
    0x91, 0xc, 0x21, 0x4, 0x0, 0x80, 0x70, 0x0,

    /* U+5C11 "少" */
    0x4, 0x0, 0x80, 0x92, 0x12, 0x24, 0x43, 0x8,
    0x41, 0x20, 0x8, 0x6, 0x3, 0x3, 0x80, 0x0,

    /* U+5C14 "尔" */
    0x20, 0x7, 0xfd, 0x0, 0xc2, 0x20, 0x40, 0x49,
    0x9, 0x12, 0x21, 0x84, 0x20, 0x80, 0x70, 0x0,

    /* U+5C1A "尚" */
    0x44, 0x44, 0x90, 0x10, 0x7f, 0xf8, 0x3, 0x3e,
    0x64, 0x4c, 0x89, 0x9f, 0x30, 0x6, 0x3, 0x80,

    /* U+5C31 "就" */
    0x21, 0x5f, 0x24, 0x4, 0x7f, 0xf8, 0x91, 0x15,
    0x3e, 0xa1, 0x14, 0xaa, 0xb5, 0x55, 0x93, 0x80,

    /* U+5C38 "尸" */
    0x3f, 0xe4, 0x4, 0x80, 0x90, 0x13, 0xfe, 0x40,
    0x8, 0x1, 0x0, 0x40, 0x8, 0x2, 0x0, 0x0,

    /* U+5C3E "尾" */
    0x7f, 0xe8, 0x5, 0xff, 0xa0, 0xc5, 0xe0, 0x87,
    0x97, 0x82, 0x1f, 0x5e, 0x8, 0x46, 0xf, 0x80,

    /* U+5C40 "局" */
    0x7f, 0xc8, 0x9, 0xff, 0x20, 0x7, 0xfe, 0x80,
    0x57, 0xca, 0x89, 0x51, 0x2b, 0xe6, 0x3, 0x0,

    /* U+5C45 "居" */
    0x7f, 0xc8, 0x9, 0x1, 0x3f, 0xe4, 0x20, 0xff,
    0xd0, 0x82, 0xfe, 0x50, 0x4a, 0xa, 0x7f, 0x0,

    /* U+5C4B "屋" */
    0x7f, 0xe8, 0x5, 0xff, 0xa0, 0x7, 0xfe, 0x91,
    0x17, 0xd2, 0x10, 0x5f, 0xc8, 0x42, 0xff, 0x80,

    /* U+5C65 "履" */
    0x7f, 0xe8, 0x5, 0xff, 0xa5, 0x5, 0x3e, 0xcc,
    0x92, 0x92, 0x9e, 0x76, 0x4a, 0x32, 0x59, 0x80,

    /* U+5C66 "屦" */
    0x7f, 0xe8, 0x5, 0xff, 0xaa, 0xa6, 0xfe, 0xa7,
    0x1d, 0x52, 0xff, 0x52, 0x4a, 0x72, 0x71, 0x80,

    /* U+5C6F "屯" */
    0x4, 0x1f, 0xfc, 0x10, 0x22, 0x24, 0x44, 0x88,
    0x9f, 0xf0, 0x20, 0x4, 0x20, 0x84, 0xf, 0x80,

    /* U+5C71 "山" */
    0x4, 0x0, 0x80, 0x10, 0x42, 0x18, 0x43, 0x8,
    0x61, 0xc, 0x21, 0x84, 0x30, 0x87, 0xff, 0x80,

    /* U+5C81 "岁" */
    0x84, 0x30, 0x87, 0xff, 0x84, 0x1, 0x0, 0x7f,
    0xb4, 0x10, 0x44, 0x5, 0x0, 0xc1, 0xe0, 0x0,

    /* U+5C90 "岐" */
    0x20, 0x84, 0x12, 0xaf, 0xd4, 0x4a, 0x89, 0x57,
    0xea, 0x8d, 0x51, 0xf9, 0x40, 0x10, 0x1d, 0x80,

    /* U+5CF0 "峰" */
    0x21, 0x4, 0x3e, 0xa8, 0xd4, 0xea, 0xeb, 0x57,
    0xaa, 0x25, 0x5f, 0xf8, 0x80, 0xfc, 0x2, 0x0,

    /* U+5DDD "川" */
    0x20, 0x24, 0x44, 0x88, 0x91, 0x12, 0x22, 0x44,
    0x48, 0x89, 0x11, 0x42, 0x28, 0x46, 0x0, 0x80,

    /* U+5DE2 "巢" */
    0x24, 0x89, 0x20, 0x92, 0x3f, 0xe4, 0x44, 0xff,
    0x91, 0x17, 0xff, 0x15, 0x4, 0x93, 0x11, 0x80,

    /* U+5DE6 "左" */
    0x8, 0x1, 0x3, 0xff, 0x84, 0x1, 0x0, 0x20,
    0xb, 0xf9, 0x8, 0x41, 0x10, 0x20, 0x7f, 0x80,

    /* U+5DE9 "巩" */
    0xf, 0x9d, 0x11, 0x22, 0x24, 0x44, 0xc8, 0x95,
    0x12, 0x23, 0x44, 0xd0, 0xa2, 0x14, 0x83, 0x80,

    /* U+5DEB "巫" */
    0x7f, 0xc0, 0x80, 0x10, 0x12, 0x42, 0x48, 0x49,
    0x15, 0x54, 0x71, 0x4, 0x0, 0x83, 0xff, 0x80,

    /* U+5DF2 "已" */
    0xff, 0x80, 0x20, 0xa, 0x2, 0x80, 0xbf, 0xe8,
    0x2, 0x0, 0x80, 0x60, 0x17, 0xfc,

    /* U+5DF3 "巳" */
    0xff, 0xa0, 0x28, 0xa, 0x2, 0x80, 0xbf, 0xe8,
    0x2, 0x0, 0x80, 0x60, 0x17, 0xfc,

    /* U+5DF7 "巷" */
    0x11, 0xf, 0xf8, 0x44, 0x7f, 0xf1, 0x10, 0x41,
    0x1f, 0xf5, 0x5, 0x3f, 0x84, 0x4, 0x7f, 0x80,

    /* U+5DFD "巽" */
    0xf3, 0xd2, 0x4b, 0xcf, 0x45, 0x1f, 0xbe, 0x22,
    0x1f, 0xf0, 0x88, 0xff, 0xe4, 0x13, 0x1, 0x80,

    /* U+5E03 "布" */
    0x8, 0x1f, 0xfc, 0x40, 0x11, 0x4, 0x21, 0x7f,
    0x88, 0x91, 0x12, 0x22, 0x44, 0x58, 0x8, 0x0,

    /* U+5E05 "帅" */
    0x21, 0x14, 0x22, 0xbf, 0xd4, 0x9a, 0x93, 0x52,
    0x6a, 0x49, 0x49, 0x29, 0x68, 0x22, 0x4, 0x0,

    /* U+5E08 "师" */
    0x2f, 0xf4, 0x22, 0x84, 0x57, 0xfa, 0x93, 0x52,
    0x6a, 0x49, 0x49, 0x29, 0x68, 0x22, 0x4, 0x0,

    /* U+5E1B "帛" */
    0x8, 0xf, 0xf9, 0x1, 0x3f, 0xe4, 0x4, 0xff,
    0x81, 0x7, 0xff, 0x84, 0x30, 0x8c, 0x10, 0x0,

    /* U+5E1D "帝" */
    0x4, 0x1f, 0xfc, 0x82, 0x8, 0x8f, 0xff, 0x8,
    0x5f, 0xf2, 0x22, 0x44, 0x48, 0x98, 0x10, 0x0,

    /* U+5E26 "带" */
    0x24, 0x9f, 0xfc, 0x92, 0x0, 0xf, 0xff, 0x8,
    0x5f, 0xf2, 0x22, 0x44, 0x48, 0x98, 0x10, 0x0,

    /* U+5E55 "幕" */
    0x11, 0x1f, 0xfc, 0x44, 0x3f, 0xe4, 0x5, 0xff,
    0xc9, 0x23, 0xfe, 0xa4, 0xa4, 0xb0, 0x10, 0x0,

    /* U+5E72 "干" */
    0x7f, 0xc0, 0x80, 0x10, 0x2, 0x0, 0x41, 0xff,
    0xc1, 0x0, 0x20, 0x4, 0x0, 0x80, 0x10, 0x0,

    /* U+5E73 "平" */
    0x7f, 0xc0, 0x81, 0x11, 0x12, 0x40, 0x41, 0xff,
    0xc1, 0x0, 0x20, 0x4, 0x0, 0x80, 0x10, 0x0,

    /* U+5E74 "年" */
    0x20, 0x7, 0xfd, 0x8, 0x41, 0x3, 0xfc, 0x44,
    0x8, 0x87, 0xff, 0x2, 0x0, 0x40, 0x8, 0x0,

    /* U+5E76 "并" */
    0x20, 0x82, 0x23, 0xff, 0x88, 0x81, 0x10, 0x22,
    0x3f, 0xf8, 0x88, 0x11, 0x4, 0x23, 0x4, 0x0,

    /* U+5E7D "幽" */
    0x4, 0x14, 0x96, 0x92, 0xe2, 0x9d, 0x57, 0x49,
    0x69, 0x2e, 0xab, 0xf5, 0xf0, 0x87, 0xff, 0x80,

    /* U+5E86 "庆" */
    0x2, 0xf, 0xfd, 0x0, 0x21, 0x4, 0x20, 0xff,
    0xd0, 0x82, 0x28, 0x45, 0x9, 0x12, 0xc1, 0x80,

    /* U+5E8A "床" */
    0x2, 0xf, 0xfd, 0x0, 0x21, 0x4, 0x20, 0xff,
    0xd0, 0x82, 0x38, 0x4a, 0x8a, 0x4a, 0x88, 0x80,

    /* U+5E8F "序" */
    0x2, 0xf, 0xfd, 0x0, 0x2f, 0xe4, 0x8, 0x8a,
    0x1f, 0xfa, 0x11, 0x42, 0x48, 0x42, 0x38, 0x0,

    /* U+5E90 "庐" */
    0x4, 0xf, 0xfd, 0x8, 0x2f, 0xe5, 0x4, 0xa0,
    0x97, 0xf2, 0x80, 0x50, 0xa, 0x2, 0x80, 0x0,

    /* U+5E94 "应" */
    0x2, 0xf, 0xfd, 0x0, 0x22, 0x25, 0x44, 0xa4,
    0x92, 0x92, 0x44, 0x40, 0x88, 0x22, 0xff, 0x80,

    /* U+5E95 "底" */
    0x2, 0xf, 0xfd, 0x1, 0x2f, 0xc5, 0x10, 0xa2,
    0x17, 0xfa, 0x88, 0x50, 0x8a, 0x96, 0x69, 0x80,

    /* U+5E99 "庙" */
    0x2, 0xf, 0xfd, 0x8, 0x21, 0x5, 0xfc, 0xa4,
    0x94, 0x92, 0xfe, 0x52, 0x4a, 0x4a, 0x7f, 0x0,

    /* U+5E9A "庚" */
    0x2, 0xf, 0xfd, 0x8, 0x2f, 0xe4, 0x24, 0xff,
    0xd0, 0x92, 0xfe, 0x45, 0x9, 0x12, 0xc1, 0x80,

    /* U+5EAD "庭" */
    0x2, 0xf, 0xfd, 0x0, 0x3c, 0x34, 0xb8, 0xa1,
    0x1e, 0xfa, 0x44, 0x6b, 0xea, 0x2, 0xbf, 0x80,

    /* U+5EB6 "庶" */
    0x2, 0xf, 0xfd, 0x0, 0x24, 0x47, 0xfe, 0x91,
    0x12, 0x22, 0x7c, 0x40, 0xa, 0xaa, 0x8a, 0x80,

    /* U+5EB7 "康" */
    0x2, 0xf, 0xfd, 0x8, 0x2f, 0xe4, 0x24, 0xff,
    0xd0, 0x92, 0xfe, 0x52, 0x49, 0x52, 0xd9, 0x80,

    /* U+5EFA "建" */
    0xe2, 0x5, 0xf9, 0x9, 0x4f, 0xfe, 0x24, 0x5f,
    0xa8, 0x85, 0x7e, 0x42, 0xc, 0x42, 0x7f, 0x80,

    /* U+5F00 "开" */
    0xff, 0xe4, 0x10, 0x82, 0x10, 0x42, 0x9, 0xff,
    0xc8, 0x21, 0x4, 0x40, 0x88, 0x12, 0x2, 0x0,

    /* U+5F03 "弃" */
    0x4, 0x1f, 0xfc, 0x40, 0x10, 0x47, 0xf4, 0x0,
    0x4, 0x47, 0xff, 0x11, 0x4, 0x23, 0x4, 0x0,

    /* U+5F0B "弋" */
    0x4, 0x80, 0x88, 0x10, 0x3, 0xff, 0xc0, 0x8,
    0x0, 0x80, 0x10, 0x1, 0x20, 0x14, 0x1, 0x80,

    /* U+5F15 "引" */
    0xfc, 0x41, 0x10, 0x47, 0xf1, 0x80, 0x60, 0x1f,
    0xc4, 0x11, 0x4, 0x41, 0x13, 0x84,

    /* U+5F17 "弗" */
    0x12, 0x2, 0x43, 0xff, 0x9, 0x2f, 0xfd, 0x24,
    0x3f, 0xf8, 0x91, 0x12, 0x24, 0x5b, 0x8, 0x0,

    /* U+5F1F "弟" */
    0x20, 0x82, 0x21, 0xff, 0x2, 0x27, 0xfc, 0x88,
    0x1f, 0xf8, 0x61, 0x34, 0x38, 0x98, 0x10, 0x0,

    /* U+5F20 "张" */
    0xe4, 0x44, 0x88, 0x92, 0x72, 0x88, 0x41, 0x3f,
    0xf9, 0x41, 0x24, 0x24, 0x84, 0xab, 0x18, 0x80,

    /* U+5F27 "弧" */
    0xe0, 0xe5, 0xe8, 0xa5, 0x74, 0xa8, 0x95, 0x12,
    0xba, 0x51, 0x4a, 0x2a, 0x45, 0x57, 0x5d, 0x80,

    /* U+5F52 "归" */
    0x17, 0xf2, 0x6, 0x40, 0xc8, 0x19, 0x3, 0x2f,
    0xe4, 0x9, 0x1, 0x20, 0x28, 0x6, 0x1f, 0x80,

    /* U+5F62 "形" */
    0xff, 0x24, 0x88, 0x92, 0x12, 0x2, 0x43, 0xfe,
    0x89, 0x21, 0x20, 0x44, 0x28, 0x8a, 0x12, 0x0,

    /* U+5F6D "彭" */
    0x10, 0x3f, 0xc8, 0x46, 0x3e, 0x0, 0x2, 0xf8,
    0x91, 0x63, 0xe0, 0x48, 0x25, 0xcb, 0xc6, 0x0,

    /* U+5F7C "彼" */
    0x21, 0x9, 0xfe, 0x24, 0x94, 0x84, 0xff, 0x98,
    0x52, 0x8a, 0x4a, 0x48, 0x89, 0x29, 0x58, 0x80,

    /* U+5F80 "往" */
    0x22, 0x8, 0x22, 0x7f, 0x90, 0x84, 0x11, 0x82,
    0x13, 0xf2, 0x8, 0x41, 0x8, 0x21, 0x7f, 0x80,

    /* U+5F81 "征" */
    0x2f, 0xe8, 0x22, 0x4, 0x10, 0x84, 0x91, 0x93,
    0xd2, 0x42, 0x48, 0x49, 0x9, 0x21, 0x7f, 0x80,

    /* U+5F8B "律" */
    0x22, 0x9, 0xfa, 0x9, 0x17, 0xf4, 0x25, 0x9f,
    0x90, 0x82, 0x7e, 0x42, 0xb, 0xfd, 0x8, 0x0,

    /* U+5F90 "徐" */
    0x23, 0x88, 0x8a, 0x20, 0x93, 0xe4, 0x11, 0x82,
    0x17, 0xfa, 0x8, 0x49, 0x4a, 0x25, 0xc, 0x0,

    /* U+5F92 "徒" */
    0x21, 0x8, 0xfa, 0x4, 0x10, 0x84, 0xff, 0x82,
    0x11, 0x42, 0x2f, 0x45, 0x9, 0x61, 0x43, 0x80,

    /* U+5F97 "得" */
    0x2f, 0xc9, 0xa, 0x3f, 0x14, 0x24, 0xfd, 0x80,
    0x17, 0xfa, 0x4, 0x5f, 0xe9, 0x11, 0x16, 0x0,

    /* U+5FA1 "御" */
    0x28, 0xb, 0xde, 0x12, 0x92, 0x55, 0xeb, 0x89,
    0x55, 0xaa, 0xa5, 0x54, 0xea, 0xd1, 0x62, 0x0,

    /* U+5FAE "微" */
    0x2a, 0x8d, 0x52, 0xfb, 0x90, 0x95, 0xeb, 0x81,
    0x57, 0x2a, 0xa5, 0x56, 0x4a, 0x95, 0x84, 0x80,

    /* U+5FB7 "德" */
    0x21, 0x9, 0xfe, 0x4, 0x17, 0xf4, 0xab, 0x9f,
    0xd0, 0x2, 0x7f, 0x45, 0x4a, 0x95, 0x8e, 0x80,

    /* U+5FBD "徽" */
    0x35, 0xb, 0xfe, 0x4, 0x8f, 0x92, 0xa2, 0xa9,
    0x72, 0xaa, 0xfa, 0x44, 0x4a, 0x95, 0x9c, 0x80,

    /* U+5FC3 "心" */
    0x8, 0x0, 0x80, 0x8, 0x9, 0x1, 0x0, 0xa0,
    0x94, 0xa, 0x81, 0x90, 0xa2, 0x10, 0x3e, 0x0,

    /* U+5FC5 "必" */
    0x8, 0x0, 0x90, 0x12, 0x8, 0x45, 0x10, 0xa2,
    0x94, 0x8c, 0xa1, 0x18, 0xa6, 0x13, 0x3e, 0x0,

    /* U+5FE7 "忧" */
    0x21, 0x44, 0x26, 0xc4, 0x57, 0xfa, 0x11, 0x45,
    0x8, 0xa1, 0x14, 0x24, 0xa4, 0x94, 0xa3, 0x80,

    /* U+5FEB "快" */
    0x22, 0x4, 0x42, 0xbf, 0x59, 0x2a, 0x25, 0x44,
    0x8f, 0xf9, 0x10, 0x25, 0x5, 0x10, 0xc1, 0x80,

    /* U+6000 "怀" */
    0x2f, 0xe4, 0x12, 0x84, 0x58, 0x8a, 0x35, 0x4a,
    0x4a, 0x49, 0x8, 0x21, 0x4, 0x20, 0x84, 0x0,

    /* U+601D "思" */
    0x7f, 0xc8, 0x89, 0xff, 0x22, 0x24, 0x44, 0xff,
    0x80, 0x2, 0xa2, 0x52, 0x32, 0x14, 0x3e, 0x0,

    /* U+6052 "恒" */
    0x2f, 0xe4, 0x2, 0x9f, 0x5a, 0x2a, 0x45, 0x4f,
    0x89, 0x11, 0x22, 0x27, 0xc4, 0x0, 0xbf, 0x80,

    /* U+6064 "恤" */
    0x21, 0x4, 0x42, 0xbf, 0xdd, 0x5a, 0xab, 0x55,
    0x4a, 0xa9, 0x55, 0x2a, 0xa5, 0x54, 0xff, 0x80,

    /* U+606F "息" */
    0x8, 0x7, 0xf0, 0x82, 0x1f, 0xc2, 0x8, 0x7f,
    0x8, 0x21, 0xfc, 0x54, 0x4a, 0x56, 0x3e, 0x80,

    /* U+6076 "恶" */
    0x7f, 0xc1, 0x41, 0x29, 0x15, 0x40, 0xa1, 0xff,
    0xc0, 0x2, 0xa2, 0x52, 0x32, 0x14, 0x3e, 0x0,

    /* U+607B "恻" */
    0x2f, 0xa5, 0x16, 0xaa, 0xdd, 0x5a, 0xab, 0x55,
    0x4a, 0xa9, 0x55, 0x22, 0x24, 0xa4, 0xa3, 0x80,

    /* U+6094 "悔" */
    0x24, 0x4, 0xfe, 0xa0, 0x5b, 0xea, 0x55, 0x49,
    0x8b, 0xf9, 0x2a, 0x24, 0xc4, 0xfc, 0x81, 0x0,

    /* U+60CA "惊" */
    0x21, 0x5, 0xfe, 0x80, 0x5b, 0xea, 0x45, 0x48,
    0x89, 0xf1, 0x8, 0x25, 0x45, 0x24, 0x8c, 0x0,

    /* U+60D5 "惕" */
    0x27, 0xe4, 0x86, 0x9f, 0xda, 0x1a, 0x7f, 0x44,
    0x9, 0xf9, 0x55, 0x24, 0xa5, 0x24, 0x89, 0x80,

    /* U+60DF "惟" */
    0x22, 0x84, 0x52, 0xdf, 0xd6, 0x4a, 0x7f, 0x49,
    0x9, 0x21, 0x3f, 0x24, 0x84, 0x90, 0x9f, 0x80,

    /* U+60E0 "惠" */
    0x4, 0x1f, 0xfd, 0x11, 0x3f, 0xe4, 0x44, 0xff,
    0x81, 0x17, 0xfd, 0x54, 0x4a, 0x56, 0x3e, 0x80,

    /* U+6101 "愁" */
    0x11, 0x1c, 0xa4, 0x94, 0xfc, 0xa6, 0x11, 0x65,
    0xb, 0x18, 0x0, 0x54, 0x4a, 0x56, 0x3e, 0x80,

    /* U+6106 "愆" */
    0x24, 0xf8, 0x40, 0xa3, 0xe2, 0x24, 0x24, 0x98,
    0x90, 0x30, 0x20, 0x52, 0x4a, 0x16, 0x3e, 0x80,

    /* U+6120 "愠" */
    0x27, 0xc4, 0x8a, 0x9f, 0x5a, 0x2a, 0x7d, 0x40,
    0xb, 0xf9, 0x55, 0x2a, 0xa5, 0x54, 0xff, 0x80,

    /* U+612C "愬" */
    0x53, 0xff, 0x44, 0x8f, 0xd5, 0x1f, 0xbe, 0x44,
    0x51, 0x18, 0x10, 0x10, 0x4a, 0x6, 0x3e, 0x0,

    /* U+61A7 "憧" */
    0x21, 0x4, 0xfa, 0xca, 0x57, 0xfa, 0x55, 0x4f,
    0x89, 0x51, 0x2a, 0x2f, 0xe4, 0x20, 0xbf, 0x80,

    /* U+620B "戋" */
    0x4, 0x80, 0x88, 0x1f, 0xfe, 0x0, 0x40, 0xf,
    0xff, 0x0, 0x12, 0x3, 0x81, 0xa7, 0xc3, 0x80,

    /* U+620E "戎" */
    0x2, 0x80, 0x4b, 0xff, 0x81, 0x2, 0x24, 0x44,
    0xbe, 0xa1, 0x8, 0x21, 0x28, 0x56, 0x31, 0x80,

    /* U+6210 "成" */
    0x2, 0x80, 0x49, 0xff, 0xa1, 0x7, 0xa4, 0x94,
    0x92, 0xa2, 0x48, 0x59, 0x28, 0x56, 0x31, 0x80,

    /* U+6211 "我" */
    0x19, 0x5c, 0x24, 0x84, 0x7f, 0xf2, 0x10, 0x42,
    0x8e, 0x57, 0x4, 0x20, 0xa4, 0x2d, 0x88, 0x80,

    /* U+6212 "戒" */
    0x2, 0x80, 0x4b, 0xff, 0x81, 0x5, 0x24, 0xa4,
    0xbe, 0xa2, 0x88, 0x51, 0x2a, 0x56, 0x51, 0x80,

    /* U+6215 "戕" */
    0x52, 0x8a, 0x49, 0x48, 0x39, 0xf1, 0xe0, 0x24,
    0xbc, 0xa2, 0x88, 0x51, 0x2a, 0x56, 0x51, 0x80,

    /* U+6216 "或" */
    0x2, 0x80, 0x4b, 0xff, 0x81, 0x7, 0xa4, 0x94,
    0x92, 0xa3, 0xc8, 0x1, 0x23, 0x57, 0x91, 0x80,

    /* U+6218 "战" */
    0x21, 0x44, 0x24, 0xe4, 0x10, 0xf2, 0x70, 0x42,
    0x7e, 0x54, 0x44, 0x88, 0xb1, 0x2f, 0xe8, 0x80,

    /* U+621A "戚" */
    0x1, 0x40, 0x25, 0xff, 0xa4, 0x84, 0xf2, 0x92,
    0x5f, 0xd2, 0x44, 0x5a, 0xad, 0x2e, 0x68, 0x80,

    /* U+6237 "户" */
    0x2, 0x7, 0xfc, 0x80, 0x90, 0x13, 0xfe, 0x40,
    0x8, 0x1, 0x0, 0x40, 0x8, 0x2, 0x0, 0x0,

    /* U+6240 "所" */
    0x18, 0x6c, 0x71, 0x8, 0x3d, 0x4, 0xbe, 0x94,
    0x9e, 0x92, 0x12, 0x42, 0x48, 0x4a, 0x11, 0x0,

    /* U+624D "才" */
    0x1, 0x0, 0x23, 0xff, 0x80, 0x80, 0x30, 0xa,
    0x2, 0x41, 0x88, 0xc1, 0x0, 0x20, 0x1c, 0x0,

    /* U+6267 "执" */
    0x22, 0x4, 0x43, 0xdf, 0x11, 0x22, 0x24, 0x4c,
    0x8c, 0xd7, 0x12, 0x24, 0x44, 0x85, 0xa0, 0x80,

    /* U+626C "扬" */
    0x4f, 0xc8, 0x13, 0x84, 0x21, 0x4, 0xfe, 0xc5,
    0x71, 0x2a, 0x49, 0x41, 0x28, 0x47, 0x13, 0x0,

    /* U+627F "承" */
    0x3f, 0x80, 0x20, 0x18, 0x72, 0x52, 0xea, 0x49,
    0x8b, 0xa2, 0x22, 0x5f, 0x50, 0x84, 0x70, 0x0,

    /* U+6296 "抖" */
    0x40, 0x88, 0x93, 0x8a, 0x20, 0x44, 0x88, 0xc9,
    0x30, 0x3a, 0x1c, 0x4c, 0x88, 0x13, 0x2, 0x0,

    /* U+6298 "折" */
    0x40, 0xc9, 0xe3, 0xa0, 0x24, 0x4, 0xfe, 0xd1,
    0x32, 0x22, 0x44, 0x48, 0x89, 0x13, 0x42, 0x0,

    /* U+62A4 "护" */
    0x21, 0x4, 0x13, 0xdf, 0x92, 0x12, 0x42, 0x6f,
    0xf9, 0x1, 0x20, 0x24, 0x4, 0x83, 0xa0, 0x0,

    /* U+62C2 "拂" */
    0x42, 0x88, 0x53, 0xbf, 0xa1, 0x54, 0xfe, 0xd5,
    0x33, 0xfa, 0x15, 0x42, 0xa8, 0x9f, 0x62, 0x0,

    /* U+62C7 "拇" */
    0x4f, 0xc9, 0xb, 0xa9, 0x24, 0xa5, 0xfe, 0xd0,
    0xb2, 0x92, 0x4a, 0x4f, 0xe8, 0xb, 0x6, 0x0,

    /* U+62D4 "拔" */
    0x44, 0x88, 0x8b, 0xbf, 0xa2, 0x4, 0x40, 0xcf,
    0xb1, 0x12, 0x22, 0x4a, 0x89, 0x23, 0x5b, 0x80,

    /* U+62D8 "拘" */
    0x44, 0x8, 0xff, 0xa0, 0xa8, 0x14, 0x7a, 0xc9,
    0x71, 0x2a, 0x25, 0x47, 0xa8, 0x7, 0x3, 0x0,

    /* U+62EC "括" */
    0x40, 0xc9, 0xe3, 0x84, 0x20, 0x85, 0xfe, 0xc2,
    0x30, 0x42, 0x7e, 0x48, 0x49, 0xb, 0x3f, 0x0,

    /* U+62EF "拯" */
    0x4f, 0xc8, 0x13, 0x84, 0xae, 0xd4, 0x54, 0xca,
    0xb2, 0x4a, 0x89, 0x43, 0x8, 0x3, 0x7f, 0x80,

    /* U+6309 "按" */
    0x41, 0x9, 0xff, 0xa0, 0xa0, 0x84, 0x10, 0xdf,
    0xf0, 0x92, 0x22, 0x42, 0x88, 0x33, 0x39, 0x80,

    /* U+631B "挛" */
    0x4, 0x1f, 0xfc, 0x24, 0x24, 0xa9, 0x12, 0xff,
    0x81, 0x1, 0xfc, 0x4, 0x1f, 0xfc, 0x10, 0x0,

    /* U+632F "振" */
    0x4f, 0xe9, 0x3, 0xaf, 0x24, 0x4, 0xfe, 0xd5,
    0x32, 0xa2, 0x55, 0x4a, 0x49, 0x6b, 0x48, 0x80,

    /* U+635F "损" */
    0x47, 0xc8, 0x8b, 0x9f, 0x20, 0x4, 0xfe, 0xd0,
    0x72, 0x4a, 0x49, 0x42, 0x88, 0x8b, 0x20, 0x80,

    /* U+6362 "换" */
    0x42, 0x8, 0x73, 0x92, 0x27, 0xe4, 0x94, 0xd2,
    0xb2, 0x52, 0xff, 0x42, 0x88, 0x8b, 0x60, 0x80,

    /* U+636E "据" */
    0x4f, 0xe9, 0x7, 0xa0, 0xa7, 0xf4, 0x88, 0xdf,
    0xf2, 0x22, 0x5f, 0x4a, 0x29, 0x47, 0x4f, 0x80,

    /* U+6392 "排" */
    0x42, 0x88, 0x53, 0xbb, 0xa1, 0x44, 0x28, 0xdd,
    0xf0, 0xa2, 0x14, 0x4e, 0xe8, 0x53, 0xa, 0x0,

    /* U+63A3 "掣" */
    0x50, 0xaf, 0xd6, 0x42, 0xbf, 0x15, 0x26, 0x8,
    0x1f, 0xf0, 0x20, 0xff, 0xe0, 0x80, 0x70, 0x0,

    /* U+63A5 "接" */
    0x41, 0x9, 0xff, 0x91, 0x21, 0x44, 0xfe, 0xc2,
    0x33, 0xfa, 0x12, 0x44, 0x88, 0x73, 0x31, 0x80,

    /* U+63E1 "握" */
    0x4f, 0xe9, 0x7, 0xbf, 0xa4, 0x4, 0xfe, 0xd4,
    0xb3, 0xea, 0x44, 0x4b, 0xe9, 0x13, 0x5f, 0x80,

    /* U+6467 "摧" */
    0x49, 0x29, 0x27, 0xbf, 0xa2, 0x44, 0xfe, 0xd1,
    0x37, 0xfa, 0x44, 0x4f, 0xe9, 0x13, 0x3f, 0x80,

    /* U+649D "撝" */
    0x40, 0xcb, 0xe3, 0xa9, 0x27, 0xc4, 0x88, 0xdf,
    0xb2, 0x12, 0x7f, 0x48, 0x29, 0x57, 0x4b, 0x80,

    /* U+6536 "收" */
    0x12, 0x12, 0x42, 0x4f, 0xca, 0x29, 0xa5, 0x24,
    0xa4, 0xa5, 0x94, 0xd1, 0x2, 0x50, 0x51, 0x80,

    /* U+6538 "攸" */
    0x22, 0x4, 0x41, 0x4f, 0xaa, 0x2d, 0xa4, 0xa4,
    0x94, 0xa2, 0x94, 0x51, 0x8, 0x51, 0x31, 0x80,

    /* U+6539 "改" */
    0x2, 0x1e, 0x40, 0x4f, 0x8a, 0x21, 0xa5, 0xe4,
    0xa0, 0xa4, 0x14, 0x91, 0x14, 0x53, 0x31, 0x80,

    /* U+653B "攻" */
    0x2, 0x1e, 0x40, 0x8f, 0x92, 0x22, 0xa4, 0x44,
    0x88, 0xa1, 0x94, 0xc1, 0x0, 0x50, 0x31, 0x80,

    /* U+6545 "故" */
    0x22, 0x4, 0x43, 0xef, 0x92, 0x22, 0x24, 0x44,
    0xbe, 0xa4, 0x54, 0x89, 0x11, 0x53, 0xf1, 0x80,

    /* U+6548 "效" */
    0x11, 0x1f, 0xa0, 0x7, 0xa5, 0x28, 0x54, 0x92,
    0x92, 0x51, 0x4a, 0x10, 0x85, 0x2b, 0x18, 0x80,

    /* U+654C "敌" */
    0x1a, 0x1c, 0x40, 0x8f, 0x92, 0x2f, 0xa4, 0x44,
    0x88, 0xa7, 0xd4, 0x89, 0x11, 0x53, 0xf1, 0x80,

    /* U+655D "敝" */
    0x22, 0x15, 0x7e, 0xa9, 0x11, 0x2f, 0xc5, 0x4a,
    0xad, 0x57, 0x64, 0xa4, 0x94, 0xaa, 0xb8, 0x80,

    /* U+6566 "敦" */
    0x11, 0x1f, 0xe1, 0x17, 0xbe, 0xa0, 0x24, 0xfa,
    0x82, 0x50, 0xea, 0xf0, 0x82, 0x28, 0xd8, 0x80,

    /* U+656C "敬" */
    0x29, 0x1f, 0xe0, 0xa7, 0xa1, 0x27, 0xd5, 0xa,
    0x9d, 0x52, 0xaa, 0x74, 0x80, 0xa8, 0x68, 0x80,

    /* U+6570 "数" */
    0x95, 0xb, 0x23, 0xf7, 0x99, 0x25, 0x95, 0x2a,
    0x88, 0x57, 0xea, 0x24, 0x87, 0x2b, 0x18, 0x80,

    /* U+6574 "整" */
    0x11, 0x1f, 0xfd, 0x55, 0x3e, 0xa3, 0x88, 0xaa,
    0xbf, 0xf8, 0x20, 0x27, 0xc4, 0x83, 0xff, 0x80,

    /* U+6587 "文" */
    0x8, 0x0, 0x83, 0xff, 0x90, 0x42, 0x8, 0x22,
    0x4, 0x40, 0x50, 0x4, 0x3, 0x63, 0x83, 0x80,

    /* U+6597 "斗" */
    0x11, 0x1, 0x20, 0x14, 0x20, 0x82, 0x10, 0x22,
    0x0, 0x78, 0x78, 0xf1, 0x0, 0x20, 0x4, 0x0,

    /* U+65A7 "斧" */
    0x11, 0x4, 0x13, 0x45, 0x87, 0x3, 0x19, 0xbc,
    0xc8, 0x1, 0xfe, 0x21, 0x4, 0x21, 0x4, 0x0,

    /* U+65AF "斯" */
    0x48, 0x7f, 0xf1, 0x28, 0x3d, 0x4, 0xbe, 0xf4,
    0x92, 0x97, 0xf2, 0x2, 0x49, 0x4a, 0x11, 0x0,

    /* U+65B9 "方" */
    0x8, 0x0, 0x83, 0xff, 0x84, 0x0, 0x80, 0x1f,
    0x82, 0x10, 0x82, 0x10, 0x44, 0xb, 0x6, 0x0,

    /* U+65C5 "旅" */
    0x44, 0x8, 0xff, 0xe2, 0x24, 0x84, 0x28, 0xfd,
    0x52, 0xaa, 0x52, 0x8a, 0x51, 0x44, 0xcc, 0x80,

    /* U+65CB "旋" */
    0x44, 0x8, 0xff, 0xd0, 0x23, 0xf4, 0x92, 0xe2,
    0x15, 0x7a, 0xa8, 0x95, 0x12, 0xe0, 0xe3, 0x80,

    /* U+65E0 "无" */
    0x7f, 0xc0, 0x80, 0x10, 0x2, 0xf, 0xfe, 0x14,
    0x2, 0x80, 0x90, 0x12, 0x24, 0x47, 0xf, 0x80,

    /* U+65E2 "既" */
    0xf7, 0xf2, 0x93, 0xd2, 0x4a, 0x49, 0xff, 0xe1,
    0x20, 0x25, 0xc, 0x92, 0xb4, 0x97, 0x23, 0x80,

    /* U+65E5 "日" */
    0xff, 0xc0, 0x60, 0x30, 0x18, 0xf, 0xfe, 0x3,
    0x1, 0x80, 0xc0, 0x7f, 0xe0,

    /* U+65E7 "旧" */
    0x9f, 0xe4, 0x19, 0x6, 0x41, 0x90, 0x67, 0xf9,
    0x6, 0x41, 0x90, 0x64, 0x19, 0xfc,

    /* U+65EC "旬" */
    0x20, 0x7, 0xfd, 0x0, 0xdf, 0x92, 0x12, 0x7e,
    0x48, 0x49, 0x9, 0x3f, 0x20, 0x4, 0x3, 0x0,

    /* U+65F6 "时" */
    0x0, 0x5e, 0xa, 0x5f, 0xc8, 0x29, 0x5, 0xe8,
    0xa4, 0x94, 0x92, 0x90, 0x5e, 0x8, 0x7, 0x0,

    /* U+6603 "昃" */
    0x3f, 0xc4, 0x8, 0xff, 0x10, 0x23, 0xfc, 0x0,
    0x1f, 0xfa, 0x10, 0x42, 0x8, 0xa2, 0xe3, 0x80,

    /* U+660E "明" */
    0xf7, 0xf2, 0x86, 0x50, 0xcb, 0xff, 0x43, 0x28,
    0x65, 0xfc, 0xa1, 0xf4, 0x21, 0x4, 0x43, 0x80,

    /* U+6613 "易" */
    0x7f, 0xc8, 0x9, 0xff, 0x20, 0x27, 0xfc, 0x40,
    0xf, 0xfa, 0x49, 0x89, 0x22, 0x44, 0x93, 0x0,

    /* U+662F "是" */
    0x7f, 0xc8, 0x9, 0xff, 0x20, 0x27, 0xfc, 0x0,
    0x3f, 0xf9, 0x20, 0x27, 0xcb, 0x82, 0xf, 0x80,

    /* U+663C "昼" */
    0x7f, 0xc8, 0x9, 0xff, 0x20, 0x47, 0xfd, 0x41,
    0x4f, 0xe1, 0x4, 0x3f, 0x80, 0x3, 0xff, 0x80,

    /* U+663E "显" */
    0x7f, 0xc8, 0x9, 0xff, 0x20, 0x27, 0xfc, 0x22,
    0x24, 0x4a, 0x8a, 0x31, 0x82, 0x23, 0xff, 0x80,

    /* U+664B "晋" */
    0xff, 0xe1, 0x41, 0x29, 0x15, 0x4f, 0xfe, 0x0,
    0x1f, 0xf2, 0x2, 0x7f, 0xc8, 0x9, 0xff, 0x0,

    /* U+6666 "晦" */
    0x8, 0x1d, 0xfe, 0xc0, 0x57, 0xea, 0xa5, 0xd2,
    0xaf, 0xfd, 0x52, 0xa9, 0x5d, 0xfc, 0x1, 0x0,

    /* U+66F0 "曰" */
    0xff, 0xf0, 0x6, 0x0, 0xc0, 0x1f, 0xfb, 0x0,
    0x60, 0xc, 0x1, 0xff, 0xe0,

    /* U+66F3 "曳" */
    0x4, 0xf, 0xf9, 0x11, 0x3f, 0xe4, 0x44, 0x88,
    0x9f, 0xf0, 0x28, 0x2, 0x1, 0xa7, 0xc3, 0x80,

    /* U+66F7 "曷" */
    0x7f, 0xc8, 0x9, 0xff, 0x20, 0x27, 0xfc, 0x40,
    0x1f, 0xfc, 0x21, 0x4a, 0x2f, 0xe4, 0x3, 0x0,

    /* U+6700 "最" */
    0x7f, 0xc8, 0x9, 0xff, 0x20, 0x2f, 0xfe, 0x90,
    0x1e, 0xfa, 0x51, 0x5d, 0x5d, 0x10, 0x2d, 0x80,

    /* U+6708 "月" */
    0x3f, 0xc8, 0x12, 0x4, 0xff, 0x20, 0x48, 0x13,
    0xfc, 0x81, 0x40, 0x50, 0x18, 0x1c,

    /* U+6709 "有" */
    0x8, 0x1f, 0xfc, 0x40, 0x10, 0x3, 0xfc, 0xc0,
    0xaf, 0xf1, 0x2, 0x3f, 0xc4, 0x8, 0x87, 0x0,

    /* U+670B "朋" */
    0x79, 0xe9, 0x25, 0x24, 0xbc, 0xf4, 0x92, 0x92,
    0x5e, 0x7a, 0x49, 0x49, 0x29, 0x26, 0x69, 0x80,

    /* U+671B "望" */
    0x23, 0xff, 0xc5, 0xf, 0xa1, 0x17, 0xbe, 0x8,
    0x7f, 0xf8, 0x20, 0x7f, 0xc0, 0x83, 0xff, 0x80,

    /* U+671D "朝" */
    0x23, 0xff, 0x44, 0x88, 0xfd, 0xf8, 0xa3, 0xf4,
    0x62, 0xff, 0xd1, 0x22, 0x3f, 0x44, 0x91, 0x80,

    /* U+671F "期" */
    0x49, 0xff, 0xa5, 0x24, 0xbc, 0xf4, 0x92, 0xf2,
    0x52, 0x7f, 0xe9, 0x1, 0x29, 0x46, 0x11, 0x80,

    /* U+6728 "木" */
    0x4, 0x0, 0x83, 0xff, 0x8a, 0x81, 0x50, 0x2a,
    0x9, 0x21, 0x24, 0x44, 0x50, 0x84, 0x10, 0x0,

    /* U+672A "未" */
    0x4, 0x0, 0x81, 0xff, 0x2, 0x0, 0x41, 0xff,
    0xc5, 0x40, 0xa8, 0x24, 0x98, 0x8c, 0x10, 0x0,

    /* U+672C "本" */
    0x4, 0x0, 0x83, 0xff, 0x8a, 0x81, 0x50, 0x2a,
    0x9, 0x21, 0x24, 0x5f, 0x50, 0x84, 0x10, 0x0,

    /* U+6731 "朱" */
    0x24, 0x4, 0x81, 0xff, 0x42, 0x0, 0x41, 0xff,
    0xc3, 0x80, 0xa8, 0x24, 0x98, 0x8c, 0x10, 0x0,

    /* U+6735 "朵" */
    0x1f, 0x2, 0x20, 0x44, 0x10, 0x8c, 0x1e, 0x8,
    0x1, 0x7, 0xff, 0x15, 0x4, 0x93, 0x11, 0x80,

    /* U+673A "机" */
    0x27, 0x84, 0x93, 0xd2, 0x12, 0x42, 0x48, 0xc9,
    0x1d, 0x25, 0x24, 0x24, 0xa4, 0x94, 0xa3, 0x80,

    /* U+6740 "杀" */
    0x60, 0x43, 0x30, 0x18, 0xc, 0x86, 0xc, 0x8,
    0x3f, 0xf8, 0x20, 0x24, 0x88, 0x8a, 0x30, 0x80,

    /* U+675E "杞" */
    0x27, 0xc4, 0xb, 0xc1, 0x10, 0x22, 0x4, 0xcf,
    0x9d, 0x5, 0x20, 0x24, 0x24, 0x84, 0x8f, 0x80,

    /* U+675F "束" */
    0x4, 0x1f, 0xfc, 0x10, 0x3f, 0xe4, 0x44, 0x88,
    0x9f, 0xf0, 0xa8, 0x24, 0x98, 0x8c, 0x10, 0x0,

    /* U+6765 "来" */
    0x4, 0xf, 0xf8, 0x10, 0x12, 0x41, 0x51, 0xff,
    0xc3, 0x80, 0xa8, 0x24, 0x98, 0x8c, 0x10, 0x0,

    /* U+6768 "杨" */
    0x2f, 0xc4, 0x13, 0xc4, 0x11, 0x2, 0xfe, 0xc5,
    0x5d, 0x2d, 0x49, 0x21, 0x24, 0x44, 0x93, 0x0,

    /* U+6784 "构" */
    0x24, 0x4, 0xff, 0xd0, 0x95, 0x12, 0x22, 0xc4,
    0x5d, 0x2d, 0x25, 0x2f, 0x64, 0x4, 0x83, 0x0,

    /* U+6795 "枕" */
    0x21, 0x4, 0x23, 0xff, 0x94, 0x92, 0x92, 0xc2,
    0x1c, 0xa5, 0x14, 0x24, 0xa4, 0x94, 0xa3, 0x80,

    /* U+6797 "林" */
    0x21, 0x4, 0x23, 0xff, 0x90, 0x82, 0x10, 0xc7,
    0x1d, 0x55, 0x49, 0x21, 0x4, 0x20, 0x84, 0x0,

    /* U+679A "枚" */
    0x22, 0x4, 0x43, 0xcf, 0x92, 0x22, 0xa4, 0xc4,
    0x9c, 0xa5, 0x14, 0x21, 0x4, 0x50, 0xb1, 0x80,

    /* U+679C "果" */
    0x7f, 0xc8, 0x89, 0xff, 0x22, 0x27, 0xfc, 0x8,
    0x3f, 0xf8, 0xa8, 0x24, 0x98, 0x8c, 0x10, 0x0,

    /* U+67AF "枯" */
    0x21, 0x4, 0x23, 0xdf, 0x90, 0x82, 0x10, 0xc2,
    0x1d, 0xf5, 0x22, 0x24, 0x44, 0x88, 0x9f, 0x0,

    /* U+67C5 "柅" */
    0x27, 0xe4, 0x87, 0xd0, 0x93, 0xf2, 0x40, 0xca,
    0x1d, 0x4d, 0x2e, 0x25, 0x4, 0xa4, 0xa3, 0x80,

    /* U+67E5 "查" */
    0x4, 0x1f, 0xfc, 0x54, 0x12, 0x4f, 0xfe, 0x41,
    0xf, 0xe1, 0x4, 0x3f, 0x80, 0x3, 0xff, 0x80,

    /* U+680B "栋" */
    0x22, 0x5, 0xff, 0xd0, 0x14, 0x82, 0x90, 0xdf,
    0xdc, 0x45, 0x2a, 0x25, 0x25, 0x24, 0x8c, 0x0,

    /* U+6821 "校" */
    0x21, 0x5, 0xff, 0xc0, 0x12, 0x22, 0x82, 0xc8,
    0x9d, 0x15, 0x14, 0x21, 0x4, 0x50, 0xb1, 0x80,

    /* U+682A "株" */
    0x25, 0x4, 0xa3, 0xdf, 0x14, 0x82, 0x10, 0xdf,
    0xdc, 0x45, 0x1c, 0x25, 0x45, 0x24, 0x84, 0x0,

    /* U+6846 "框" */
    0x2f, 0xe5, 0x3, 0xef, 0x94, 0x42, 0x88, 0xd7,
    0xde, 0x25, 0x44, 0x2b, 0xe5, 0x0, 0xbf, 0x80,

    /* U+684E "桎" */
    0x2f, 0xe4, 0x23, 0xc8, 0x12, 0x22, 0xfa, 0xc2,
    0x1c, 0x45, 0x7f, 0x21, 0x4, 0x20, 0xbf, 0x80,

    /* U+6851 "桑" */
    0x3f, 0x82, 0x20, 0x38, 0x7d, 0xf4, 0xa4, 0x63,
    0x32, 0x98, 0x20, 0xff, 0xe4, 0x93, 0x11, 0x80,

    /* U+6853 "桓" */
    0x2f, 0xe4, 0x3, 0xdf, 0x12, 0x22, 0x44, 0xcf,
    0x9d, 0x15, 0x22, 0x27, 0xc4, 0x0, 0xbf, 0x80,

    /* U+6861 "桡" */
    0x22, 0x4, 0x4f, 0xde, 0x11, 0x22, 0x1a, 0xcc,
    0xdc, 0x5, 0x7f, 0x22, 0x84, 0x94, 0xa3, 0x80,

    /* U+6877 "桷" */
    0x22, 0x4, 0x7b, 0xd1, 0x17, 0xf2, 0x52, 0xcf,
    0xdd, 0x4d, 0x3f, 0x25, 0x24, 0xa4, 0xa5, 0x80,

    /* U+688F "梏" */
    0x25, 0x4, 0xfb, 0xe4, 0x10, 0x82, 0xfe, 0xc0,
    0x1d, 0xf5, 0x22, 0x24, 0x44, 0x88, 0x9f, 0x0,

    /* U+68C0 "检" */
    0x21, 0x4, 0x53, 0xd1, 0x14, 0x12, 0x7c, 0xc0,
    0x1a, 0x8d, 0xaa, 0x25, 0x44, 0x10, 0xbf, 0x80,

    /* U+68D8 "棘" */
    0x20, 0x9f, 0x7c, 0x82, 0x7d, 0xfa, 0xab, 0x55,
    0x6e, 0xb9, 0x4, 0x71, 0xd5, 0x54, 0x82, 0x0,

    /* U+6A3D "樽" */
    0x24, 0x45, 0xff, 0xca, 0x17, 0xf2, 0xaa, 0xd5,
    0x5b, 0x7d, 0x41, 0x3f, 0xe4, 0x88, 0x8b, 0x0,

    /* U+6B21 "次" */
    0x84, 0x8, 0x81, 0x1f, 0x84, 0x11, 0x14, 0x2,
    0x10, 0x42, 0x14, 0x42, 0x90, 0x8a, 0x60, 0x80,

    /* U+6B32 "欲" */
    0x51, 0x11, 0x20, 0x87, 0xa9, 0x18, 0xaa, 0x9,
    0x3e, 0x24, 0x44, 0x89, 0x51, 0x2b, 0xe8, 0x80,

    /* U+6B4C "歌" */
    0xfd, 0x15, 0x22, 0xa7, 0xf5, 0x10, 0xab, 0xf9,
    0x2a, 0x25, 0x44, 0xe9, 0x41, 0x28, 0x68, 0x80,

    /* U+6B63 "正" */
    0xff, 0xe0, 0x80, 0x10, 0x2, 0x2, 0x40, 0x4f,
    0x89, 0x1, 0x20, 0x24, 0x4, 0x83, 0xff, 0x80,

    /* U+6B64 "此" */
    0x11, 0x2, 0x20, 0x44, 0xa8, 0xa5, 0xd8, 0xa2,
    0x14, 0x42, 0x88, 0x51, 0x2b, 0xa7, 0x83, 0x80,

    /* U+6B66 "武" */
    0x7d, 0x40, 0x27, 0xff, 0x80, 0x81, 0x10, 0xa2,
    0x17, 0x42, 0x84, 0x50, 0xab, 0x8f, 0x80, 0x80,

    /* U+6B7B "死" */
    0xff, 0xe4, 0x40, 0x88, 0x1d, 0x14, 0xa4, 0x97,
    0x2a, 0x80, 0x90, 0x12, 0x24, 0x47, 0x7, 0x80,

    /* U+6BB5 "段" */
    0x19, 0xcc, 0x29, 0x5, 0x3c, 0xa4, 0x66, 0xf0,
    0x10, 0xfa, 0x11, 0xf9, 0x48, 0x11, 0x1d, 0x80,

    /* U+6BCD "母" */
    0x3f, 0xc4, 0x8, 0x91, 0x11, 0x2f, 0xfe, 0x80,
    0x91, 0x12, 0x12, 0x7f, 0xe0, 0x8, 0x6, 0x0,

    /* U+6BD2 "毒" */
    0x4, 0xf, 0xf8, 0x10, 0x3f, 0xe0, 0x41, 0xff,
    0xc9, 0x17, 0xff, 0x42, 0x4f, 0xfc, 0x1, 0x0,

    /* U+6BD4 "比" */
    0x82, 0x10, 0x42, 0x8, 0xc1, 0x2f, 0xb9, 0x4,
    0x20, 0x84, 0x10, 0x82, 0x33, 0x47, 0x87, 0x80,

    /* U+6BEB "毫" */
    0x4, 0x1f, 0xfc, 0x82, 0x1f, 0xc0, 0x1, 0xff,
    0xe1, 0xcb, 0xc0, 0xf, 0xdf, 0x4, 0x1f, 0x80,

    /* U+6C34 "水" */
    0x4, 0x0, 0x80, 0x10, 0xfb, 0x21, 0x68, 0x2a,
    0x9, 0x41, 0x24, 0x44, 0x50, 0x84, 0x70, 0x0,

    /* U+6C38 "永" */
    0xc, 0x0, 0x40, 0xf0, 0x82, 0x2f, 0x68, 0x2a,
    0x5, 0x41, 0x24, 0x44, 0x50, 0x84, 0x70, 0x0,

    /* U+6C42 "求" */
    0x4, 0x80, 0x8b, 0xff, 0x82, 0x4, 0x44, 0x4d,
    0x1, 0x40, 0x64, 0x34, 0x58, 0x84, 0x70, 0x0,

    /* U+6C47 "汇" */
    0x4f, 0xe5, 0x0, 0x20, 0x44, 0x4, 0x80, 0x10,
    0x2, 0x2, 0x40, 0x48, 0x11, 0x2, 0x3f, 0x80,

    /* U+6C54 "汔" */
    0x44, 0x4, 0xfc, 0x20, 0x48, 0x4, 0xfc, 0x1,
    0x0, 0x42, 0x10, 0x44, 0x11, 0x6, 0x1f, 0x80,

    /* U+6C57 "汗" */
    0x4f, 0xc4, 0x20, 0x4, 0x40, 0x84, 0x10, 0x3f,
    0xc0, 0x42, 0x8, 0x41, 0x10, 0x22, 0x4, 0x0,

    /* U+6C72 "汲" */
    0x4f, 0xc4, 0x88, 0x11, 0x42, 0x44, 0x4e, 0x8,
    0x41, 0x8a, 0x2a, 0x48, 0x91, 0x2a, 0x58, 0x80,

    /* U+6C99 "沙" */
    0x41, 0x4, 0x20, 0x25, 0x44, 0x94, 0x92, 0x22,
    0x0, 0x4a, 0x2, 0x40, 0x90, 0x62, 0x70, 0x0,

    /* U+6C9B "沛" */
    0x41, 0x4, 0x20, 0x3f, 0xc0, 0x84, 0xfe, 0x12,
    0x42, 0x4a, 0x49, 0x49, 0x70, 0x22, 0x4, 0x0,

    /* U+6CAC "沬" */
    0x41, 0x4, 0x20, 0x3f, 0x40, 0x84, 0x10, 0x3f,
    0xc0, 0x42, 0x1c, 0x45, 0x53, 0x26, 0x4, 0x0,

    /* U+6CB1 "沱" */
    0x41, 0x5, 0xfc, 0x20, 0xc2, 0x4, 0x44, 0x9,
    0x1, 0xc2, 0x20, 0x44, 0x30, 0x86, 0xf, 0x80,

    /* U+6CB3 "河" */
    0x9f, 0xe8, 0x8, 0x1, 0x47, 0xa4, 0x94, 0x12,
    0x82, 0x52, 0x7a, 0x40, 0x50, 0xa, 0x7, 0x0,

    /* U+6CC9 "泉" */
    0x8, 0xf, 0xf9, 0x1, 0x3f, 0xe4, 0x4, 0xff,
    0x81, 0xf, 0xb6, 0x15, 0x4, 0x93, 0x31, 0x80,

    /* U+6CD5 "法" */
    0x41, 0x4, 0x20, 0x3f, 0x40, 0x84, 0x10, 0x3f,
    0xc0, 0x82, 0x22, 0x44, 0x51, 0x36, 0x78, 0x80,

    /* U+6CE3 "泣" */
    0x82, 0x8, 0x20, 0x7f, 0xc0, 0x4, 0x84, 0x10,
    0x81, 0x12, 0x24, 0x44, 0x90, 0x22, 0x7f, 0x80,

    /* U+6CE5 "泥" */
    0x4f, 0xe5, 0x4, 0x20, 0xc7, 0xf4, 0x80, 0x14,
    0x2, 0x9a, 0x5c, 0x4a, 0x11, 0x46, 0x47, 0x80,

    /* U+6CF0 "泰" */
    0x4, 0xf, 0xf8, 0x20, 0x3f, 0xe1, 0x1, 0xff,
    0xc9, 0x22, 0xaa, 0x8e, 0x22, 0xa1, 0xb3, 0x0,

    /* U+6CFD "泽" */
    0x4f, 0xe5, 0x4, 0x11, 0x41, 0xc4, 0xc6, 0x2,
    0x1, 0xf2, 0x8, 0x4f, 0xf0, 0x22, 0x4, 0x0,

    /* U+6D1F "洟" */
    0x41, 0x5, 0xfc, 0x4, 0x47, 0xf4, 0x12, 0x1f,
    0xc2, 0x42, 0x7f, 0x41, 0x30, 0x52, 0x71, 0x80,

    /* U+6D4E "济" */
    0x81, 0xb, 0xfc, 0x21, 0x42, 0x44, 0x30, 0x9,
    0x6, 0x1a, 0x42, 0x48, 0x51, 0xa, 0x41, 0x0,

    /* U+6D5A "浚" */
    0x4, 0x51, 0x9, 0x7f, 0x81, 0x48, 0x4a, 0xb0,
    0xc0, 0xf2, 0x62, 0x44, 0x90, 0x72, 0x71, 0x80,

    /* U+6D82 "涂" */
    0x83, 0x88, 0x88, 0x60, 0xc3, 0xe4, 0x10, 0x2,
    0x7, 0xfa, 0x8, 0x49, 0x52, 0x26, 0xc, 0x0,

    /* U+6D89 "涉" */
    0x81, 0x9, 0x3c, 0x24, 0x44, 0x85, 0xfe, 0x2,
    0x2, 0x4a, 0x89, 0x40, 0x50, 0x32, 0x78, 0x0,

    /* U+6D95 "涕" */
    0x88, 0x88, 0xa0, 0x7f, 0x41, 0x25, 0xfc, 0x24,
    0x7, 0xfa, 0x31, 0x4a, 0x36, 0x5a, 0x8, 0x0,

    /* U+6D9F "涟" */
    0x90, 0x89, 0x7c, 0x4, 0x41, 0x25, 0xa4, 0x17,
    0xc2, 0x12, 0x5f, 0x48, 0x52, 0x8a, 0x4f, 0x80,

    /* U+6DA3 "涣" */
    0x84, 0x8, 0xf0, 0x22, 0x4f, 0xe5, 0x24, 0x24,
    0x84, 0x93, 0xff, 0x45, 0x11, 0x12, 0xc1, 0x80,

    /* U+6E0A "渊" */
    0x49, 0x25, 0x24, 0x35, 0xc5, 0xd4, 0x92, 0x1f,
    0xc2, 0x4a, 0x5d, 0x4d, 0x71, 0x26, 0x44, 0x80,

    /* U+6E0E "渎" */
    0x81, 0x9, 0xf8, 0x4, 0x4f, 0xf4, 0x42, 0x25,
    0x2, 0x22, 0xff, 0x41, 0x10, 0xca, 0x60, 0x80,

    /* U+6E10 "渐" */
    0x84, 0x2b, 0xd8, 0x22, 0x4a, 0x45, 0x4e, 0x3d,
    0x41, 0x2a, 0x35, 0x5c, 0xb0, 0x96, 0x14, 0x80,

    /* U+6E1D "渝" */
    0x43, 0x4, 0x90, 0x21, 0x4b, 0xd4, 0x0, 0x3d,
    0x44, 0xaa, 0xf5, 0x52, 0xb3, 0xc6, 0x49, 0x80,

    /* U+6E25 "渥" */
    0x9f, 0xea, 0x4, 0x7f, 0xc8, 0x5, 0xfe, 0x28,
    0x87, 0xea, 0x88, 0x57, 0xd2, 0x22, 0xbf, 0x80,

    /* U+6E2B "渫" */
    0x45, 0x45, 0xfc, 0x15, 0x42, 0xe4, 0x40, 0xf,
    0xc0, 0x42, 0x7f, 0x43, 0x90, 0xaa, 0x24, 0x80,

    /* U+6E90 "源" */
    0x9f, 0xea, 0x20, 0x5f, 0x4a, 0x25, 0x7c, 0x28,
    0x85, 0xf2, 0x88, 0x55, 0x52, 0xa6, 0xac, 0x80,

    /* U+6EDA "滚" */
    0x1, 0x13, 0xfd, 0x12, 0x5, 0x29, 0x2a, 0x88,
    0x83, 0xf2, 0x29, 0x59, 0x51, 0x12, 0x39, 0x80,

    /* U+6F0F "漏" */
    0x9f, 0xea, 0x4, 0x7f, 0xc8, 0x5, 0x7e, 0x21,
    0x5, 0xfa, 0xb7, 0x55, 0xb2, 0xde, 0x96, 0x80,

    /* U+6F5C "潜" */
    0x44, 0x45, 0xdc, 0x11, 0x4f, 0x74, 0x44, 0x35,
    0x43, 0xf2, 0x42, 0x4f, 0xd1, 0xa, 0x3f, 0x0,

    /* U+6FE1 "濡" */
    0x4f, 0xe4, 0x20, 0x3f, 0xc4, 0x94, 0x54, 0x0,
    0x3, 0xfa, 0x8, 0x4f, 0xf1, 0x56, 0x2a, 0x80,

    /* U+706B "火" */
    0x4, 0x0, 0x80, 0x91, 0x12, 0x24, 0x48, 0x8,
    0x2, 0x80, 0x50, 0x11, 0x4, 0x13, 0x1, 0x80,

    /* U+706D "灭" */
    0xff, 0xe0, 0x80, 0x10, 0x12, 0x22, 0x44, 0x89,
    0x2, 0x80, 0x50, 0x11, 0x4, 0x13, 0x1, 0x80,

    /* U+7075 "灵" */
    0x7f, 0xc0, 0x8, 0xff, 0x0, 0x27, 0xfc, 0x8,
    0x9, 0x12, 0x24, 0xa, 0x6, 0x33, 0x1, 0x80,

    /* U+707E "灾" */
    0x4, 0x1f, 0xfe, 0x0, 0x82, 0x2, 0x44, 0x48,
    0x92, 0xa0, 0x50, 0x11, 0x4, 0x13, 0x1, 0x80,

    /* U+70B9 "点" */
    0x4, 0x0, 0xfc, 0x10, 0x2, 0x7, 0xfc, 0x80,
    0x90, 0x13, 0xfe, 0x0, 0xa, 0x4a, 0x24, 0x80,

    /* U+711A "焚" */
    0x20, 0x9f, 0x7c, 0x82, 0x38, 0xea, 0xaa, 0x41,
    0x9, 0x12, 0x24, 0xa, 0x6, 0x33, 0x1, 0x80,

    /* U+7136 "然" */
    0x41, 0x4f, 0x25, 0x3f, 0x54, 0x81, 0x10, 0xa5,
    0x9, 0x16, 0x41, 0x0, 0xa, 0x4a, 0x24, 0x80,

    /* U+71D5 "燕" */
    0x11, 0x1f, 0xfc, 0x44, 0xf, 0x82, 0xb, 0xdd,
    0x8a, 0xab, 0x77, 0x80, 0xa, 0x4a, 0x24, 0x80,

    /* U+7235 "爵" */
    0x1, 0xcf, 0xc8, 0x92, 0x7f, 0xf9, 0x13, 0xff,
    0xd2, 0x13, 0xdf, 0x41, 0x49, 0x9, 0xd3, 0x0,

    /* U+7236 "父" */
    0x11, 0x4, 0x11, 0x1, 0x50, 0x52, 0x8, 0x22,
    0x2, 0x80, 0x20, 0xa, 0x6, 0x33, 0x1, 0x80,

    /* U+723B "爻" */
    0x60, 0x43, 0x30, 0x18, 0xc, 0xce, 0x6, 0x22,
    0x4, 0x40, 0x50, 0x4, 0x3, 0x63, 0x83, 0x80,

    /* U+7256 "牖" */
    0xa1, 0x15, 0xfe, 0xa0, 0xff, 0xf8, 0x95, 0x1f,
    0xfb, 0x4d, 0x7f, 0xad, 0x35, 0xfe, 0xd4, 0x80,

    /* U+7259 "牙" */
    0x7f, 0xc4, 0x20, 0x84, 0x20, 0x87, 0xfe, 0x6,
    0x1, 0x40, 0x48, 0x31, 0x18, 0x20, 0x1c, 0x0,

    /* U+725B "牛" */
    0x44, 0x8, 0x81, 0xff, 0x22, 0x8, 0x40, 0x8,
    0x3f, 0xf8, 0x20, 0x4, 0x0, 0x80, 0x10, 0x0,

    /* U+725D "牝" */
    0x24, 0x14, 0x83, 0xd0, 0xd2, 0x62, 0x70, 0x68,
    0x39, 0x1, 0x20, 0x24, 0x24, 0x84, 0x8f, 0x80,

    /* U+7272 "牲" */
    0x24, 0x94, 0x93, 0xdf, 0xd2, 0x42, 0x88, 0x61,
    0x39, 0xf9, 0x4, 0x20, 0x84, 0x10, 0xbf, 0x80,

    /* U+7275 "牵" */
    0x4, 0x1f, 0xfc, 0x44, 0x10, 0x4f, 0xff, 0x48,
    0x4f, 0xf2, 0x20, 0x4, 0x1f, 0xfc, 0x10, 0x0,

    /* U+727F "牿" */
    0x25, 0x14, 0xfb, 0xe4, 0x50, 0x82, 0xfe, 0x60,
    0x39, 0xf1, 0x22, 0x24, 0x44, 0x88, 0x9f, 0x0,

    /* U+72D0 "狐" */
    0xa0, 0xe9, 0xe9, 0x25, 0x54, 0xa2, 0x94, 0x52,
    0x9a, 0x55, 0x4a, 0x2a, 0x45, 0x57, 0x5d, 0x80,

    /* U+72E9 "狩" */
    0xa1, 0x9, 0xfd, 0x20, 0xd4, 0x52, 0x8, 0x5f,
    0xd8, 0x25, 0x24, 0x22, 0x84, 0x13, 0x6, 0x0,

    /* U+72EC "独" */
    0xa1, 0x8, 0x21, 0x3f, 0xd4, 0x92, 0x92, 0x52,
    0x5b, 0xfd, 0x8, 0x21, 0x44, 0x37, 0x38, 0x80,

    /* U+72F1 "狱" */
    0xa8, 0xa8, 0x95, 0x2, 0x51, 0xf3, 0x88, 0x51,
    0x1a, 0x55, 0x4a, 0x29, 0x45, 0xa7, 0x28, 0x80,

    /* U+7384 "玄" */
    0x8, 0x0, 0x83, 0xff, 0x84, 0x1, 0x10, 0x44,
    0x1f, 0x0, 0x44, 0x10, 0x84, 0x69, 0xf1, 0x0,

    /* U+7389 "玉" */
    0xff, 0xe0, 0x80, 0x10, 0x2, 0x0, 0x40, 0xff,
    0x81, 0x0, 0x24, 0x4, 0x40, 0x83, 0xff, 0x80,

    /* U+738B "王" */
    0xff, 0xe0, 0x80, 0x10, 0x2, 0x0, 0x40, 0xff,
    0x81, 0x0, 0x20, 0x4, 0x0, 0x83, 0xff, 0x80,

    /* U+73ED "班" */
    0xf3, 0xe8, 0x49, 0x29, 0x25, 0x24, 0xa5, 0xd7,
    0xd2, 0x92, 0x12, 0x42, 0x48, 0x8b, 0xd7, 0x80,

    /* U+7410 "琐" */
    0x9, 0x3c, 0xa9, 0x4, 0x27, 0xf4, 0x83, 0xd2,
    0x52, 0x4a, 0x49, 0x62, 0x98, 0x88, 0x20, 0x80,

    /* U+74DC "瓜" */
    0x3, 0xcf, 0x91, 0x12, 0x22, 0x44, 0x48, 0x89,
    0x12, 0x22, 0x44, 0x4a, 0x4a, 0x4a, 0x74, 0x80,

    /* U+74EE "瓮" */
    0xf, 0x4, 0x13, 0x21, 0x88, 0x4f, 0xfe, 0x20,
    0x7, 0xe0, 0x84, 0x2c, 0x84, 0x77, 0xf3, 0x80,

    /* U+74F6 "瓶" */
    0x8b, 0xea, 0x23, 0xe4, 0x28, 0xe5, 0x24, 0xa4,
    0xbe, 0xd2, 0x96, 0x52, 0x4a, 0x6a, 0x49, 0x80,

    /* U+7503 "甃" */
    0xf1, 0x4, 0xa7, 0xe5, 0x31, 0x4b, 0x45, 0xff,
    0xc8, 0x1, 0xfc, 0x28, 0x88, 0xd5, 0xe3, 0x80,

    /* U+7518 "甘" */
    0x20, 0x84, 0x13, 0xff, 0x90, 0x42, 0x8, 0x41,
    0xf, 0xe1, 0x4, 0x20, 0x84, 0x10, 0xfe, 0x0,

    /* U+751F "生" */
    0x44, 0x8, 0x81, 0xff, 0x22, 0x8, 0x40, 0x8,
    0x1f, 0xf0, 0x20, 0x4, 0x0, 0x83, 0xff, 0x80,

    /* U+7528 "用" */
    0x7f, 0xd1, 0x14, 0x45, 0xff, 0x44, 0x51, 0x17,
    0xfd, 0x11, 0x44, 0x51, 0x18, 0x4c,

    /* U+7530 "田" */
    0xff, 0xf0, 0x86, 0x10, 0xc2, 0x18, 0x43, 0xff,
    0xe1, 0xc, 0x21, 0x84, 0x30, 0x87, 0xff, 0x80,

    /* U+7531 "由" */
    0x4, 0x0, 0x83, 0xff, 0xc2, 0x18, 0x43, 0x8,
    0x7f, 0xfc, 0x21, 0x84, 0x30, 0x87, 0xff, 0x80,

    /* U+7532 "甲" */
    0xff, 0xf0, 0x86, 0x10, 0xff, 0xf8, 0x43, 0x8,
    0x7f, 0xf8, 0x20, 0x4, 0x0, 0x80, 0x10, 0x0,

    /* U+753B "画" */
    0xff, 0xe0, 0x0, 0xfe, 0x52, 0x5a, 0x4b, 0x7f,
    0x69, 0x2d, 0x25, 0xbf, 0xb0, 0x7, 0xff, 0x80,

    /* U+7559 "留" */
    0x1b, 0xfc, 0x26, 0x4, 0xc5, 0x1f, 0x46, 0x0,
    0x1f, 0xf2, 0x22, 0x7f, 0xc8, 0x89, 0xff, 0x0,

    /* U+755C "畜" */
    0x4, 0x1f, 0xfc, 0x40, 0x10, 0x87, 0xe0, 0x10,
    0xbf, 0xfa, 0x22, 0x7f, 0xc8, 0x89, 0xff, 0x0,

    /* U+756C "畬" */
    0xe, 0x6, 0x33, 0x7d, 0x82, 0x7, 0xfc, 0x49,
    0x3f, 0xfa, 0x22, 0x7f, 0xc8, 0x89, 0xff, 0x0,

    /* U+7574 "畴" */
    0x0, 0x9f, 0x7e, 0xa2, 0x55, 0xfa, 0x91, 0xff,
    0xea, 0x95, 0x7f, 0xaa, 0x5f, 0x28, 0x3, 0x0,

    /* U+7591 "疑" */
    0x9b, 0xfc, 0x6, 0x25, 0x7c, 0x44, 0x3e, 0xf1,
    0x68, 0x27, 0xd7, 0x22, 0x8a, 0xb2, 0x31, 0x80,

    /* U+75BE "疾" */
    0x2, 0xf, 0xfd, 0x0, 0x64, 0x4, 0xfc, 0xa4,
    0x30, 0x82, 0xff, 0x45, 0x9, 0x12, 0xc1, 0x80,

    /* U+767B "登" */
    0x7a, 0x41, 0x51, 0x44, 0x10, 0x57, 0xfd, 0x0,
    0x4f, 0xe1, 0x4, 0x3f, 0x82, 0x23, 0xff, 0x80,

    /* U+767D "白" */
    0x8, 0x8, 0x3f, 0xf0, 0x18, 0xc, 0x7, 0xff,
    0x1, 0x80, 0xc0, 0x7f, 0xe0,

    /* U+767E "百" */
    0xff, 0xe0, 0x80, 0x20, 0x3f, 0xe4, 0x4, 0x80,
    0x9f, 0xf2, 0x2, 0x40, 0x48, 0x9, 0xff, 0x0,

    /* U+7684 "的" */
    0x22, 0x8, 0x43, 0xef, 0xc6, 0x18, 0x83, 0x12,
    0x7e, 0x2c, 0x45, 0x88, 0x31, 0x7, 0xe3, 0x0,

    /* U+76A4 "皤" */
    0x40, 0xf1, 0xe3, 0x95, 0x5f, 0xfa, 0x55, 0xd2,
    0x6f, 0xfd, 0x49, 0xaf, 0xfd, 0x24, 0x3f, 0x80,

    /* U+76C8 "盈" */
    0x7f, 0x82, 0x10, 0x7b, 0x99, 0x14, 0xc3, 0x66,
    0xc0, 0x3, 0xfe, 0x4a, 0x49, 0x4b, 0xff, 0x80,

    /* U+76CA "益" */
    0x20, 0x82, 0x23, 0xff, 0x80, 0x3, 0x19, 0x80,
    0xc0, 0x3, 0xfe, 0x4a, 0x49, 0x4b, 0xff, 0x80,

    /* U+76CD "盍" */
    0x4, 0xf, 0xf8, 0x10, 0x7f, 0xf1, 0x0, 0x41,
    0x1f, 0xd0, 0x0, 0x7f, 0xc9, 0x4b, 0xff, 0x80,

    /* U+76E5 "盥" */
    0x24, 0x18, 0x8e, 0x74, 0xe7, 0x39, 0x53, 0x98,
    0xc0, 0x3, 0xfe, 0x4a, 0x49, 0x4b, 0xff, 0x80,

    /* U+76EE "目" */
    0xff, 0xc0, 0x60, 0x3f, 0xf8, 0xc, 0x6, 0x3,
    0xff, 0x80, 0xc0, 0x7f, 0xe0,

    /* U+76F1 "盱" */
    0xe7, 0xd4, 0x22, 0x84, 0x70, 0x8a, 0x11, 0x5f,
    0xf8, 0x45, 0x8, 0xa1, 0x1c, 0x20, 0x1c, 0x0,

    /* U+76F4 "直" */
    0x4, 0xf, 0xf8, 0x10, 0x1f, 0xc2, 0x8, 0x7f,
    0x8, 0x21, 0xfc, 0x20, 0x84, 0x13, 0xff, 0x80,

    /* U+76F8 "相" */
    0x27, 0xe4, 0x87, 0xf0, 0x93, 0xf2, 0x42, 0xe8,
    0x5b, 0xd, 0x3f, 0x24, 0x24, 0x84, 0x9f, 0x80,

    /* U+7707 "眇" */
    0xe1, 0x14, 0x22, 0xa5, 0x74, 0x9a, 0x93, 0x62,
    0x38, 0x4d, 0x2, 0xa0, 0x9c, 0x60, 0x30, 0x0,

    /* U+7708 "眈" */
    0xe1, 0x14, 0x22, 0xbf, 0xf4, 0x9a, 0x93, 0x42,
    0x38, 0xa5, 0x14, 0xa4, 0xbc, 0x94, 0x23, 0x80,

    /* U+770B "看" */
    0x7f, 0xc0, 0x81, 0xff, 0x4, 0xf, 0xfe, 0x40,
    0x9f, 0xf5, 0x2, 0x3f, 0xc4, 0x8, 0xff, 0x0,

    /* U+771A "眚" */
    0x44, 0xf, 0xfa, 0x10, 0x3f, 0xe0, 0x41, 0xff,
    0xc8, 0x21, 0xfc, 0x20, 0x84, 0x10, 0xfe, 0x0,

    /* U+771F "真" */
    0x4, 0xf, 0xf8, 0x10, 0x1f, 0xc2, 0x8, 0x7f,
    0x8, 0x21, 0x4, 0xff, 0xe4, 0x13, 0x1, 0x80,

    /* U+777D "睽" */
    0xee, 0xb4, 0x5a, 0xaa, 0xf2, 0x2a, 0x7d, 0x52,
    0x78, 0x45, 0x7f, 0xa2, 0x9c, 0x88, 0x60, 0x80,

    /* U+77CD "矍" */
    0x7b, 0xc9, 0x49, 0xef, 0x25, 0x27, 0x38, 0xff,
    0xb0, 0x83, 0xff, 0x20, 0x83, 0xe3, 0x83, 0x80,

    /* U+77E2 "矢" */
    0x20, 0x7, 0xf9, 0x10, 0x42, 0x0, 0x41, 0xff,
    0xc1, 0x0, 0x50, 0x11, 0x4, 0x13, 0x1, 0x80,

    /* U+77E5 "知" */
    0x40, 0xf, 0xbd, 0x44, 0xc8, 0x91, 0x13, 0xfa,
    0x44, 0x49, 0x49, 0x25, 0x28, 0xbe, 0x0, 0x0,

    /* U+77F3 "石" */
    0xff, 0xe1, 0x0, 0x20, 0x8, 0x1, 0x0, 0x7f,
    0x98, 0x15, 0x2, 0x20, 0x44, 0x8, 0xff, 0x0,

    /* U+7855 "硕" */
    0xf7, 0xe4, 0x20, 0x9f, 0xa2, 0x17, 0x53, 0xaa,
    0x55, 0x4a, 0xa9, 0x52, 0x8e, 0x88, 0x20, 0x80,

    /* U+786E "确" */
    0xf2, 0x4, 0x78, 0x91, 0x27, 0xf7, 0x53, 0xaf,
    0xd5, 0x4a, 0xbf, 0x55, 0x2e, 0xa4, 0x25, 0x80,

    /* U+78D0 "磐" */
    0x23, 0xcf, 0x49, 0x31, 0xb5, 0xe4, 0xa5, 0xf3,
    0x12, 0x97, 0xff, 0x10, 0x46, 0xb, 0x7f, 0x0,

    /* U+793A "示" */
    0x7f, 0xc0, 0x0, 0x0, 0x7f, 0xf0, 0x40, 0x8,
    0x9, 0x21, 0x22, 0x44, 0x30, 0x84, 0x70, 0x0,

    /* U+7940 "祀" */
    0x8f, 0xc9, 0xb, 0xa1, 0x14, 0x24, 0x84, 0xdf,
    0xb6, 0x2, 0x40, 0x48, 0x29, 0x5, 0x1f, 0x80,

    /* U+7949 "祉" */
    0x81, 0x8, 0x23, 0x84, 0x14, 0x84, 0x9e, 0xd2,
    0x36, 0x42, 0x48, 0x49, 0x9, 0x21, 0x7f, 0x80,

    /* U+7950 "祐" */
    0x81, 0x8, 0x23, 0xbf, 0x91, 0x4, 0x20, 0xc8,
    0x35, 0xfa, 0x61, 0x54, 0x28, 0x85, 0x1f, 0x80,

    /* U+7956 "祖" */
    0x47, 0xc4, 0x8b, 0xd1, 0xb, 0xe2, 0x44, 0x68,
    0x9b, 0xf5, 0x22, 0x24, 0x44, 0x88, 0xbf, 0x80,

    /* U+7957 "祗" */
    0x80, 0xc9, 0xe3, 0xa4, 0x14, 0x84, 0x90, 0xdf,
    0xf6, 0x42, 0x44, 0x48, 0xa9, 0x4d, 0x34, 0x80,

    /* U+7965 "祥" */
    0x84, 0x48, 0x53, 0xbf, 0x90, 0x84, 0x10, 0xcf,
    0xb4, 0x42, 0x8, 0x4f, 0xe8, 0x21, 0x4, 0x0,

    /* U+796D "祭" */
    0x42, 0xf, 0x7e, 0xa8, 0xa8, 0xa2, 0x9, 0xbe,
    0xc0, 0x3, 0xfe, 0x4, 0x4, 0x93, 0x31, 0x80,

    /* U+798F "福" */
    0x8f, 0xe8, 0x3, 0x9f, 0x12, 0x24, 0x7c, 0xc0,
    0x37, 0xfa, 0x49, 0x4f, 0xe9, 0x25, 0x3f, 0x80,

    /* U+79B4 "禴" */
    0x83, 0x88, 0x8b, 0xbf, 0x95, 0x54, 0xfe, 0x80,
    0x3b, 0xfa, 0xd5, 0x4f, 0xe9, 0x55, 0x2a, 0x80,

    /* U+79BB "离" */
    0x4, 0x1f, 0xfc, 0x44, 0x27, 0x25, 0x14, 0xff,
    0x81, 0x7, 0xff, 0x91, 0x37, 0xd6, 0x1, 0x80,

    /* U+79BD "禽" */
    0xe, 0x6, 0x33, 0x11, 0xbf, 0xe1, 0x10, 0x94,
    0x9f, 0xf0, 0x40, 0xff, 0xf2, 0x26, 0xfa, 0x80,

    /* U+79CD "种" */
    0x11, 0x1c, 0x20, 0xbf, 0x94, 0x9f, 0x92, 0x52,
    0x5b, 0xfb, 0x88, 0xa1, 0x4, 0x20, 0x84, 0x0,

    /* U+79D2 "秒" */
    0x11, 0x1c, 0x20, 0x95, 0x12, 0x9f, 0x52, 0x52,
    0x18, 0x4b, 0x82, 0xa0, 0x84, 0x60, 0xb0, 0x0,

    /* U+79FB "移" */
    0x11, 0x1c, 0x7c, 0xb0, 0x91, 0x2f, 0x18, 0x5c,
    0x18, 0xfb, 0x61, 0xb2, 0x44, 0x30, 0xb8, 0x0,

    /* U+7A0A "稊" */
    0x14, 0x5c, 0x50, 0xbf, 0x90, 0x9f, 0xfe, 0x52,
    0x1b, 0xfb, 0x99, 0xa5, 0x25, 0x2c, 0x84, 0x0,

    /* U+7A74 "穴" */
    0x8, 0x0, 0x83, 0xff, 0xc0, 0x18, 0x2, 0x22,
    0x4, 0x41, 0x4, 0x20, 0x88, 0xa, 0x0, 0x80,

    /* U+7A81 "突" */
    0x4, 0x1f, 0xfe, 0x44, 0x90, 0x4c, 0x56, 0x9,
    0x3f, 0xf8, 0x20, 0xa, 0x6, 0x33, 0x1, 0x80,

    /* U+7A92 "窒" */
    0x4, 0x1f, 0xfe, 0x44, 0xb0, 0x60, 0x0, 0xff,
    0x82, 0x0, 0x84, 0x7f, 0x40, 0x83, 0xff, 0x80,

    /* U+7A9E "窞" */
    0x8, 0x3f, 0xf9, 0x27, 0xae, 0x1f, 0x18, 0xcf,
    0x79, 0x2, 0x7f, 0x90, 0x27, 0xf8,

    /* U+7AA5 "窥" */
    0x4, 0x1f, 0xfe, 0x44, 0xb0, 0x42, 0x7d, 0xe8,
    0x89, 0x57, 0xaa, 0x21, 0xa, 0x56, 0x33, 0x80,

    /* U+7ACB "立" */
    0x8, 0x0, 0x83, 0xff, 0x80, 0x2, 0x8, 0x41,
    0x4, 0x20, 0x88, 0x11, 0x0, 0x43, 0xff, 0x80,

    /* U+7AE0 "章" */
    0x4, 0xf, 0xf8, 0x44, 0x7f, 0xf2, 0x8, 0x7f,
    0x8, 0x21, 0xfc, 0x4, 0x1f, 0xfc, 0x10, 0x0,

    /* U+7AE5 "童" */
    0x4, 0xf, 0xf8, 0x44, 0x7f, 0xf2, 0x48, 0x7f,
    0x9, 0x21, 0x24, 0x7f, 0xc0, 0x83, 0xff, 0x80,

    /* U+7B11 "笑" */
    0x42, 0xf, 0x7e, 0x52, 0x0, 0x0, 0x3c, 0xf8,
    0x1, 0x7, 0xff, 0xa, 0x6, 0x33, 0x1, 0x80,

    /* U+7B26 "符" */
    0x42, 0xf, 0x7e, 0x52, 0x10, 0x2, 0x8, 0x9f,
    0xf0, 0x22, 0x44, 0x44, 0x88, 0x11, 0xe, 0x0,

    /* U+7B2C "第" */
    0x42, 0xf, 0x7e, 0x52, 0x3f, 0xe0, 0x44, 0xff,
    0x91, 0x3, 0xff, 0x14, 0x24, 0x87, 0x13, 0x0,

    /* U+7B50 "筐" */
    0x42, 0xf, 0x7e, 0x52, 0x0, 0x7, 0xfc, 0x80,
    0x17, 0xf2, 0x10, 0x5f, 0xc8, 0x41, 0xff, 0x0,

    /* U+7B6E "筮" */
    0x42, 0xf, 0x7e, 0x52, 0x0, 0x7, 0xfc, 0x49,
    0x9, 0x22, 0xaa, 0x8e, 0x20, 0x83, 0xff, 0x80,

    /* U+7B95 "箕" */
    0x42, 0xf, 0x7e, 0x52, 0x10, 0x4f, 0xfe, 0x41,
    0xf, 0xe1, 0x4, 0xff, 0xe4, 0x13, 0x1, 0x80,

    /* U+7C0B "簋" */
    0x1, 0xf, 0x7a, 0x5a, 0x7f, 0x83, 0xf0, 0x7e,
    0x13, 0x63, 0x1e, 0x7f, 0x8a, 0x53, 0xff, 0x80,

    /* U+7C2A "簪" */
    0x42, 0xf, 0x7e, 0x52, 0x7d, 0xf9, 0x25, 0xf7,
    0xd4, 0x54, 0x93, 0x7f, 0xc8, 0x9, 0xff, 0x0,

    /* U+7CFB "系" */
    0x1, 0xcf, 0xc0, 0x22, 0x19, 0x80, 0xc0, 0x60,
    0xbf, 0xe8, 0x20, 0x24, 0x98, 0x8c, 0x70, 0x0,

    /* U+7D20 "素" */
    0x4, 0xf, 0xf8, 0x10, 0x1f, 0xc0, 0x41, 0xff,
    0xc4, 0x81, 0x22, 0xff, 0xa4, 0x93, 0x31, 0x80,

    /* U+7D22 "索" */
    0x4, 0x1f, 0xfc, 0x10, 0x7f, 0xf9, 0x12, 0xcc,
    0x6, 0x17, 0xfd, 0x4, 0x4, 0x93, 0x31, 0x80,

    /* U+7E58 "繘" */
    0x47, 0xc8, 0x12, 0x3f, 0xf1, 0x94, 0x55, 0x72,
    0x3b, 0xf8, 0x55, 0xad, 0xf5, 0x56, 0xae, 0x80,

    /* U+7E7B "繻" */
    0x4f, 0xe8, 0x22, 0x3f, 0xf4, 0x94, 0x55, 0x40,
    0x3b, 0xf8, 0x8, 0xaf, 0xf5, 0x56, 0xaa, 0x80,

    /* U+7E86 "纆" */
    0x4f, 0xe9, 0x26, 0x35, 0xf4, 0x94, 0xff, 0x42,
    0x3b, 0xf8, 0x55, 0xa7, 0xd4, 0x22, 0xbf, 0x80,

    /* U+7EA6 "约" */
    0x44, 0x8, 0x82, 0x1f, 0xd4, 0x1d, 0x2, 0x84,
    0x60, 0x4f, 0x9, 0x0, 0x24, 0x7, 0x3, 0x0,

    /* U+7EB3 "纳" */
    0x41, 0x8, 0x22, 0x3f, 0xd4, 0x9c, 0x92, 0x95,
    0x62, 0xaf, 0x63, 0x8, 0x25, 0x7, 0x21, 0x80,

    /* U+7EB7 "纷" */
    0x44, 0x88, 0x92, 0x21, 0x54, 0x2d, 0x2, 0x9f,
    0xa1, 0x17, 0x22, 0x8, 0x45, 0xb, 0x46, 0x0,

    /* U+7EC2 "绂" */
    0x44, 0x88, 0x8a, 0x7f, 0xd2, 0xc, 0x40, 0x8f,
    0xa1, 0x17, 0x22, 0xa, 0x85, 0x23, 0x5b, 0x80,

    /* U+7EC8 "终" */
    0x44, 0x8, 0xfa, 0x21, 0x5a, 0x4c, 0x30, 0x89,
    0x26, 0x1f, 0x30, 0x1, 0x85, 0x83, 0xf, 0x0,

    /* U+7ECF "经" */
    0x4f, 0xc8, 0xa, 0x2, 0x50, 0x8c, 0x68, 0xb0,
    0xe1, 0xf7, 0x8, 0x1, 0x4, 0x23, 0x3f, 0x80,

    /* U+7ED3 "结" */
    0x21, 0x4, 0x21, 0x3f, 0xc8, 0x8e, 0x10, 0x4f,
    0x90, 0x7, 0xbe, 0x4, 0x46, 0x8b, 0x1f, 0x0,

    /* U+7ED5 "绕" */
    0x42, 0x8, 0x4e, 0x3e, 0x51, 0x2c, 0x1a, 0x9c,
    0xe0, 0x7, 0x7f, 0x2, 0x84, 0x97, 0x63, 0x80,

    /* U+7EDD "绝" */
    0x44, 0x8, 0xf2, 0x22, 0x4f, 0xfe, 0x92, 0x92,
    0x63, 0xff, 0x40, 0x8, 0x25, 0x7, 0x1f, 0x80,

    /* U+7EF4 "维" */
    0x45, 0x8, 0x92, 0x3f, 0xd4, 0x4d, 0xfe, 0x91,
    0x22, 0x27, 0x7f, 0x8, 0x85, 0x13, 0x3f, 0x80,

    /* U+7F16 "编" */
    0x41, 0x9, 0xfe, 0x20, 0xd7, 0xfc, 0x80, 0x9f,
    0xe2, 0xaf, 0x55, 0xf, 0xe5, 0x57, 0x4a, 0x80,

    /* U+7F36 "缶" */
    0x40, 0xf, 0xf9, 0x10, 0x42, 0x0, 0x41, 0xff,
    0xc1, 0x2, 0x22, 0x44, 0x48, 0x89, 0xff, 0x0,

    /* U+7F54 "罔" */
    0xff, 0xf2, 0x26, 0x28, 0xff, 0xf8, 0x43, 0x7f,
    0x64, 0xc, 0x81, 0x9f, 0x30, 0x6, 0x3, 0x80,

    /* U+7F62 "罢" */
    0xff, 0xf2, 0x26, 0x44, 0xff, 0xf0, 0x40, 0xff,
    0x81, 0x7, 0xff, 0x10, 0x4, 0x11, 0xfd, 0x0,

    /* U+7F8A "羊" */
    0x20, 0x82, 0x21, 0xff, 0x2, 0x0, 0x40, 0x7f,
    0x1, 0x0, 0x20, 0xff, 0xe0, 0x80, 0x10, 0x0,

    /* U+7F9D "羝" */
    0xa0, 0xc9, 0xe3, 0xa4, 0x24, 0x8e, 0x90, 0x9f,
    0xd2, 0x47, 0x44, 0x48, 0xa9, 0x4e, 0x34, 0x80,

    /* U+7F9E "羞" */
    0x11, 0x1f, 0xfc, 0x10, 0x3f, 0xe0, 0x81, 0xff,
    0xc4, 0x91, 0x12, 0xdf, 0xc0, 0x88, 0xff, 0x80,

    /* U+7FA4 "群" */
    0x7a, 0x25, 0x2b, 0xef, 0x94, 0x47, 0x88, 0x47,
    0xd0, 0x23, 0xc4, 0xcb, 0xe9, 0x11, 0xe2, 0x0,

    /* U+7FB8 "羸" */
    0x4, 0x1f, 0xfd, 0x0, 0x3f, 0xe2, 0x9, 0xff,
    0xea, 0xaf, 0xfd, 0xa4, 0xff, 0xf6, 0x92, 0x80,

    /* U+7FBD "羽" */
    0xfb, 0xe1, 0x6, 0x28, 0xa4, 0x92, 0x8a, 0x10,
    0x46, 0x19, 0x45, 0xcb, 0x21, 0x4, 0xc3, 0x0,

    /* U+7FE9 "翩" */
    0x27, 0x7f, 0x26, 0x36, 0xfd, 0xb8, 0x13, 0xf2,
    0x6a, 0xdd, 0x6d, 0xf9, 0x35, 0x26, 0xad, 0x80,

    /* U+7FF0 "翰" */
    0x20, 0x9f, 0x28, 0x88, 0xfc, 0x8, 0xb7, 0xf2,
    0x62, 0xef, 0xcb, 0x23, 0xbf, 0x24, 0x8d, 0x80,

    /* U+7FFB "翻" */
    0x1b, 0x7c, 0x26, 0xb6, 0xfd, 0xb7, 0x13, 0x52,
    0x7e, 0xdd, 0x6d, 0xf9, 0x35, 0x27, 0xed, 0x80,

    /* U+7FFC "翼" */
    0xfb, 0xe9, 0x24, 0xa2, 0xe5, 0x93, 0xf8, 0x49,
    0x1f, 0xf1, 0x24, 0xff, 0xe4, 0x13, 0x1, 0x80,

    /* U+8001 "老" */
    0x8, 0x4f, 0xd0, 0x24, 0x5, 0xf, 0xfe, 0x10,
    0xc, 0x16, 0x8c, 0x1e, 0x2, 0x4, 0x3f, 0x80,

    /* U+8003 "考" */
    0x8, 0x4f, 0xd0, 0x24, 0x7f, 0xf0, 0x40, 0x3f,
    0x8c, 0x6, 0xfe, 0x0, 0x40, 0x8, 0xe, 0x0,

    /* U+800B "耋" */
    0x8, 0x4f, 0xd0, 0x24, 0x7f, 0xf3, 0x10, 0xa4,
    0xbf, 0xf9, 0x4, 0x7f, 0x40, 0x83, 0xff, 0x80,

    /* U+800C "而" */
    0xff, 0xe0, 0x80, 0x20, 0x7f, 0xf9, 0x13, 0x22,
    0x64, 0x4c, 0x89, 0x91, 0x32, 0x26, 0x1, 0x80,

    /* U+8015 "耕" */
    0x22, 0x44, 0x4b, 0xdf, 0x91, 0x2f, 0x24, 0x44,
    0xbd, 0xf9, 0x12, 0x72, 0x54, 0x88, 0xa1, 0x0,

    /* U+8033 "耳" */
    0xff, 0xe4, 0x10, 0xfe, 0x10, 0x42, 0x8, 0x7f,
    0x8, 0x21, 0x4, 0x23, 0xff, 0x90, 0x2, 0x0,

    /* U+8089 "肉" */
    0x4, 0x0, 0x83, 0xff, 0xc2, 0x18, 0xa3, 0x63,
    0x61, 0xc, 0x51, 0xb1, 0xb0, 0x6, 0x3, 0x80,

    /* U+80A1 "股" */
    0xe7, 0x94, 0x92, 0x92, 0x72, 0x4b, 0x8f, 0x40,
    0x3b, 0xf5, 0x42, 0xa4, 0x94, 0x62, 0xb3, 0x80,

    /* U+80A4 "肤" */
    0xe1, 0x14, 0x22, 0x9f, 0x70, 0x8a, 0x11, 0x5f,
    0xf8, 0x45, 0x14, 0xa2, 0x94, 0x8a, 0xa0, 0x80,

    /* U+80A5 "肥" */
    0xef, 0xf5, 0x26, 0xa4, 0xf4, 0x9a, 0x93, 0x5f,
    0xfa, 0x5, 0x40, 0xa8, 0x35, 0x6, 0x9f, 0x80,

    /* U+80B1 "肱" */
    0xe4, 0x14, 0x82, 0xff, 0xf2, 0xa, 0x51, 0x4a,
    0x3a, 0x45, 0x48, 0xaa, 0x55, 0x4a, 0xde, 0x80,

    /* U+80B2 "育" */
    0x4, 0x1f, 0xfc, 0x40, 0x10, 0x47, 0xf4, 0x41,
    0xf, 0xe1, 0x4, 0x3f, 0x84, 0x10, 0x86, 0x0,

    /* U+80CC "背" */
    0x12, 0x1e, 0x4c, 0x4e, 0x19, 0x1d, 0x1e, 0x7f,
    0x8, 0x21, 0xfc, 0x20, 0x87, 0xf0, 0x82, 0x0,

    /* U+80CF "胏" */
    0x1, 0xe, 0x21, 0x5f, 0xaa, 0x87, 0x50, 0xaf,
    0xdc, 0xca, 0x99, 0x55, 0x3f, 0xa8, 0x24, 0x0,

    /* U+80DC "胜" */
    0xe9, 0x15, 0x22, 0xbf, 0x74, 0x8b, 0x11, 0x42,
    0x3b, 0xf5, 0x8, 0xa1, 0x14, 0x22, 0xbf, 0x80,

    /* U+80FD "能" */
    0x42, 0x72, 0x73, 0xa8, 0x1, 0x1f, 0x9f, 0x10,
    0x3e, 0x9c, 0x5c, 0xfa, 0x11, 0x46, 0x67, 0x80,

    /* U+8122 "脢" */
    0xe8, 0x15, 0xfe, 0xc0, 0x77, 0xea, 0xa5, 0x52,
    0xbf, 0xfd, 0x52, 0xa9, 0x55, 0xfe, 0x81, 0x0,

    /* U+814A "腊" */
    0x72, 0x8a, 0xf9, 0x4a, 0x39, 0x45, 0xfe, 0xa0,
    0x1d, 0xf2, 0xa2, 0x57, 0xca, 0x8a, 0xdf, 0x0,

    /* U+8153 "腓" */
    0xe2, 0x94, 0x52, 0xbb, 0xf1, 0x4a, 0x29, 0x5d,
    0xf8, 0xa5, 0x14, 0xae, 0xf4, 0x52, 0x8a, 0x0,

    /* U+8179 "腹" */
    0x74, 0xa, 0xfd, 0x71, 0x3b, 0xe5, 0x44, 0xaf,
    0x9c, 0x82, 0xbe, 0x5a, 0x4a, 0x32, 0xd9, 0x80,

    /* U+818F "膏" */
    0x4, 0x1f, 0xfc, 0x82, 0x1f, 0xc0, 0x1, 0xff,
    0xe8, 0x29, 0xfc, 0x20, 0x87, 0xf0, 0x82, 0x0,

    /* U+81C0 "臀" */
    0xfd, 0xd0, 0xab, 0xf9, 0xd5, 0xef, 0xe5, 0x53,
    0x31, 0x9b, 0xfe, 0x40, 0x4f, 0xf9, 0x1, 0x0,

    /* U+81E3 "臣" */
    0xff, 0xf0, 0x82, 0x10, 0x7f, 0xe8, 0x5, 0x0,
    0xa0, 0x17, 0xfe, 0x84, 0x10, 0x83, 0xff, 0x80,

    /* U+81E7 "臧" */
    0x0, 0xb7, 0xfe, 0x82, 0x77, 0xc2, 0xaa, 0x5f,
    0x7a, 0x6d, 0x7a, 0xaa, 0x55, 0xe9, 0x2, 0x80,

    /* U+81EA "自" */
    0x8, 0x8, 0x3f, 0xf0, 0x1f, 0xfc, 0x6, 0x3,
    0xff, 0x80, 0xc0, 0x7f, 0xe0,

    /* U+81F2 "臲" */
    0x42, 0x1e, 0x7a, 0x51, 0x7b, 0xf9, 0xc1, 0xeb,
    0xc9, 0x4f, 0xab, 0x25, 0xe, 0xa6, 0xa3, 0x80,

    /* U+81F3 "至" */
    0xff, 0xe1, 0x0, 0x44, 0x10, 0x47, 0xf4, 0x8,
    0x81, 0x3, 0xfe, 0x4, 0x0, 0x83, 0xff, 0x80,

    /* U+81F4 "致" */
    0xfa, 0x4, 0x41, 0xf, 0xca, 0x2e, 0xa4, 0x44,
    0x88, 0x97, 0xca, 0x20, 0x87, 0x2b, 0x18, 0x80,

    /* U+8206 "舆" */
    0x24, 0x9, 0xd9, 0x21, 0x37, 0x64, 0x44, 0xdd,
    0x91, 0x17, 0xff, 0x0, 0x4, 0x13, 0x1, 0x80,

    /* U+820C "舌" */
    0x3, 0xcf, 0x80, 0x10, 0x2, 0xf, 0xfe, 0x8,
    0x1, 0x3, 0xfe, 0x40, 0x48, 0x9, 0xff, 0x0,

    /* U+820D "舍" */
    0xe, 0x6, 0x33, 0x1, 0x9f, 0xc0, 0x41, 0xff,
    0xc1, 0x3, 0xfe, 0x40, 0x48, 0x9, 0xff, 0x0,

    /* U+826E "艮" */
    0xff, 0xa0, 0x2f, 0xfa, 0x2, 0x80, 0xbf, 0xe8,
    0x82, 0x11, 0x82, 0xac, 0x4c, 0xc,

    /* U+826F "良" */
    0x8, 0x3f, 0xe8, 0xb, 0xfe, 0x80, 0xbf, 0xe8,
    0x82, 0x11, 0x82, 0xac, 0x4c, 0xc,

    /* U+8270 "艰" */
    0x7, 0xfe, 0x84, 0x5f, 0xca, 0x15, 0x42, 0xaf,
    0xc9, 0x21, 0x25, 0x54, 0x4a, 0xaa, 0x18, 0x80,

    /* U+8282 "节" */
    0x11, 0x1f, 0xfc, 0x44, 0x0, 0x7, 0xfc, 0x10,
    0x82, 0x10, 0x42, 0x9, 0x81, 0x0, 0x20, 0x0,

    /* U+82CB "苋" */
    0x11, 0x1f, 0xfc, 0x44, 0x3f, 0xe4, 0x4, 0x88,
    0x91, 0x12, 0x22, 0xa, 0x2, 0x47, 0x8f, 0x80,

    /* U+82CF "苏" */
    0x11, 0x1f, 0xfc, 0x44, 0x4, 0x7, 0xf8, 0x11,
    0x12, 0x34, 0x85, 0x10, 0x84, 0x13, 0xc, 0x0,

    /* U+82DE "苞" */
    0x11, 0x1f, 0xfc, 0x44, 0x10, 0x3, 0xfc, 0x80,
    0xaf, 0x91, 0x12, 0x3e, 0xc4, 0x4, 0x7f, 0x80,

    /* U+82E5 "若" */
    0x11, 0x1f, 0xfc, 0x44, 0x4, 0xf, 0xfe, 0x20,
    0x8, 0x3, 0xfe, 0xa0, 0x44, 0x8, 0xff, 0x0,

    /* U+82E6 "苦" */
    0x11, 0x1f, 0xfc, 0x44, 0x2, 0xf, 0xfe, 0x8,
    0x1, 0x3, 0xfe, 0x40, 0x48, 0x9, 0xff, 0x0,

    /* U+8300 "茀" */
    0x11, 0x1f, 0xfc, 0x44, 0x11, 0xf, 0xfc, 0x24,
    0xbf, 0xf4, 0x90, 0xff, 0xe2, 0x47, 0x8b, 0x0,

    /* U+8305 "茅" */
    0x11, 0x1f, 0xfc, 0x44, 0x3f, 0xe0, 0x8, 0x12,
    0x3f, 0xf8, 0xa2, 0x24, 0x98, 0x80, 0x70, 0x0,

    /* U+8339 "茹" */
    0x11, 0x1f, 0xfc, 0x44, 0x10, 0x2, 0x3f, 0xf4,
    0x52, 0x8c, 0x51, 0x52, 0x24, 0x7f, 0x60, 0x0,

    /* U+8350 "荐" */
    0x11, 0x1f, 0xfc, 0x44, 0x7f, 0xf1, 0x0, 0x4f,
    0x98, 0x25, 0x8, 0x2f, 0xe4, 0x20, 0x8c, 0x0,

    /* U+8352 "荒" */
    0x11, 0x1f, 0xfc, 0x44, 0x2, 0xf, 0xfe, 0x40,
    0xf, 0xf0, 0x0, 0x24, 0x84, 0x97, 0x13, 0x80,

    /* U+836F "药" */
    0x11, 0x1f, 0xfc, 0x94, 0x22, 0xf, 0x7e, 0x48,
    0x50, 0xf, 0xd1, 0x1, 0x23, 0x7, 0x83, 0x0,

    /* U+83AB "莫" */
    0x11, 0x1f, 0xfc, 0x44, 0x3f, 0xe4, 0x4, 0xff,
    0x90, 0x17, 0xff, 0xa, 0x6, 0x33, 0x1, 0x80,

    /* U+83B7 "获" */
    0x11, 0x1f, 0xfc, 0x44, 0x50, 0x4, 0x15, 0x42,
    0x4b, 0xfb, 0x8, 0xa2, 0x84, 0x8b, 0x20, 0x80,

    /* U+83BD "莽" */
    0x11, 0x1f, 0xfc, 0x44, 0x2, 0x4f, 0xfe, 0x22,
    0x38, 0x38, 0x88, 0xff, 0xe2, 0x21, 0x84, 0x0,

    /* U+83D1 "菑" */
    0x11, 0x1f, 0xfc, 0x44, 0x22, 0x28, 0x88, 0x88,
    0x9f, 0xf2, 0x22, 0x7f, 0xc8, 0x89, 0xff, 0x0,

    /* U+8403 "萃" */
    0x11, 0x1f, 0xfc, 0x44, 0x2, 0x7, 0xfc, 0x41,
    0x14, 0x50, 0x20, 0xff, 0xe0, 0x80, 0x10, 0x0,

    /* U+843D "落" */
    0x11, 0x1f, 0xfc, 0x44, 0x21, 0x2, 0x7d, 0x18,
    0x90, 0xe0, 0x63, 0x27, 0xc8, 0x8a, 0x1f, 0x0,

    /* U+845B "葛" */
    0x11, 0x1f, 0xfc, 0x44, 0x3f, 0xe4, 0x4, 0xff,
    0x90, 0x13, 0xff, 0x88, 0x2a, 0x85, 0xfb, 0x0,

    /* U+8499 "蒙" */
    0x11, 0x1f, 0xfc, 0x44, 0x7f, 0xf8, 0x2, 0xff,
    0x83, 0x9, 0xb6, 0xcb, 0x6, 0x53, 0x31, 0x80,

    /* U+84BA "蒺" */
    0x11, 0x1f, 0xfc, 0x44, 0x1, 0x7, 0xff, 0x90,
    0x13, 0xf2, 0x90, 0xff, 0xe8, 0xa2, 0xe3, 0x80,

    /* U+8500 "蔀" */
    0x11, 0x1f, 0xfc, 0x44, 0x4, 0x77, 0xea, 0x49,
    0x7f, 0xb0, 0x5, 0x7e, 0xa8, 0x5d, 0xfa, 0x0,

    /* U+8511 "蔑" */
    0x11, 0x1f, 0xfc, 0x44, 0x3f, 0xe4, 0xa4, 0xff,
    0x80, 0x93, 0xff, 0x42, 0x8c, 0x26, 0x5b, 0x80,

    /* U+8543 "蕃" */
    0x11, 0x1f, 0xfc, 0x44, 0x12, 0x4f, 0xfe, 0x49,
    0x1f, 0xf6, 0x23, 0x7f, 0xc8, 0x89, 0xff, 0x0,

    /* U+85B0 "薰" */
    0x11, 0x1f, 0xfc, 0x44, 0x3f, 0xe0, 0x41, 0xff,
    0xd5, 0x53, 0xfe, 0x4, 0x1f, 0xfd, 0x45, 0x0,

    /* U+85C9 "藉" */
    0x11, 0x1f, 0xfc, 0x44, 0x11, 0x2f, 0x7e, 0x44,
    0xbd, 0xf9, 0x21, 0x77, 0xf4, 0x84, 0x9f, 0x80,

    /* U+85DC "藜" */
    0x11, 0x1f, 0xfc, 0x84, 0x7d, 0xf2, 0x4a, 0xe2,
    0x6b, 0x99, 0xac, 0xe4, 0xe6, 0xb3, 0x11, 0x80,

    /* U+85DF "藟" */
    0x11, 0x1f, 0xfc, 0x44, 0x1f, 0xc2, 0x48, 0x7f,
    0x39, 0x3d, 0xfd, 0xfb, 0xf5, 0x57, 0xef, 0x80,

    /* U+85E9 "藩" */
    0x11, 0x1f, 0xfc, 0x44, 0x4f, 0xe4, 0xa9, 0x3f,
    0xd2, 0xa1, 0x93, 0x1f, 0xca, 0x4a, 0x7f, 0x0,

    /* U+864E "虎" */
    0x7, 0xc0, 0x81, 0xff, 0xa2, 0x14, 0x78, 0xb8,
    0x51, 0xfa, 0x0, 0x4f, 0x89, 0x16, 0xc3, 0x80,

    /* U+865A "虚" */
    0x7, 0xc0, 0x81, 0xff, 0xa2, 0x14, 0x78, 0xb8,
    0x51, 0xfa, 0x28, 0x55, 0x49, 0xb2, 0xff, 0x80,

    /* U+865E "虞" */
    0x7, 0xc0, 0x81, 0xff, 0xa2, 0x14, 0xfc, 0xa9,
    0x17, 0xf2, 0x12, 0xbf, 0xf1, 0x10, 0xc1, 0x80,

    /* U+8669 "虩" */
    0x21, 0x6, 0x9e, 0xa9, 0x7, 0xfe, 0x4d, 0xc7,
    0xdc, 0x7c, 0x6, 0x54, 0x6d, 0x42, 0x55, 0x2e,
    0x60,

    /* U+867D "虽" */
    0x3f, 0x84, 0x10, 0xfe, 0x2, 0x7, 0xfc, 0x88,
    0x91, 0x13, 0xfe, 0x4, 0x0, 0x8b, 0xfe, 0x80,

    /* U+86CA "蛊" */
    0x4, 0xf, 0xf9, 0x11, 0x3f, 0xe0, 0x45, 0xff,
    0x40, 0x3, 0xfe, 0x4a, 0x49, 0x4b, 0xff, 0x80,

    /* U+8840 "血" */
    0x4, 0x1, 0x1, 0xff, 0x25, 0x24, 0xa4, 0x94,
    0x92, 0x92, 0x52, 0x4a, 0x49, 0x4b, 0xff, 0x80,

    /* U+884C "行" */
    0x27, 0xc8, 0x2, 0x0, 0x17, 0xf4, 0x9, 0x81,
    0x10, 0x22, 0x4, 0x40, 0x88, 0x11, 0xe, 0x0,

    /* U+884E "衎" */
    0x2e, 0xe8, 0x82, 0x10, 0x12, 0x75, 0xf5, 0x88,
    0x91, 0x12, 0x22, 0x44, 0x48, 0x89, 0x13, 0x0,

    /* U+8862 "衢" */
    0x5f, 0xea, 0xa2, 0x7c, 0x1a, 0xf5, 0xf5, 0x94,
    0x97, 0xd3, 0x92, 0x5f, 0x4a, 0x49, 0x7f, 0x0,

    /* U+8863 "衣" */
    0x8, 0x0, 0x83, 0xff, 0x85, 0x1, 0x24, 0x45,
    0x18, 0x45, 0x8, 0x24, 0x85, 0x8, 0xc0, 0x80,

    /* U+8868 "表" */
    0x4, 0xf, 0xf8, 0x10, 0x3f, 0xe0, 0x41, 0xff,
    0xc2, 0x80, 0x91, 0xe1, 0x45, 0x90, 0xc1, 0x80,

    /* U+8882 "袂" */
    0x82, 0x8, 0x43, 0xbf, 0x11, 0x24, 0x24, 0xc4,
    0xb7, 0xfb, 0x10, 0x45, 0x9, 0x11, 0x41, 0x80,

    /* U+88BD "袽" */
    0x84, 0x8, 0x9f, 0xfa, 0x95, 0x54, 0xaa, 0xd5,
    0x72, 0xab, 0x55, 0x44, 0xa9, 0x5d, 0x44, 0x0,

    /* U+88D5 "裕" */
    0x82, 0x88, 0x8b, 0xa4, 0x91, 0x44, 0x44, 0xb0,
    0x79, 0xf2, 0xa2, 0x44, 0x48, 0x89, 0x1f, 0x0,

    /* U+88F3 "裳" */
    0x24, 0x9f, 0xfe, 0x0, 0xdf, 0xd2, 0x8, 0x7f,
    0x1, 0x7, 0xff, 0x11, 0x5d, 0x90, 0xc1, 0x80,

    /* U+892B "褫" */
    0x8f, 0xc9, 0x13, 0xaf, 0x95, 0x54, 0xac, 0xb7,
    0x7a, 0xba, 0xd0, 0x4d, 0xc9, 0x29, 0x49, 0x80,

    /* U+897F "西" */
    0xff, 0xe2, 0x20, 0x44, 0x7f, 0xf9, 0x13, 0x22,
    0x64, 0x4d, 0xf, 0xc0, 0x30, 0x7, 0xff, 0x80,

    /* U+8986 "覆" */
    0xff, 0xe9, 0x49, 0xff, 0x12, 0x4, 0x7f, 0x30,
    0x8a, 0x12, 0x7e, 0xd4, 0x48, 0x71, 0x71, 0x80,

    /* U+89C1 "见" */
    0x7f, 0xc8, 0x9, 0x1, 0x22, 0x24, 0x44, 0x88,
    0x91, 0x10, 0x50, 0xa, 0x22, 0x47, 0x8f, 0x80,

    /* U+89C2 "观" */
    0x7, 0xde, 0x88, 0x55, 0x4a, 0xa5, 0x54, 0xaa,
    0x89, 0x51, 0x8, 0x52, 0xaa, 0x96, 0x23, 0x80,

    /* U+89C6 "视" */
    0x8f, 0xc9, 0xb, 0xa5, 0x14, 0xa4, 0x94, 0x92,
    0xba, 0x52, 0x88, 0x42, 0xa8, 0x95, 0x63, 0x80,

    /* U+89CC "觌" */
    0x23, 0xff, 0x44, 0x8a, 0xff, 0x54, 0x6b, 0x65,
    0x54, 0xaf, 0xe4, 0x11, 0xa5, 0x57, 0x13, 0x80,

    /* U+89D2 "角" */
    0x20, 0xf, 0xc4, 0x13, 0xff, 0x44, 0x5f, 0xf4,
    0x45, 0xff, 0x44, 0x51, 0x18, 0x4c,

    /* U+89E3 "解" */
    0x23, 0xe7, 0x25, 0x24, 0xff, 0x35, 0x40, 0xfa,
    0x95, 0x7b, 0xf2, 0x55, 0xea, 0x8a, 0x51, 0x0,

    /* U+89E6 "触" */
    0x40, 0x8e, 0x12, 0x4f, 0xfd, 0x5a, 0xab, 0xf5,
    0x6a, 0xff, 0xc4, 0xa8, 0xb5, 0x1e, 0xac, 0x80,

    /* U+8A00 "言" */
    0x8, 0x0, 0x83, 0xff, 0x80, 0x7, 0xfc, 0x0,
    0x1f, 0xf0, 0x0, 0x7f, 0xc8, 0x9, 0xff, 0x0,

    /* U+8A89 "誉" */
    0x48, 0x44, 0x93, 0xff, 0x88, 0x82, 0x9, 0x88,
    0xdf, 0xf0, 0x0, 0x7f, 0xc8, 0x9, 0xff, 0x0,

    /* U+8BA1 "计" */
    0x41, 0x4, 0x20, 0x4, 0x0, 0x8c, 0xfe, 0x82,
    0x10, 0x42, 0x8, 0x51, 0xc, 0x21, 0x4, 0x0,

    /* U+8BA4 "认" */
    0x41, 0x4, 0x20, 0x4, 0x0, 0x8e, 0x10, 0x42,
    0x8, 0xa1, 0x14, 0x24, 0x46, 0x88, 0xa0, 0x80,

    /* U+8BA9 "让" */
    0x41, 0x4, 0x20, 0x4, 0x0, 0x8e, 0x1e, 0x42,
    0x8, 0x41, 0x8, 0x29, 0x6, 0x20, 0xbf, 0x80,

    /* U+8BB0 "记" */
    0x8f, 0xc8, 0x8, 0x1, 0x0, 0x2c, 0x4, 0x9f,
    0x92, 0x2, 0x40, 0x58, 0x2d, 0x5, 0x1f, 0x80,

    /* U+8BBC "讼" */
    0x84, 0x88, 0x90, 0x21, 0x4, 0x2d, 0x2, 0x84,
    0x10, 0x82, 0x22, 0x54, 0x4d, 0x35, 0x38, 0x80,

    /* U+8BC1 "证" */
    0x9f, 0xe8, 0x20, 0x4, 0x0, 0x8c, 0x90, 0x93,
    0xd2, 0x42, 0x48, 0x49, 0xd, 0x21, 0x7f, 0x80,

    /* U+8BD1 "译" */
    0x4f, 0xe5, 0x4, 0x11, 0x1, 0xce, 0xc6, 0x42,
    0x9, 0xf1, 0x8, 0x2f, 0xe6, 0x20, 0x84, 0x0,

    /* U+8BD5 "试" */
    0x81, 0x48, 0x24, 0x7f, 0x80, 0x8c, 0x10, 0xbe,
    0x11, 0x22, 0x24, 0x44, 0xac, 0xed, 0x60, 0x80,

    /* U+8BEB "诫" */
    0x80, 0xa8, 0x14, 0x7f, 0x80, 0x4c, 0xaa, 0x95,
    0x57, 0xea, 0x52, 0x4a, 0x4d, 0x55, 0x4c, 0x80,

    /* U+8BEF "误" */
    0x8f, 0xc9, 0x8, 0x21, 0x7, 0xec, 0x0, 0x9f,
    0x90, 0x42, 0xff, 0x41, 0xc, 0x51, 0x71, 0x80,

    /* U+8BF4 "说" */
    0x88, 0x48, 0x90, 0x3f, 0x4, 0x2c, 0x84, 0x90,
    0x93, 0xf2, 0x24, 0x54, 0xad, 0x15, 0x43, 0x80,

    /* U+8BF7 "请" */
    0x81, 0x9, 0xf8, 0x4, 0x7, 0xec, 0x10, 0xbf,
    0xd2, 0x12, 0x7e, 0x58, 0x4d, 0xf9, 0x21, 0x0,

    /* U+8BFB "读" */
    0x81, 0x9, 0xf8, 0x4, 0xf, 0xfc, 0x42, 0xa5,
    0x12, 0x22, 0xff, 0x41, 0xc, 0xc9, 0x60, 0x80,

    /* U+8C13 "谓" */
    0x9f, 0xea, 0x24, 0x7f, 0x88, 0x9d, 0xfe, 0x90,
    0x93, 0xf2, 0x42, 0x4f, 0xcd, 0x9, 0x23, 0x0,

    /* U+8C26 "谦" */
    0x88, 0x8b, 0xfc, 0x14, 0xf, 0xec, 0x54, 0xbf,
    0xd1, 0x52, 0xfe, 0x45, 0xd, 0xb1, 0x55, 0x80,

    /* U+8C37 "谷" */
    0x11, 0x4, 0x13, 0x11, 0x85, 0x3, 0x19, 0x80,
    0xcf, 0xe1, 0x4, 0x20, 0x84, 0x10, 0xfe, 0x0,

    /* U+8C55 "豕" */
    0xff, 0xe0, 0x80, 0x60, 0xf2, 0x20, 0x68, 0x36,
    0x38, 0xa0, 0x34, 0x1a, 0x5c, 0x44, 0x30, 0x0,

    /* U+8C5A "豚" */
    0xef, 0xf4, 0x22, 0x88, 0xf6, 0xaa, 0x19, 0x45,
    0x3b, 0x35, 0xd, 0xa2, 0xb5, 0x92, 0x8c, 0x0,

    /* U+8C6B "豫" */
    0xf3, 0x82, 0x92, 0xbf, 0xa2, 0x9f, 0x7e, 0xa6,
    0x1b, 0x6a, 0x16, 0x4d, 0xa8, 0x57, 0x36, 0x0,

    /* U+8C6E "豮" */
    0xf1, 0x5, 0xfd, 0x15, 0x57, 0xf3, 0x44, 0xdf,
    0xee, 0x9, 0x49, 0x69, 0x34, 0x51, 0xb1, 0x80,

    /* U+8C79 "豹" */
    0x14, 0x1c, 0x81, 0x5f, 0x94, 0x1d, 0x2, 0x64,
    0x54, 0x4d, 0x89, 0x50, 0x32, 0x5, 0x83, 0x0,

    /* U+8D1D "贝" */
    0x7f, 0xc8, 0x9, 0x11, 0x22, 0x24, 0x44, 0x88,
    0x91, 0x12, 0x22, 0xa, 0x6, 0x33, 0x1, 0x80,

    /* U+8D1E "贞" */
    0x4, 0x0, 0xfc, 0x10, 0x3f, 0xe4, 0x4, 0x88,
    0x91, 0x12, 0x22, 0xa, 0x6, 0x33, 0x1, 0x80,

    /* U+8D1F "负" */
    0x20, 0x7, 0xe1, 0x4, 0x7f, 0xe4, 0x4, 0x88,
    0x91, 0x12, 0x22, 0xa, 0x6, 0x33, 0x1, 0x80,

    /* U+8D25 "败" */
    0xfa, 0x11, 0x42, 0xaf, 0xd6, 0x2a, 0xa5, 0x54,
    0xaa, 0xa5, 0x54, 0x21, 0xa, 0x52, 0x31, 0x80,

    /* U+8D2F "贯" */
    0x3f, 0x84, 0x93, 0xff, 0x92, 0x43, 0xf8, 0x0,
    0x1f, 0xf2, 0x22, 0x44, 0x43, 0x63, 0x83, 0x80,

    /* U+8D30 "贰" */
    0x1, 0x5f, 0xfc, 0x4, 0x3e, 0x80, 0x11, 0xfe,
    0x11, 0x42, 0xa4, 0x54, 0xa5, 0xf, 0x18, 0x80,

    /* U+8D32 "贲" */
    0x4, 0xf, 0xf8, 0x92, 0x7f, 0xf2, 0x8, 0xff,
    0x90, 0x12, 0x22, 0x44, 0x43, 0x63, 0x83, 0x80,

    /* U+8D44 "资" */
    0x44, 0x4, 0xfc, 0x24, 0x91, 0x4c, 0xc6, 0x0,
    0x1f, 0xf2, 0x22, 0x44, 0x43, 0x63, 0x83, 0x80,

    /* U+8D4D "赍" */
    0x4, 0x1f, 0xfc, 0x92, 0x2a, 0xaf, 0xff, 0x0,
    0x5f, 0xf2, 0x22, 0x44, 0x43, 0x63, 0x83, 0x80,

    /* U+8D4F "赏" */
    0x24, 0x9f, 0xfe, 0x0, 0xdf, 0xd2, 0x8, 0xff,
    0x90, 0x12, 0x22, 0x44, 0x43, 0x63, 0x83, 0x80,

    /* U+8D64 "赤" */
    0x4, 0xf, 0xf8, 0x10, 0x2, 0xf, 0xfe, 0x22,
    0x14, 0x52, 0x89, 0x91, 0x24, 0x21, 0xc, 0x0,

    /* U+8D77 "起" */
    0x13, 0xcf, 0x8, 0x41, 0x8, 0x2f, 0xbc, 0x24,
    0x14, 0x8a, 0xd1, 0x51, 0xf6, 0x2, 0x3f, 0x80,

    /* U+8DB3 "足" */
    0x7f, 0xc8, 0x9, 0x1, 0x20, 0x27, 0xfc, 0x8,
    0x9, 0x1, 0x3e, 0x24, 0xb, 0x82, 0xf, 0x80,

    /* U+8DBE "趾" */
    0xf1, 0x12, 0x22, 0x44, 0x7a, 0x82, 0x5e, 0x4a,
    0x2d, 0x45, 0x28, 0xa5, 0x16, 0xa3, 0x3f, 0x80,

    /* U+8DC3 "跃" */
    0xf0, 0xd2, 0xe2, 0x44, 0x78, 0x82, 0x10, 0x5f,
    0xec, 0x45, 0x14, 0xa2, 0x96, 0x8b, 0x20, 0x80,

    /* U+8DDB "跛" */
    0xf0, 0x92, 0xfe, 0x52, 0xfa, 0x42, 0x7e, 0x48,
    0x6d, 0x8d, 0x2a, 0xa4, 0x96, 0xab, 0x28, 0x80,

    /* U+8DFB "跻" */
    0xf1, 0x13, 0xfe, 0x51, 0x79, 0x42, 0x10, 0x45,
    0x2b, 0x1d, 0xa2, 0xa4, 0x56, 0x8b, 0x21, 0x0,

    /* U+8E47 "蹇" */
    0x4, 0x1f, 0xfe, 0x44, 0xbf, 0xe1, 0x11, 0xff,
    0xd4, 0x54, 0xf9, 0x25, 0xc7, 0x83, 0xf, 0x80,

    /* U+8E62 "蹢" */
    0xf1, 0x13, 0xfe, 0x51, 0x7f, 0xf2, 0x92, 0x57,
    0x6e, 0x4d, 0x5d, 0xaa, 0xb7, 0x77, 0x21, 0x80,

    /* U+8E85 "躅" */
    0xef, 0xf5, 0x56, 0xbf, 0xf2, 0x2, 0xfe, 0x64,
    0x6b, 0xed, 0x55, 0xaf, 0xb6, 0x57, 0x3d, 0x80,

    /* U+8EAB "身" */
    0x8, 0x7, 0xf0, 0x82, 0x1f, 0xc2, 0x8, 0x7f,
    0x48, 0x37, 0xfc, 0x4, 0x83, 0x13, 0x8e, 0x0,

    /* U+8EAC "躬" */
    0x23, 0xef, 0x5, 0x20, 0xbd, 0xf4, 0xa0, 0xf4,
    0x12, 0xff, 0xc1, 0x28, 0x29, 0x6, 0x67, 0x0,

    /* U+8F39 "輹" */
    0x22, 0x1f, 0x7c, 0x99, 0x7d, 0xea, 0xa5, 0xf7,
    0xaa, 0x47, 0xde, 0x26, 0x5f, 0x30, 0x99, 0x80,

    /* U+8F66 "车" */
    0x8, 0x1f, 0xfc, 0x40, 0x12, 0x4, 0x40, 0xff,
    0x81, 0x0, 0x20, 0xff, 0xe0, 0x80, 0x10, 0x0,

    /* U+8F6E "轮" */
    0x21, 0x1e, 0x51, 0x11, 0x54, 0x1a, 0x41, 0xe8,
    0x89, 0x21, 0xb8, 0xe4, 0x24, 0x84, 0x8f, 0x80,

    /* U+8F7B "轻" */
    0x27, 0xde, 0x9, 0x2, 0x50, 0x8a, 0x69, 0xf0,
    0xc9, 0xf1, 0x88, 0xe1, 0x4, 0x20, 0xbf, 0x80,

    /* U+8F7D "载" */
    0x11, 0x4f, 0xa4, 0x44, 0x7f, 0xf2, 0x11, 0xfa,
    0x54, 0x53, 0xe4, 0x10, 0xbf, 0xac, 0x48, 0x80,

    /* U+8F85 "辅" */
    0x21, 0x5d, 0xfd, 0x4, 0x57, 0xfa, 0x93, 0xff,
    0xca, 0x49, 0xff, 0xe9, 0x25, 0x24, 0xa5, 0x80,

    /* U+8F90 "辐" */
    0x2f, 0xfe, 0x1, 0x1f, 0x52, 0x2a, 0x7d, 0xe0,
    0xb, 0xf9, 0xc9, 0xef, 0xe5, 0x24, 0xbf, 0x80,

    /* U+8F9E "辞" */
    0x19, 0x1c, 0x10, 0x8f, 0x90, 0xaf, 0x94, 0x4f,
    0xc8, 0x27, 0xc4, 0x8b, 0xf1, 0x13, 0xe2, 0x0,

    /* U+8FA8 "辨" */
    0x22, 0x9f, 0x7d, 0x29, 0x25, 0x2f, 0xbe, 0x55,
    0x8, 0xa7, 0xdf, 0x22, 0x88, 0x91, 0x22, 0x0,

    /* U+8FC1 "迁" */
    0x80, 0xc9, 0xe0, 0x4, 0x0, 0x8d, 0xfe, 0x82,
    0x10, 0x42, 0x8, 0x41, 0x14, 0x2, 0x7f, 0x80,

    /* U+8FC7 "过" */
    0x80, 0x88, 0x10, 0x7f, 0x80, 0x4c, 0x88, 0x89,
    0x11, 0x22, 0x4, 0x43, 0x94, 0x2, 0x7f, 0x80,

    /* U+8FD4 "返" */
    0x80, 0xe9, 0xe0, 0x20, 0x4, 0xc, 0xfe, 0x98,
    0x52, 0x92, 0x4c, 0x56, 0x74, 0x2, 0x7f, 0x80,

    /* U+8FD9 "这" */
    0x82, 0x8, 0x20, 0x7f, 0x80, 0x2c, 0x44, 0x85,
    0x10, 0x42, 0x14, 0x4c, 0x74, 0x2, 0x7f, 0x80,

    /* U+8FDB "进" */
    0x84, 0x88, 0x90, 0x7f, 0x82, 0x4c, 0x48, 0xbf,
    0xd1, 0x22, 0x24, 0x48, 0x94, 0x2, 0x7f, 0x80,

    /* U+8FDC "远" */
    0x8f, 0xc8, 0x0, 0x0, 0xf, 0xfc, 0x48, 0x89,
    0x12, 0x22, 0x45, 0x50, 0xf4, 0x2, 0x7f, 0x80,

    /* U+8FDD "违" */
    0x82, 0xb, 0xfc, 0x8, 0x7, 0xec, 0x20, 0xbf,
    0xd0, 0x8a, 0x11, 0x42, 0xd4, 0x42, 0x7f, 0x80,

    /* U+8FDE "连" */
    0x82, 0xb, 0xfc, 0x10, 0x4, 0x8c, 0x90, 0x9f,
    0xd0, 0x42, 0xff, 0x41, 0x14, 0x22, 0x7f, 0x80,

    /* U+8FDF "迟" */
    0x8f, 0xc9, 0x8, 0x21, 0x7, 0xec, 0x80, 0x92,
    0x12, 0x22, 0x82, 0x50, 0x34, 0x2, 0x7f, 0x80,

    /* U+8FF7 "迷" */
    0x81, 0x9, 0x24, 0x15, 0x0, 0x8d, 0xfe, 0x87,
    0x11, 0x52, 0xc9, 0x41, 0x14, 0x2, 0x7f, 0x80,

    /* U+9000 "退" */
    0x8f, 0xc9, 0x8, 0x3f, 0x4, 0x2c, 0xfc, 0x94,
    0x52, 0x52, 0x54, 0x4c, 0x74, 0x2, 0x7f, 0x80,

    /* U+900B "逋" */
    0x81, 0x49, 0xfc, 0x4, 0x7, 0xfc, 0x92, 0x9f,
    0xd2, 0x4a, 0x7f, 0x49, 0x34, 0x2, 0x7f, 0x80,

    /* U+9010 "逐" */
    0x9f, 0xe8, 0x40, 0x14, 0x8d, 0xac, 0x58, 0xb6,
    0x91, 0x4a, 0xc9, 0x46, 0x14, 0x2, 0x7f, 0x80,

    /* U+9016 "逖" */
    0x94, 0x89, 0x14, 0x56, 0x83, 0x6c, 0xc8, 0xa9,
    0x11, 0x52, 0x2a, 0x5a, 0x34, 0x2, 0x7f, 0x80,

    /* U+901F "速" */
    0x81, 0xb, 0xfc, 0x4, 0x7, 0xfc, 0x92, 0x9f,
    0xd0, 0xe2, 0x2a, 0x59, 0x34, 0x22, 0x7f, 0x80,

    /* U+9041 "遁" */
    0x9f, 0xca, 0x20, 0x7f, 0x88, 0x8d, 0x7c, 0xa8,
    0x95, 0xf2, 0xa2, 0x57, 0xd4, 0x2, 0x7f, 0x80,

    /* U+9042 "遂" */
    0x88, 0x48, 0x90, 0x7f, 0x83, 0xd, 0xb2, 0x8a,
    0x96, 0xe2, 0x2a, 0x59, 0x34, 0xc2, 0x7f, 0x80,

    /* U+9044 "遄" */
    0x89, 0x29, 0xfc, 0x0, 0x7, 0xfc, 0x10, 0x9f,
    0xd2, 0xaa, 0x55, 0x4a, 0xb4, 0x2, 0x7f, 0x80,

    /* U+9047 "遇" */
    0x8f, 0xc9, 0x28, 0x3f, 0x4, 0xac, 0xfc, 0x82,
    0x17, 0xfa, 0x89, 0x57, 0xb4, 0x2, 0x7f, 0x80,

    /* U+9050 "遐" */
    0x8e, 0xe9, 0x44, 0x3b, 0x84, 0xc, 0xee, 0x91,
    0x53, 0xaa, 0x42, 0x49, 0xb4, 0x2, 0x7f, 0x80,

    /* U+9053 "道" */
    0x84, 0x8b, 0xfc, 0x8, 0x7, 0xec, 0x84, 0x9f,
    0x92, 0x12, 0x42, 0x4f, 0xd4, 0x2, 0x7f, 0x80,

    /* U+9057 "遗" */
    0x81, 0x9, 0xf8, 0x25, 0xf, 0xfc, 0x0, 0x9f,
    0x92, 0x52, 0x4a, 0x42, 0x95, 0x8a, 0x7f, 0x80,

    /* U+906F "遯" */
    0x9f, 0xea, 0xa0, 0x52, 0xce, 0xe5, 0x68, 0x29,
    0xb7, 0x6a, 0xb5, 0x55, 0x94, 0x2, 0x7f, 0x80,

    /* U+907F "避" */
    0x9c, 0x8a, 0xfc, 0x55, 0x4e, 0xa5, 0x3e, 0x39,
    0x3d, 0xfa, 0xa4, 0x5c, 0x94, 0x2, 0x7f, 0x80,

    /* U+9085 "邅" */
    0x81, 0xb, 0xfc, 0x2e, 0x85, 0x5c, 0xba, 0x90,
    0x53, 0xfa, 0x22, 0x47, 0xd4, 0x8a, 0x7f, 0x80,

    /* U+9091 "邑" */
    0x7f, 0x10, 0x47, 0xf0, 0x0, 0xff, 0xa2, 0x28,
    0x8b, 0xfe, 0x80, 0x20, 0x17, 0xfc,

    /* U+90BB "邻" */
    0x11, 0xe5, 0x25, 0x14, 0xc1, 0xa2, 0x14, 0x22,
    0x7f, 0xc8, 0x29, 0x49, 0xc6, 0x20, 0x34, 0x0,

    /* U+90CA "郊" */
    0x10, 0xff, 0xd4, 0x2, 0xa2, 0x58, 0x2c, 0x89,
    0x51, 0x29, 0x45, 0x10, 0xe5, 0x13, 0x1a, 0x0,

    /* U+90E8 "部" */
    0x11, 0xef, 0xa4, 0x4, 0xa2, 0xa2, 0x95, 0xfe,
    0x40, 0x4b, 0xe9, 0x45, 0xc8, 0xa1, 0xf4, 0x0,

    /* U+914C "酌" */
    0xfa, 0xa, 0x41, 0x4f, 0xfd, 0x1a, 0xc3, 0x52,
    0x76, 0x2c, 0x45, 0xf8, 0x31, 0x7, 0xe3, 0x0,

    /* U+914D "配" */
    0xfb, 0xea, 0x5, 0x40, 0xfc, 0x1a, 0x83, 0x57,
    0xf6, 0x84, 0x50, 0xfa, 0x31, 0x47, 0xe7, 0x80,

    /* U+9152 "酒" */
    0x9f, 0xe8, 0x90, 0x12, 0x4f, 0xf5, 0x4a, 0x29,
    0x46, 0x3a, 0x81, 0x5f, 0xf2, 0x6, 0x7f, 0x80,

    /* U+91CC "里" */
    0x7f, 0xc8, 0x89, 0x11, 0x3f, 0xe4, 0x44, 0x88,
    0x9f, 0xf0, 0x20, 0x7f, 0xc0, 0x83, 0xff, 0x80,

    /* U+91CD "重" */
    0x7f, 0xc0, 0x83, 0xff, 0xa2, 0x27, 0xfc, 0x88,
    0x9f, 0xf0, 0x20, 0x7f, 0xc0, 0x83, 0xff, 0x80,

    /* U+91CE "野" */
    0xfb, 0xf5, 0x7, 0xe5, 0x54, 0x4a, 0xff, 0xf1,
    0x48, 0x37, 0xc4, 0x20, 0x87, 0x13, 0xe, 0x0,

    /* U+91D1 "金" */
    0x4, 0x1, 0x40, 0xc6, 0x60, 0x33, 0xf8, 0x8,
    0x1, 0x3, 0xfe, 0x24, 0x82, 0xa3, 0xff, 0x80,

    /* U+94B1 "钱" */
    0x41, 0x4e, 0x26, 0x7, 0xfb, 0x84, 0x10, 0x83,
    0xfd, 0xc2, 0x9, 0x50, 0xcc, 0x35, 0x39, 0x80,

    /* U+94C9 "铉" */
    0x42, 0xc, 0x22, 0x3f, 0xf0, 0x84, 0x20, 0x88,
    0xbb, 0xe2, 0x8, 0x42, 0x4c, 0x89, 0x3e, 0x80,

    /* U+94DC "铜" */
    0x4f, 0xed, 0x6, 0x2e, 0xf4, 0x14, 0xba, 0x95,
    0x7a, 0xaa, 0x55, 0x4b, 0xad, 0x5, 0x21, 0x80,

    /* U+9519 "错" */
    0x44, 0x8d, 0xfa, 0x12, 0x72, 0x45, 0xfe, 0x80,
    0x3b, 0xf2, 0x42, 0x4f, 0xcd, 0x9, 0x3f, 0x0,

    /* U+951A "锚" */
    0x44, 0x4d, 0xfe, 0x11, 0x70, 0x4, 0xfe, 0x92,
    0x7a, 0x4a, 0x7f, 0x49, 0x2d, 0x25, 0x3f, 0x80,

    /* U+9521 "锡" */
    0x4f, 0xcd, 0xa, 0x3f, 0x74, 0x24, 0xfc, 0x88,
    0x3b, 0xfa, 0x95, 0x44, 0xad, 0x25, 0x9, 0x80,

    /* U+952E "键" */
    0x40, 0x8f, 0x7e, 0x22, 0xf7, 0xf5, 0xa, 0xb7,
    0xfa, 0x22, 0x5f, 0x58, 0x8d, 0x91, 0x4f, 0x80,

    /* U+957F "长" */
    0x20, 0x84, 0x20, 0x88, 0x16, 0x2, 0x1, 0xff,
    0xc9, 0x1, 0x10, 0x21, 0x5, 0x10, 0xc1, 0x80,

    /* U+95E8 "门" */
    0x9f, 0xe8, 0x4, 0x0, 0xc0, 0x18, 0x3, 0x0,
    0x60, 0xc, 0x1, 0x80, 0x30, 0x6, 0x3, 0x80,

    /* U+95EE "问" */
    0x9f, 0xe8, 0x4, 0x0, 0xcf, 0x99, 0x13, 0x22,
    0x64, 0x4c, 0xf9, 0x80, 0x30, 0x6, 0x3, 0x80,

    /* U+95F2 "闲" */
    0x9f, 0xe8, 0x4, 0x10, 0xc2, 0x1b, 0xfb, 0x8,
    0x63, 0x8c, 0xa9, 0xa4, 0xb0, 0x86, 0x3, 0x80,

    /* U+95FB "闻" */
    0x9f, 0xe8, 0x4, 0x0, 0xdf, 0xd9, 0x13, 0x3e,
    0x64, 0x4c, 0xf9, 0x91, 0xb7, 0xe6, 0x5, 0x80,

    /* U+9612 "阒" */
    0x9f, 0xe8, 0x4, 0x7c, 0xc8, 0x99, 0xf3, 0x22,
    0x67, 0xcc, 0x29, 0xbf, 0xb1, 0x46, 0xc6, 0x80,

    /* U+9632 "防" */
    0xe2, 0x14, 0x22, 0xff, 0xd2, 0xc, 0x41, 0x4f,
    0xa9, 0x15, 0x22, 0xe8, 0x51, 0xa, 0x46, 0x0,

    /* U+9633 "阳" */
    0xf7, 0xf2, 0x86, 0x50, 0xd2, 0x1a, 0x43, 0x2f,
    0xe5, 0xc, 0xa1, 0xe4, 0x30, 0x86, 0x1f, 0x80,

    /* U+9634 "阴" */
    0xf7, 0xf2, 0x86, 0x50, 0xd3, 0xfa, 0x43, 0x28,
    0x65, 0xfc, 0xa1, 0xe4, 0x31, 0x6, 0x41, 0x80,

    /* U+9636 "阶" */
    0xe1, 0x14, 0x52, 0x91, 0x5c, 0x1c, 0x45, 0x48,
    0xa9, 0x15, 0x22, 0xe4, 0x50, 0x8a, 0x21, 0x0,

    /* U+9642 "陂" */
    0xe1, 0x15, 0xfe, 0xa4, 0xd4, 0x8c, 0xff, 0x58,
    0x6a, 0x8d, 0x4a, 0xe8, 0x91, 0x2a, 0x58, 0x80,

    /* U+9646 "陆" */
    0xe1, 0x14, 0x22, 0xbf, 0xd0, 0x8c, 0x11, 0x5f,
    0xe8, 0x45, 0x49, 0xe9, 0x31, 0x26, 0x3f, 0x80,

    /* U+9650 "限" */
    0xef, 0xd5, 0xa, 0xbf, 0x54, 0x2c, 0x85, 0x5f,
    0xaa, 0x4d, 0x4a, 0xe8, 0x91, 0x4a, 0x30, 0x80,

    /* U+9668 "陨" */
    0xe7, 0xd4, 0x8a, 0x9f, 0x50, 0xc, 0xff, 0x50,
    0x6a, 0x4d, 0x49, 0xe2, 0x90, 0x8a, 0x20, 0x80,

    /* U+9669 "险" */
    0xe1, 0x14, 0x52, 0x91, 0x54, 0x1c, 0x7d, 0x40,
    0x2a, 0x8d, 0x2a, 0xe5, 0x50, 0x12, 0x3f, 0x80,

    /* U+9675 "陵" */
    0xe1, 0x14, 0xfa, 0x84, 0x57, 0xfc, 0x45, 0x54,
    0x68, 0xf5, 0x22, 0xea, 0x90, 0x22, 0x3b, 0x80,

    /* U+9686 "隆" */
    0xe3, 0xd5, 0x8a, 0x8e, 0x56, 0x3c, 0x39, 0x52,
    0x2b, 0xfd, 0x88, 0xef, 0xf0, 0x22, 0x7f, 0x80,

    /* U+968D "隍" */
    0xe2, 0x15, 0xfa, 0xa1, 0x57, 0xec, 0x85, 0x50,
    0xaf, 0xfd, 0x8, 0xef, 0xd0, 0x22, 0x7f, 0x80,

    /* U+968F "随" */
    0xe1, 0x16, 0xfe, 0xa4, 0x51, 0xec, 0x65, 0x77,
    0xaa, 0x95, 0x5e, 0xea, 0x52, 0x82, 0x4f, 0x80,

    /* U+96BC "隼" */
    0x24, 0xf, 0xfb, 0x10, 0x3f, 0xe4, 0x40, 0xff,
    0x91, 0x3, 0xfe, 0x4, 0x1f, 0xfc, 0x10, 0x0,

    /* U+96C9 "雉" */
    0x42, 0x8e, 0x52, 0x9f, 0x96, 0x42, 0x7f, 0xe9,
    0x9, 0x21, 0x3f, 0x54, 0x8a, 0x92, 0x1f, 0x80,

    /* U+96E8 "雨" */
    0xff, 0xe0, 0x80, 0x10, 0x7f, 0xf8, 0x43, 0x4a,
    0x65, 0x2c, 0x21, 0xa5, 0x32, 0x96, 0x10, 0x80,

    /* U+96F6 "零" */
    0x7f, 0xc0, 0x83, 0xff, 0xda, 0xd0, 0xe0, 0x63,
    0x31, 0x18, 0x10, 0x7f, 0xc1, 0x10, 0x1c, 0x0,

    /* U+96F7 "雷" */
    0x7f, 0xc0, 0x83, 0xff, 0xc2, 0x1b, 0x5a, 0x0,
    0x1f, 0xf2, 0x22, 0x7f, 0xc8, 0x89, 0xff, 0x0,

    /* U+9700 "需" */
    0x7f, 0xc0, 0x83, 0xff, 0xc2, 0x1b, 0x5a, 0x0,
    0x3f, 0xf8, 0x40, 0xff, 0xf2, 0x26, 0x45, 0x80,

    /* U+9707 "震" */
    0x7f, 0xc0, 0x83, 0xff, 0xda, 0xd0, 0x40, 0xff,
    0xd0, 0x3, 0xff, 0x51, 0x4a, 0x92, 0x61, 0x80,

    /* U+971C "霜" */
    0x7f, 0xc0, 0x83, 0xff, 0xc2, 0x1b, 0x5a, 0x0,
    0x8, 0xff, 0xd1, 0x23, 0xee, 0x46, 0xaf, 0x80,

    /* U+9732 "露" */
    0x7f, 0xc0, 0x83, 0xff, 0xd2, 0x5f, 0x7d, 0x38,
    0xbc, 0xe1, 0x63, 0xb7, 0xd4, 0x8b, 0xdf, 0x0,

    /* U+9759 "静" */
    0x21, 0x1f, 0x38, 0x89, 0x7d, 0xf2, 0xb, 0xff,
    0xd2, 0x2b, 0xdf, 0x48, 0x8f, 0x11, 0x26, 0x0,

    /* U+9761 "靡" */
    0x2, 0xf, 0xfd, 0x22, 0x3f, 0xf5, 0xdc, 0xd5,
    0x51, 0x43, 0xef, 0x45, 0xf, 0xbe, 0x14, 0x0,

    /* U+9762 "面" */
    0xff, 0xe0, 0x80, 0x20, 0x7f, 0xf9, 0x13, 0x3e,
    0x64, 0x4c, 0x89, 0x9f, 0x32, 0x27, 0xff, 0x80,

    /* U+9769 "革" */
    0x11, 0x1f, 0xfc, 0x44, 0xf, 0x80, 0x40, 0xff,
    0x91, 0x13, 0xfe, 0x4, 0x1f, 0xfc, 0x10, 0x0,

    /* U+97B6 "鞶" */
    0x7b, 0x89, 0xdb, 0xff, 0x74, 0xcf, 0xfc, 0x3e,
    0x1f, 0xe3, 0xfc, 0xff, 0xc1, 0x0,

    /* U+97F3 "音" */
    0x4, 0xf, 0xf8, 0x82, 0x8, 0x8f, 0xfe, 0x0,
    0xf, 0xe1, 0x4, 0x3f, 0x84, 0x10, 0xfe, 0x0,

    /* U+9804 "頄" */
    0x4f, 0xd0, 0x8f, 0x79, 0x62, 0x57, 0x96, 0x25,
    0xf9, 0x5e, 0xa4, 0xa6, 0x10,

    /* U+9875 "页" */
    0xff, 0xe0, 0x81, 0xff, 0x20, 0x24, 0x44, 0x88,
    0x91, 0x12, 0x22, 0xa, 0x6, 0x33, 0x1, 0x80,

    /* U+9876 "顶" */
    0xef, 0xe8, 0x21, 0x3f, 0xa4, 0x14, 0x92, 0x92,
    0x52, 0x4a, 0x49, 0x42, 0x88, 0x8b, 0x20, 0x80,

    /* U+987B "须" */
    0x2f, 0xe8, 0x22, 0x3f, 0x84, 0x12, 0x92, 0x92,
    0x62, 0x48, 0x49, 0x22, 0x88, 0x8a, 0x20, 0x80,

    /* U+988A "颊" */
    0x23, 0xff, 0x10, 0x8f, 0xd5, 0x17, 0x2a, 0x45,
    0x7e, 0xa9, 0x15, 0x50, 0x89, 0x2a, 0x8, 0x80,

    /* U+9890 "颐" */
    0xfb, 0xf2, 0x12, 0x4f, 0xdd, 0x1a, 0xab, 0x55,
    0x6a, 0xad, 0xd5, 0x90, 0x92, 0x2b, 0xe8, 0x80,

    /* U+9891 "频" */
    0x23, 0xf7, 0x12, 0x8f, 0xd1, 0x1f, 0xaa, 0x45,
    0x5a, 0xad, 0x55, 0x10, 0x84, 0x2b, 0x8, 0x80,

    /* U+9899 "颙" */
    0xfb, 0xf5, 0x13, 0xef, 0xd5, 0x1f, 0xaa, 0x45,
    0x7e, 0xad, 0x55, 0xb8, 0x9d, 0x2a, 0x68, 0x80,

    /* U+98A0 "颠" */
    0x23, 0xff, 0x90, 0x8f, 0xbd, 0x14, 0xaa, 0xf5,
    0x52, 0xaa, 0x55, 0xfc, 0x89, 0x2a, 0x18, 0x80,

    /* U+98CE "风" */
    0x7f, 0xc8, 0x9, 0x5, 0x28, 0xa4, 0xa4, 0x88,
    0x91, 0x12, 0x52, 0x51, 0x48, 0xe, 0x0, 0x80,

    /* U+98DE "飞" */
    0xff, 0x0, 0x24, 0x5, 0x0, 0xc0, 0x14, 0x2,
    0x40, 0x40, 0x8, 0x0, 0xa0, 0x14, 0x1, 0x0,

    /* U+98DF "食" */
    0xe, 0x6, 0x33, 0x11, 0x9f, 0xc2, 0x8, 0x7f,
    0x8, 0x21, 0xfd, 0x22, 0x45, 0x30, 0xc1, 0x80,

    /* U+9917 "餗" */
    0x41, 0x15, 0xfc, 0x4, 0x77, 0xfa, 0x93, 0xd2,
    0x6b, 0xff, 0x1c, 0x85, 0x55, 0x27, 0x44, 0x0,

    /* U+996E "饮" */
    0x44, 0xe, 0x82, 0x5f, 0x92, 0x14, 0x94, 0x82,
    0x10, 0x42, 0x14, 0x52, 0x8c, 0x89, 0x20, 0x80,

    /* U+9988 "馈" */
    0x41, 0xd, 0xfa, 0xa5, 0x7, 0xe4, 0x10, 0xbf,
    0xd2, 0x12, 0x4a, 0x49, 0x4c, 0x51, 0x31, 0x80,

    /* U+9996 "首" */
    0x20, 0x82, 0x23, 0xff, 0x82, 0x7, 0xfc, 0x80,
    0x9f, 0xf2, 0x2, 0x7f, 0xc8, 0x9, 0xff, 0x0,

    /* U+9A6C "马" */
    0x7f, 0x80, 0x10, 0x82, 0x10, 0x42, 0x8, 0x7f,
    0xc0, 0x8, 0x1, 0xff, 0x20, 0x4, 0x7, 0x0,

    /* U+9A71 "驱" */
    0xe7, 0xe4, 0x82, 0x99, 0x52, 0xaa, 0x55, 0xe9,
    0x5, 0x21, 0xaa, 0xd6, 0x42, 0x81, 0x9f, 0x80,

    /* U+9AD8 "高" */
    0x4, 0x1f, 0xfc, 0x82, 0x1f, 0xc0, 0x1, 0xff,
    0xe0, 0xc, 0xf9, 0x91, 0x33, 0xe6, 0x1, 0x80,

    /* U+9B2F "鬯" */
    0xa4, 0xb2, 0x27, 0x39, 0xc8, 0x9a, 0x4b, 0xff,
    0xd0, 0x2, 0xf, 0x7e, 0x8, 0x4, 0xff, 0x80,

    /* U+9B3C "鬼" */
    0x8, 0xf, 0xf9, 0x11, 0x3f, 0xe4, 0x44, 0xff,
    0x82, 0xa0, 0x5a, 0x13, 0xc4, 0x47, 0xf, 0x80,

    /* U+9C7C "鱼" */
    0x20, 0x7, 0xe1, 0x4, 0x7f, 0xe4, 0x44, 0xff,
    0x91, 0x12, 0x22, 0x7f, 0xc0, 0x3, 0xff, 0x80,

    /* U+9C8B "鲋" */
    0x41, 0x4e, 0x2a, 0x4b, 0xfd, 0x2a, 0xe5, 0xf6,
    0xaa, 0xb7, 0xd2, 0x2, 0x43, 0x4b, 0x8b, 0x0,

    /* U+9E1F "鸟" */
    0x8, 0x7, 0xf0, 0x82, 0x14, 0x42, 0x58, 0x40,
    0xf, 0xf8, 0x1, 0xff, 0x20, 0x4, 0x7, 0x0,

    /* U+9E23 "鸣" */
    0x1, 0x1e, 0xfa, 0x51, 0x4a, 0xa9, 0x4d, 0x28,
    0x25, 0xfc, 0x81, 0xf7, 0xa0, 0x4, 0x7, 0x0,

    /* U+9E3F "鸿" */
    0x80, 0x88, 0x38, 0x75, 0x44, 0xe4, 0x94, 0x12,
    0x2, 0x7a, 0x61, 0x5b, 0xb0, 0x6, 0x3, 0x0,

    /* U+9E64 "鹤" */
    0x21, 0x1f, 0x7a, 0xa9, 0x29, 0xa7, 0xad, 0xa4,
    0x1e, 0xfa, 0x81, 0x7b, 0xaa, 0x5, 0xe3, 0x0,

    /* U+9E7F "鹿" */
    0x2, 0xf, 0xfd, 0x24, 0x3f, 0xf4, 0x92, 0xff,
    0xd4, 0x42, 0xea, 0x51, 0x8a, 0xa6, 0x63, 0x80,

    /* U+9EC4 "黄" */
    0x11, 0xf, 0xf8, 0x44, 0x7f, 0xf0, 0x40, 0xff,
    0x91, 0x13, 0xfe, 0x44, 0x4f, 0xfb, 0x1, 0x80,

    /* U+9F0E "鼎" */
    0x3f, 0x84, 0x12, 0xfe, 0xd0, 0x5b, 0xfb, 0x41,
    0x7f, 0xf8, 0x50, 0xfb, 0xe9, 0x46, 0x28, 0x80,

    /* U+9F13 "鼓" */
    0x20, 0x9f, 0x90, 0x8f, 0xfc, 0x40, 0x9, 0xf7,
    0xe2, 0x8f, 0xd1, 0x51, 0x4b, 0x13, 0x9d, 0x80,

    /* U+9F20 "鼠" */
    0xf7, 0xa0, 0x2f, 0x7a, 0x2, 0xff, 0x80, 0xa,
    0xaa, 0x66, 0xaa, 0xa6, 0x6e, 0xe4,

    /* U+9F2B "鼫" */
    0x6c, 0xd, 0xb9, 0x14, 0x3e, 0x80, 0x5e, 0xfa,
    0x5f, 0xcb, 0xe9, 0x57, 0xfe, 0x7c,

    /* U+9F3B "鼻" */
    0x8, 0x7, 0xf0, 0x82, 0x1f, 0xc2, 0x8, 0xff,
    0x91, 0x13, 0xfe, 0x44, 0x5f, 0xfc, 0x82, 0x0,

    /* U+9F99 "龙" */
    0x9, 0x1, 0x13, 0xff, 0x85, 0x0, 0xa0, 0x24,
    0x84, 0xa1, 0x18, 0x22, 0x28, 0xc6, 0x27, 0x80,

    /* U+9F9F "龟" */
    0x20, 0x7, 0xe1, 0x4, 0x7f, 0xe4, 0x44, 0xff,
    0x91, 0x12, 0x22, 0x7f, 0xc0, 0x84, 0xf, 0x80,

    /* U+FF08 "（" */
    0x29, 0x49, 0x24, 0x48, 0x80,

    /* U+FF09 "）" */
    0x89, 0x12, 0x49, 0x4a, 0x0,

    /* U+FF0C "，" */
    0xf6,

    /* U+FF1A "：" */
    0xf0, 0xf,

    /* U+FF1B "；" */
    0xf0, 0x3d, 0x80,

    /* U+FF1F "？" */
    0x74, 0x62, 0x11, 0x10, 0x80, 0x20
};


/*---------------------
 *  GLYPH DESCRIPTION
 *--------------------*/

static const lv_font_fmt_txt_glyph_dsc_t glyph_dsc[] = {
    {.bitmap_index = 0, .adv_w = 0, .box_w = 0, .box_h = 0, .ofs_x = 0, .ofs_y = 0} /* id = 0 reserved */,
    {.bitmap_index = 0, .adv_w = 96, .box_w = 1, .box_h = 1, .ofs_x = 0, .ofs_y = 0},
    {.bitmap_index = 1, .adv_w = 64, .box_w = 1, .box_h = 9, .ofs_x = 1, .ofs_y = 0},
    {.bitmap_index = 3, .adv_w = 96, .box_w = 3, .box_h = 3, .ofs_x = 1, .ofs_y = 6},
    {.bitmap_index = 5, .adv_w = 112, .box_w = 6, .box_h = 9, .ofs_x = 0, .ofs_y = 0},
    {.bitmap_index = 12, .adv_w = 96, .box_w = 5, .box_h = 11, .ofs_x = 0, .ofs_y = -1},
    {.bitmap_index = 19, .adv_w = 128, .box_w = 7, .box_h = 9, .ofs_x = 0, .ofs_y = 0},
    {.bitmap_index = 27, .adv_w = 112, .box_w = 6, .box_h = 9, .ofs_x = 0, .ofs_y = 0},
    {.bitmap_index = 34, .adv_w = 64, .box_w = 1, .box_h = 3, .ofs_x = 1, .ofs_y = 6},
    {.bitmap_index = 35, .adv_w = 96, .box_w = 3, .box_h = 11, .ofs_x = 1, .ofs_y = -1},
    {.bitmap_index = 40, .adv_w = 96, .box_w = 3, .box_h = 11, .ofs_x = 1, .ofs_y = -1},
    {.bitmap_index = 45, .adv_w = 96, .box_w = 5, .box_h = 5, .ofs_x = 0, .ofs_y = 1},
    {.bitmap_index = 49, .adv_w = 96, .box_w = 5, .box_h = 5, .ofs_x = 0, .ofs_y = 1},
    {.bitmap_index = 53, .adv_w = 64, .box_w = 2, .box_h = 3, .ofs_x = 0, .ofs_y = -2},
    {.bitmap_index = 54, .adv_w = 96, .box_w = 5, .box_h = 1, .ofs_x = 0, .ofs_y = 3},
    {.bitmap_index = 55, .adv_w = 64, .box_w = 1, .box_h = 1, .ofs_x = 1, .ofs_y = 0},
    {.bitmap_index = 56, .adv_w = 96, .box_w = 5, .box_h = 11, .ofs_x = 0, .ofs_y = -1},
    {.bitmap_index = 63, .adv_w = 96, .box_w = 5, .box_h = 9, .ofs_x = 0, .ofs_y = 0},
    {.bitmap_index = 69, .adv_w = 96, .box_w = 3, .box_h = 9, .ofs_x = 1, .ofs_y = 0},
    {.bitmap_index = 73, .adv_w = 96, .box_w = 5, .box_h = 9, .ofs_x = 0, .ofs_y = 0},
    {.bitmap_index = 79, .adv_w = 96, .box_w = 5, .box_h = 9, .ofs_x = 0, .ofs_y = 0},
    {.bitmap_index = 85, .adv_w = 96, .box_w = 5, .box_h = 9, .ofs_x = 0, .ofs_y = 0},
    {.bitmap_index = 91, .adv_w = 96, .box_w = 5, .box_h = 9, .ofs_x = 0, .ofs_y = 0},
    {.bitmap_index = 97, .adv_w = 96, .box_w = 5, .box_h = 9, .ofs_x = 0, .ofs_y = 0},
    {.bitmap_index = 103, .adv_w = 96, .box_w = 5, .box_h = 9, .ofs_x = 0, .ofs_y = 0},
    {.bitmap_index = 109, .adv_w = 96, .box_w = 5, .box_h = 9, .ofs_x = 0, .ofs_y = 0},
    {.bitmap_index = 115, .adv_w = 96, .box_w = 5, .box_h = 9, .ofs_x = 0, .ofs_y = 0},
    {.bitmap_index = 121, .adv_w = 64, .box_w = 1, .box_h = 6, .ofs_x = 1, .ofs_y = 0},
    {.bitmap_index = 122, .adv_w = 64, .box_w = 2, .box_h = 8, .ofs_x = 0, .ofs_y = -2},
    {.bitmap_index = 124, .adv_w = 80, .box_w = 4, .box_h = 7, .ofs_x = 0, .ofs_y = 0},
    {.bitmap_index = 128, .adv_w = 96, .box_w = 5, .box_h = 3, .ofs_x = 0, .ofs_y = 2},
    {.bitmap_index = 130, .adv_w = 80, .box_w = 4, .box_h = 7, .ofs_x = 0, .ofs_y = 0},
    {.bitmap_index = 134, .adv_w = 96, .box_w = 5, .box_h = 9, .ofs_x = 0, .ofs_y = 0},
    {.bitmap_index = 140, .adv_w = 128, .box_w = 7, .box_h = 10, .ofs_x = 0, .ofs_y = -1},
    {.bitmap_index = 149, .adv_w = 128, .box_w = 7, .box_h = 9, .ofs_x = 0, .ofs_y = 0},
    {.bitmap_index = 157, .adv_w = 112, .box_w = 6, .box_h = 9, .ofs_x = 0, .ofs_y = 0},
    {.bitmap_index = 164, .adv_w = 112, .box_w = 6, .box_h = 9, .ofs_x = 0, .ofs_y = 0},
    {.bitmap_index = 171, .adv_w = 112, .box_w = 6, .box_h = 9, .ofs_x = 0, .ofs_y = 0},
    {.bitmap_index = 178, .adv_w = 112, .box_w = 6, .box_h = 9, .ofs_x = 0, .ofs_y = 0},
    {.bitmap_index = 185, .adv_w = 112, .box_w = 6, .box_h = 9, .ofs_x = 0, .ofs_y = 0},
    {.bitmap_index = 192, .adv_w = 112, .box_w = 6, .box_h = 9, .ofs_x = 0, .ofs_y = 0},
    {.bitmap_index = 199, .adv_w = 112, .box_w = 6, .box_h = 9, .ofs_x = 0, .ofs_y = 0},
    {.bitmap_index = 206, .adv_w = 64, .box_w = 3, .box_h = 9, .ofs_x = 0, .ofs_y = 0},
    {.bitmap_index = 210, .adv_w = 96, .box_w = 5, .box_h = 9, .ofs_x = 0, .ofs_y = 0},
    {.bitmap_index = 216, .adv_w = 112, .box_w = 6, .box_h = 9, .ofs_x = 0, .ofs_y = 0},
    {.bitmap_index = 223, .adv_w = 96, .box_w = 5, .box_h = 9, .ofs_x = 0, .ofs_y = 0},
    {.bitmap_index = 229, .adv_w = 128, .box_w = 7, .box_h = 9, .ofs_x = 0, .ofs_y = 0},
    {.bitmap_index = 237, .adv_w = 112, .box_w = 6, .box_h = 9, .ofs_x = 0, .ofs_y = 0},
    {.bitmap_index = 244, .adv_w = 128, .box_w = 7, .box_h = 9, .ofs_x = 0, .ofs_y = 0},
    {.bitmap_index = 252, .adv_w = 112, .box_w = 6, .box_h = 9, .ofs_x = 0, .ofs_y = 0},
    {.bitmap_index = 259, .adv_w = 128, .box_w = 7, .box_h = 9, .ofs_x = 0, .ofs_y = 0},
    {.bitmap_index = 267, .adv_w = 112, .box_w = 6, .box_h = 9, .ofs_x = 0, .ofs_y = 0},
    {.bitmap_index = 274, .adv_w = 112, .box_w = 6, .box_h = 9, .ofs_x = 0, .ofs_y = 0},
    {.bitmap_index = 281, .adv_w = 128, .box_w = 7, .box_h = 9, .ofs_x = 0, .ofs_y = 0},
    {.bitmap_index = 289, .adv_w = 112, .box_w = 6, .box_h = 9, .ofs_x = 0, .ofs_y = 0},
    {.bitmap_index = 296, .adv_w = 128, .box_w = 7, .box_h = 9, .ofs_x = 0, .ofs_y = 0},
    {.bitmap_index = 304, .adv_w = 160, .box_w = 9, .box_h = 9, .ofs_x = 0, .ofs_y = 0},
    {.bitmap_index = 315, .adv_w = 128, .box_w = 7, .box_h = 9, .ofs_x = 0, .ofs_y = 0},
    {.bitmap_index = 323, .adv_w = 128, .box_w = 7, .box_h = 9, .ofs_x = 0, .ofs_y = 0},
    {.bitmap_index = 331, .adv_w = 112, .box_w = 6, .box_h = 9, .ofs_x = 0, .ofs_y = 0},
    {.bitmap_index = 338, .adv_w = 96, .box_w = 3, .box_h = 11, .ofs_x = 1, .ofs_y = -1},
    {.bitmap_index = 343, .adv_w = 96, .box_w = 5, .box_h = 11, .ofs_x = 0, .ofs_y = -1},
    {.bitmap_index = 350, .adv_w = 96, .box_w = 3, .box_h = 11, .ofs_x = 1, .ofs_y = -1},
    {.bitmap_index = 355, .adv_w = 96, .box_w = 5, .box_h = 3, .ofs_x = 0, .ofs_y = 6},
    {.bitmap_index = 357, .adv_w = 96, .box_w = 5, .box_h = 1, .ofs_x = 0, .ofs_y = -2},
    {.bitmap_index = 358, .adv_w = 80, .box_w = 2, .box_h = 2, .ofs_x = 1, .ofs_y = 7},
    {.bitmap_index = 359, .adv_w = 96, .box_w = 5, .box_h = 6, .ofs_x = 0, .ofs_y = 0},
    {.bitmap_index = 363, .adv_w = 96, .box_w = 5, .box_h = 9, .ofs_x = 0, .ofs_y = 0},
    {.bitmap_index = 369, .adv_w = 96, .box_w = 5, .box_h = 6, .ofs_x = 0, .ofs_y = 0},
    {.bitmap_index = 373, .adv_w = 96, .box_w = 5, .box_h = 9, .ofs_x = 0, .ofs_y = 0},
    {.bitmap_index = 379, .adv_w = 96, .box_w = 5, .box_h = 6, .ofs_x = 0, .ofs_y = 0},
    {.bitmap_index = 383, .adv_w = 80, .box_w = 4, .box_h = 9, .ofs_x = 0, .ofs_y = 0},
    {.bitmap_index = 388, .adv_w = 96, .box_w = 5, .box_h = 8, .ofs_x = 0, .ofs_y = -2},
    {.bitmap_index = 393, .adv_w = 96, .box_w = 5, .box_h = 9, .ofs_x = 0, .ofs_y = 0},
    {.bitmap_index = 399, .adv_w = 64, .box_w = 3, .box_h = 9, .ofs_x = 0, .ofs_y = 0},
    {.bitmap_index = 403, .adv_w = 64, .box_w = 3, .box_h = 11, .ofs_x = 0, .ofs_y = -2},
    {.bitmap_index = 408, .adv_w = 96, .box_w = 5, .box_h = 9, .ofs_x = 0, .ofs_y = 0},
    {.bitmap_index = 414, .adv_w = 64, .box_w = 3, .box_h = 9, .ofs_x = 0, .ofs_y = 0},
    {.bitmap_index = 418, .adv_w = 128, .box_w = 7, .box_h = 6, .ofs_x = 0, .ofs_y = 0},
    {.bitmap_index = 424, .adv_w = 96, .box_w = 5, .box_h = 6, .ofs_x = 0, .ofs_y = 0},
    {.bitmap_index = 428, .adv_w = 96, .box_w = 5, .box_h = 6, .ofs_x = 0, .ofs_y = 0},
    {.bitmap_index = 432, .adv_w = 96, .box_w = 5, .box_h = 8, .ofs_x = 0, .ofs_y = -2},
    {.bitmap_index = 437, .adv_w = 96, .box_w = 5, .box_h = 8, .ofs_x = 0, .ofs_y = -2},
    {.bitmap_index = 442, .adv_w = 80, .box_w = 4, .box_h = 6, .ofs_x = 0, .ofs_y = 0},
    {.bitmap_index = 445, .adv_w = 96, .box_w = 5, .box_h = 6, .ofs_x = 0, .ofs_y = 0},
    {.bitmap_index = 449, .adv_w = 80, .box_w = 4, .box_h = 9, .ofs_x = 0, .ofs_y = 0},
    {.bitmap_index = 454, .adv_w = 96, .box_w = 5, .box_h = 6, .ofs_x = 0, .ofs_y = 0},
    {.bitmap_index = 458, .adv_w = 96, .box_w = 5, .box_h = 6, .ofs_x = 0, .ofs_y = 0},
    {.bitmap_index = 462, .adv_w = 128, .box_w = 7, .box_h = 6, .ofs_x = 0, .ofs_y = 0},
    {.bitmap_index = 468, .adv_w = 96, .box_w = 5, .box_h = 6, .ofs_x = 0, .ofs_y = 0},
    {.bitmap_index = 472, .adv_w = 96, .box_w = 5, .box_h = 8, .ofs_x = 0, .ofs_y = -2},
    {.bitmap_index = 477, .adv_w = 96, .box_w = 5, .box_h = 6, .ofs_x = 0, .ofs_y = 0},
    {.bitmap_index = 481, .adv_w = 112, .box_w = 4, .box_h = 11, .ofs_x = 1, .ofs_y = -1},
    {.bitmap_index = 487, .adv_w = 64, .box_w = 1, .box_h = 11, .ofs_x = 1, .ofs_y = -1},
    {.bitmap_index = 489, .adv_w = 112, .box_w = 4, .box_h = 11, .ofs_x = 1, .ofs_y = -1},
    {.bitmap_index = 495, .adv_w = 96, .box_w = 5, .box_h = 3, .ofs_x = 0, .ofs_y = 3},
    {.bitmap_index = 497, .adv_w = 192, .box_w = 2, .box_h = 2, .ofs_x = 5, .ofs_y = 3},
    {.bitmap_index = 498, .adv_w = 192, .box_w = 5, .box_h = 11, .ofs_x = 3, .ofs_y = -1},
    {.bitmap_index = 505, .adv_w = 192, .box_w = 5, .box_h = 11, .ofs_x = 3, .ofs_y = -1},
    {.bitmap_index = 512, .adv_w = 192, .box_w = 9, .box_h = 7, .ofs_x = 1, .ofs_y = 1},
    {.bitmap_index = 520, .adv_w = 192, .box_w = 9, .box_h = 7, .ofs_x = 1, .ofs_y = 1},
    {.bitmap_index = 528, .adv_w = 192, .box_w = 9, .box_h = 7, .ofs_x = 1, .ofs_y = 1},
    {.bitmap_index = 536, .adv_w = 192, .box_w = 9, .box_h = 7, .ofs_x = 1, .ofs_y = 1},
    {.bitmap_index = 544, .adv_w = 192, .box_w = 9, .box_h = 7, .ofs_x = 1, .ofs_y = 1},
    {.bitmap_index = 552, .adv_w = 192, .box_w = 9, .box_h = 7, .ofs_x = 1, .ofs_y = 1},
    {.bitmap_index = 560, .adv_w = 192, .box_w = 9, .box_h = 7, .ofs_x = 1, .ofs_y = 1},
    {.bitmap_index = 568, .adv_w = 192, .box_w = 9, .box_h = 7, .ofs_x = 1, .ofs_y = 1},
    {.bitmap_index = 576, .adv_w = 192, .box_w = 1, .box_h = 1, .ofs_x = 0, .ofs_y = 0},
    {.bitmap_index = 577, .adv_w = 192, .box_w = 3, .box_h = 3, .ofs_x = 1, .ofs_y = -1},
    {.bitmap_index = 579, .adv_w = 192, .box_w = 4, .box_h = 4, .ofs_x = 1, .ofs_y = -1},
    {.bitmap_index = 581, .adv_w = 192, .box_w = 11, .box_h = 1, .ofs_x = 0, .ofs_y = 4},
    {.bitmap_index = 583, .adv_w = 192, .box_w = 11, .box_h = 11, .ofs_x = 0, .ofs_y = -1},
    {.bitmap_index = 599, .adv_w = 192, .box_w = 11, .box_h = 11, .ofs_x = 0, .ofs_y = -1},
    {.bitmap_index = 615, .adv_w = 192, .box_w = 11, .box_h = 11, .ofs_x = 0, .ofs_y = -1},
    {.bitmap_index = 631, .adv_w = 192, .box_w = 11, .box_h = 11, .ofs_x = 0, .ofs_y = -1},
    {.bitmap_index = 647, .adv_w = 192, .box_w = 11, .box_h = 11, .ofs_x = 0, .ofs_y = -1},
    {.bitmap_index = 663, .adv_w = 192, .box_w = 11, .box_h = 11, .ofs_x = 0, .ofs_y = -1},
    {.bitmap_index = 679, .adv_w = 192, .box_w = 11, .box_h = 11, .ofs_x = 0, .ofs_y = -1},
    {.bitmap_index = 695, .adv_w = 192, .box_w = 11, .box_h = 11, .ofs_x = 0, .ofs_y = -1},
    {.bitmap_index = 711, .adv_w = 192, .box_w = 11, .box_h = 11, .ofs_x = 0, .ofs_y = -1},
    {.bitmap_index = 727, .adv_w = 192, .box_w = 11, .box_h = 11, .ofs_x = 0, .ofs_y = -1},
    {.bitmap_index = 743, .adv_w = 192, .box_w = 11, .box_h = 11, .ofs_x = 0, .ofs_y = -1},
    {.bitmap_index = 759, .adv_w = 192, .box_w = 11, .box_h = 11, .ofs_x = 0, .ofs_y = -1},
    {.bitmap_index = 775, .adv_w = 192, .box_w = 11, .box_h = 11, .ofs_x = 0, .ofs_y = -1},
    {.bitmap_index = 791, .adv_w = 192, .box_w = 11, .box_h = 11, .ofs_x = 0, .ofs_y = -1},
    {.bitmap_index = 807, .adv_w = 192, .box_w = 11, .box_h = 11, .ofs_x = 0, .ofs_y = -1},
    {.bitmap_index = 823, .adv_w = 192, .box_w = 11, .box_h = 11, .ofs_x = 0, .ofs_y = -1},
    {.bitmap_index = 839, .adv_w = 192, .box_w = 11, .box_h = 11, .ofs_x = 0, .ofs_y = -1},
    {.bitmap_index = 855, .adv_w = 192, .box_w = 11, .box_h = 11, .ofs_x = 0, .ofs_y = -1},
    {.bitmap_index = 871, .adv_w = 192, .box_w = 11, .box_h = 11, .ofs_x = 0, .ofs_y = -1},
    {.bitmap_index = 887, .adv_w = 192, .box_w = 11, .box_h = 11, .ofs_x = 0, .ofs_y = -1},
    {.bitmap_index = 903, .adv_w = 192, .box_w = 11, .box_h = 11, .ofs_x = 0, .ofs_y = -1},
    {.bitmap_index = 919, .adv_w = 192, .box_w = 11, .box_h = 11, .ofs_x = 0, .ofs_y = -1},
    {.bitmap_index = 935, .adv_w = 192, .box_w = 11, .box_h = 11, .ofs_x = 0, .ofs_y = -1},
    {.bitmap_index = 951, .adv_w = 192, .box_w = 11, .box_h = 11, .ofs_x = 0, .ofs_y = -1},
    {.bitmap_index = 967, .adv_w = 192, .box_w = 10, .box_h = 11, .ofs_x = 1, .ofs_y = -1},
    {.bitmap_index = 981, .adv_w = 192, .box_w = 11, .box_h = 11, .ofs_x = 0, .ofs_y = -1},
    {.bitmap_index = 997, .adv_w = 192, .box_w = 11, .box_h = 11, .ofs_x = 0, .ofs_y = -1},
    {.bitmap_index = 1013, .adv_w = 192, .box_w = 11, .box_h = 11, .ofs_x = 0, .ofs_y = -1},
    {.bitmap_index = 1029, .adv_w = 192, .box_w = 11, .box_h = 9, .ofs_x = 0, .ofs_y = 0},
    {.bitmap_index = 1042, .adv_w = 192, .box_w = 11, .box_h = 11, .ofs_x = 0, .ofs_y = -1},
    {.bitmap_index = 1058, .adv_w = 192, .box_w = 11, .box_h = 11, .ofs_x = 0, .ofs_y = -1},
    {.bitmap_index = 1074, .adv_w = 192, .box_w = 11, .box_h = 11, .ofs_x = 0, .ofs_y = -1},
    {.bitmap_index = 1090, .adv_w = 192, .box_w = 11, .box_h = 11, .ofs_x = 0, .ofs_y = -1},
    {.bitmap_index = 1106, .adv_w = 192, .box_w = 11, .box_h = 11, .ofs_x = 0, .ofs_y = -1},
    {.bitmap_index = 1122, .adv_w = 192, .box_w = 11, .box_h = 11, .ofs_x = 0, .ofs_y = -1},
    {.bitmap_index = 1138, .adv_w = 192, .box_w = 11, .box_h = 11, .ofs_x = 0, .ofs_y = -1},
    {.bitmap_index = 1154, .adv_w = 192, .box_w = 11, .box_h = 11, .ofs_x = 0, .ofs_y = -1},
    {.bitmap_index = 1170, .adv_w = 192, .box_w = 11, .box_h = 11, .ofs_x = 0, .ofs_y = -1},
    {.bitmap_index = 1186, .adv_w = 192, .box_w = 11, .box_h = 11, .ofs_x = 0, .ofs_y = -1},
    {.bitmap_index = 1202, .adv_w = 192, .box_w = 11, .box_h = 11, .ofs_x = 0, .ofs_y = -1},
    {.bitmap_index = 1218, .adv_w = 192, .box_w = 11, .box_h = 11, .ofs_x = 0, .ofs_y = -1},
    {.bitmap_index = 1234, .adv_w = 192, .box_w = 11, .box_h = 11, .ofs_x = 0, .ofs_y = -1},
    {.bitmap_index = 1250, .adv_w = 192, .box_w = 11, .box_h = 11, .ofs_x = 0, .ofs_y = -1},
    {.bitmap_index = 1266, .adv_w = 192, .box_w = 11, .box_h = 11, .ofs_x = 0, .ofs_y = -1},
    {.bitmap_index = 1282, .adv_w = 192, .box_w = 11, .box_h = 11, .ofs_x = 0, .ofs_y = -1},
    {.bitmap_index = 1298, .adv_w = 192, .box_w = 11, .box_h = 11, .ofs_x = 0, .ofs_y = -1},
    {.bitmap_index = 1314, .adv_w = 192, .box_w = 11, .box_h = 11, .ofs_x = 0, .ofs_y = -1},
    {.bitmap_index = 1330, .adv_w = 192, .box_w = 11, .box_h = 11, .ofs_x = 0, .ofs_y = -1},
    {.bitmap_index = 1346, .adv_w = 192, .box_w = 11, .box_h = 11, .ofs_x = 0, .ofs_y = -1},
    {.bitmap_index = 1362, .adv_w = 192, .box_w = 10, .box_h = 11, .ofs_x = 1, .ofs_y = -1},
    {.bitmap_index = 1376, .adv_w = 192, .box_w = 11, .box_h = 11, .ofs_x = 0, .ofs_y = -1},
    {.bitmap_index = 1392, .adv_w = 192, .box_w = 11, .box_h = 11, .ofs_x = 0, .ofs_y = -1},
    {.bitmap_index = 1408, .adv_w = 192, .box_w = 11, .box_h = 11, .ofs_x = 0, .ofs_y = -1},
    {.bitmap_index = 1424, .adv_w = 192, .box_w = 11, .box_h = 11, .ofs_x = 0, .ofs_y = -1},
    {.bitmap_index = 1440, .adv_w = 192, .box_w = 11, .box_h = 11, .ofs_x = 0, .ofs_y = -1},
    {.bitmap_index = 1456, .adv_w = 192, .box_w = 11, .box_h = 11, .ofs_x = 0, .ofs_y = -1},
    {.bitmap_index = 1472, .adv_w = 192, .box_w = 11, .box_h = 11, .ofs_x = 0, .ofs_y = -1},
    {.bitmap_index = 1488, .adv_w = 192, .box_w = 11, .box_h = 11, .ofs_x = 0, .ofs_y = -1},
    {.bitmap_index = 1504, .adv_w = 192, .box_w = 11, .box_h = 11, .ofs_x = 0, .ofs_y = -1},
    {.bitmap_index = 1520, .adv_w = 192, .box_w = 11, .box_h = 11, .ofs_x = 0, .ofs_y = -1},
    {.bitmap_index = 1536, .adv_w = 192, .box_w = 11, .box_h = 11, .ofs_x = 0, .ofs_y = -1},
    {.bitmap_index = 1552, .adv_w = 192, .box_w = 11, .box_h = 11, .ofs_x = 0, .ofs_y = -1},
    {.bitmap_index = 1568, .adv_w = 192, .box_w = 11, .box_h = 11, .ofs_x = 0, .ofs_y = -1},
    {.bitmap_index = 1584, .adv_w = 192, .box_w = 11, .box_h = 11, .ofs_x = 0, .ofs_y = -1},
    {.bitmap_index = 1600, .adv_w = 192, .box_w = 11, .box_h = 11, .ofs_x = 0, .ofs_y = -1},
    {.bitmap_index = 1616, .adv_w = 192, .box_w = 11, .box_h = 11, .ofs_x = 0, .ofs_y = -1},
    {.bitmap_index = 1632, .adv_w = 192, .box_w = 11, .box_h = 11, .ofs_x = 0, .ofs_y = -1},
    {.bitmap_index = 1648, .adv_w = 192, .box_w = 11, .box_h = 11, .ofs_x = 0, .ofs_y = -1},
    {.bitmap_index = 1664, .adv_w = 192, .box_w = 11, .box_h = 11, .ofs_x = 0, .ofs_y = -1},
    {.bitmap_index = 1680, .adv_w = 192, .box_w = 11, .box_h = 11, .ofs_x = 0, .ofs_y = -1},
    {.bitmap_index = 1696, .adv_w = 192, .box_w = 11, .box_h = 11, .ofs_x = 0, .ofs_y = -1},
    {.bitmap_index = 1712, .adv_w = 192, .box_w = 11, .box_h = 11, .ofs_x = 0, .ofs_y = -1},
    {.bitmap_index = 1728, .adv_w = 192, .box_w = 11, .box_h = 11, .ofs_x = 0, .ofs_y = -1},
    {.bitmap_index = 1744, .adv_w = 192, .box_w = 11, .box_h = 11, .ofs_x = 0, .ofs_y = -1},
    {.bitmap_index = 1760, .adv_w = 192, .box_w = 11, .box_h = 11, .ofs_x = 0, .ofs_y = -1},
    {.bitmap_index = 1776, .adv_w = 192, .box_w = 11, .box_h = 11, .ofs_x = 0, .ofs_y = -1},
    {.bitmap_index = 1792, .adv_w = 192, .box_w = 11, .box_h = 11, .ofs_x = 0, .ofs_y = -1},
    {.bitmap_index = 1808, .adv_w = 192, .box_w = 11, .box_h = 11, .ofs_x = 0, .ofs_y = -1},
    {.bitmap_index = 1824, .adv_w = 192, .box_w = 11, .box_h = 11, .ofs_x = 0, .ofs_y = -1},
    {.bitmap_index = 1840, .adv_w = 192, .box_w = 11, .box_h = 11, .ofs_x = 0, .ofs_y = -1},
    {.bitmap_index = 1856, .adv_w = 192, .box_w = 11, .box_h = 11, .ofs_x = 0, .ofs_y = -1},
    {.bitmap_index = 1872, .adv_w = 192, .box_w = 11, .box_h = 11, .ofs_x = 0, .ofs_y = -1},
    {.bitmap_index = 1888, .adv_w = 192, .box_w = 11, .box_h = 11, .ofs_x = 0, .ofs_y = -1},
    {.bitmap_index = 1904, .adv_w = 192, .box_w = 11, .box_h = 11, .ofs_x = 0, .ofs_y = -1},
    {.bitmap_index = 1920, .adv_w = 192, .box_w = 11, .box_h = 11, .ofs_x = 0, .ofs_y = -1},
    {.bitmap_index = 1936, .adv_w = 192, .box_w = 11, .box_h = 11, .ofs_x = 0, .ofs_y = -1},
    {.bitmap_index = 1952, .adv_w = 192, .box_w = 11, .box_h = 11, .ofs_x = 0, .ofs_y = -1},
    {.bitmap_index = 1968, .adv_w = 192, .box_w = 11, .box_h = 11, .ofs_x = 0, .ofs_y = -1},
    {.bitmap_index = 1984, .adv_w = 192, .box_w = 11, .box_h = 11, .ofs_x = 0, .ofs_y = -1},
    {.bitmap_index = 2000, .adv_w = 192, .box_w = 11, .box_h = 11, .ofs_x = 0, .ofs_y = -1},
    {.bitmap_index = 2016, .adv_w = 192, .box_w = 11, .box_h = 11, .ofs_x = 0, .ofs_y = -1},
    {.bitmap_index = 2032, .adv_w = 192, .box_w = 11, .box_h = 11, .ofs_x = 0, .ofs_y = -1},
    {.bitmap_index = 2048, .adv_w = 192, .box_w = 11, .box_h = 11, .ofs_x = 0, .ofs_y = -1},
    {.bitmap_index = 2064, .adv_w = 192, .box_w = 11, .box_h = 11, .ofs_x = 0, .ofs_y = -1},
    {.bitmap_index = 2080, .adv_w = 192, .box_w = 11, .box_h = 11, .ofs_x = 0, .ofs_y = -1},
    {.bitmap_index = 2096, .adv_w = 192, .box_w = 11, .box_h = 11, .ofs_x = 0, .ofs_y = -1},
    {.bitmap_index = 2112, .adv_w = 192, .box_w = 11, .box_h = 11, .ofs_x = 0, .ofs_y = -1},
    {.bitmap_index = 2128, .adv_w = 192, .box_w = 11, .box_h = 11, .ofs_x = 0, .ofs_y = -1},
    {.bitmap_index = 2144, .adv_w = 192, .box_w = 11, .box_h = 11, .ofs_x = 0, .ofs_y = -1},
    {.bitmap_index = 2160, .adv_w = 192, .box_w = 11, .box_h = 11, .ofs_x = 0, .ofs_y = -1},
    {.bitmap_index = 2176, .adv_w = 192, .box_w = 11, .box_h = 11, .ofs_x = 0, .ofs_y = -1},
    {.bitmap_index = 2192, .adv_w = 192, .box_w = 11, .box_h = 11, .ofs_x = 0, .ofs_y = -1},
    {.bitmap_index = 2208, .adv_w = 192, .box_w = 11, .box_h = 11, .ofs_x = 0, .ofs_y = -1},
    {.bitmap_index = 2224, .adv_w = 192, .box_w = 11, .box_h = 11, .ofs_x = 0, .ofs_y = -1},
    {.bitmap_index = 2240, .adv_w = 192, .box_w = 11, .box_h = 11, .ofs_x = 0, .ofs_y = -1},
    {.bitmap_index = 2256, .adv_w = 192, .box_w = 11, .box_h = 11, .ofs_x = 0, .ofs_y = -1},
    {.bitmap_index = 2272, .adv_w = 192, .box_w = 11, .box_h = 11, .ofs_x = 0, .ofs_y = -1},
    {.bitmap_index = 2288, .adv_w = 192, .box_w = 11, .box_h = 11, .ofs_x = 0, .ofs_y = -1},
    {.bitmap_index = 2304, .adv_w = 192, .box_w = 11, .box_h = 11, .ofs_x = 0, .ofs_y = -1},
    {.bitmap_index = 2320, .adv_w = 192, .box_w = 11, .box_h = 11, .ofs_x = 0, .ofs_y = -1},
    {.bitmap_index = 2336, .adv_w = 192, .box_w = 11, .box_h = 11, .ofs_x = 0, .ofs_y = -1},
    {.bitmap_index = 2352, .adv_w = 192, .box_w = 11, .box_h = 11, .ofs_x = 0, .ofs_y = -1},
    {.bitmap_index = 2368, .adv_w = 192, .box_w = 11, .box_h = 11, .ofs_x = 0, .ofs_y = -1},
    {.bitmap_index = 2384, .adv_w = 192, .box_w = 11, .box_h = 11, .ofs_x = 0, .ofs_y = -1},
    {.bitmap_index = 2400, .adv_w = 192, .box_w = 11, .box_h = 11, .ofs_x = 0, .ofs_y = -1},
    {.bitmap_index = 2416, .adv_w = 192, .box_w = 11, .box_h = 11, .ofs_x = 0, .ofs_y = -1},
    {.bitmap_index = 2432, .adv_w = 192, .box_w = 11, .box_h = 11, .ofs_x = 0, .ofs_y = -1},
    {.bitmap_index = 2448, .adv_w = 192, .box_w = 11, .box_h = 11, .ofs_x = 0, .ofs_y = -1},
    {.bitmap_index = 2464, .adv_w = 192, .box_w = 11, .box_h = 11, .ofs_x = 0, .ofs_y = -1},
    {.bitmap_index = 2480, .adv_w = 192, .box_w = 9, .box_h = 11, .ofs_x = 1, .ofs_y = -1},
    {.bitmap_index = 2493, .adv_w = 192, .box_w = 11, .box_h = 11, .ofs_x = 0, .ofs_y = -1},
    {.bitmap_index = 2509, .adv_w = 192, .box_w = 11, .box_h = 11, .ofs_x = 0, .ofs_y = -1},
    {.bitmap_index = 2525, .adv_w = 192, .box_w = 11, .box_h = 11, .ofs_x = 0, .ofs_y = -1},
    {.bitmap_index = 2541, .adv_w = 192, .box_w = 11, .box_h = 11, .ofs_x = 0, .ofs_y = -1},
    {.bitmap_index = 2557, .adv_w = 192, .box_w = 11, .box_h = 11, .ofs_x = 0, .ofs_y = -1},
    {.bitmap_index = 2573, .adv_w = 192, .box_w = 11, .box_h = 11, .ofs_x = 0, .ofs_y = -1},
    {.bitmap_index = 2589, .adv_w = 192, .box_w = 11, .box_h = 11, .ofs_x = 0, .ofs_y = -1},
    {.bitmap_index = 2605, .adv_w = 192, .box_w = 11, .box_h = 11, .ofs_x = 0, .ofs_y = -1},
    {.bitmap_index = 2621, .adv_w = 192, .box_w = 11, .box_h = 11, .ofs_x = 0, .ofs_y = -1},
    {.bitmap_index = 2637, .adv_w = 192, .box_w = 6, .box_h = 11, .ofs_x = 4, .ofs_y = -1},
    {.bitmap_index = 2646, .adv_w = 192, .box_w = 10, .box_h = 11, .ofs_x = 1, .ofs_y = -1},
    {.bitmap_index = 2660, .adv_w = 192, .box_w = 11, .box_h = 11, .ofs_x = 0, .ofs_y = -1},
    {.bitmap_index = 2676, .adv_w = 192, .box_w = 11, .box_h = 11, .ofs_x = 0, .ofs_y = -1},
    {.bitmap_index = 2692, .adv_w = 192, .box_w = 11, .box_h = 11, .ofs_x = 0, .ofs_y = -1},
    {.bitmap_index = 2708, .adv_w = 192, .box_w = 11, .box_h = 11, .ofs_x = 0, .ofs_y = -1},
    {.bitmap_index = 2724, .adv_w = 192, .box_w = 11, .box_h = 11, .ofs_x = 0, .ofs_y = -1},
    {.bitmap_index = 2740, .adv_w = 192, .box_w = 11, .box_h = 11, .ofs_x = 0, .ofs_y = -1},
    {.bitmap_index = 2756, .adv_w = 192, .box_w = 11, .box_h = 11, .ofs_x = 0, .ofs_y = -1},
    {.bitmap_index = 2772, .adv_w = 192, .box_w = 11, .box_h = 11, .ofs_x = 0, .ofs_y = -1},
    {.bitmap_index = 2788, .adv_w = 192, .box_w = 11, .box_h = 11, .ofs_x = 0, .ofs_y = -1},
    {.bitmap_index = 2804, .adv_w = 192, .box_w = 11, .box_h = 11, .ofs_x = 0, .ofs_y = -1},
    {.bitmap_index = 2820, .adv_w = 192, .box_w = 11, .box_h = 11, .ofs_x = 0, .ofs_y = -1},
    {.bitmap_index = 2836, .adv_w = 192, .box_w = 11, .box_h = 11, .ofs_x = 0, .ofs_y = -1},
    {.bitmap_index = 2852, .adv_w = 192, .box_w = 11, .box_h = 11, .ofs_x = 0, .ofs_y = -1},
    {.bitmap_index = 2868, .adv_w = 192, .box_w = 11, .box_h = 11, .ofs_x = 0, .ofs_y = -1},
    {.bitmap_index = 2884, .adv_w = 192, .box_w = 11, .box_h = 11, .ofs_x = 0, .ofs_y = -1},
    {.bitmap_index = 2900, .adv_w = 192, .box_w = 11, .box_h = 11, .ofs_x = 0, .ofs_y = -1},
    {.bitmap_index = 2916, .adv_w = 192, .box_w = 9, .box_h = 9, .ofs_x = 1, .ofs_y = 0},
    {.bitmap_index = 2927, .adv_w = 192, .box_w = 11, .box_h = 11, .ofs_x = 0, .ofs_y = -1},
    {.bitmap_index = 2943, .adv_w = 192, .box_w = 11, .box_h = 11, .ofs_x = 0, .ofs_y = -1},
    {.bitmap_index = 2959, .adv_w = 192, .box_w = 11, .box_h = 11, .ofs_x = 0, .ofs_y = -1},
    {.bitmap_index = 2975, .adv_w = 192, .box_w = 11, .box_h = 11, .ofs_x = 0, .ofs_y = -1},
    {.bitmap_index = 2991, .adv_w = 192, .box_w = 11, .box_h = 11, .ofs_x = 0, .ofs_y = -1},
    {.bitmap_index = 3007, .adv_w = 192, .box_w = 11, .box_h = 11, .ofs_x = 0, .ofs_y = -1},
    {.bitmap_index = 3023, .adv_w = 192, .box_w = 11, .box_h = 11, .ofs_x = 0, .ofs_y = -1},
    {.bitmap_index = 3039, .adv_w = 192, .box_w = 11, .box_h = 11, .ofs_x = 0, .ofs_y = -1},
    {.bitmap_index = 3055, .adv_w = 192, .box_w = 11, .box_h = 11, .ofs_x = 0, .ofs_y = -1},
    {.bitmap_index = 3071, .adv_w = 192, .box_w = 11, .box_h = 11, .ofs_x = 0, .ofs_y = -1},
    {.bitmap_index = 3087, .adv_w = 192, .box_w = 11, .box_h = 11, .ofs_x = 0, .ofs_y = -1},
    {.bitmap_index = 3103, .adv_w = 192, .box_w = 11, .box_h = 11, .ofs_x = 0, .ofs_y = -1},
    {.bitmap_index = 3119, .adv_w = 192, .box_w = 11, .box_h = 11, .ofs_x = 0, .ofs_y = -1},
    {.bitmap_index = 3135, .adv_w = 192, .box_w = 11, .box_h = 11, .ofs_x = 0, .ofs_y = -1},
    {.bitmap_index = 3151, .adv_w = 192, .box_w = 11, .box_h = 11, .ofs_x = 0, .ofs_y = -1},
    {.bitmap_index = 3167, .adv_w = 192, .box_w = 11, .box_h = 11, .ofs_x = 0, .ofs_y = -1},
    {.bitmap_index = 3183, .adv_w = 192, .box_w = 11, .box_h = 11, .ofs_x = 0, .ofs_y = -1},
    {.bitmap_index = 3199, .adv_w = 192, .box_w = 11, .box_h = 11, .ofs_x = 0, .ofs_y = -1},
    {.bitmap_index = 3215, .adv_w = 192, .box_w = 11, .box_h = 11, .ofs_x = 0, .ofs_y = -1},
    {.bitmap_index = 3231, .adv_w = 192, .box_w = 11, .box_h = 11, .ofs_x = 0, .ofs_y = -1},
    {.bitmap_index = 3247, .adv_w = 192, .box_w = 11, .box_h = 11, .ofs_x = 0, .ofs_y = -1},
    {.bitmap_index = 3263, .adv_w = 192, .box_w = 11, .box_h = 11, .ofs_x = 0, .ofs_y = -1},
    {.bitmap_index = 3279, .adv_w = 192, .box_w = 11, .box_h = 11, .ofs_x = 0, .ofs_y = -1},
    {.bitmap_index = 3295, .adv_w = 192, .box_w = 11, .box_h = 11, .ofs_x = 0, .ofs_y = -1},
    {.bitmap_index = 3311, .adv_w = 192, .box_w = 11, .box_h = 11, .ofs_x = 0, .ofs_y = -1},
    {.bitmap_index = 3327, .adv_w = 192, .box_w = 11, .box_h = 11, .ofs_x = 0, .ofs_y = -1},
    {.bitmap_index = 3343, .adv_w = 192, .box_w = 11, .box_h = 11, .ofs_x = 0, .ofs_y = -1},
    {.bitmap_index = 3359, .adv_w = 192, .box_w = 11, .box_h = 11, .ofs_x = 0, .ofs_y = -1},
    {.bitmap_index = 3375, .adv_w = 192, .box_w = 11, .box_h = 11, .ofs_x = 0, .ofs_y = -1},
    {.bitmap_index = 3391, .adv_w = 192, .box_w = 11, .box_h = 11, .ofs_x = 0, .ofs_y = -1},
    {.bitmap_index = 3407, .adv_w = 192, .box_w = 11, .box_h = 11, .ofs_x = 0, .ofs_y = -1},
    {.bitmap_index = 3423, .adv_w = 192, .box_w = 11, .box_h = 11, .ofs_x = 0, .ofs_y = -1},
    {.bitmap_index = 3439, .adv_w = 192, .box_w = 11, .box_h = 11, .ofs_x = 0, .ofs_y = -1},
    {.bitmap_index = 3455, .adv_w = 192, .box_w = 11, .box_h = 11, .ofs_x = 0, .ofs_y = -1},
    {.bitmap_index = 3471, .adv_w = 192, .box_w = 11, .box_h = 11, .ofs_x = 0, .ofs_y = -1},
    {.bitmap_index = 3487, .adv_w = 192, .box_w = 11, .box_h = 11, .ofs_x = 0, .ofs_y = -1},
    {.bitmap_index = 3503, .adv_w = 192, .box_w = 11, .box_h = 11, .ofs_x = 0, .ofs_y = -1},
    {.bitmap_index = 3519, .adv_w = 192, .box_w = 11, .box_h = 11, .ofs_x = 0, .ofs_y = -1},
    {.bitmap_index = 3535, .adv_w = 192, .box_w = 11, .box_h = 11, .ofs_x = 0, .ofs_y = -1},
    {.bitmap_index = 3551, .adv_w = 192, .box_w = 11, .box_h = 11, .ofs_x = 0, .ofs_y = -1},
    {.bitmap_index = 3567, .adv_w = 192, .box_w = 11, .box_h = 11, .ofs_x = 0, .ofs_y = -1},
    {.bitmap_index = 3583, .adv_w = 192, .box_w = 11, .box_h = 11, .ofs_x = 0, .ofs_y = -1},
    {.bitmap_index = 3599, .adv_w = 192, .box_w = 11, .box_h = 11, .ofs_x = 0, .ofs_y = -1},
    {.bitmap_index = 3615, .adv_w = 192, .box_w = 11, .box_h = 11, .ofs_x = 0, .ofs_y = -1},
    {.bitmap_index = 3631, .adv_w = 192, .box_w = 11, .box_h = 11, .ofs_x = 0, .ofs_y = -1},
    {.bitmap_index = 3647, .adv_w = 192, .box_w = 11, .box_h = 11, .ofs_x = 0, .ofs_y = -1},
    {.bitmap_index = 3663, .adv_w = 192, .box_w = 11, .box_h = 11, .ofs_x = 0, .ofs_y = -1},
    {.bitmap_index = 3679, .adv_w = 192, .box_w = 11, .box_h = 11, .ofs_x = 0, .ofs_y = -1},
    {.bitmap_index = 3695, .adv_w = 192, .box_w = 11, .box_h = 11, .ofs_x = 0, .ofs_y = -1},
    {.bitmap_index = 3711, .adv_w = 192, .box_w = 11, .box_h = 11, .ofs_x = 0, .ofs_y = -1},
    {.bitmap_index = 3727, .adv_w = 192, .box_w = 11, .box_h = 11, .ofs_x = 0, .ofs_y = -1},
    {.bitmap_index = 3743, .adv_w = 192, .box_w = 11, .box_h = 11, .ofs_x = 0, .ofs_y = -1},
    {.bitmap_index = 3759, .adv_w = 192, .box_w = 11, .box_h = 11, .ofs_x = 0, .ofs_y = -1},
    {.bitmap_index = 3775, .adv_w = 192, .box_w = 11, .box_h = 11, .ofs_x = 0, .ofs_y = -1},
    {.bitmap_index = 3791, .adv_w = 192, .box_w = 11, .box_h = 11, .ofs_x = 0, .ofs_y = -1},
    {.bitmap_index = 3807, .adv_w = 192, .box_w = 11, .box_h = 11, .ofs_x = 0, .ofs_y = -1},
    {.bitmap_index = 3823, .adv_w = 192, .box_w = 11, .box_h = 11, .ofs_x = 0, .ofs_y = -1},
    {.bitmap_index = 3839, .adv_w = 192, .box_w = 11, .box_h = 11, .ofs_x = 0, .ofs_y = -1},
    {.bitmap_index = 3855, .adv_w = 192, .box_w = 11, .box_h = 11, .ofs_x = 0, .ofs_y = -1},
    {.bitmap_index = 3871, .adv_w = 192, .box_w = 10, .box_h = 11, .ofs_x = 0, .ofs_y = -1},
    {.bitmap_index = 3885, .adv_w = 192, .box_w = 11, .box_h = 11, .ofs_x = 0, .ofs_y = -1},
    {.bitmap_index = 3901, .adv_w = 192, .box_w = 11, .box_h = 11, .ofs_x = 0, .ofs_y = -1},
    {.bitmap_index = 3917, .adv_w = 192, .box_w = 11, .box_h = 11, .ofs_x = 0, .ofs_y = -1},
    {.bitmap_index = 3933, .adv_w = 192, .box_w = 11, .box_h = 11, .ofs_x = 0, .ofs_y = -1},
    {.bitmap_index = 3949, .adv_w = 192, .box_w = 11, .box_h = 11, .ofs_x = 0, .ofs_y = -1},
    {.bitmap_index = 3965, .adv_w = 192, .box_w = 11, .box_h = 11, .ofs_x = 0, .ofs_y = -1},
    {.bitmap_index = 3981, .adv_w = 192, .box_w = 11, .box_h = 11, .ofs_x = 0, .ofs_y = -1},
    {.bitmap_index = 3997, .adv_w = 192, .box_w = 11, .box_h = 11, .ofs_x = 0, .ofs_y = -1},
    {.bitmap_index = 4013, .adv_w = 192, .box_w = 11, .box_h = 11, .ofs_x = 0, .ofs_y = -1},
    {.bitmap_index = 4029, .adv_w = 192, .box_w = 11, .box_h = 11, .ofs_x = 0, .ofs_y = -1},
    {.bitmap_index = 4045, .adv_w = 192, .box_w = 11, .box_h = 11, .ofs_x = 0, .ofs_y = -1},
    {.bitmap_index = 4061, .adv_w = 192, .box_w = 11, .box_h = 11, .ofs_x = 0, .ofs_y = -1},
    {.bitmap_index = 4077, .adv_w = 192, .box_w = 11, .box_h = 11, .ofs_x = 0, .ofs_y = -1},
    {.bitmap_index = 4093, .adv_w = 192, .box_w = 11, .box_h = 11, .ofs_x = 0, .ofs_y = -1},
    {.bitmap_index = 4109, .adv_w = 192, .box_w = 11, .box_h = 11, .ofs_x = 0, .ofs_y = -1},
    {.bitmap_index = 4125, .adv_w = 192, .box_w = 11, .box_h = 11, .ofs_x = 0, .ofs_y = -1},
    {.bitmap_index = 4141, .adv_w = 192, .box_w = 11, .box_h = 11, .ofs_x = 0, .ofs_y = -1},
    {.bitmap_index = 4157, .adv_w = 192, .box_w = 11, .box_h = 11, .ofs_x = 0, .ofs_y = -1},
    {.bitmap_index = 4173, .adv_w = 192, .box_w = 11, .box_h = 11, .ofs_x = 0, .ofs_y = -1},
    {.bitmap_index = 4189, .adv_w = 192, .box_w = 11, .box_h = 11, .ofs_x = 0, .ofs_y = -1},
    {.bitmap_index = 4205, .adv_w = 192, .box_w = 11, .box_h = 11, .ofs_x = 0, .ofs_y = -1},
    {.bitmap_index = 4221, .adv_w = 192, .box_w = 11, .box_h = 11, .ofs_x = 0, .ofs_y = -1},
    {.bitmap_index = 4237, .adv_w = 192, .box_w = 11, .box_h = 11, .ofs_x = 0, .ofs_y = -1},
    {.bitmap_index = 4253, .adv_w = 192, .box_w = 11, .box_h = 11, .ofs_x = 0, .ofs_y = -1},
    {.bitmap_index = 4269, .adv_w = 192, .box_w = 11, .box_h = 11, .ofs_x = 0, .ofs_y = -1},
    {.bitmap_index = 4285, .adv_w = 192, .box_w = 11, .box_h = 11, .ofs_x = 0, .ofs_y = -1},
    {.bitmap_index = 4301, .adv_w = 192, .box_w = 11, .box_h = 11, .ofs_x = 0, .ofs_y = -1},
    {.bitmap_index = 4317, .adv_w = 192, .box_w = 11, .box_h = 11, .ofs_x = 0, .ofs_y = -1},
    {.bitmap_index = 4333, .adv_w = 192, .box_w = 11, .box_h = 11, .ofs_x = 0, .ofs_y = -1},
    {.bitmap_index = 4349, .adv_w = 192, .box_w = 11, .box_h = 11, .ofs_x = 0, .ofs_y = -1},
    {.bitmap_index = 4365, .adv_w = 192, .box_w = 11, .box_h = 11, .ofs_x = 0, .ofs_y = -1},
    {.bitmap_index = 4381, .adv_w = 192, .box_w = 11, .box_h = 11, .ofs_x = 0, .ofs_y = -1},
    {.bitmap_index = 4397, .adv_w = 192, .box_w = 11, .box_h = 11, .ofs_x = 0, .ofs_y = -1},
    {.bitmap_index = 4413, .adv_w = 192, .box_w = 11, .box_h = 11, .ofs_x = 0, .ofs_y = -1},
    {.bitmap_index = 4429, .adv_w = 192, .box_w = 11, .box_h = 11, .ofs_x = 0, .ofs_y = -1},
    {.bitmap_index = 4445, .adv_w = 192, .box_w = 11, .box_h = 11, .ofs_x = 0, .ofs_y = -1},
    {.bitmap_index = 4461, .adv_w = 192, .box_w = 11, .box_h = 11, .ofs_x = 0, .ofs_y = -1},
    {.bitmap_index = 4477, .adv_w = 192, .box_w = 11, .box_h = 11, .ofs_x = 0, .ofs_y = -1},
    {.bitmap_index = 4493, .adv_w = 192, .box_w = 11, .box_h = 11, .ofs_x = 0, .ofs_y = -1},
    {.bitmap_index = 4509, .adv_w = 192, .box_w = 11, .box_h = 11, .ofs_x = 0, .ofs_y = -1},
    {.bitmap_index = 4525, .adv_w = 192, .box_w = 11, .box_h = 11, .ofs_x = 0, .ofs_y = -1},
    {.bitmap_index = 4541, .adv_w = 192, .box_w = 11, .box_h = 11, .ofs_x = 0, .ofs_y = -1},
    {.bitmap_index = 4557, .adv_w = 192, .box_w = 11, .box_h = 11, .ofs_x = 0, .ofs_y = -1},
    {.bitmap_index = 4573, .adv_w = 192, .box_w = 11, .box_h = 11, .ofs_x = 0, .ofs_y = -1},
    {.bitmap_index = 4589, .adv_w = 192, .box_w = 11, .box_h = 11, .ofs_x = 0, .ofs_y = -1},
    {.bitmap_index = 4605, .adv_w = 192, .box_w = 11, .box_h = 11, .ofs_x = 0, .ofs_y = -1},
    {.bitmap_index = 4621, .adv_w = 192, .box_w = 11, .box_h = 11, .ofs_x = 0, .ofs_y = -1},
    {.bitmap_index = 4637, .adv_w = 192, .box_w = 11, .box_h = 11, .ofs_x = 0, .ofs_y = -1},
    {.bitmap_index = 4653, .adv_w = 192, .box_w = 11, .box_h = 11, .ofs_x = 0, .ofs_y = -1},
    {.bitmap_index = 4669, .adv_w = 192, .box_w = 11, .box_h = 11, .ofs_x = 0, .ofs_y = -1},
    {.bitmap_index = 4685, .adv_w = 192, .box_w = 11, .box_h = 11, .ofs_x = 0, .ofs_y = -1},
    {.bitmap_index = 4701, .adv_w = 192, .box_w = 11, .box_h = 11, .ofs_x = 0, .ofs_y = -1},
    {.bitmap_index = 4717, .adv_w = 192, .box_w = 11, .box_h = 11, .ofs_x = 0, .ofs_y = -1},
    {.bitmap_index = 4733, .adv_w = 192, .box_w = 11, .box_h = 11, .ofs_x = 0, .ofs_y = -1},
    {.bitmap_index = 4749, .adv_w = 192, .box_w = 11, .box_h = 11, .ofs_x = 0, .ofs_y = -1},
    {.bitmap_index = 4765, .adv_w = 192, .box_w = 11, .box_h = 11, .ofs_x = 0, .ofs_y = -1},
    {.bitmap_index = 4781, .adv_w = 192, .box_w = 11, .box_h = 11, .ofs_x = 0, .ofs_y = -1},
    {.bitmap_index = 4797, .adv_w = 192, .box_w = 11, .box_h = 11, .ofs_x = 0, .ofs_y = -1},
    {.bitmap_index = 4813, .adv_w = 192, .box_w = 11, .box_h = 11, .ofs_x = 0, .ofs_y = -1},
    {.bitmap_index = 4829, .adv_w = 192, .box_w = 11, .box_h = 11, .ofs_x = 0, .ofs_y = -1},
    {.bitmap_index = 4845, .adv_w = 192, .box_w = 11, .box_h = 11, .ofs_x = 0, .ofs_y = -1},
    {.bitmap_index = 4861, .adv_w = 192, .box_w = 11, .box_h = 11, .ofs_x = 0, .ofs_y = -1},
    {.bitmap_index = 4877, .adv_w = 192, .box_w = 11, .box_h = 11, .ofs_x = 0, .ofs_y = -1},
    {.bitmap_index = 4893, .adv_w = 192, .box_w = 11, .box_h = 11, .ofs_x = 0, .ofs_y = -1},
    {.bitmap_index = 4909, .adv_w = 192, .box_w = 11, .box_h = 11, .ofs_x = 0, .ofs_y = -1},
    {.bitmap_index = 4925, .adv_w = 192, .box_w = 11, .box_h = 11, .ofs_x = 0, .ofs_y = -1},
    {.bitmap_index = 4941, .adv_w = 192, .box_w = 11, .box_h = 11, .ofs_x = 0, .ofs_y = -1},
    {.bitmap_index = 4957, .adv_w = 192, .box_w = 11, .box_h = 11, .ofs_x = 0, .ofs_y = -1},
    {.bitmap_index = 4973, .adv_w = 192, .box_w = 11, .box_h = 11, .ofs_x = 0, .ofs_y = -1},
    {.bitmap_index = 4989, .adv_w = 192, .box_w = 11, .box_h = 11, .ofs_x = 0, .ofs_y = -1},
    {.bitmap_index = 5005, .adv_w = 192, .box_w = 11, .box_h = 11, .ofs_x = 0, .ofs_y = -1},
    {.bitmap_index = 5021, .adv_w = 192, .box_w = 11, .box_h = 11, .ofs_x = 0, .ofs_y = -1},
    {.bitmap_index = 5037, .adv_w = 192, .box_w = 11, .box_h = 11, .ofs_x = 0, .ofs_y = -1},
    {.bitmap_index = 5053, .adv_w = 192, .box_w = 11, .box_h = 11, .ofs_x = 0, .ofs_y = -1},
    {.bitmap_index = 5069, .adv_w = 192, .box_w = 11, .box_h = 11, .ofs_x = 0, .ofs_y = -1},
    {.bitmap_index = 5085, .adv_w = 192, .box_w = 11, .box_h = 11, .ofs_x = 0, .ofs_y = -1},
    {.bitmap_index = 5101, .adv_w = 192, .box_w = 11, .box_h = 11, .ofs_x = 0, .ofs_y = -1},
    {.bitmap_index = 5117, .adv_w = 192, .box_w = 10, .box_h = 11, .ofs_x = 1, .ofs_y = -1},
    {.bitmap_index = 5131, .adv_w = 192, .box_w = 10, .box_h = 11, .ofs_x = 1, .ofs_y = -1},
    {.bitmap_index = 5145, .adv_w = 192, .box_w = 11, .box_h = 11, .ofs_x = 0, .ofs_y = -1},
    {.bitmap_index = 5161, .adv_w = 192, .box_w = 11, .box_h = 11, .ofs_x = 0, .ofs_y = -1},
    {.bitmap_index = 5177, .adv_w = 192, .box_w = 11, .box_h = 11, .ofs_x = 0, .ofs_y = -1},
    {.bitmap_index = 5193, .adv_w = 192, .box_w = 11, .box_h = 11, .ofs_x = 0, .ofs_y = -1},
    {.bitmap_index = 5209, .adv_w = 192, .box_w = 11, .box_h = 11, .ofs_x = 0, .ofs_y = -1},
    {.bitmap_index = 5225, .adv_w = 192, .box_w = 11, .box_h = 11, .ofs_x = 0, .ofs_y = -1},
    {.bitmap_index = 5241, .adv_w = 192, .box_w = 11, .box_h = 11, .ofs_x = 0, .ofs_y = -1},
    {.bitmap_index = 5257, .adv_w = 192, .box_w = 11, .box_h = 11, .ofs_x = 0, .ofs_y = -1},
    {.bitmap_index = 5273, .adv_w = 192, .box_w = 11, .box_h = 11, .ofs_x = 0, .ofs_y = -1},
    {.bitmap_index = 5289, .adv_w = 192, .box_w = 11, .box_h = 11, .ofs_x = 0, .ofs_y = -1},
    {.bitmap_index = 5305, .adv_w = 192, .box_w = 11, .box_h = 11, .ofs_x = 0, .ofs_y = -1},
    {.bitmap_index = 5321, .adv_w = 192, .box_w = 11, .box_h = 11, .ofs_x = 0, .ofs_y = -1},
    {.bitmap_index = 5337, .adv_w = 192, .box_w = 11, .box_h = 11, .ofs_x = 0, .ofs_y = -1},
    {.bitmap_index = 5353, .adv_w = 192, .box_w = 11, .box_h = 11, .ofs_x = 0, .ofs_y = -1},
    {.bitmap_index = 5369, .adv_w = 192, .box_w = 11, .box_h = 11, .ofs_x = 0, .ofs_y = -1},
    {.bitmap_index = 5385, .adv_w = 192, .box_w = 11, .box_h = 11, .ofs_x = 0, .ofs_y = -1},
    {.bitmap_index = 5401, .adv_w = 192, .box_w = 11, .box_h = 11, .ofs_x = 0, .ofs_y = -1},
    {.bitmap_index = 5417, .adv_w = 192, .box_w = 11, .box_h = 11, .ofs_x = 0, .ofs_y = -1},
    {.bitmap_index = 5433, .adv_w = 192, .box_w = 11, .box_h = 11, .ofs_x = 0, .ofs_y = -1},
    {.bitmap_index = 5449, .adv_w = 192, .box_w = 11, .box_h = 11, .ofs_x = 0, .ofs_y = -1},
    {.bitmap_index = 5465, .adv_w = 192, .box_w = 11, .box_h = 11, .ofs_x = 0, .ofs_y = -1},
    {.bitmap_index = 5481, .adv_w = 192, .box_w = 11, .box_h = 11, .ofs_x = 0, .ofs_y = -1},
    {.bitmap_index = 5497, .adv_w = 192, .box_w = 11, .box_h = 11, .ofs_x = 0, .ofs_y = -1},
    {.bitmap_index = 5513, .adv_w = 192, .box_w = 11, .box_h = 11, .ofs_x = 0, .ofs_y = -1},
    {.bitmap_index = 5529, .adv_w = 192, .box_w = 11, .box_h = 11, .ofs_x = 0, .ofs_y = -1},
    {.bitmap_index = 5545, .adv_w = 192, .box_w = 11, .box_h = 11, .ofs_x = 0, .ofs_y = -1},
    {.bitmap_index = 5561, .adv_w = 192, .box_w = 11, .box_h = 11, .ofs_x = 0, .ofs_y = -1},
    {.bitmap_index = 5577, .adv_w = 192, .box_w = 11, .box_h = 11, .ofs_x = 0, .ofs_y = -1},
    {.bitmap_index = 5593, .adv_w = 192, .box_w = 11, .box_h = 11, .ofs_x = 0, .ofs_y = -1},
    {.bitmap_index = 5609, .adv_w = 192, .box_w = 10, .box_h = 11, .ofs_x = 0, .ofs_y = -1},
    {.bitmap_index = 5623, .adv_w = 192, .box_w = 11, .box_h = 11, .ofs_x = 0, .ofs_y = -1},
    {.bitmap_index = 5639, .adv_w = 192, .box_w = 11, .box_h = 11, .ofs_x = 0, .ofs_y = -1},
    {.bitmap_index = 5655, .adv_w = 192, .box_w = 11, .box_h = 11, .ofs_x = 0, .ofs_y = -1},
    {.bitmap_index = 5671, .adv_w = 192, .box_w = 11, .box_h = 11, .ofs_x = 0, .ofs_y = -1},
    {.bitmap_index = 5687, .adv_w = 192, .box_w = 11, .box_h = 11, .ofs_x = 0, .ofs_y = -1},
    {.bitmap_index = 5703, .adv_w = 192, .box_w = 11, .box_h = 11, .ofs_x = 0, .ofs_y = -1},
    {.bitmap_index = 5719, .adv_w = 192, .box_w = 11, .box_h = 11, .ofs_x = 0, .ofs_y = -1},
    {.bitmap_index = 5735, .adv_w = 192, .box_w = 11, .box_h = 11, .ofs_x = 0, .ofs_y = -1},
    {.bitmap_index = 5751, .adv_w = 192, .box_w = 11, .box_h = 11, .ofs_x = 0, .ofs_y = -1},
    {.bitmap_index = 5767, .adv_w = 192, .box_w = 11, .box_h = 11, .ofs_x = 0, .ofs_y = -1},
    {.bitmap_index = 5783, .adv_w = 192, .box_w = 11, .box_h = 11, .ofs_x = 0, .ofs_y = -1},
    {.bitmap_index = 5799, .adv_w = 192, .box_w = 11, .box_h = 11, .ofs_x = 0, .ofs_y = -1},
    {.bitmap_index = 5815, .adv_w = 192, .box_w = 11, .box_h = 11, .ofs_x = 0, .ofs_y = -1},
    {.bitmap_index = 5831, .adv_w = 192, .box_w = 11, .box_h = 11, .ofs_x = 0, .ofs_y = -1},
    {.bitmap_index = 5847, .adv_w = 192, .box_w = 11, .box_h = 11, .ofs_x = 0, .ofs_y = -1},
    {.bitmap_index = 5863, .adv_w = 192, .box_w = 11, .box_h = 11, .ofs_x = 0, .ofs_y = -1},
    {.bitmap_index = 5879, .adv_w = 192, .box_w = 11, .box_h = 11, .ofs_x = 0, .ofs_y = -1},
    {.bitmap_index = 5895, .adv_w = 192, .box_w = 11, .box_h = 11, .ofs_x = 0, .ofs_y = -1},
    {.bitmap_index = 5911, .adv_w = 192, .box_w = 11, .box_h = 11, .ofs_x = 0, .ofs_y = -1},
    {.bitmap_index = 5927, .adv_w = 192, .box_w = 11, .box_h = 11, .ofs_x = 0, .ofs_y = -1},
    {.bitmap_index = 5943, .adv_w = 192, .box_w = 11, .box_h = 11, .ofs_x = 0, .ofs_y = -1},
    {.bitmap_index = 5959, .adv_w = 192, .box_w = 11, .box_h = 11, .ofs_x = 0, .ofs_y = -1},
    {.bitmap_index = 5975, .adv_w = 192, .box_w = 11, .box_h = 11, .ofs_x = 0, .ofs_y = -1},
    {.bitmap_index = 5991, .adv_w = 192, .box_w = 11, .box_h = 11, .ofs_x = 0, .ofs_y = -1},
    {.bitmap_index = 6007, .adv_w = 192, .box_w = 11, .box_h = 11, .ofs_x = 0, .ofs_y = -1},
    {.bitmap_index = 6023, .adv_w = 192, .box_w = 11, .box_h = 11, .ofs_x = 0, .ofs_y = -1},
    {.bitmap_index = 6039, .adv_w = 192, .box_w = 11, .box_h = 11, .ofs_x = 0, .ofs_y = -1},
    {.bitmap_index = 6055, .adv_w = 192, .box_w = 11, .box_h = 11, .ofs_x = 0, .ofs_y = -1},
    {.bitmap_index = 6071, .adv_w = 192, .box_w = 11, .box_h = 11, .ofs_x = 0, .ofs_y = -1},
    {.bitmap_index = 6087, .adv_w = 192, .box_w = 11, .box_h = 11, .ofs_x = 0, .ofs_y = -1},
    {.bitmap_index = 6103, .adv_w = 192, .box_w = 11, .box_h = 11, .ofs_x = 0, .ofs_y = -1},
    {.bitmap_index = 6119, .adv_w = 192, .box_w = 11, .box_h = 11, .ofs_x = 0, .ofs_y = -1},
    {.bitmap_index = 6135, .adv_w = 192, .box_w = 11, .box_h = 11, .ofs_x = 0, .ofs_y = -1},
    {.bitmap_index = 6151, .adv_w = 192, .box_w = 11, .box_h = 11, .ofs_x = 0, .ofs_y = -1},
    {.bitmap_index = 6167, .adv_w = 192, .box_w = 11, .box_h = 11, .ofs_x = 0, .ofs_y = -1},
    {.bitmap_index = 6183, .adv_w = 192, .box_w = 11, .box_h = 11, .ofs_x = 0, .ofs_y = -1},
    {.bitmap_index = 6199, .adv_w = 192, .box_w = 11, .box_h = 11, .ofs_x = 0, .ofs_y = -1},
    {.bitmap_index = 6215, .adv_w = 192, .box_w = 11, .box_h = 11, .ofs_x = 0, .ofs_y = -1},
    {.bitmap_index = 6231, .adv_w = 192, .box_w = 11, .box_h = 11, .ofs_x = 0, .ofs_y = -1},
    {.bitmap_index = 6247, .adv_w = 192, .box_w = 11, .box_h = 11, .ofs_x = 0, .ofs_y = -1},
    {.bitmap_index = 6263, .adv_w = 192, .box_w = 11, .box_h = 11, .ofs_x = 0, .ofs_y = -1},
    {.bitmap_index = 6279, .adv_w = 192, .box_w = 11, .box_h = 11, .ofs_x = 0, .ofs_y = -1},
    {.bitmap_index = 6295, .adv_w = 192, .box_w = 11, .box_h = 11, .ofs_x = 0, .ofs_y = -1},
    {.bitmap_index = 6311, .adv_w = 192, .box_w = 11, .box_h = 11, .ofs_x = 0, .ofs_y = -1},
    {.bitmap_index = 6327, .adv_w = 192, .box_w = 11, .box_h = 11, .ofs_x = 0, .ofs_y = -1},
    {.bitmap_index = 6343, .adv_w = 192, .box_w = 11, .box_h = 11, .ofs_x = 0, .ofs_y = -1},
    {.bitmap_index = 6359, .adv_w = 192, .box_w = 11, .box_h = 11, .ofs_x = 0, .ofs_y = -1},
    {.bitmap_index = 6375, .adv_w = 192, .box_w = 11, .box_h = 11, .ofs_x = 0, .ofs_y = -1},
    {.bitmap_index = 6391, .adv_w = 192, .box_w = 11, .box_h = 11, .ofs_x = 0, .ofs_y = -1},
    {.bitmap_index = 6407, .adv_w = 192, .box_w = 11, .box_h = 11, .ofs_x = 0, .ofs_y = -1},
    {.bitmap_index = 6423, .adv_w = 192, .box_w = 11, .box_h = 11, .ofs_x = 0, .ofs_y = -1},
    {.bitmap_index = 6439, .adv_w = 192, .box_w = 11, .box_h = 11, .ofs_x = 0, .ofs_y = -1},
    {.bitmap_index = 6455, .adv_w = 192, .box_w = 11, .box_h = 11, .ofs_x = 0, .ofs_y = -1},
    {.bitmap_index = 6471, .adv_w = 192, .box_w = 11, .box_h = 11, .ofs_x = 0, .ofs_y = -1},
    {.bitmap_index = 6487, .adv_w = 192, .box_w = 11, .box_h = 11, .ofs_x = 0, .ofs_y = -1},
    {.bitmap_index = 6503, .adv_w = 192, .box_w = 11, .box_h = 11, .ofs_x = 0, .ofs_y = -1},
    {.bitmap_index = 6519, .adv_w = 192, .box_w = 11, .box_h = 11, .ofs_x = 0, .ofs_y = -1},
    {.bitmap_index = 6535, .adv_w = 192, .box_w = 11, .box_h = 11, .ofs_x = 0, .ofs_y = -1},
    {.bitmap_index = 6551, .adv_w = 192, .box_w = 11, .box_h = 11, .ofs_x = 0, .ofs_y = -1},
    {.bitmap_index = 6567, .adv_w = 192, .box_w = 11, .box_h = 11, .ofs_x = 0, .ofs_y = -1},
    {.bitmap_index = 6583, .adv_w = 192, .box_w = 11, .box_h = 11, .ofs_x = 0, .ofs_y = -1},
    {.bitmap_index = 6599, .adv_w = 192, .box_w = 11, .box_h = 11, .ofs_x = 0, .ofs_y = -1},
    {.bitmap_index = 6615, .adv_w = 192, .box_w = 11, .box_h = 11, .ofs_x = 0, .ofs_y = -1},
    {.bitmap_index = 6631, .adv_w = 192, .box_w = 11, .box_h = 11, .ofs_x = 0, .ofs_y = -1},
    {.bitmap_index = 6647, .adv_w = 192, .box_w = 11, .box_h = 11, .ofs_x = 0, .ofs_y = -1},
    {.bitmap_index = 6663, .adv_w = 192, .box_w = 11, .box_h = 11, .ofs_x = 0, .ofs_y = -1},
    {.bitmap_index = 6679, .adv_w = 192, .box_w = 11, .box_h = 11, .ofs_x = 0, .ofs_y = -1},
    {.bitmap_index = 6695, .adv_w = 192, .box_w = 11, .box_h = 11, .ofs_x = 0, .ofs_y = -1},
    {.bitmap_index = 6711, .adv_w = 192, .box_w = 11, .box_h = 11, .ofs_x = 0, .ofs_y = -1},
    {.bitmap_index = 6727, .adv_w = 192, .box_w = 11, .box_h = 11, .ofs_x = 0, .ofs_y = -1},
    {.bitmap_index = 6743, .adv_w = 192, .box_w = 11, .box_h = 11, .ofs_x = 0, .ofs_y = -1},
    {.bitmap_index = 6759, .adv_w = 192, .box_w = 11, .box_h = 11, .ofs_x = 0, .ofs_y = -1},
    {.bitmap_index = 6775, .adv_w = 192, .box_w = 11, .box_h = 11, .ofs_x = 0, .ofs_y = -1},
    {.bitmap_index = 6791, .adv_w = 192, .box_w = 11, .box_h = 11, .ofs_x = 0, .ofs_y = -1},
    {.bitmap_index = 6807, .adv_w = 192, .box_w = 11, .box_h = 11, .ofs_x = 0, .ofs_y = -1},
    {.bitmap_index = 6823, .adv_w = 192, .box_w = 11, .box_h = 11, .ofs_x = 0, .ofs_y = -1},
    {.bitmap_index = 6839, .adv_w = 192, .box_w = 11, .box_h = 11, .ofs_x = 0, .ofs_y = -1},
    {.bitmap_index = 6855, .adv_w = 192, .box_w = 11, .box_h = 11, .ofs_x = 0, .ofs_y = -1},
    {.bitmap_index = 6871, .adv_w = 192, .box_w = 11, .box_h = 11, .ofs_x = 0, .ofs_y = -1},
    {.bitmap_index = 6887, .adv_w = 192, .box_w = 11, .box_h = 11, .ofs_x = 0, .ofs_y = -1},
    {.bitmap_index = 6903, .adv_w = 192, .box_w = 11, .box_h = 11, .ofs_x = 0, .ofs_y = -1},
    {.bitmap_index = 6919, .adv_w = 192, .box_w = 11, .box_h = 11, .ofs_x = 0, .ofs_y = -1},
    {.bitmap_index = 6935, .adv_w = 192, .box_w = 11, .box_h = 11, .ofs_x = 0, .ofs_y = -1},
    {.bitmap_index = 6951, .adv_w = 192, .box_w = 11, .box_h = 11, .ofs_x = 0, .ofs_y = -1},
    {.bitmap_index = 6967, .adv_w = 192, .box_w = 11, .box_h = 11, .ofs_x = 0, .ofs_y = -1},
    {.bitmap_index = 6983, .adv_w = 192, .box_w = 11, .box_h = 11, .ofs_x = 0, .ofs_y = -1},
    {.bitmap_index = 6999, .adv_w = 192, .box_w = 11, .box_h = 11, .ofs_x = 0, .ofs_y = -1},
    {.bitmap_index = 7015, .adv_w = 192, .box_w = 11, .box_h = 11, .ofs_x = 0, .ofs_y = -1},
    {.bitmap_index = 7031, .adv_w = 192, .box_w = 11, .box_h = 11, .ofs_x = 0, .ofs_y = -1},
    {.bitmap_index = 7047, .adv_w = 192, .box_w = 11, .box_h = 11, .ofs_x = 0, .ofs_y = -1},
    {.bitmap_index = 7063, .adv_w = 192, .box_w = 11, .box_h = 11, .ofs_x = 0, .ofs_y = -1},
    {.bitmap_index = 7079, .adv_w = 192, .box_w = 11, .box_h = 11, .ofs_x = 0, .ofs_y = -1},
    {.bitmap_index = 7095, .adv_w = 192, .box_w = 11, .box_h = 11, .ofs_x = 0, .ofs_y = -1},
    {.bitmap_index = 7111, .adv_w = 192, .box_w = 11, .box_h = 11, .ofs_x = 0, .ofs_y = -1},
    {.bitmap_index = 7127, .adv_w = 192, .box_w = 11, .box_h = 11, .ofs_x = 0, .ofs_y = -1},
    {.bitmap_index = 7143, .adv_w = 192, .box_w = 11, .box_h = 11, .ofs_x = 0, .ofs_y = -1},
    {.bitmap_index = 7159, .adv_w = 192, .box_w = 9, .box_h = 11, .ofs_x = 1, .ofs_y = -1},
    {.bitmap_index = 7172, .adv_w = 192, .box_w = 10, .box_h = 11, .ofs_x = 1, .ofs_y = -1},
    {.bitmap_index = 7186, .adv_w = 192, .box_w = 11, .box_h = 11, .ofs_x = 0, .ofs_y = -1},
    {.bitmap_index = 7202, .adv_w = 192, .box_w = 11, .box_h = 11, .ofs_x = 0, .ofs_y = -1},
    {.bitmap_index = 7218, .adv_w = 192, .box_w = 11, .box_h = 11, .ofs_x = 0, .ofs_y = -1},
    {.bitmap_index = 7234, .adv_w = 192, .box_w = 11, .box_h = 11, .ofs_x = 0, .ofs_y = -1},
    {.bitmap_index = 7250, .adv_w = 192, .box_w = 11, .box_h = 11, .ofs_x = 0, .ofs_y = -1},
    {.bitmap_index = 7266, .adv_w = 192, .box_w = 11, .box_h = 11, .ofs_x = 0, .ofs_y = -1},
    {.bitmap_index = 7282, .adv_w = 192, .box_w = 11, .box_h = 11, .ofs_x = 0, .ofs_y = -1},
    {.bitmap_index = 7298, .adv_w = 192, .box_w = 11, .box_h = 11, .ofs_x = 0, .ofs_y = -1},
    {.bitmap_index = 7314, .adv_w = 192, .box_w = 11, .box_h = 11, .ofs_x = 0, .ofs_y = -1},
    {.bitmap_index = 7330, .adv_w = 192, .box_w = 11, .box_h = 11, .ofs_x = 0, .ofs_y = -1},
    {.bitmap_index = 7346, .adv_w = 192, .box_w = 11, .box_h = 9, .ofs_x = 0, .ofs_y = 0},
    {.bitmap_index = 7359, .adv_w = 192, .box_w = 11, .box_h = 11, .ofs_x = 0, .ofs_y = -1},
    {.bitmap_index = 7375, .adv_w = 192, .box_w = 11, .box_h = 11, .ofs_x = 0, .ofs_y = -1},
    {.bitmap_index = 7391, .adv_w = 192, .box_w = 11, .box_h = 11, .ofs_x = 0, .ofs_y = -1},
    {.bitmap_index = 7407, .adv_w = 192, .box_w = 10, .box_h = 11, .ofs_x = 0, .ofs_y = -1},
    {.bitmap_index = 7421, .adv_w = 192, .box_w = 11, .box_h = 11, .ofs_x = 0, .ofs_y = -1},
    {.bitmap_index = 7437, .adv_w = 192, .box_w = 11, .box_h = 11, .ofs_x = 0, .ofs_y = -1},
    {.bitmap_index = 7453, .adv_w = 192, .box_w = 11, .box_h = 11, .ofs_x = 0, .ofs_y = -1},
    {.bitmap_index = 7469, .adv_w = 192, .box_w = 11, .box_h = 11, .ofs_x = 0, .ofs_y = -1},
    {.bitmap_index = 7485, .adv_w = 192, .box_w = 11, .box_h = 11, .ofs_x = 0, .ofs_y = -1},
    {.bitmap_index = 7501, .adv_w = 192, .box_w = 11, .box_h = 11, .ofs_x = 0, .ofs_y = -1},
    {.bitmap_index = 7517, .adv_w = 192, .box_w = 11, .box_h = 11, .ofs_x = 0, .ofs_y = -1},
    {.bitmap_index = 7533, .adv_w = 192, .box_w = 11, .box_h = 11, .ofs_x = 0, .ofs_y = -1},
    {.bitmap_index = 7549, .adv_w = 192, .box_w = 11, .box_h = 11, .ofs_x = 0, .ofs_y = -1},
    {.bitmap_index = 7565, .adv_w = 192, .box_w = 11, .box_h = 11, .ofs_x = 0, .ofs_y = -1},
    {.bitmap_index = 7581, .adv_w = 192, .box_w = 11, .box_h = 11, .ofs_x = 0, .ofs_y = -1},
    {.bitmap_index = 7597, .adv_w = 192, .box_w = 11, .box_h = 11, .ofs_x = 0, .ofs_y = -1},
    {.bitmap_index = 7613, .adv_w = 192, .box_w = 11, .box_h = 11, .ofs_x = 0, .ofs_y = -1},
    {.bitmap_index = 7629, .adv_w = 192, .box_w = 11, .box_h = 11, .ofs_x = 0, .ofs_y = -1},
    {.bitmap_index = 7645, .adv_w = 192, .box_w = 11, .box_h = 11, .ofs_x = 0, .ofs_y = -1},
    {.bitmap_index = 7661, .adv_w = 192, .box_w = 11, .box_h = 11, .ofs_x = 0, .ofs_y = -1},
    {.bitmap_index = 7677, .adv_w = 192, .box_w = 11, .box_h = 11, .ofs_x = 0, .ofs_y = -1},
    {.bitmap_index = 7693, .adv_w = 192, .box_w = 11, .box_h = 11, .ofs_x = 0, .ofs_y = -1},
    {.bitmap_index = 7709, .adv_w = 192, .box_w = 11, .box_h = 11, .ofs_x = 0, .ofs_y = -1},
    {.bitmap_index = 7725, .adv_w = 192, .box_w = 11, .box_h = 11, .ofs_x = 0, .ofs_y = -1},
    {.bitmap_index = 7741, .adv_w = 192, .box_w = 11, .box_h = 11, .ofs_x = 0, .ofs_y = -1},
    {.bitmap_index = 7757, .adv_w = 192, .box_w = 11, .box_h = 11, .ofs_x = 0, .ofs_y = -1},
    {.bitmap_index = 7773, .adv_w = 192, .box_w = 11, .box_h = 11, .ofs_x = 0, .ofs_y = -1},
    {.bitmap_index = 7789, .adv_w = 192, .box_w = 11, .box_h = 11, .ofs_x = 0, .ofs_y = -1},
    {.bitmap_index = 7805, .adv_w = 192, .box_w = 11, .box_h = 11, .ofs_x = 0, .ofs_y = -1},
    {.bitmap_index = 7821, .adv_w = 192, .box_w = 11, .box_h = 11, .ofs_x = 0, .ofs_y = -1},
    {.bitmap_index = 7837, .adv_w = 192, .box_w = 11, .box_h = 11, .ofs_x = 0, .ofs_y = -1},
    {.bitmap_index = 7853, .adv_w = 192, .box_w = 11, .box_h = 11, .ofs_x = 0, .ofs_y = -1},
    {.bitmap_index = 7869, .adv_w = 192, .box_w = 11, .box_h = 11, .ofs_x = 0, .ofs_y = -1},
    {.bitmap_index = 7885, .adv_w = 192, .box_w = 11, .box_h = 11, .ofs_x = 0, .ofs_y = -1},
    {.bitmap_index = 7901, .adv_w = 192, .box_w = 11, .box_h = 11, .ofs_x = 0, .ofs_y = -1},
    {.bitmap_index = 7917, .adv_w = 192, .box_w = 11, .box_h = 11, .ofs_x = 0, .ofs_y = -1},
    {.bitmap_index = 7933, .adv_w = 192, .box_w = 11, .box_h = 11, .ofs_x = 0, .ofs_y = -1},
    {.bitmap_index = 7949, .adv_w = 192, .box_w = 11, .box_h = 11, .ofs_x = 0, .ofs_y = -1},
    {.bitmap_index = 7965, .adv_w = 192, .box_w = 11, .box_h = 11, .ofs_x = 0, .ofs_y = -1},
    {.bitmap_index = 7981, .adv_w = 192, .box_w = 11, .box_h = 11, .ofs_x = 0, .ofs_y = -1},
    {.bitmap_index = 7997, .adv_w = 192, .box_w = 11, .box_h = 11, .ofs_x = 0, .ofs_y = -1},
    {.bitmap_index = 8013, .adv_w = 192, .box_w = 11, .box_h = 11, .ofs_x = 0, .ofs_y = -1},
    {.bitmap_index = 8029, .adv_w = 192, .box_w = 11, .box_h = 11, .ofs_x = 0, .ofs_y = -1},
    {.bitmap_index = 8045, .adv_w = 192, .box_w = 11, .box_h = 11, .ofs_x = 0, .ofs_y = -1},
    {.bitmap_index = 8061, .adv_w = 192, .box_w = 11, .box_h = 11, .ofs_x = 0, .ofs_y = -1},
    {.bitmap_index = 8077, .adv_w = 192, .box_w = 11, .box_h = 11, .ofs_x = 0, .ofs_y = -1},
    {.bitmap_index = 8093, .adv_w = 192, .box_w = 11, .box_h = 11, .ofs_x = 0, .ofs_y = -1},
    {.bitmap_index = 8109, .adv_w = 192, .box_w = 11, .box_h = 11, .ofs_x = 0, .ofs_y = -1},
    {.bitmap_index = 8125, .adv_w = 192, .box_w = 11, .box_h = 11, .ofs_x = 0, .ofs_y = -1},
    {.bitmap_index = 8141, .adv_w = 192, .box_w = 11, .box_h = 11, .ofs_x = 0, .ofs_y = -1},
    {.bitmap_index = 8157, .adv_w = 192, .box_w = 11, .box_h = 11, .ofs_x = 0, .ofs_y = -1},
    {.bitmap_index = 8173, .adv_w = 192, .box_w = 11, .box_h = 11, .ofs_x = 0, .ofs_y = -1},
    {.bitmap_index = 8189, .adv_w = 192, .box_w = 11, .box_h = 11, .ofs_x = 0, .ofs_y = -1},
    {.bitmap_index = 8205, .adv_w = 192, .box_w = 11, .box_h = 11, .ofs_x = 0, .ofs_y = -1},
    {.bitmap_index = 8221, .adv_w = 192, .box_w = 11, .box_h = 11, .ofs_x = 0, .ofs_y = -1},
    {.bitmap_index = 8237, .adv_w = 192, .box_w = 11, .box_h = 11, .ofs_x = 0, .ofs_y = -1},
    {.bitmap_index = 8253, .adv_w = 192, .box_w = 11, .box_h = 11, .ofs_x = 0, .ofs_y = -1},
    {.bitmap_index = 8269, .adv_w = 192, .box_w = 11, .box_h = 11, .ofs_x = 0, .ofs_y = -1},
    {.bitmap_index = 8285, .adv_w = 192, .box_w = 11, .box_h = 11, .ofs_x = 0, .ofs_y = -1},
    {.bitmap_index = 8301, .adv_w = 192, .box_w = 11, .box_h = 11, .ofs_x = 0, .ofs_y = -1},
    {.bitmap_index = 8317, .adv_w = 192, .box_w = 11, .box_h = 11, .ofs_x = 0, .ofs_y = -1},
    {.bitmap_index = 8333, .adv_w = 192, .box_w = 11, .box_h = 11, .ofs_x = 0, .ofs_y = -1},
    {.bitmap_index = 8349, .adv_w = 192, .box_w = 11, .box_h = 11, .ofs_x = 0, .ofs_y = -1},
    {.bitmap_index = 8365, .adv_w = 192, .box_w = 11, .box_h = 11, .ofs_x = 0, .ofs_y = -1},
    {.bitmap_index = 8381, .adv_w = 192, .box_w = 11, .box_h = 11, .ofs_x = 0, .ofs_y = -1},
    {.bitmap_index = 8397, .adv_w = 192, .box_w = 11, .box_h = 11, .ofs_x = 0, .ofs_y = -1},
    {.bitmap_index = 8413, .adv_w = 192, .box_w = 11, .box_h = 11, .ofs_x = 0, .ofs_y = -1},
    {.bitmap_index = 8429, .adv_w = 192, .box_w = 11, .box_h = 11, .ofs_x = 0, .ofs_y = -1},
    {.bitmap_index = 8445, .adv_w = 192, .box_w = 11, .box_h = 11, .ofs_x = 0, .ofs_y = -1},
    {.bitmap_index = 8461, .adv_w = 192, .box_w = 11, .box_h = 11, .ofs_x = 0, .ofs_y = -1},
    {.bitmap_index = 8477, .adv_w = 192, .box_w = 11, .box_h = 11, .ofs_x = 0, .ofs_y = -1},
    {.bitmap_index = 8493, .adv_w = 192, .box_w = 11, .box_h = 11, .ofs_x = 0, .ofs_y = -1},
    {.bitmap_index = 8509, .adv_w = 192, .box_w = 11, .box_h = 11, .ofs_x = 0, .ofs_y = -1},
    {.bitmap_index = 8525, .adv_w = 192, .box_w = 11, .box_h = 11, .ofs_x = 0, .ofs_y = -1},
    {.bitmap_index = 8541, .adv_w = 192, .box_w = 11, .box_h = 11, .ofs_x = 0, .ofs_y = -1},
    {.bitmap_index = 8557, .adv_w = 192, .box_w = 11, .box_h = 11, .ofs_x = 0, .ofs_y = -1},
    {.bitmap_index = 8573, .adv_w = 192, .box_w = 11, .box_h = 11, .ofs_x = 0, .ofs_y = -1},
    {.bitmap_index = 8589, .adv_w = 192, .box_w = 11, .box_h = 11, .ofs_x = 0, .ofs_y = -1},
    {.bitmap_index = 8605, .adv_w = 192, .box_w = 11, .box_h = 11, .ofs_x = 0, .ofs_y = -1},
    {.bitmap_index = 8621, .adv_w = 192, .box_w = 11, .box_h = 11, .ofs_x = 0, .ofs_y = -1},
    {.bitmap_index = 8637, .adv_w = 192, .box_w = 11, .box_h = 11, .ofs_x = 0, .ofs_y = -1},
    {.bitmap_index = 8653, .adv_w = 192, .box_w = 11, .box_h = 11, .ofs_x = 0, .ofs_y = -1},
    {.bitmap_index = 8669, .adv_w = 192, .box_w = 11, .box_h = 11, .ofs_x = 0, .ofs_y = -1},
    {.bitmap_index = 8685, .adv_w = 192, .box_w = 11, .box_h = 11, .ofs_x = 0, .ofs_y = -1},
    {.bitmap_index = 8701, .adv_w = 192, .box_w = 11, .box_h = 11, .ofs_x = 0, .ofs_y = -1},
    {.bitmap_index = 8717, .adv_w = 192, .box_w = 11, .box_h = 11, .ofs_x = 0, .ofs_y = -1},
    {.bitmap_index = 8733, .adv_w = 192, .box_w = 11, .box_h = 11, .ofs_x = 0, .ofs_y = -1},
    {.bitmap_index = 8749, .adv_w = 192, .box_w = 11, .box_h = 11, .ofs_x = 0, .ofs_y = -1},
    {.bitmap_index = 8765, .adv_w = 192, .box_w = 11, .box_h = 11, .ofs_x = 0, .ofs_y = -1},
    {.bitmap_index = 8781, .adv_w = 192, .box_w = 11, .box_h = 11, .ofs_x = 0, .ofs_y = -1},
    {.bitmap_index = 8797, .adv_w = 192, .box_w = 11, .box_h = 11, .ofs_x = 0, .ofs_y = -1},
    {.bitmap_index = 8813, .adv_w = 192, .box_w = 11, .box_h = 11, .ofs_x = 0, .ofs_y = -1},
    {.bitmap_index = 8829, .adv_w = 192, .box_w = 11, .box_h = 11, .ofs_x = 0, .ofs_y = -1},
    {.bitmap_index = 8845, .adv_w = 192, .box_w = 11, .box_h = 11, .ofs_x = 0, .ofs_y = -1},
    {.bitmap_index = 8861, .adv_w = 192, .box_w = 11, .box_h = 11, .ofs_x = 0, .ofs_y = -1},
    {.bitmap_index = 8877, .adv_w = 192, .box_w = 11, .box_h = 11, .ofs_x = 0, .ofs_y = -1},
    {.bitmap_index = 8893, .adv_w = 192, .box_w = 11, .box_h = 11, .ofs_x = 0, .ofs_y = -1},
    {.bitmap_index = 8909, .adv_w = 192, .box_w = 11, .box_h = 11, .ofs_x = 0, .ofs_y = -1},
    {.bitmap_index = 8925, .adv_w = 192, .box_w = 11, .box_h = 11, .ofs_x = 0, .ofs_y = -1},
    {.bitmap_index = 8941, .adv_w = 192, .box_w = 11, .box_h = 11, .ofs_x = 0, .ofs_y = -1},
    {.bitmap_index = 8957, .adv_w = 192, .box_w = 11, .box_h = 11, .ofs_x = 0, .ofs_y = -1},
    {.bitmap_index = 8973, .adv_w = 192, .box_w = 11, .box_h = 11, .ofs_x = 0, .ofs_y = -1},
    {.bitmap_index = 8989, .adv_w = 192, .box_w = 11, .box_h = 11, .ofs_x = 0, .ofs_y = -1},
    {.bitmap_index = 9005, .adv_w = 192, .box_w = 11, .box_h = 11, .ofs_x = 0, .ofs_y = -1},
    {.bitmap_index = 9021, .adv_w = 192, .box_w = 11, .box_h = 11, .ofs_x = 0, .ofs_y = -1},
    {.bitmap_index = 9037, .adv_w = 192, .box_w = 11, .box_h = 11, .ofs_x = 0, .ofs_y = -1},
    {.bitmap_index = 9053, .adv_w = 192, .box_w = 11, .box_h = 11, .ofs_x = 0, .ofs_y = -1},
    {.bitmap_index = 9069, .adv_w = 192, .box_w = 11, .box_h = 11, .ofs_x = 0, .ofs_y = -1},
    {.bitmap_index = 9085, .adv_w = 192, .box_w = 11, .box_h = 11, .ofs_x = 0, .ofs_y = -1},
    {.bitmap_index = 9101, .adv_w = 192, .box_w = 11, .box_h = 11, .ofs_x = 0, .ofs_y = -1},
    {.bitmap_index = 9117, .adv_w = 192, .box_w = 11, .box_h = 11, .ofs_x = 0, .ofs_y = -1},
    {.bitmap_index = 9133, .adv_w = 192, .box_w = 11, .box_h = 11, .ofs_x = 0, .ofs_y = -1},
    {.bitmap_index = 9149, .adv_w = 192, .box_w = 11, .box_h = 11, .ofs_x = 0, .ofs_y = -1},
    {.bitmap_index = 9165, .adv_w = 192, .box_w = 11, .box_h = 11, .ofs_x = 0, .ofs_y = -1},
    {.bitmap_index = 9181, .adv_w = 192, .box_w = 11, .box_h = 11, .ofs_x = 0, .ofs_y = -1},
    {.bitmap_index = 9197, .adv_w = 192, .box_w = 11, .box_h = 11, .ofs_x = 0, .ofs_y = -1},
    {.bitmap_index = 9213, .adv_w = 192, .box_w = 11, .box_h = 11, .ofs_x = 0, .ofs_y = -1},
    {.bitmap_index = 9229, .adv_w = 192, .box_w = 11, .box_h = 11, .ofs_x = 0, .ofs_y = -1},
    {.bitmap_index = 9245, .adv_w = 192, .box_w = 11, .box_h = 11, .ofs_x = 0, .ofs_y = -1},
    {.bitmap_index = 9261, .adv_w = 192, .box_w = 11, .box_h = 11, .ofs_x = 0, .ofs_y = -1},
    {.bitmap_index = 9277, .adv_w = 192, .box_w = 11, .box_h = 11, .ofs_x = 0, .ofs_y = -1},
    {.bitmap_index = 9293, .adv_w = 192, .box_w = 11, .box_h = 11, .ofs_x = 0, .ofs_y = -1},
    {.bitmap_index = 9309, .adv_w = 192, .box_w = 11, .box_h = 11, .ofs_x = 0, .ofs_y = -1},
    {.bitmap_index = 9325, .adv_w = 192, .box_w = 10, .box_h = 11, .ofs_x = 0, .ofs_y = -1},
    {.bitmap_index = 9339, .adv_w = 192, .box_w = 11, .box_h = 11, .ofs_x = 0, .ofs_y = -1},
    {.bitmap_index = 9355, .adv_w = 192, .box_w = 11, .box_h = 11, .ofs_x = 0, .ofs_y = -1},
    {.bitmap_index = 9371, .adv_w = 192, .box_w = 11, .box_h = 11, .ofs_x = 0, .ofs_y = -1},
    {.bitmap_index = 9387, .adv_w = 192, .box_w = 11, .box_h = 11, .ofs_x = 0, .ofs_y = -1},
    {.bitmap_index = 9403, .adv_w = 192, .box_w = 11, .box_h = 11, .ofs_x = 0, .ofs_y = -1},
    {.bitmap_index = 9419, .adv_w = 192, .box_w = 11, .box_h = 11, .ofs_x = 0, .ofs_y = -1},
    {.bitmap_index = 9435, .adv_w = 192, .box_w = 11, .box_h = 11, .ofs_x = 0, .ofs_y = -1},
    {.bitmap_index = 9451, .adv_w = 192, .box_w = 11, .box_h = 11, .ofs_x = 0, .ofs_y = -1},
    {.bitmap_index = 9467, .adv_w = 192, .box_w = 11, .box_h = 11, .ofs_x = 0, .ofs_y = -1},
    {.bitmap_index = 9483, .adv_w = 192, .box_w = 11, .box_h = 11, .ofs_x = 0, .ofs_y = -1},
    {.bitmap_index = 9499, .adv_w = 192, .box_w = 11, .box_h = 11, .ofs_x = 0, .ofs_y = -1},
    {.bitmap_index = 9515, .adv_w = 192, .box_w = 9, .box_h = 11, .ofs_x = 1, .ofs_y = -1},
    {.bitmap_index = 9528, .adv_w = 192, .box_w = 11, .box_h = 11, .ofs_x = 0, .ofs_y = -1},
    {.bitmap_index = 9544, .adv_w = 192, .box_w = 11, .box_h = 11, .ofs_x = 0, .ofs_y = -1},
    {.bitmap_index = 9560, .adv_w = 192, .box_w = 11, .box_h = 11, .ofs_x = 0, .ofs_y = -1},
    {.bitmap_index = 9576, .adv_w = 192, .box_w = 11, .box_h = 11, .ofs_x = 0, .ofs_y = -1},
    {.bitmap_index = 9592, .adv_w = 192, .box_w = 11, .box_h = 11, .ofs_x = 0, .ofs_y = -1},
    {.bitmap_index = 9608, .adv_w = 192, .box_w = 11, .box_h = 11, .ofs_x = 0, .ofs_y = -1},
    {.bitmap_index = 9624, .adv_w = 192, .box_w = 11, .box_h = 11, .ofs_x = 0, .ofs_y = -1},
    {.bitmap_index = 9640, .adv_w = 192, .box_w = 9, .box_h = 11, .ofs_x = 1, .ofs_y = -1},
    {.bitmap_index = 9653, .adv_w = 192, .box_w = 11, .box_h = 11, .ofs_x = 0, .ofs_y = -1},
    {.bitmap_index = 9669, .adv_w = 192, .box_w = 11, .box_h = 11, .ofs_x = 0, .ofs_y = -1},
    {.bitmap_index = 9685, .adv_w = 192, .box_w = 11, .box_h = 11, .ofs_x = 0, .ofs_y = -1},
    {.bitmap_index = 9701, .adv_w = 192, .box_w = 11, .box_h = 11, .ofs_x = 0, .ofs_y = -1},
    {.bitmap_index = 9717, .adv_w = 192, .box_w = 11, .box_h = 11, .ofs_x = 0, .ofs_y = -1},
    {.bitmap_index = 9733, .adv_w = 192, .box_w = 11, .box_h = 11, .ofs_x = 0, .ofs_y = -1},
    {.bitmap_index = 9749, .adv_w = 192, .box_w = 11, .box_h = 11, .ofs_x = 0, .ofs_y = -1},
    {.bitmap_index = 9765, .adv_w = 192, .box_w = 11, .box_h = 11, .ofs_x = 0, .ofs_y = -1},
    {.bitmap_index = 9781, .adv_w = 192, .box_w = 11, .box_h = 11, .ofs_x = 0, .ofs_y = -1},
    {.bitmap_index = 9797, .adv_w = 192, .box_w = 11, .box_h = 11, .ofs_x = 0, .ofs_y = -1},
    {.bitmap_index = 9813, .adv_w = 192, .box_w = 11, .box_h = 11, .ofs_x = 0, .ofs_y = -1},
    {.bitmap_index = 9829, .adv_w = 192, .box_w = 11, .box_h = 11, .ofs_x = 0, .ofs_y = -1},
    {.bitmap_index = 9845, .adv_w = 192, .box_w = 11, .box_h = 11, .ofs_x = 0, .ofs_y = -1},
    {.bitmap_index = 9861, .adv_w = 192, .box_w = 11, .box_h = 11, .ofs_x = 0, .ofs_y = -1},
    {.bitmap_index = 9877, .adv_w = 192, .box_w = 11, .box_h = 11, .ofs_x = 0, .ofs_y = -1},
    {.bitmap_index = 9893, .adv_w = 192, .box_w = 11, .box_h = 11, .ofs_x = 0, .ofs_y = -1},
    {.bitmap_index = 9909, .adv_w = 192, .box_w = 11, .box_h = 11, .ofs_x = 0, .ofs_y = -1},
    {.bitmap_index = 9925, .adv_w = 192, .box_w = 11, .box_h = 11, .ofs_x = 0, .ofs_y = -1},
    {.bitmap_index = 9941, .adv_w = 192, .box_w = 11, .box_h = 11, .ofs_x = 0, .ofs_y = -1},
    {.bitmap_index = 9957, .adv_w = 192, .box_w = 11, .box_h = 11, .ofs_x = 0, .ofs_y = -1},
    {.bitmap_index = 9973, .adv_w = 192, .box_w = 11, .box_h = 11, .ofs_x = 0, .ofs_y = -1},
    {.bitmap_index = 9989, .adv_w = 192, .box_w = 11, .box_h = 11, .ofs_x = 0, .ofs_y = -1},
    {.bitmap_index = 10005, .adv_w = 192, .box_w = 11, .box_h = 11, .ofs_x = 0, .ofs_y = -1},
    {.bitmap_index = 10021, .adv_w = 192, .box_w = 11, .box_h = 11, .ofs_x = 0, .ofs_y = -1},
    {.bitmap_index = 10037, .adv_w = 192, .box_w = 11, .box_h = 11, .ofs_x = 0, .ofs_y = -1},
    {.bitmap_index = 10053, .adv_w = 192, .box_w = 11, .box_h = 11, .ofs_x = 0, .ofs_y = -1},
    {.bitmap_index = 10069, .adv_w = 192, .box_w = 11, .box_h = 11, .ofs_x = 0, .ofs_y = -1},
    {.bitmap_index = 10085, .adv_w = 192, .box_w = 11, .box_h = 11, .ofs_x = 0, .ofs_y = -1},
    {.bitmap_index = 10101, .adv_w = 192, .box_w = 11, .box_h = 11, .ofs_x = 0, .ofs_y = -1},
    {.bitmap_index = 10117, .adv_w = 192, .box_w = 11, .box_h = 11, .ofs_x = 0, .ofs_y = -1},
    {.bitmap_index = 10133, .adv_w = 192, .box_w = 11, .box_h = 11, .ofs_x = 0, .ofs_y = -1},
    {.bitmap_index = 10149, .adv_w = 192, .box_w = 11, .box_h = 11, .ofs_x = 0, .ofs_y = -1},
    {.bitmap_index = 10165, .adv_w = 192, .box_w = 11, .box_h = 11, .ofs_x = 0, .ofs_y = -1},
    {.bitmap_index = 10181, .adv_w = 192, .box_w = 11, .box_h = 11, .ofs_x = 0, .ofs_y = -1},
    {.bitmap_index = 10197, .adv_w = 192, .box_w = 11, .box_h = 11, .ofs_x = 0, .ofs_y = -1},
    {.bitmap_index = 10213, .adv_w = 192, .box_w = 10, .box_h = 11, .ofs_x = 1, .ofs_y = -1},
    {.bitmap_index = 10227, .adv_w = 192, .box_w = 11, .box_h = 11, .ofs_x = 0, .ofs_y = -1},
    {.bitmap_index = 10243, .adv_w = 192, .box_w = 11, .box_h = 11, .ofs_x = 0, .ofs_y = -1},
    {.bitmap_index = 10259, .adv_w = 192, .box_w = 11, .box_h = 11, .ofs_x = 0, .ofs_y = -1},
    {.bitmap_index = 10275, .adv_w = 192, .box_w = 11, .box_h = 11, .ofs_x = 0, .ofs_y = -1},
    {.bitmap_index = 10291, .adv_w = 192, .box_w = 11, .box_h = 11, .ofs_x = 0, .ofs_y = -1},
    {.bitmap_index = 10307, .adv_w = 192, .box_w = 11, .box_h = 11, .ofs_x = 0, .ofs_y = -1},
    {.bitmap_index = 10323, .adv_w = 192, .box_w = 11, .box_h = 11, .ofs_x = 0, .ofs_y = -1},
    {.bitmap_index = 10339, .adv_w = 192, .box_w = 11, .box_h = 11, .ofs_x = 0, .ofs_y = -1},
    {.bitmap_index = 10355, .adv_w = 192, .box_w = 11, .box_h = 11, .ofs_x = 0, .ofs_y = -1},
    {.bitmap_index = 10371, .adv_w = 192, .box_w = 11, .box_h = 11, .ofs_x = 0, .ofs_y = -1},
    {.bitmap_index = 10387, .adv_w = 192, .box_w = 11, .box_h = 11, .ofs_x = 1, .ofs_y = -1},
    {.bitmap_index = 10403, .adv_w = 192, .box_w = 11, .box_h = 11, .ofs_x = 0, .ofs_y = -1},
    {.bitmap_index = 10419, .adv_w = 192, .box_w = 11, .box_h = 11, .ofs_x = 0, .ofs_y = -1},
    {.bitmap_index = 10435, .adv_w = 192, .box_w = 11, .box_h = 11, .ofs_x = 0, .ofs_y = -1},
    {.bitmap_index = 10451, .adv_w = 192, .box_w = 11, .box_h = 11, .ofs_x = 0, .ofs_y = -1},
    {.bitmap_index = 10467, .adv_w = 192, .box_w = 11, .box_h = 11, .ofs_x = 0, .ofs_y = -1},
    {.bitmap_index = 10483, .adv_w = 192, .box_w = 11, .box_h = 11, .ofs_x = 0, .ofs_y = -1},
    {.bitmap_index = 10499, .adv_w = 192, .box_w = 11, .box_h = 11, .ofs_x = 0, .ofs_y = -1},
    {.bitmap_index = 10515, .adv_w = 192, .box_w = 11, .box_h = 11, .ofs_x = 0, .ofs_y = -1},
    {.bitmap_index = 10531, .adv_w = 192, .box_w = 11, .box_h = 11, .ofs_x = 0, .ofs_y = -1},
    {.bitmap_index = 10547, .adv_w = 192, .box_w = 11, .box_h = 11, .ofs_x = 0, .ofs_y = -1},
    {.bitmap_index = 10563, .adv_w = 192, .box_w = 11, .box_h = 11, .ofs_x = 0, .ofs_y = -1},
    {.bitmap_index = 10579, .adv_w = 192, .box_w = 11, .box_h = 11, .ofs_x = 0, .ofs_y = -1},
    {.bitmap_index = 10595, .adv_w = 192, .box_w = 11, .box_h = 11, .ofs_x = 0, .ofs_y = -1},
    {.bitmap_index = 10611, .adv_w = 192, .box_w = 11, .box_h = 11, .ofs_x = 0, .ofs_y = -1},
    {.bitmap_index = 10627, .adv_w = 192, .box_w = 11, .box_h = 11, .ofs_x = 0, .ofs_y = -1},
    {.bitmap_index = 10643, .adv_w = 192, .box_w = 11, .box_h = 11, .ofs_x = 0, .ofs_y = -1},
    {.bitmap_index = 10659, .adv_w = 192, .box_w = 11, .box_h = 11, .ofs_x = 0, .ofs_y = -1},
    {.bitmap_index = 10675, .adv_w = 192, .box_w = 11, .box_h = 11, .ofs_x = 0, .ofs_y = -1},
    {.bitmap_index = 10691, .adv_w = 192, .box_w = 11, .box_h = 11, .ofs_x = 0, .ofs_y = -1},
    {.bitmap_index = 10707, .adv_w = 192, .box_w = 11, .box_h = 11, .ofs_x = 0, .ofs_y = -1},
    {.bitmap_index = 10723, .adv_w = 192, .box_w = 11, .box_h = 11, .ofs_x = 0, .ofs_y = -1},
    {.bitmap_index = 10739, .adv_w = 192, .box_w = 11, .box_h = 11, .ofs_x = 0, .ofs_y = -1},
    {.bitmap_index = 10755, .adv_w = 192, .box_w = 11, .box_h = 11, .ofs_x = 0, .ofs_y = -1},
    {.bitmap_index = 10771, .adv_w = 192, .box_w = 11, .box_h = 11, .ofs_x = 0, .ofs_y = -1},
    {.bitmap_index = 10787, .adv_w = 192, .box_w = 11, .box_h = 11, .ofs_x = 0, .ofs_y = -1},
    {.bitmap_index = 10803, .adv_w = 192, .box_w = 11, .box_h = 11, .ofs_x = 0, .ofs_y = -1},
    {.bitmap_index = 10819, .adv_w = 192, .box_w = 11, .box_h = 11, .ofs_x = 0, .ofs_y = -1},
    {.bitmap_index = 10835, .adv_w = 192, .box_w = 11, .box_h = 11, .ofs_x = 0, .ofs_y = -1},
    {.bitmap_index = 10851, .adv_w = 192, .box_w = 11, .box_h = 11, .ofs_x = 0, .ofs_y = -1},
    {.bitmap_index = 10867, .adv_w = 192, .box_w = 11, .box_h = 11, .ofs_x = 0, .ofs_y = -1},
    {.bitmap_index = 10883, .adv_w = 192, .box_w = 11, .box_h = 11, .ofs_x = 0, .ofs_y = -1},
    {.bitmap_index = 10899, .adv_w = 192, .box_w = 11, .box_h = 11, .ofs_x = 0, .ofs_y = -1},
    {.bitmap_index = 10915, .adv_w = 192, .box_w = 11, .box_h = 11, .ofs_x = 0, .ofs_y = -1},
    {.bitmap_index = 10931, .adv_w = 192, .box_w = 11, .box_h = 11, .ofs_x = 0, .ofs_y = -1},
    {.bitmap_index = 10947, .adv_w = 192, .box_w = 11, .box_h = 11, .ofs_x = 0, .ofs_y = -1},
    {.bitmap_index = 10963, .adv_w = 192, .box_w = 11, .box_h = 11, .ofs_x = 0, .ofs_y = -1},
    {.bitmap_index = 10979, .adv_w = 192, .box_w = 11, .box_h = 11, .ofs_x = 0, .ofs_y = -1},
    {.bitmap_index = 10995, .adv_w = 192, .box_w = 11, .box_h = 11, .ofs_x = 0, .ofs_y = -1},
    {.bitmap_index = 11011, .adv_w = 192, .box_w = 11, .box_h = 11, .ofs_x = 0, .ofs_y = -1},
    {.bitmap_index = 11027, .adv_w = 192, .box_w = 11, .box_h = 11, .ofs_x = 0, .ofs_y = -1},
    {.bitmap_index = 11043, .adv_w = 192, .box_w = 11, .box_h = 11, .ofs_x = 0, .ofs_y = -1},
    {.bitmap_index = 11059, .adv_w = 192, .box_w = 11, .box_h = 11, .ofs_x = 0, .ofs_y = -1},
    {.bitmap_index = 11075, .adv_w = 192, .box_w = 11, .box_h = 11, .ofs_x = 0, .ofs_y = -1},
    {.bitmap_index = 11091, .adv_w = 192, .box_w = 11, .box_h = 11, .ofs_x = 0, .ofs_y = -1},
    {.bitmap_index = 11107, .adv_w = 192, .box_w = 11, .box_h = 11, .ofs_x = 0, .ofs_y = -1},
    {.bitmap_index = 11123, .adv_w = 192, .box_w = 11, .box_h = 11, .ofs_x = 0, .ofs_y = -1},
    {.bitmap_index = 11139, .adv_w = 192, .box_w = 11, .box_h = 11, .ofs_x = 0, .ofs_y = -1},
    {.bitmap_index = 11155, .adv_w = 192, .box_w = 11, .box_h = 11, .ofs_x = 0, .ofs_y = -1},
    {.bitmap_index = 11171, .adv_w = 192, .box_w = 11, .box_h = 11, .ofs_x = 0, .ofs_y = -1},
    {.bitmap_index = 11187, .adv_w = 192, .box_w = 11, .box_h = 11, .ofs_x = 0, .ofs_y = -1},
    {.bitmap_index = 11203, .adv_w = 192, .box_w = 11, .box_h = 11, .ofs_x = 0, .ofs_y = -1},
    {.bitmap_index = 11219, .adv_w = 192, .box_w = 11, .box_h = 11, .ofs_x = 0, .ofs_y = -1},
    {.bitmap_index = 11235, .adv_w = 192, .box_w = 11, .box_h = 11, .ofs_x = 0, .ofs_y = -1},
    {.bitmap_index = 11251, .adv_w = 192, .box_w = 11, .box_h = 11, .ofs_x = 0, .ofs_y = -1},
    {.bitmap_index = 11267, .adv_w = 192, .box_w = 11, .box_h = 11, .ofs_x = 0, .ofs_y = -1},
    {.bitmap_index = 11283, .adv_w = 192, .box_w = 9, .box_h = 11, .ofs_x = 1, .ofs_y = -1},
    {.bitmap_index = 11296, .adv_w = 192, .box_w = 11, .box_h = 11, .ofs_x = 0, .ofs_y = -1},
    {.bitmap_index = 11312, .adv_w = 192, .box_w = 11, .box_h = 11, .ofs_x = 0, .ofs_y = -1},
    {.bitmap_index = 11328, .adv_w = 192, .box_w = 11, .box_h = 11, .ofs_x = 0, .ofs_y = -1},
    {.bitmap_index = 11344, .adv_w = 192, .box_w = 11, .box_h = 11, .ofs_x = 0, .ofs_y = -1},
    {.bitmap_index = 11360, .adv_w = 192, .box_w = 11, .box_h = 11, .ofs_x = 0, .ofs_y = -1},
    {.bitmap_index = 11376, .adv_w = 192, .box_w = 11, .box_h = 11, .ofs_x = 0, .ofs_y = -1},
    {.bitmap_index = 11392, .adv_w = 192, .box_w = 10, .box_h = 11, .ofs_x = 1, .ofs_y = -1},
    {.bitmap_index = 11406, .adv_w = 192, .box_w = 10, .box_h = 11, .ofs_x = 1, .ofs_y = -1},
    {.bitmap_index = 11420, .adv_w = 192, .box_w = 11, .box_h = 11, .ofs_x = 0, .ofs_y = -1},
    {.bitmap_index = 11436, .adv_w = 192, .box_w = 11, .box_h = 11, .ofs_x = 0, .ofs_y = -1},
    {.bitmap_index = 11452, .adv_w = 192, .box_w = 11, .box_h = 11, .ofs_x = 0, .ofs_y = -1},
    {.bitmap_index = 11468, .adv_w = 192, .box_w = 11, .box_h = 11, .ofs_x = 0, .ofs_y = -1},
    {.bitmap_index = 11484, .adv_w = 192, .box_w = 11, .box_h = 11, .ofs_x = 0, .ofs_y = -1},
    {.bitmap_index = 11500, .adv_w = 192, .box_w = 11, .box_h = 11, .ofs_x = 0, .ofs_y = -1},
    {.bitmap_index = 11516, .adv_w = 192, .box_w = 11, .box_h = 11, .ofs_x = 0, .ofs_y = -1},
    {.bitmap_index = 11532, .adv_w = 192, .box_w = 11, .box_h = 11, .ofs_x = 0, .ofs_y = -1},
    {.bitmap_index = 11548, .adv_w = 192, .box_w = 11, .box_h = 11, .ofs_x = 0, .ofs_y = -1},
    {.bitmap_index = 11564, .adv_w = 192, .box_w = 11, .box_h = 11, .ofs_x = 0, .ofs_y = -1},
    {.bitmap_index = 11580, .adv_w = 192, .box_w = 11, .box_h = 11, .ofs_x = 0, .ofs_y = -1},
    {.bitmap_index = 11596, .adv_w = 192, .box_w = 11, .box_h = 11, .ofs_x = 0, .ofs_y = -1},
    {.bitmap_index = 11612, .adv_w = 192, .box_w = 11, .box_h = 11, .ofs_x = 0, .ofs_y = -1},
    {.bitmap_index = 11628, .adv_w = 192, .box_w = 11, .box_h = 11, .ofs_x = 0, .ofs_y = -1},
    {.bitmap_index = 11644, .adv_w = 192, .box_w = 11, .box_h = 11, .ofs_x = 0, .ofs_y = -1},
    {.bitmap_index = 11660, .adv_w = 192, .box_w = 11, .box_h = 11, .ofs_x = 0, .ofs_y = -1},
    {.bitmap_index = 11676, .adv_w = 192, .box_w = 11, .box_h = 11, .ofs_x = 0, .ofs_y = -1},
    {.bitmap_index = 11692, .adv_w = 192, .box_w = 11, .box_h = 11, .ofs_x = 0, .ofs_y = -1},
    {.bitmap_index = 11708, .adv_w = 192, .box_w = 11, .box_h = 11, .ofs_x = 0, .ofs_y = -1},
    {.bitmap_index = 11724, .adv_w = 192, .box_w = 11, .box_h = 11, .ofs_x = 0, .ofs_y = -1},
    {.bitmap_index = 11740, .adv_w = 192, .box_w = 11, .box_h = 11, .ofs_x = 0, .ofs_y = -1},
    {.bitmap_index = 11756, .adv_w = 192, .box_w = 11, .box_h = 11, .ofs_x = 0, .ofs_y = -1},
    {.bitmap_index = 11772, .adv_w = 192, .box_w = 11, .box_h = 11, .ofs_x = 0, .ofs_y = -1},
    {.bitmap_index = 11788, .adv_w = 192, .box_w = 11, .box_h = 11, .ofs_x = 0, .ofs_y = -1},
    {.bitmap_index = 11804, .adv_w = 192, .box_w = 11, .box_h = 11, .ofs_x = 0, .ofs_y = -1},
    {.bitmap_index = 11820, .adv_w = 192, .box_w = 11, .box_h = 11, .ofs_x = 0, .ofs_y = -1},
    {.bitmap_index = 11836, .adv_w = 192, .box_w = 11, .box_h = 11, .ofs_x = 0, .ofs_y = -1},
    {.bitmap_index = 11852, .adv_w = 192, .box_w = 11, .box_h = 11, .ofs_x = 0, .ofs_y = -1},
    {.bitmap_index = 11868, .adv_w = 192, .box_w = 11, .box_h = 11, .ofs_x = 0, .ofs_y = -1},
    {.bitmap_index = 11884, .adv_w = 192, .box_w = 11, .box_h = 11, .ofs_x = 0, .ofs_y = -1},
    {.bitmap_index = 11900, .adv_w = 192, .box_w = 11, .box_h = 11, .ofs_x = 0, .ofs_y = -1},
    {.bitmap_index = 11916, .adv_w = 192, .box_w = 11, .box_h = 11, .ofs_x = 0, .ofs_y = -1},
    {.bitmap_index = 11932, .adv_w = 192, .box_w = 11, .box_h = 11, .ofs_x = 0, .ofs_y = -1},
    {.bitmap_index = 11948, .adv_w = 192, .box_w = 12, .box_h = 11, .ofs_x = 0, .ofs_y = -1},
    {.bitmap_index = 11965, .adv_w = 192, .box_w = 11, .box_h = 11, .ofs_x = 0, .ofs_y = -1},
    {.bitmap_index = 11981, .adv_w = 192, .box_w = 11, .box_h = 11, .ofs_x = 0, .ofs_y = -1},
    {.bitmap_index = 11997, .adv_w = 192, .box_w = 11, .box_h = 11, .ofs_x = 0, .ofs_y = -1},
    {.bitmap_index = 12013, .adv_w = 192, .box_w = 11, .box_h = 11, .ofs_x = 0, .ofs_y = -1},
    {.bitmap_index = 12029, .adv_w = 192, .box_w = 11, .box_h = 11, .ofs_x = 0, .ofs_y = -1},
    {.bitmap_index = 12045, .adv_w = 192, .box_w = 11, .box_h = 11, .ofs_x = 0, .ofs_y = -1},
    {.bitmap_index = 12061, .adv_w = 192, .box_w = 11, .box_h = 11, .ofs_x = 0, .ofs_y = -1},
    {.bitmap_index = 12077, .adv_w = 192, .box_w = 11, .box_h = 11, .ofs_x = 0, .ofs_y = -1},
    {.bitmap_index = 12093, .adv_w = 192, .box_w = 11, .box_h = 11, .ofs_x = 0, .ofs_y = -1},
    {.bitmap_index = 12109, .adv_w = 192, .box_w = 11, .box_h = 11, .ofs_x = 0, .ofs_y = -1},
    {.bitmap_index = 12125, .adv_w = 192, .box_w = 11, .box_h = 11, .ofs_x = 0, .ofs_y = -1},
    {.bitmap_index = 12141, .adv_w = 192, .box_w = 11, .box_h = 11, .ofs_x = 0, .ofs_y = -1},
    {.bitmap_index = 12157, .adv_w = 192, .box_w = 11, .box_h = 11, .ofs_x = 0, .ofs_y = -1},
    {.bitmap_index = 12173, .adv_w = 192, .box_w = 11, .box_h = 11, .ofs_x = 0, .ofs_y = -1},
    {.bitmap_index = 12189, .adv_w = 192, .box_w = 11, .box_h = 11, .ofs_x = 0, .ofs_y = -1},
    {.bitmap_index = 12205, .adv_w = 192, .box_w = 11, .box_h = 11, .ofs_x = 0, .ofs_y = -1},
    {.bitmap_index = 12221, .adv_w = 192, .box_w = 11, .box_h = 11, .ofs_x = 0, .ofs_y = -1},
    {.bitmap_index = 12237, .adv_w = 192, .box_w = 11, .box_h = 11, .ofs_x = 0, .ofs_y = -1},
    {.bitmap_index = 12253, .adv_w = 192, .box_w = 11, .box_h = 11, .ofs_x = 0, .ofs_y = -1},
    {.bitmap_index = 12269, .adv_w = 192, .box_w = 10, .box_h = 11, .ofs_x = 0, .ofs_y = -1},
    {.bitmap_index = 12283, .adv_w = 192, .box_w = 11, .box_h = 11, .ofs_x = 0, .ofs_y = -1},
    {.bitmap_index = 12299, .adv_w = 192, .box_w = 11, .box_h = 11, .ofs_x = 0, .ofs_y = -1},
    {.bitmap_index = 12315, .adv_w = 192, .box_w = 11, .box_h = 11, .ofs_x = 0, .ofs_y = -1},
    {.bitmap_index = 12331, .adv_w = 192, .box_w = 11, .box_h = 11, .ofs_x = 0, .ofs_y = -1},
    {.bitmap_index = 12347, .adv_w = 192, .box_w = 11, .box_h = 11, .ofs_x = 0, .ofs_y = -1},
    {.bitmap_index = 12363, .adv_w = 192, .box_w = 11, .box_h = 11, .ofs_x = 0, .ofs_y = -1},
    {.bitmap_index = 12379, .adv_w = 192, .box_w = 11, .box_h = 11, .ofs_x = 0, .ofs_y = -1},
    {.bitmap_index = 12395, .adv_w = 192, .box_w = 11, .box_h = 11, .ofs_x = 0, .ofs_y = -1},
    {.bitmap_index = 12411, .adv_w = 192, .box_w = 11, .box_h = 11, .ofs_x = 0, .ofs_y = -1},
    {.bitmap_index = 12427, .adv_w = 192, .box_w = 11, .box_h = 11, .ofs_x = 0, .ofs_y = -1},
    {.bitmap_index = 12443, .adv_w = 192, .box_w = 11, .box_h = 11, .ofs_x = 0, .ofs_y = -1},
    {.bitmap_index = 12459, .adv_w = 192, .box_w = 11, .box_h = 11, .ofs_x = 0, .ofs_y = -1},
    {.bitmap_index = 12475, .adv_w = 192, .box_w = 11, .box_h = 11, .ofs_x = 0, .ofs_y = -1},
    {.bitmap_index = 12491, .adv_w = 192, .box_w = 11, .box_h = 11, .ofs_x = 0, .ofs_y = -1},
    {.bitmap_index = 12507, .adv_w = 192, .box_w = 11, .box_h = 11, .ofs_x = 0, .ofs_y = -1},
    {.bitmap_index = 12523, .adv_w = 192, .box_w = 11, .box_h = 11, .ofs_x = 0, .ofs_y = -1},
    {.bitmap_index = 12539, .adv_w = 192, .box_w = 11, .box_h = 11, .ofs_x = 0, .ofs_y = -1},
    {.bitmap_index = 12555, .adv_w = 192, .box_w = 11, .box_h = 11, .ofs_x = 0, .ofs_y = -1},
    {.bitmap_index = 12571, .adv_w = 192, .box_w = 11, .box_h = 11, .ofs_x = 0, .ofs_y = -1},
    {.bitmap_index = 12587, .adv_w = 192, .box_w = 11, .box_h = 11, .ofs_x = 0, .ofs_y = -1},
    {.bitmap_index = 12603, .adv_w = 192, .box_w = 11, .box_h = 11, .ofs_x = 0, .ofs_y = -1},
    {.bitmap_index = 12619, .adv_w = 192, .box_w = 11, .box_h = 11, .ofs_x = 0, .ofs_y = -1},
    {.bitmap_index = 12635, .adv_w = 192, .box_w = 11, .box_h = 11, .ofs_x = 0, .ofs_y = -1},
    {.bitmap_index = 12651, .adv_w = 192, .box_w = 11, .box_h = 11, .ofs_x = 0, .ofs_y = -1},
    {.bitmap_index = 12667, .adv_w = 192, .box_w = 11, .box_h = 11, .ofs_x = 0, .ofs_y = -1},
    {.bitmap_index = 12683, .adv_w = 192, .box_w = 11, .box_h = 11, .ofs_x = 0, .ofs_y = -1},
    {.bitmap_index = 12699, .adv_w = 192, .box_w = 11, .box_h = 11, .ofs_x = 0, .ofs_y = -1},
    {.bitmap_index = 12715, .adv_w = 192, .box_w = 11, .box_h = 11, .ofs_x = 0, .ofs_y = -1},
    {.bitmap_index = 12731, .adv_w = 192, .box_w = 11, .box_h = 11, .ofs_x = 0, .ofs_y = -1},
    {.bitmap_index = 12747, .adv_w = 192, .box_w = 11, .box_h = 11, .ofs_x = 0, .ofs_y = -1},
    {.bitmap_index = 12763, .adv_w = 192, .box_w = 11, .box_h = 11, .ofs_x = 0, .ofs_y = -1},
    {.bitmap_index = 12779, .adv_w = 192, .box_w = 11, .box_h = 11, .ofs_x = 0, .ofs_y = -1},
    {.bitmap_index = 12795, .adv_w = 192, .box_w = 11, .box_h = 11, .ofs_x = 0, .ofs_y = -1},
    {.bitmap_index = 12811, .adv_w = 192, .box_w = 11, .box_h = 11, .ofs_x = 0, .ofs_y = -1},
    {.bitmap_index = 12827, .adv_w = 192, .box_w = 11, .box_h = 11, .ofs_x = 0, .ofs_y = -1},
    {.bitmap_index = 12843, .adv_w = 192, .box_w = 11, .box_h = 11, .ofs_x = 0, .ofs_y = -1},
    {.bitmap_index = 12859, .adv_w = 192, .box_w = 11, .box_h = 11, .ofs_x = 0, .ofs_y = -1},
    {.bitmap_index = 12875, .adv_w = 192, .box_w = 11, .box_h = 11, .ofs_x = 0, .ofs_y = -1},
    {.bitmap_index = 12891, .adv_w = 192, .box_w = 11, .box_h = 11, .ofs_x = 0, .ofs_y = -1},
    {.bitmap_index = 12907, .adv_w = 192, .box_w = 11, .box_h = 11, .ofs_x = 0, .ofs_y = -1},
    {.bitmap_index = 12923, .adv_w = 192, .box_w = 11, .box_h = 11, .ofs_x = 0, .ofs_y = -1},
    {.bitmap_index = 12939, .adv_w = 192, .box_w = 11, .box_h = 11, .ofs_x = 0, .ofs_y = -1},
    {.bitmap_index = 12955, .adv_w = 192, .box_w = 11, .box_h = 11, .ofs_x = 0, .ofs_y = -1},
    {.bitmap_index = 12971, .adv_w = 192, .box_w = 11, .box_h = 11, .ofs_x = 0, .ofs_y = -1},
    {.bitmap_index = 12987, .adv_w = 192, .box_w = 11, .box_h = 11, .ofs_x = 0, .ofs_y = -1},
    {.bitmap_index = 13003, .adv_w = 192, .box_w = 11, .box_h = 11, .ofs_x = 0, .ofs_y = -1},
    {.bitmap_index = 13019, .adv_w = 192, .box_w = 11, .box_h = 11, .ofs_x = 0, .ofs_y = -1},
    {.bitmap_index = 13035, .adv_w = 192, .box_w = 11, .box_h = 11, .ofs_x = 0, .ofs_y = -1},
    {.bitmap_index = 13051, .adv_w = 192, .box_w = 11, .box_h = 11, .ofs_x = 0, .ofs_y = -1},
    {.bitmap_index = 13067, .adv_w = 192, .box_w = 11, .box_h = 11, .ofs_x = 0, .ofs_y = -1},
    {.bitmap_index = 13083, .adv_w = 192, .box_w = 11, .box_h = 11, .ofs_x = 0, .ofs_y = -1},
    {.bitmap_index = 13099, .adv_w = 192, .box_w = 11, .box_h = 11, .ofs_x = 0, .ofs_y = -1},
    {.bitmap_index = 13115, .adv_w = 192, .box_w = 11, .box_h = 11, .ofs_x = 0, .ofs_y = -1},
    {.bitmap_index = 13131, .adv_w = 192, .box_w = 11, .box_h = 11, .ofs_x = 0, .ofs_y = -1},
    {.bitmap_index = 13147, .adv_w = 192, .box_w = 11, .box_h = 11, .ofs_x = 0, .ofs_y = -1},
    {.bitmap_index = 13163, .adv_w = 192, .box_w = 11, .box_h = 11, .ofs_x = 0, .ofs_y = -1},
    {.bitmap_index = 13179, .adv_w = 192, .box_w = 11, .box_h = 11, .ofs_x = 0, .ofs_y = -1},
    {.bitmap_index = 13195, .adv_w = 192, .box_w = 11, .box_h = 11, .ofs_x = 0, .ofs_y = -1},
    {.bitmap_index = 13211, .adv_w = 192, .box_w = 11, .box_h = 11, .ofs_x = 0, .ofs_y = -1},
    {.bitmap_index = 13227, .adv_w = 192, .box_w = 11, .box_h = 11, .ofs_x = 0, .ofs_y = -1},
    {.bitmap_index = 13243, .adv_w = 192, .box_w = 11, .box_h = 11, .ofs_x = 0, .ofs_y = -1},
    {.bitmap_index = 13259, .adv_w = 192, .box_w = 11, .box_h = 11, .ofs_x = 0, .ofs_y = -1},
    {.bitmap_index = 13275, .adv_w = 192, .box_w = 11, .box_h = 11, .ofs_x = 0, .ofs_y = -1},
    {.bitmap_index = 13291, .adv_w = 192, .box_w = 11, .box_h = 11, .ofs_x = 0, .ofs_y = -1},
    {.bitmap_index = 13307, .adv_w = 192, .box_w = 11, .box_h = 11, .ofs_x = 0, .ofs_y = -1},
    {.bitmap_index = 13323, .adv_w = 192, .box_w = 11, .box_h = 11, .ofs_x = 0, .ofs_y = -1},
    {.bitmap_index = 13339, .adv_w = 192, .box_w = 11, .box_h = 11, .ofs_x = 0, .ofs_y = -1},
    {.bitmap_index = 13355, .adv_w = 192, .box_w = 11, .box_h = 11, .ofs_x = 0, .ofs_y = -1},
    {.bitmap_index = 13371, .adv_w = 192, .box_w = 11, .box_h = 11, .ofs_x = 0, .ofs_y = -1},
    {.bitmap_index = 13387, .adv_w = 192, .box_w = 11, .box_h = 11, .ofs_x = 0, .ofs_y = -1},
    {.bitmap_index = 13403, .adv_w = 192, .box_w = 11, .box_h = 11, .ofs_x = 0, .ofs_y = -1},
    {.bitmap_index = 13419, .adv_w = 192, .box_w = 11, .box_h = 11, .ofs_x = 0, .ofs_y = -1},
    {.bitmap_index = 13435, .adv_w = 192, .box_w = 11, .box_h = 11, .ofs_x = 0, .ofs_y = -1},
    {.bitmap_index = 13451, .adv_w = 192, .box_w = 11, .box_h = 11, .ofs_x = 0, .ofs_y = -1},
    {.bitmap_index = 13467, .adv_w = 192, .box_w = 11, .box_h = 11, .ofs_x = 0, .ofs_y = -1},
    {.bitmap_index = 13483, .adv_w = 192, .box_w = 11, .box_h = 11, .ofs_x = 0, .ofs_y = -1},
    {.bitmap_index = 13499, .adv_w = 192, .box_w = 11, .box_h = 11, .ofs_x = 0, .ofs_y = -1},
    {.bitmap_index = 13515, .adv_w = 192, .box_w = 11, .box_h = 11, .ofs_x = 0, .ofs_y = -1},
    {.bitmap_index = 13531, .adv_w = 192, .box_w = 11, .box_h = 11, .ofs_x = 0, .ofs_y = -1},
    {.bitmap_index = 13547, .adv_w = 192, .box_w = 11, .box_h = 11, .ofs_x = 0, .ofs_y = -1},
    {.bitmap_index = 13563, .adv_w = 192, .box_w = 11, .box_h = 11, .ofs_x = 0, .ofs_y = -1},
    {.bitmap_index = 13579, .adv_w = 192, .box_w = 10, .box_h = 11, .ofs_x = 1, .ofs_y = -1},
    {.bitmap_index = 13593, .adv_w = 192, .box_w = 11, .box_h = 11, .ofs_x = 0, .ofs_y = -1},
    {.bitmap_index = 13609, .adv_w = 192, .box_w = 11, .box_h = 11, .ofs_x = 0, .ofs_y = -1},
    {.bitmap_index = 13625, .adv_w = 192, .box_w = 11, .box_h = 11, .ofs_x = 0, .ofs_y = -1},
    {.bitmap_index = 13641, .adv_w = 192, .box_w = 11, .box_h = 11, .ofs_x = 0, .ofs_y = -1},
    {.bitmap_index = 13657, .adv_w = 192, .box_w = 11, .box_h = 11, .ofs_x = 0, .ofs_y = -1},
    {.bitmap_index = 13673, .adv_w = 192, .box_w = 11, .box_h = 11, .ofs_x = 0, .ofs_y = -1},
    {.bitmap_index = 13689, .adv_w = 192, .box_w = 11, .box_h = 11, .ofs_x = 0, .ofs_y = -1},
    {.bitmap_index = 13705, .adv_w = 192, .box_w = 11, .box_h = 11, .ofs_x = 0, .ofs_y = -1},
    {.bitmap_index = 13721, .adv_w = 192, .box_w = 11, .box_h = 11, .ofs_x = 0, .ofs_y = -1},
    {.bitmap_index = 13737, .adv_w = 192, .box_w = 11, .box_h = 11, .ofs_x = 0, .ofs_y = -1},
    {.bitmap_index = 13753, .adv_w = 192, .box_w = 11, .box_h = 11, .ofs_x = 0, .ofs_y = -1},
    {.bitmap_index = 13769, .adv_w = 192, .box_w = 11, .box_h = 11, .ofs_x = 0, .ofs_y = -1},
    {.bitmap_index = 13785, .adv_w = 192, .box_w = 11, .box_h = 11, .ofs_x = 0, .ofs_y = -1},
    {.bitmap_index = 13801, .adv_w = 192, .box_w = 11, .box_h = 11, .ofs_x = 0, .ofs_y = -1},
    {.bitmap_index = 13817, .adv_w = 192, .box_w = 11, .box_h = 11, .ofs_x = 0, .ofs_y = -1},
    {.bitmap_index = 13833, .adv_w = 192, .box_w = 11, .box_h = 11, .ofs_x = 0, .ofs_y = -1},
    {.bitmap_index = 13849, .adv_w = 192, .box_w = 11, .box_h = 11, .ofs_x = 0, .ofs_y = -1},
    {.bitmap_index = 13865, .adv_w = 192, .box_w = 11, .box_h = 11, .ofs_x = 0, .ofs_y = -1},
    {.bitmap_index = 13881, .adv_w = 192, .box_w = 11, .box_h = 11, .ofs_x = 0, .ofs_y = -1},
    {.bitmap_index = 13897, .adv_w = 192, .box_w = 11, .box_h = 11, .ofs_x = 0, .ofs_y = -1},
    {.bitmap_index = 13913, .adv_w = 192, .box_w = 11, .box_h = 11, .ofs_x = 0, .ofs_y = -1},
    {.bitmap_index = 13929, .adv_w = 192, .box_w = 11, .box_h = 11, .ofs_x = 0, .ofs_y = -1},
    {.bitmap_index = 13945, .adv_w = 192, .box_w = 11, .box_h = 11, .ofs_x = 0, .ofs_y = -1},
    {.bitmap_index = 13961, .adv_w = 192, .box_w = 11, .box_h = 11, .ofs_x = 0, .ofs_y = -1},
    {.bitmap_index = 13977, .adv_w = 192, .box_w = 11, .box_h = 11, .ofs_x = 0, .ofs_y = -1},
    {.bitmap_index = 13993, .adv_w = 192, .box_w = 11, .box_h = 11, .ofs_x = 0, .ofs_y = -1},
    {.bitmap_index = 14009, .adv_w = 192, .box_w = 11, .box_h = 11, .ofs_x = 0, .ofs_y = -1},
    {.bitmap_index = 14025, .adv_w = 192, .box_w = 11, .box_h = 11, .ofs_x = 0, .ofs_y = -1},
    {.bitmap_index = 14041, .adv_w = 192, .box_w = 11, .box_h = 11, .ofs_x = 0, .ofs_y = -1},
    {.bitmap_index = 14057, .adv_w = 192, .box_w = 11, .box_h = 11, .ofs_x = 0, .ofs_y = -1},
    {.bitmap_index = 14073, .adv_w = 192, .box_w = 11, .box_h = 11, .ofs_x = 0, .ofs_y = -1},
    {.bitmap_index = 14089, .adv_w = 192, .box_w = 11, .box_h = 11, .ofs_x = 0, .ofs_y = -1},
    {.bitmap_index = 14105, .adv_w = 192, .box_w = 11, .box_h = 11, .ofs_x = 0, .ofs_y = -1},
    {.bitmap_index = 14121, .adv_w = 192, .box_w = 11, .box_h = 11, .ofs_x = 0, .ofs_y = -1},
    {.bitmap_index = 14137, .adv_w = 192, .box_w = 11, .box_h = 11, .ofs_x = 0, .ofs_y = -1},
    {.bitmap_index = 14153, .adv_w = 192, .box_w = 11, .box_h = 11, .ofs_x = 0, .ofs_y = -1},
    {.bitmap_index = 14169, .adv_w = 192, .box_w = 11, .box_h = 11, .ofs_x = 0, .ofs_y = -1},
    {.bitmap_index = 14185, .adv_w = 192, .box_w = 11, .box_h = 11, .ofs_x = 0, .ofs_y = -1},
    {.bitmap_index = 14201, .adv_w = 192, .box_w = 11, .box_h = 11, .ofs_x = 0, .ofs_y = -1},
    {.bitmap_index = 14217, .adv_w = 192, .box_w = 11, .box_h = 11, .ofs_x = 0, .ofs_y = -1},
    {.bitmap_index = 14233, .adv_w = 192, .box_w = 11, .box_h = 11, .ofs_x = 0, .ofs_y = -1},
    {.bitmap_index = 14249, .adv_w = 192, .box_w = 11, .box_h = 11, .ofs_x = 0, .ofs_y = -1},
    {.bitmap_index = 14265, .adv_w = 192, .box_w = 11, .box_h = 11, .ofs_x = 0, .ofs_y = -1},
    {.bitmap_index = 14281, .adv_w = 192, .box_w = 11, .box_h = 11, .ofs_x = 0, .ofs_y = -1},
    {.bitmap_index = 14297, .adv_w = 192, .box_w = 11, .box_h = 11, .ofs_x = 0, .ofs_y = -1},
    {.bitmap_index = 14313, .adv_w = 192, .box_w = 11, .box_h = 11, .ofs_x = 0, .ofs_y = -1},
    {.bitmap_index = 14329, .adv_w = 192, .box_w = 11, .box_h = 11, .ofs_x = 0, .ofs_y = -1},
    {.bitmap_index = 14345, .adv_w = 192, .box_w = 11, .box_h = 11, .ofs_x = 0, .ofs_y = -1},
    {.bitmap_index = 14361, .adv_w = 192, .box_w = 11, .box_h = 11, .ofs_x = 0, .ofs_y = -1},
    {.bitmap_index = 14377, .adv_w = 192, .box_w = 11, .box_h = 10, .ofs_x = 1, .ofs_y = -1},
    {.bitmap_index = 14391, .adv_w = 192, .box_w = 11, .box_h = 11, .ofs_x = 0, .ofs_y = -1},
    {.bitmap_index = 14407, .adv_w = 192, .box_w = 10, .box_h = 10, .ofs_x = 1, .ofs_y = -1},
    {.bitmap_index = 14420, .adv_w = 192, .box_w = 11, .box_h = 11, .ofs_x = 0, .ofs_y = -1},
    {.bitmap_index = 14436, .adv_w = 192, .box_w = 11, .box_h = 11, .ofs_x = 0, .ofs_y = -1},
    {.bitmap_index = 14452, .adv_w = 192, .box_w = 11, .box_h = 11, .ofs_x = 0, .ofs_y = -1},
    {.bitmap_index = 14468, .adv_w = 192, .box_w = 11, .box_h = 11, .ofs_x = 0, .ofs_y = -1},
    {.bitmap_index = 14484, .adv_w = 192, .box_w = 11, .box_h = 11, .ofs_x = 0, .ofs_y = -1},
    {.bitmap_index = 14500, .adv_w = 192, .box_w = 11, .box_h = 11, .ofs_x = 0, .ofs_y = -1},
    {.bitmap_index = 14516, .adv_w = 192, .box_w = 11, .box_h = 11, .ofs_x = 0, .ofs_y = -1},
    {.bitmap_index = 14532, .adv_w = 192, .box_w = 11, .box_h = 11, .ofs_x = 0, .ofs_y = -1},
    {.bitmap_index = 14548, .adv_w = 192, .box_w = 11, .box_h = 11, .ofs_x = 0, .ofs_y = -1},
    {.bitmap_index = 14564, .adv_w = 192, .box_w = 11, .box_h = 11, .ofs_x = 0, .ofs_y = -1},
    {.bitmap_index = 14580, .adv_w = 192, .box_w = 11, .box_h = 11, .ofs_x = 0, .ofs_y = -1},
    {.bitmap_index = 14596, .adv_w = 192, .box_w = 11, .box_h = 11, .ofs_x = 0, .ofs_y = -1},
    {.bitmap_index = 14612, .adv_w = 192, .box_w = 11, .box_h = 11, .ofs_x = 0, .ofs_y = -1},
    {.bitmap_index = 14628, .adv_w = 192, .box_w = 11, .box_h = 11, .ofs_x = 0, .ofs_y = -1},
    {.bitmap_index = 14644, .adv_w = 192, .box_w = 11, .box_h = 11, .ofs_x = 0, .ofs_y = -1},
    {.bitmap_index = 14660, .adv_w = 192, .box_w = 11, .box_h = 11, .ofs_x = 0, .ofs_y = -1},
    {.bitmap_index = 14676, .adv_w = 192, .box_w = 11, .box_h = 11, .ofs_x = 0, .ofs_y = -1},
    {.bitmap_index = 14692, .adv_w = 192, .box_w = 11, .box_h = 11, .ofs_x = 0, .ofs_y = -1},
    {.bitmap_index = 14708, .adv_w = 192, .box_w = 11, .box_h = 11, .ofs_x = 0, .ofs_y = -1},
    {.bitmap_index = 14724, .adv_w = 192, .box_w = 11, .box_h = 11, .ofs_x = 0, .ofs_y = -1},
    {.bitmap_index = 14740, .adv_w = 192, .box_w = 11, .box_h = 11, .ofs_x = 0, .ofs_y = -1},
    {.bitmap_index = 14756, .adv_w = 192, .box_w = 11, .box_h = 11, .ofs_x = 0, .ofs_y = -1},
    {.bitmap_index = 14772, .adv_w = 192, .box_w = 11, .box_h = 11, .ofs_x = 0, .ofs_y = -1},
    {.bitmap_index = 14788, .adv_w = 192, .box_w = 11, .box_h = 11, .ofs_x = 0, .ofs_y = -1},
    {.bitmap_index = 14804, .adv_w = 192, .box_w = 11, .box_h = 11, .ofs_x = 0, .ofs_y = -1},
    {.bitmap_index = 14820, .adv_w = 192, .box_w = 11, .box_h = 11, .ofs_x = 0, .ofs_y = -1},
    {.bitmap_index = 14836, .adv_w = 192, .box_w = 11, .box_h = 11, .ofs_x = 0, .ofs_y = -1},
    {.bitmap_index = 14852, .adv_w = 192, .box_w = 11, .box_h = 11, .ofs_x = 0, .ofs_y = -1},
    {.bitmap_index = 14868, .adv_w = 192, .box_w = 11, .box_h = 11, .ofs_x = 0, .ofs_y = -1},
    {.bitmap_index = 14884, .adv_w = 192, .box_w = 11, .box_h = 11, .ofs_x = 0, .ofs_y = -1},
    {.bitmap_index = 14900, .adv_w = 192, .box_w = 10, .box_h = 11, .ofs_x = 1, .ofs_y = -1},
    {.bitmap_index = 14914, .adv_w = 192, .box_w = 11, .box_h = 10, .ofs_x = 0, .ofs_y = -1},
    {.bitmap_index = 14928, .adv_w = 192, .box_w = 11, .box_h = 11, .ofs_x = 0, .ofs_y = -1},
    {.bitmap_index = 14944, .adv_w = 192, .box_w = 11, .box_h = 11, .ofs_x = 0, .ofs_y = -1},
    {.bitmap_index = 14960, .adv_w = 192, .box_w = 11, .box_h = 11, .ofs_x = 0, .ofs_y = -1},
    {.bitmap_index = 14976, .adv_w = 192, .box_w = 3, .box_h = 11, .ofs_x = 7, .ofs_y = -1},
    {.bitmap_index = 14981, .adv_w = 192, .box_w = 3, .box_h = 11, .ofs_x = 1, .ofs_y = -1},
    {.bitmap_index = 14986, .adv_w = 192, .box_w = 2, .box_h = 4, .ofs_x = 2, .ofs_y = -1},
    {.bitmap_index = 14987, .adv_w = 192, .box_w = 2, .box_h = 8, .ofs_x = 2, .ofs_y = 0},
    {.bitmap_index = 14989, .adv_w = 192, .box_w = 2, .box_h = 9, .ofs_x = 2, .ofs_y = -1},
    {.bitmap_index = 14992, .adv_w = 192, .box_w = 5, .box_h = 9, .ofs_x = 0, .ofs_y = 0}
};

/*---------------------
 *  CHARACTER MAPPING
 *--------------------*/

static const uint16_t unicode_list_1[] = {
    0x0, 0x20da, 0x20dc, 0x2579, 0x257a, 0x257b, 0x257c, 0x257d,
    0x257e, 0x257f, 0x2580, 0x2f49, 0x2f4a, 0x2f4b, 0x4d49, 0x4d4c,
    0x4d51, 0x4d52, 0x4d53, 0x4d54, 0x4d56, 0x4d57, 0x4d5a, 0x4d5d,
    0x4d61, 0x4d64, 0x4d65, 0x4d70, 0x4d73, 0x4d76, 0x4d79, 0x4d7d,
    0x4d83, 0x4d84, 0x4d8c, 0x4d94, 0x4da1, 0x4da2, 0x4da6, 0x4da9,
    0x4dba, 0x4dc7, 0x4dd4, 0x4dd5, 0x4dd7, 0x4dd8, 0x4dda, 0x4ddd,
    0x4dde, 0x4dea, 0x4deb, 0x4ded, 0x4def, 0x4df1, 0x4df4, 0x4e03,
    0x4e08, 0x4e0e, 0x4e0f, 0x4e10, 0x4e14, 0x4e16, 0x4e17, 0x4e1f,
    0x4e2e, 0x4e33, 0x4e3f, 0x4e46, 0x4e58, 0x4e59, 0x4e5a, 0x4e60,
    0x4e63, 0x4e96, 0x4e97, 0x4e9e, 0x4ea5, 0x4ec8, 0x4ee6, 0x4ef8,
    0x4efe, 0x4f26, 0x4f2a, 0x4f62, 0x4f85, 0x4f87, 0x4f90, 0x508a,
    0x508c, 0x5091, 0x5092, 0x5094, 0x5096, 0x509a, 0x50ae, 0x50b1,
    0x50b4, 0x50b5, 0x50b6, 0x50ba, 0x50bd, 0x50bf, 0x50c0, 0x50c2,
    0x50c5, 0x50ce, 0x50d6, 0x50e2, 0x50ee, 0x50f8, 0x50f9, 0x50fc,
    0x5106, 0x5118, 0x5129, 0x513f, 0x5143, 0x5144, 0x515a, 0x515f,
    0x5160, 0x5162, 0x5166, 0x5172, 0x5179, 0x517b, 0x5196, 0x51ae,
    0x51dc, 0x51e8, 0x51f1, 0x51fc, 0x5248, 0x524e, 0x525e, 0x525f,
    0x5260, 0x5273, 0x5282, 0x528a, 0x5290, 0x5297, 0x529e, 0x52a0,
    0x52a5, 0x52a9, 0x52af, 0x52b4, 0x52bc, 0x52c5, 0x52d2, 0x52e8,
    0x52ee, 0x5304, 0x5313, 0x5314, 0x5316, 0x531a, 0x531f, 0x5320,
    0x5321, 0x5329, 0x532c, 0x532f, 0x5333, 0x5338, 0x533b, 0x533c,
    0x5340, 0x5352, 0x5355, 0x5357, 0x5364, 0x5366, 0x536f, 0x5374,
    0x5378, 0x5387, 0x5393, 0x53c6, 0x53d5, 0x53d7, 0x53ee, 0x53f1,
    0x5400, 0x5401, 0x540a, 0x541a, 0x548f, 0x54e5, 0x550c, 0x551a,
    0x5528, 0x5552, 0x5584, 0x55b1, 0x55b5, 0x5613, 0x5624, 0x5627,
    0x5636, 0x5639, 0x5646, 0x5647, 0x5671, 0x5676, 0x5679, 0x5690,
    0x5697, 0x56a3, 0x56a4, 0x56ad, 0x56af, 0x56cb, 0x5717, 0x57a7,
    0x57d2, 0x5834, 0x5837, 0x583c, 0x584d, 0x5856, 0x585e, 0x585f,
    0x5862, 0x5865, 0x586d, 0x5870, 0x5872, 0x5874, 0x5875, 0x587a,
    0x5880, 0x589d, 0x58bc, 0x58c6, 0x58cb, 0x58cd, 0x58d0, 0x58ec,
    0x5902, 0x5904, 0x5907, 0x5914, 0x592d, 0x594a, 0x596c, 0x59a3,
    0x5a07, 0x5a99, 0x5a9e, 0x5aa0, 0x5aa1, 0x5aa3, 0x5aad, 0x5aca,
    0x5acc, 0x5ad2, 0x5ad5, 0x5ae0, 0x5ae1, 0x5ae3, 0x5ae5, 0x5ae7,
    0x5ae9, 0x5aeb, 0x5af4, 0x5afc, 0x5aff, 0x5b02, 0x5b06, 0x5b07,
    0x5b0f, 0x5b10, 0x5b15, 0x5b1b, 0x5b21, 0x5b4d, 0x5b58, 0x5b5a,
    0x5b5d, 0x5b63, 0x5b7a, 0x5b81, 0x5b87, 0x5b89, 0x5b8e, 0x5b94,
    0x5bae, 0x5baf, 0x5bb8, 0x5bba, 0x5bca, 0x5bd9, 0x5c39, 0x5d26,
    0x5d2b, 0x5d2f, 0x5d32, 0x5d34, 0x5d3b, 0x5d3c, 0x5d40, 0x5d46,
    0x5d4c, 0x5d4e, 0x5d51, 0x5d64, 0x5d66, 0x5d6f, 0x5d9e, 0x5dbb,
    0x5dbc, 0x5dbd, 0x5dbf, 0x5dc6, 0x5dcf, 0x5dd3, 0x5dd8, 0x5dd9,
    0x5ddd, 0x5dde, 0x5de2, 0x5de3, 0x5df6, 0x5dff, 0x5e00, 0x5e43,
    0x5e49, 0x5e4c, 0x5e54, 0x5e5e, 0x5e60, 0x5e68, 0x5e69, 0x5e70,
    0x5e9b, 0x5eab, 0x5eb6, 0x5ec5, 0x5ec9, 0x5eca, 0x5ed4, 0x5ed9,
    0x5edb, 0x5ee0, 0x5eea, 0x5ef7, 0x5f00, 0x5f06, 0x5f0c, 0x5f0e,
    0x5f30, 0x5f34, 0x5f49, 0x5f66, 0x5f9b, 0x5fad, 0x5fb8, 0x5fbf,
    0x5fc4, 0x5fdd, 0x6013, 0x601e, 0x6028, 0x6029, 0x604a, 0x604f,
    0x6069, 0x6075, 0x60f0, 0x6154, 0x6157, 0x6159, 0x615a, 0x615b,
    0x615e, 0x615f, 0x6161, 0x6163, 0x6180, 0x6189, 0x6196, 0x61b0,
    0x61b5, 0x61c8, 0x61df, 0x61e1, 0x61ed, 0x620b, 0x6210, 0x621d,
    0x6221, 0x6235, 0x6238, 0x6252, 0x6264, 0x6278, 0x62a8, 0x62ab,
    0x62b7, 0x62db, 0x62ec, 0x62ee, 0x632a, 0x63b0, 0x63e6, 0x647f,
    0x6481, 0x6482, 0x6484, 0x648e, 0x6491, 0x6495, 0x64a6, 0x64af,
    0x64b5, 0x64b9, 0x64bd, 0x64d0, 0x64e0, 0x64f0, 0x64f8, 0x6502,
    0x650e, 0x6514, 0x6529, 0x652b, 0x652e, 0x6530, 0x6535, 0x653f,
    0x654c, 0x6557, 0x655c, 0x6578, 0x6585, 0x6587, 0x6594, 0x65af,
    0x6639, 0x663c, 0x6640, 0x6649, 0x6651, 0x6652, 0x6654, 0x6664,
    0x6666, 0x6668, 0x6671, 0x6673, 0x6675, 0x667a, 0x667e, 0x6683,
    0x6689, 0x66a7, 0x66a8, 0x66ae, 0x66b1, 0x66cd, 0x66de, 0x66e0,
    0x66e3, 0x66e5, 0x66f8, 0x670e, 0x672e, 0x6754, 0x676a, 0x6773,
    0x678f, 0x6797, 0x679a, 0x679c, 0x67aa, 0x67c0, 0x67d8, 0x6809,
    0x6821, 0x6986, 0x6a6a, 0x6a7b, 0x6a95, 0x6aac, 0x6aad, 0x6aaf,
    0x6ac4, 0x6afe, 0x6b16, 0x6b1b, 0x6b1d, 0x6b34, 0x6b7d, 0x6b81,
    0x6b8b, 0x6b90, 0x6b9d, 0x6ba0, 0x6bbb, 0x6be2, 0x6be4, 0x6bf5,
    0x6bfa, 0x6bfc, 0x6c12, 0x6c1e, 0x6c2c, 0x6c2e, 0x6c39, 0x6c46,
    0x6c68, 0x6c97, 0x6ca3, 0x6ccb, 0x6cd2, 0x6cde, 0x6ce8, 0x6cec,
    0x6d53, 0x6d57, 0x6d59, 0x6d66, 0x6d6e, 0x6d74, 0x6dd9, 0x6e23,
    0x6e58, 0x6ea5, 0x6f2a, 0x6fb4, 0x6fb6, 0x6fbe, 0x6fc7, 0x7002,
    0x7063, 0x707f, 0x711e, 0x717e, 0x717f, 0x7184, 0x719f, 0x71a2,
    0x71a4, 0x71a6, 0x71bb, 0x71be, 0x71c8, 0x7219, 0x7232, 0x7235,
    0x723a, 0x72cd, 0x72d2, 0x72d4, 0x7336, 0x7359, 0x7425, 0x7437,
    0x743f, 0x744c, 0x7461, 0x7468, 0x7471, 0x7479, 0x747a, 0x747b,
    0x7484, 0x74a2, 0x74a5, 0x74b5, 0x74bd, 0x74da, 0x7507, 0x75c4,
    0x75c6, 0x75c7, 0x75cd, 0x75ed, 0x7611, 0x7613, 0x7616, 0x762e,
    0x7637, 0x763a, 0x763d, 0x7641, 0x7650, 0x7651, 0x7654, 0x7663,
    0x7668, 0x76c6, 0x7716, 0x772b, 0x772e, 0x773c, 0x779e, 0x77b7,
    0x7819, 0x7883, 0x7889, 0x7892, 0x7899, 0x789f, 0x78a0, 0x78ae,
    0x78b6, 0x78d8, 0x78fd, 0x7904, 0x7906, 0x7916, 0x791b, 0x7944,
    0x7953, 0x79bd, 0x79ca, 0x79db, 0x79e7, 0x79ee, 0x7a14, 0x7a29,
    0x7a2e, 0x7a5a, 0x7a6f, 0x7a75, 0x7a99, 0x7ab7, 0x7ade, 0x7b54,
    0x7b73, 0x7c44, 0x7c69, 0x7c6b, 0x7da1, 0x7dc4, 0x7dcf, 0x7def,
    0x7dfc, 0x7e00, 0x7e0b, 0x7e11, 0x7e18, 0x7e1c, 0x7e1e, 0x7e26,
    0x7e3d, 0x7e5f, 0x7e7f, 0x7e9d, 0x7eab, 0x7ed3, 0x7ee6, 0x7ee7,
    0x7eed, 0x7f01, 0x7f06, 0x7f32, 0x7f39, 0x7f44, 0x7f45, 0x7f4a,
    0x7f4c, 0x7f54, 0x7f55, 0x7f5e, 0x7f7c, 0x7fd2, 0x7fea, 0x7fed,
    0x7fee, 0x7ffa, 0x7ffb, 0x8015, 0x8018, 0x8025, 0x8046, 0x806b,
    0x8093, 0x809c, 0x80c2, 0x80d8, 0x8109, 0x812c, 0x8130, 0x8133,
    0x813b, 0x813c, 0x813d, 0x814f, 0x8155, 0x8156, 0x81b7, 0x81b8,
    0x81b9, 0x81cb, 0x8214, 0x8218, 0x8227, 0x822e, 0x822f, 0x8249,
    0x824e, 0x8282, 0x8299, 0x829b, 0x82b8, 0x82f4, 0x8300, 0x8306,
    0x831a, 0x834c, 0x8386, 0x83a4, 0x83e2, 0x8403, 0x8449, 0x845a,
    0x848c, 0x84f9, 0x8512, 0x8525, 0x8528, 0x8532, 0x8597, 0x85a3,
    0x85a7, 0x85b2, 0x85c6, 0x8613, 0x8789, 0x8795, 0x8797, 0x87ab,
    0x87ac, 0x87b1, 0x87cb, 0x8806, 0x881e, 0x883c, 0x8874, 0x88c8,
    0x88cf, 0x890a, 0x890b, 0x890f, 0x8915, 0x891b, 0x892c, 0x892f,
    0x8949, 0x89d2, 0x8aea, 0x8aed, 0x8af2, 0x8af9, 0x8b05, 0x8b0a,
    0x8b1a, 0x8b1e, 0x8b34, 0x8b38, 0x8b3d, 0x8b40, 0x8b44, 0x8b5c,
    0x8b6f, 0x8b80, 0x8b9e, 0x8ba3, 0x8bb4, 0x8bb7, 0x8bc2, 0x8c66,
    0x8c67, 0x8c68, 0x8c6e, 0x8c78, 0x8c79, 0x8c7b, 0x8c8d, 0x8c96,
    0x8c98, 0x8cad, 0x8cc0, 0x8cfc, 0x8d07, 0x8d0c, 0x8d24, 0x8d44,
    0x8d90, 0x8dab, 0x8dce, 0x8df4, 0x8df5, 0x8e82, 0x8eaf, 0x8eb7,
    0x8ec4, 0x8ec6, 0x8ece, 0x8ed9, 0x8ee7, 0x8ef1, 0x8f0a, 0x8f10,
    0x8f1d, 0x8f22, 0x8f24, 0x8f25, 0x8f26, 0x8f27, 0x8f28, 0x8f40,
    0x8f49, 0x8f54, 0x8f59, 0x8f5f, 0x8f68, 0x8f8a, 0x8f8b, 0x8f8d,
    0x8f90, 0x8f99, 0x8f9c, 0x8fa0, 0x8fb8, 0x8fc8, 0x8fce, 0x8fda,
    0x9004, 0x9013, 0x9031, 0x9095, 0x9096, 0x909b, 0x9115, 0x9116,
    0x9117, 0x911a, 0x93fa, 0x9412, 0x9425, 0x9462, 0x9463, 0x946a,
    0x9477, 0x94c8, 0x9531, 0x9537, 0x953b, 0x9544, 0x955b, 0x957b,
    0x957c, 0x957d, 0x957f, 0x958b, 0x958f, 0x9599, 0x95b1, 0x95b2,
    0x95be, 0x95cf, 0x95d6, 0x95d8, 0x9605, 0x9612, 0x9631, 0x963f,
    0x9640, 0x9649, 0x9650, 0x9665, 0x967b, 0x96a2, 0x96aa, 0x96ab,
    0x96b2, 0x96ff, 0x973c, 0x974d, 0x97be, 0x97bf, 0x97c4, 0x97d3,
    0x97d9, 0x97da, 0x97e2, 0x97e9, 0x9817, 0x9827, 0x9828, 0x9860,
    0x98b7, 0x98d1, 0x98df, 0x99b5, 0x99ba, 0x9a21, 0x9a78, 0x9a85,
    0x9bc5, 0x9bd4, 0x9d68, 0x9d6c, 0x9d88, 0x9dad, 0x9dc8, 0x9e0d,
    0x9e57, 0x9e5c, 0x9e69, 0x9e74, 0x9e84, 0x9ee2, 0x9ee8, 0xfe51,
    0xfe52, 0xfe55, 0xfe63, 0xfe64, 0xfe68
};

/*Collect the unicode lists and glyph_id offsets*/
static const lv_font_fmt_txt_cmap_t cmaps[] =
{
    {
        .range_start = 32, .range_length = 95, .glyph_id_start = 1,
        .unicode_list = NULL, .glyph_id_ofs_list = NULL, .list_length = 0, .type = LV_FONT_FMT_TXT_CMAP_FORMAT0_TINY
    },
    {
        .range_start = 183, .range_length = 65129, .glyph_id_start = 96,
        .unicode_list = unicode_list_1, .glyph_id_ofs_list = NULL, .list_length = 925, .type = LV_FONT_FMT_TXT_CMAP_SPARSE_TINY
    }
};

/*-----------------
 *    KERNING
 *----------------*/


/*Pair left and right glyphs for kerning*/
static const uint16_t kern_pair_glyph_ids[] =
{
    16, 16,
    34, 53,
    34, 55,
    34, 56,
    34, 58,
    34, 71,
    34, 75,
    34, 77,
    34, 85,
    34, 87,
    39, 13,
    39, 15,
    39, 34,
    39, 66,
    39, 68,
    39, 69,
    39, 70,
    39, 71,
    39, 72,
    39, 74,
    39, 75,
    39, 78,
    39, 79,
    39, 80,
    39, 81,
    39, 82,
    39, 83,
    39, 84,
    39, 85,
    39, 86,
    39, 87,
    39, 88,
    39, 89,
    39, 90,
    39, 91,
    45, 53,
    45, 55,
    45, 56,
    45, 58,
    45, 71,
    45, 75,
    45, 77,
    45, 85,
    45, 87,
    45, 88,
    45, 90,
    49, 13,
    49, 15,
    49, 34,
    49, 66,
    53, 13,
    53, 15,
    53, 34,
    53, 66,
    53, 68,
    53, 69,
    53, 70,
    53, 71,
    53, 74,
    53, 75,
    53, 78,
    53, 79,
    53, 80,
    53, 81,
    53, 82,
    53, 83,
    53, 84,
    53, 85,
    53, 86,
    53, 87,
    53, 88,
    53, 89,
    53, 90,
    53, 91,
    55, 13,
    55, 15,
    55, 34,
    55, 66,
    55, 68,
    55, 69,
    55, 70,
    55, 71,
    55, 72,
    55, 74,
    55, 75,
    55, 78,
    55, 79,
    55, 80,
    55, 81,
    55, 82,
    55, 83,
    55, 84,
    55, 85,
    55, 86,
    55, 87,
    55, 88,
    55, 89,
    55, 90,
    55, 91,
    56, 13,
    56, 15,
    56, 34,
    56, 66,
    56, 68,
    56, 69,
    56, 70,
    56, 72,
    56, 80,
    56, 82,
    56, 84,
    58, 13,
    58, 15,
    58, 34,
    58, 66,
    58, 68,
    58, 69,
    58, 70,
    58, 71,
    58, 72,
    58, 74,
    58, 75,
    58, 78,
    58, 79,
    58, 80,
    58, 81,
    58, 82,
    58, 83,
    58, 84,
    58, 85,
    58, 86,
    58, 87,
    58, 88,
    58, 89,
    58, 90,
    58, 91,
    61, 61,
    71, 13,
    71, 15,
    71, 66,
    74, 75,
    77, 75,
    83, 13,
    83, 15,
    83, 66,
    87, 13,
    87, 15,
    88, 13,
    88, 15,
    90, 13,
    90, 15
};

/* Kerning between the respective left and right glyphs
 * 4.4 format which needs to scaled with `kern_scale`*/
static const int8_t kern_pair_values[] =
{
    -16, -16, -16, -16, -16, -16, -16, -16,
    -16, -16, -16, -16, -16, -16, -16, -16,
    -16, -16, -16, -16, -16, -16, -16, -16,
    -16, -16, -16, -16, -16, -16, -16, -16,
    -16, -16, -16, -16, -16, -16, -16, -16,
    -16, -16, -16, -16, -16, -16, -16, -16,
    -16, -16, -16, -16, -16, -16, -16, -16,
    -16, -16, -16, -16, -16, -16, -16, -16,
    -16, -16, -16, -16, -16, -16, -16, -16,
    -16, -16, -16, -16, -16, -16, -16, -16,
    -16, -16, -16, -16, -16, -16, -16, -16,
    -16, -16, -16, -16, -16, -16, -16, -16,
    -16, -16, -16, -16, -16, -16, -16, -16,
    -16, -16, -16, -16, -16, -16, -16, -16,
    -16, -16, -16, -16, -16, -16, -16, -16,
    -16, -16, -16, -16, -16, -16, -16, -16,
    -16, -16, -16, -16, -16, -16, -16, -16,
    -16, -16, -16, -16, -16, -16, -16, -16,
    -16, -16, -16, -16, -16, -16
};

/*Collect the kern pair's data in one place*/
static const lv_font_fmt_txt_kern_pair_t kern_pairs =
{
    .glyph_ids = kern_pair_glyph_ids,
    .values = kern_pair_values,
    .pair_cnt = 150,
    .glyph_ids_size = 1
};

/*--------------------
 *  ALL CUSTOM DATA
 *--------------------*/

#if LVGL_VERSION_MAJOR == 8
/*Store all the custom data of the font*/
static  lv_font_fmt_txt_glyph_cache_t cache;
#endif

#if LVGL_VERSION_MAJOR >= 8
static const lv_font_fmt_txt_dsc_t font_dsc = {
#else
static lv_font_fmt_txt_dsc_t font_dsc = {
#endif
    .glyph_bitmap = glyph_bitmap,
    .glyph_dsc = glyph_dsc,
    .cmaps = cmaps,
    .kern_dsc = &kern_pairs,
    .kern_scale = 16,
    .cmap_num = 2,
    .bpp = 1,
    .kern_classes = 0,
    .bitmap_format = 0,
#if LVGL_VERSION_MAJOR == 8
    .cache = &cache
#endif
};



/*-----------------
 *  PUBLIC FONT
 *----------------*/

/*Initialize a public general font descriptor*/
#if LVGL_VERSION_MAJOR >= 8
const lv_font_t yaogui_font_14 = {
#else
lv_font_t yaogui_font_14 = {
#endif
    .get_glyph_dsc = lv_font_get_glyph_dsc_fmt_txt,    /*Function pointer to get glyph's data*/
    .get_glyph_bitmap = lv_font_get_bitmap_fmt_txt,    /*Function pointer to get glyph's bitmap*/
    .line_height = 12,          /*The maximum line height required by the font*/
    .base_line = 2,             /*Baseline measured from the bottom of the line*/
#if !(LVGL_VERSION_MAJOR == 6 && LVGL_VERSION_MINOR == 0)
    .subpx = LV_FONT_SUBPX_NONE,
#endif
#if LV_VERSION_CHECK(7, 4, 0) || LVGL_VERSION_MAJOR >= 8
    .underline_position = -1,
    .underline_thickness = 1,
#endif
    .dsc = &font_dsc,          /*The custom font data. Will be accessed by `get_glyph_bitmap/dsc` */
#if LV_VERSION_CHECK(8, 2, 0) || LVGL_VERSION_MAJOR >= 9
    .fallback = NULL,
#endif
    .user_data = NULL,
};



#endif /*#if YAOGUI_FONT_14*/
