#include "yaogui_shell_images.h"

/* 由原始龟甲图裁切；外围背景透明，像素以 LVGL ARGB8888 字节序保存。 */

static const uint8_t yaogui_shell_back_map[] = {
    0x00, 0x00, 0x00, 0x00, 0x00, 0x00, 0x00, 0x00, 0x00, 0x00, 0x00, 0x00, 0x00, 0x00, 0x00, 0x00,
    0x00, 0x00, 0x00, 0x00, 0x00, 0x00, 0x00, 0x00, 0x00, 0x00, 0x00, 0x00, 0x00, 0x00, 0x00, 0x00,
    0x00, 0x00, 0x00, 0x00, 0x00, 0x00, 0x00, 0x00, 0x00, 0x00, 0x00, 0x00, 0x00, 0x00, 0x00, 0x00,
    0x00, 0x00, 0x00, 0x00, 0x00, 0x00, 0x00, 0x00, 0x00, 0x00, 0x00, 0x00, 0x00, 0x00, 0x00, 0x00,
    0x00, 0x00, 0x00, 0x00, 0x00, 0x00, 0x00, 0x00, 0x00, 0x00, 0x00, 0x00, 0x00, 0x00, 0x00, 0x00,
    0x00, 0x00, 0x00, 0x00, 0x00, 0x00, 0x00, 0x00, 0x00, 0x00, 0x00, 0x00, 0x00, 0x00, 0x00, 0x00,
    0x00, 0x00, 0x00, 0x00, 0x00, 0x00, 0x00, 0x00, 0x00, 0x00, 0x00, 0x00, 0x00, 0x00, 0x00, 0x00,
    0x00, 0x00, 0x00, 0x00, 0x00, 0x00, 0x00, 0x00, 0x00, 0x00, 0x00, 0x00, 0x00, 0x00, 0x00, 0x00,
    0x00, 0x00, 0x00, 0x00, 0x00, 0x00, 0x00, 0x00, 0x00, 0x00, 0x00, 0x00, 0x00, 0x00, 0x00, 0x00,
    0x00, 0x00, 0x00, 0x00, 0x00, 0x00, 0x00, 0x00, 0x00, 0x00, 0x00, 0x00, 0x00, 0x00, 0x00, 0x00,
    0x00, 0x00, 0x00, 0x00, 0x00, 0x00, 0x00, 0x00, 0x00, 0x00, 0x00, 0x00, 0x00, 0x00, 0x00, 0x00,
    0x00, 0x00, 0x00, 0x00, 0x00, 0x00, 0x00, 0x00, 0x00, 0x00, 0x00, 0x00, 0x00, 0x00, 0x00, 0x00,
    0x00, 0x00, 0x00, 0x00, 0x00, 0x00, 0x00, 0x00, 0x00, 0x00, 0x00, 0x00, 0x00, 0x00, 0x00, 0x00,
    0x00, 0x00, 0x00, 0x00, 0x00, 0x00, 0x00, 0x00, 0x00, 0x00, 0x00, 0x00, 0x00, 0x00, 0x00, 0x00,
    0x00, 0x00, 0x00, 0x00, 0x00, 0x00, 0x00, 0x00, 0x00, 0x00, 0x00, 0x00, 0x00, 0x00, 0x00, 0x00,
    0x00, 0x00, 0x00, 0x00, 0x00, 0x00, 0x00, 0x00, 0x00, 0x00, 0x00, 0x00, 0x00, 0x00, 0x00, 0x00,
    0x00, 0x00, 0x00, 0x00, 0x00, 0x00, 0x00, 0x00, 0x00, 0x00, 0x00, 0x00, 0x00, 0x00, 0x00, 0x00,
    0x00, 0x00, 0x00, 0x00, 0x00, 0x00, 0x00, 0x00, 0x00, 0x00, 0x00, 0x00, 0x00, 0x00, 0x00, 0x00,
    0x00, 0x00, 0x00, 0x02, 0x00, 0x00, 0x00, 0x00, 0x38, 0x25, 0x2f, 0x1b, 0x34, 0x38, 0x32, 0x8d,
    0x2f, 0x3d, 0x35, 0xfc, 0x2b, 0x39, 0x30, 0xfc, 0x27, 0x37, 0x2e, 0xfd, 0x2b, 0x3b, 0x31, 0xfc,
    0x21, 0x1f, 0x1c, 0xa8, 0x1b, 0x0b, 0x0b, 0x40, 0x00, 0x00, 0x00, 0x00, 0x00, 0x00, 0x00, 0x00,
    0x00, 0x00, 0x00, 0x01, 0x00, 0x00, 0x00, 0x00, 0x00, 0x00, 0x00, 0x00, 0x00, 0x00, 0x00, 0x00,
    0x00, 0x00, 0x00, 0x00, 0x00, 0x00, 0x00, 0x00, 0x00, 0x00, 0x00, 0x00, 0x00, 0x00, 0x00, 0x00,
    0x00, 0x00, 0x00, 0x00, 0x00, 0x00, 0x00, 0x00, 0x00, 0x00, 0x00, 0x00, 0x00, 0x00, 0x00, 0x00,
    0x00, 0x00, 0x00, 0x00, 0x00, 0x00, 0x00, 0x00, 0x00, 0x00, 0x00, 0x00, 0x00, 0x00, 0x00, 0x00,
    0x00, 0x00, 0x00, 0x00, 0x00, 0x00, 0x00, 0x00, 0x00, 0x00, 0x00, 0x00, 0x00, 0x00, 0x00, 0x00,
    0x00, 0x00, 0x00, 0x00, 0x00, 0x00, 0x00, 0x00, 0x00, 0x00, 0x00, 0x00, 0x00, 0x00, 0x00, 0x00,
    0x00, 0x00, 0x00, 0x00, 0x00, 0x00, 0x00, 0x00, 0x00, 0x00, 0x00, 0x00, 0x00, 0x00, 0x00, 0x00,
    0x00, 0x00, 0x00, 0x00, 0x00, 0x00, 0x00, 0x00, 0x00, 0x00, 0x00, 0x00, 0x00, 0x00, 0x00, 0x00,
    0x00, 0x00, 0x00, 0x00, 0x00, 0x00, 0x00, 0x00, 0x00, 0x00, 0x00, 0x00, 0x00, 0x00, 0x00, 0x00,
    0x00, 0x00, 0x00, 0x00, 0x00, 0x00, 0x00, 0x00, 0x00, 0x00, 0x00, 0x00, 0x00, 0x00, 0x00, 0x03,
    0x00, 0x00, 0x00, 0x00, 0x24, 0x1d, 0x1d, 0x45, 0x15, 0x12, 0x13, 0xdd, 0x2f, 0x59, 0x4f, 0xff,
    0x5a, 0xb0, 0x8d, 0xfe, 0x57, 0xa3, 0x84, 0xff, 0x58, 0xa5, 0x86, 0xff, 0x5b, 0xaa, 0x8a, 0xfe,
    0x3e, 0x72, 0x5e, 0xff, 0x16, 0x20, 0x1e, 0xf4, 0x17, 0x12, 0x11, 0xa2, 0x37, 0x37, 0x37, 0x17,
    0x00, 0x00, 0x00, 0x00, 0x00, 0x00, 0x00, 0x03, 0x00, 0x00, 0x00, 0x00, 0x00, 0x00, 0x00, 0x00,
    0x00, 0x00, 0x00, 0x00, 0x00, 0x00, 0x00, 0x00, 0x00, 0x00, 0x00, 0x00, 0x00, 0x00, 0x00, 0x00,
    0x00, 0x00, 0x00, 0x00, 0x00, 0x00, 0x00, 0x00, 0x00, 0x00, 0x00, 0x00, 0x00, 0x00, 0x00, 0x00,
    0x00, 0x00, 0x00, 0x00, 0x00, 0x00, 0x00, 0x00, 0x00, 0x00, 0x00, 0x00, 0x00, 0x00, 0x00, 0x00,
    0x00, 0x00, 0x00, 0x00, 0x00, 0x00, 0x00, 0x00, 0x00, 0x00, 0x00, 0x00, 0x00, 0x00, 0x00, 0x00,
    0x00, 0x00, 0x00, 0x00, 0x00, 0x00, 0x00, 0x00, 0x00, 0x00, 0x00, 0x00, 0x00, 0x00, 0x00, 0x00,
    0x00, 0x00, 0x00, 0x00, 0x00, 0x00, 0x00, 0x00, 0x00, 0x00, 0x00, 0x00, 0x00, 0x00, 0x00, 0x00,
    0x00, 0x00, 0x00, 0x00, 0x00, 0x00, 0x00, 0x00, 0x00, 0x00, 0x00, 0x00, 0x00, 0x00, 0x00, 0x00,
    0x00, 0x00, 0x00, 0x00, 0x00, 0x00, 0x00, 0x00, 0x00, 0x00, 0x00, 0x00, 0x00, 0x00, 0x00, 0x02,
    0x00, 0x00, 0x00, 0x04, 0x00, 0x00, 0x00, 0x04, 0x00, 0x00, 0x00, 0x06, 0x00, 0x00, 0x00, 0x00,
    0x2b, 0x2b, 0x2b, 0x3a, 0x15, 0x1c, 0x1a, 0xfa, 0x21, 0x4a, 0x49, 0xff, 0x29, 0x61, 0x61, 0xfd,
    0x2d, 0x61, 0x63, 0xff, 0x2b, 0x5d, 0x61, 0xff, 0x2d, 0x5f, 0x62, 0xff, 0x2c, 0x5e, 0x62, 0xff,
    0x30, 0x67, 0x6a, 0xfd, 0x2b, 0x61, 0x67, 0xff, 0x1c, 0x3c, 0x3f, 0xff, 0x20, 0x27, 0x27, 0xbd,
    0xa2, 0xa2, 0xa2, 0x0b, 0x00, 0x00, 0x00, 0x00, 0x00, 0x00, 0x00, 0x05, 0x00, 0x00, 0x00, 0x03,
    0x00, 0x00, 0x00, 0x02, 0x00, 0x00, 0x00, 0x00, 0x00, 0x00, 0x00, 0x00, 0x00, 0x00, 0x00, 0x00,
    0x00, 0x00, 0x00, 0x00, 0x00, 0x00, 0x00, 0x00, 0x00, 0x00, 0x00, 0x00, 0x00, 0x00, 0x00, 0x00,
    0x00, 0x00, 0x00, 0x00, 0x00, 0x00, 0x00, 0x00, 0x00, 0x00, 0x00, 0x00, 0x00, 0x00, 0x00, 0x00,
    0x00, 0x00, 0x00, 0x00, 0x00, 0x00, 0x00, 0x00, 0x00, 0x00, 0x00, 0x00, 0x00, 0x00, 0x00, 0x00,
    0x00, 0x00, 0x00, 0x00, 0x00, 0x00, 0x00, 0x00, 0x00, 0x00, 0x00, 0x00, 0x00, 0x00, 0x00, 0x00,
    0x00, 0x00, 0x00, 0x00, 0x00, 0x00, 0x00, 0x00, 0x00, 0x00, 0x00, 0x00, 0x00, 0x00, 0x00, 0x00,
    0x00, 0x00, 0x00, 0x00, 0x00, 0x00, 0x00, 0x00, 0x00, 0x00, 0x00, 0x00, 0x00, 0x00, 0x00, 0x00,
    0x00, 0x00, 0x00, 0x00, 0x00, 0x00, 0x00, 0x01, 0x00, 0x00, 0x00, 0x04, 0x00, 0x00, 0x00, 0x00,
    0x00, 0x00, 0x00, 0x00, 0x00, 0x00, 0x00, 0x00, 0x00, 0x00, 0x00, 0x00, 0x18, 0x12, 0x12, 0x29,
    0x0a, 0x05, 0x03, 0xe2, 0x10, 0x13, 0x10, 0xff, 0x18, 0x2a, 0x28, 0xfb, 0x15, 0x23, 0x23, 0xff,
    0x15, 0x23, 0x24, 0xff, 0x14, 0x23, 0x23, 0xff, 0x14, 0x22, 0x24, 0xff, 0x19, 0x2a, 0x2a, 0xff,
    0x18, 0x29, 0x29, 0xff, 0x17, 0x28, 0x29, 0xfe, 0x18, 0x30, 0x30, 0xf8, 0x0d, 0x0e, 0x0b, 0xff,
    0x19, 0x14, 0x13, 0x9e, 0x43, 0x35, 0x35, 0x13, 0x00, 0x00, 0x00, 0x00, 0x00, 0x00, 0x00, 0x00,
    0x00, 0x00, 0x00, 0x00, 0x00, 0x00, 0x00, 0x04, 0x00, 0x00, 0x00, 0x01, 0x00, 0x00, 0x00, 0x00,
    0x00, 0x00, 0x00, 0x00, 0x00, 0x00, 0x00, 0x00, 0x00, 0x00, 0x00, 0x00, 0x00, 0x00, 0x00, 0x00,
    0x00, 0x00, 0x00, 0x00, 0x00, 0x00, 0x00, 0x00, 0x00, 0x00, 0x00, 0x00, 0x00, 0x00, 0x00, 0x00,
    0x00, 0x00, 0x00, 0x00, 0x00, 0x00, 0x00, 0x00, 0x00, 0x00, 0x00, 0x00, 0x00, 0x00, 0x00, 0x00,
    0x00, 0x00, 0x00, 0x00, 0x00, 0x00, 0x00, 0x00, 0x00, 0x00, 0x00, 0x00, 0x00, 0x00, 0x00, 0x00,
    0x00, 0x00, 0x00, 0x00, 0x00, 0x00, 0x00, 0x00, 0x00, 0x00, 0x00, 0x00, 0x00, 0x00, 0x00, 0x00,
    0x00, 0x00, 0x00, 0x00, 0x00, 0x00, 0x00, 0x00, 0x00, 0x00, 0x00, 0x00, 0x00, 0x00, 0x00, 0x00,
    0x00, 0x00, 0x00, 0x02, 0x00, 0x00, 0x00, 0x00, 0x00, 0x00, 0x00, 0x00, 0x1c, 0x09, 0x12, 0x1b,
    0x0a, 0x00, 0x00, 0x5d, 0x0b, 0x00, 0x00, 0x5b, 0x11, 0x0c, 0x0c, 0x69, 0x1b, 0x23, 0x20, 0xed,
    0x1d, 0x2c, 0x27, 0xff, 0x33, 0x5d, 0x4a, 0xfe, 0x46, 0x8d, 0x71, 0xff, 0x45, 0x88, 0x6f, 0xff,
    0x44, 0x86, 0x6e, 0xff, 0x10, 0x1f, 0x1e, 0xff, 0x27, 0x42, 0x30, 0xff, 0x4b, 0x92, 0x72, 0xff,
    0x43, 0x83, 0x6a, 0xff, 0x45, 0x86, 0x6c, 0xff, 0x4c, 0x8e, 0x72, 0xff, 0x20, 0x33, 0x2a, 0xfc,
    0x10, 0x18, 0x18, 0xfe, 0x19, 0x1e, 0x1d, 0xd8, 0x24, 0x15, 0x15, 0x55, 0x06, 0x00, 0x00, 0x4d,
    0x20, 0x1a, 0x20, 0x27, 0x00, 0x00, 0x00, 0x00, 0x00, 0x00, 0x00, 0x00, 0x00, 0x00, 0x00, 0x02,
    0x00, 0x00, 0x00, 0x00, 0x00, 0x00, 0x00, 0x00, 0x00, 0x00, 0x00, 0x00, 0x00, 0x00, 0x00, 0x00,
    0x00, 0x00, 0x00, 0x00, 0x00, 0x00, 0x00, 0x00, 0x00, 0x00, 0x00, 0x00, 0x00, 0x00, 0x00, 0x00,
    0x00, 0x00, 0x00, 0x00, 0x00, 0x00, 0x00, 0x00, 0x00, 0x00, 0x00, 0x00, 0x00, 0x00, 0x00, 0x00,
    0x00, 0x00, 0x00, 0x00, 0x00, 0x00, 0x00, 0x00, 0x00, 0x00, 0x00, 0x00, 0x00, 0x00, 0x00, 0x00,
    0x00, 0x00, 0x00, 0x00, 0x00, 0x00, 0x00, 0x00, 0x00, 0x00, 0x00, 0x00, 0x00, 0x00, 0x00, 0x00,
    0x00, 0x00, 0x00, 0x00, 0x00, 0x00, 0x00, 0x00, 0x00, 0x00, 0x00, 0x00, 0x00, 0x00, 0x00, 0x03,
    0x00, 0x00, 0x00, 0x00, 0x1e, 0x00, 0x0a, 0x19, 0x11, 0x05, 0x08, 0x95, 0x21, 0x34, 0x2e, 0xc7,
    0x36, 0x63, 0x53, 0xff, 0x2d, 0x4e, 0x45, 0xff, 0x0c, 0x0f, 0x0e, 0xff, 0x27, 0x4c, 0x49, 0xff,
    0x42, 0x89, 0x82, 0xfd, 0x34, 0x77, 0x72, 0xff, 0x28, 0x60, 0x63, 0xff, 0x28, 0x61, 0x62, 0xff,
    0x24, 0x5b, 0x5e, 0xff, 0x23, 0x44, 0x41, 0xff, 0x47, 0x7c, 0x59, 0xff, 0x2d, 0x6a, 0x68, 0xff,
    0x27, 0x5a, 0x60, 0xff, 0x2b, 0x5e, 0x63, 0xff, 0x29, 0x61, 0x65, 0xff, 0x25, 0x55, 0x58, 0xff,
    0x25, 0x52, 0x56, 0xff, 0x10, 0x19, 0x18, 0xff, 0x15, 0x28, 0x24, 0xff, 0x19, 0x35, 0x31, 0xff,
    0x18, 0x1a, 0x15, 0xdd, 0x25, 0x27, 0x25, 0x82, 0x5c, 0x17, 0x45, 0x0b, 0x00, 0x00, 0x00, 0x00,
    0x00, 0x00, 0x00, 0x03, 0x00, 0x00, 0x00, 0x00, 0x00, 0x00, 0x00, 0x00, 0x00, 0x00, 0x00, 0x00,
    0x00, 0x00, 0x00, 0x00, 0x00, 0x00, 0x00, 0x00, 0x00, 0x00, 0x00, 0x00, 0x00, 0x00, 0x00, 0x00,
    0x00, 0x00, 0x00, 0x00, 0x00, 0x00, 0x00, 0x00, 0x00, 0x00, 0x00, 0x00, 0x00, 0x00, 0x00, 0x00,
    0x00, 0x00, 0x00, 0x00, 0x00, 0x00, 0x00, 0x00, 0x00, 0x00, 0x00, 0x00, 0x00, 0x00, 0x00, 0x00,
    0x00, 0x00, 0x00, 0x00, 0x00, 0x00, 0x00, 0x00, 0x00, 0x00, 0x00, 0x00, 0x00, 0x00, 0x00, 0x00,
    0x00, 0x00, 0x00, 0x00, 0x00, 0x00, 0x00, 0x01, 0x00, 0x00, 0x00, 0x04, 0x00, 0x00, 0x00, 0x00,
    0x1c, 0x14, 0x1a, 0x62, 0x2b, 0x42, 0x39, 0xd9, 0x47, 0x86, 0x6b, 0xff, 0x42, 0x8a, 0x70, 0xff,
    0x33, 0x78, 0x70, 0xfb, 0x2c, 0x5e, 0x63, 0xfc, 0x18, 0x2b, 0x36, 0xfc, 0x14, 0x2a, 0x2a, 0xfe,
    0x25, 0x5c, 0x60, 0xff, 0x20, 0x47, 0x4e, 0xff, 0x21, 0x47, 0x4d, 0xff, 0x20, 0x48, 0x4d, 0xff,
    0x21, 0x4a, 0x50, 0xff, 0x19, 0x35, 0x35, 0xff, 0x11, 0x27, 0x24, 0xff, 0x20, 0x4d, 0x53, 0xff,
    0x1f, 0x47, 0x4c, 0xff, 0x20, 0x47, 0x4d, 0xff, 0x20, 0x47, 0x4d, 0xff, 0x22, 0x4d, 0x52, 0xff,
    0x1a, 0x33, 0x36, 0xff, 0x08, 0x0d, 0x0c, 0xfe, 0x32, 0x75, 0x6e, 0xfc, 0x39, 0x86, 0x72, 0xfc,
    0x48, 0x90, 0x5f, 0xff, 0x38, 0x6e, 0x4a, 0xff, 0x1e, 0x28, 0x22, 0xd0, 0x19, 0x11, 0x15, 0x3c,
    0x00, 0x00, 0x00, 0x00, 0x00, 0x00, 0x00, 0x04, 0x00, 0x00, 0x00, 0x00, 0x00, 0x00, 0x00, 0x00,
    0x00, 0x00, 0x00, 0x00, 0x00, 0x00, 0x00, 0x00, 0x00, 0x00, 0x00, 0x00, 0x00, 0x00, 0x00, 0x00,
    0x00, 0x00, 0x00, 0x00, 0x00, 0x00, 0x00, 0x00, 0x00, 0x00, 0x00, 0x00, 0x00, 0x00, 0x00, 0x00,
    0x00, 0x00, 0x00, 0x00, 0x00, 0x00, 0x00, 0x00, 0x00, 0x00, 0x00, 0x00, 0x00, 0x00, 0x00, 0x00,
    0x00, 0x00, 0x00, 0x00, 0x00, 0x00, 0x00, 0x00, 0x00, 0x00, 0x00, 0x00, 0x00, 0x00, 0x00, 0x00,
    0x00, 0x00, 0x00, 0x00, 0x00, 0x00, 0x00, 0x03, 0x00, 0x00, 0x00, 0x00, 0x1a, 0x13, 0x17, 0x6b,
    0x2f, 0x50, 0x3d, 0xff, 0x3c, 0x88, 0x6c, 0xff, 0x2e, 0x69, 0x60, 0xfa, 0x2c, 0x65, 0x65, 0xfd,
    0x1d, 0x48, 0x50, 0xff, 0x1e, 0x43, 0x50, 0xff, 0x18, 0x2a, 0x39, 0xff, 0x0e, 0x1c, 0x1a, 0xff,
    0x23, 0x4d, 0x52, 0xff, 0x20, 0x47, 0x4c, 0xff, 0x20, 0x48, 0x4d, 0xff, 0x22, 0x49, 0x4e, 0xff,
    0x25, 0x4f, 0x56, 0xff, 0x1c, 0x36, 0x38, 0xff, 0x0f, 0x22, 0x23, 0xff, 0x22, 0x4e, 0x55, 0xff,
    0x21, 0x47, 0x4d, 0xff, 0x22, 0x4b, 0x50, 0xff, 0x24, 0x4b, 0x51, 0xff, 0x21, 0x4d, 0x54, 0xff,
    0x10, 0x17, 0x17, 0xff, 0x1b, 0x3a, 0x3d, 0xff, 0x30, 0x71, 0x6d, 0xff, 0x39, 0x7b, 0x6e, 0xff,
    0x2d, 0x66, 0x5b, 0xfd, 0x31, 0x75, 0x65, 0xfb, 0x3b, 0x81, 0x68, 0xff, 0x1d, 0x28, 0x23, 0xed,
    0x29, 0x23, 0x26, 0x50, 0x00, 0x00, 0x00, 0x00, 0x00, 0x00, 0x00, 0x03, 0x00, 0x00, 0x00, 0x00,
    0x00, 0x00, 0x00, 0x00, 0x00, 0x00, 0x00, 0x00, 0x00, 0x00, 0x00, 0x00, 0x00, 0x00, 0x00, 0x00,
    0x00, 0x00, 0x00, 0x00, 0x00, 0x00, 0x00, 0x00, 0x00, 0x00, 0x00, 0x00, 0x00, 0x00, 0x00, 0x00,
    0x00, 0x00, 0x00, 0x00, 0x00, 0x00, 0x00, 0x00, 0x00, 0x00, 0x00, 0x00, 0x00, 0x00, 0x00, 0x00,
    0x00, 0x00, 0x00, 0x00, 0x00, 0x00, 0x00, 0x00, 0x00, 0x00, 0x00, 0x00, 0x00, 0x00, 0x00, 0x00,
    0x00, 0x00, 0x00, 0x05, 0x00, 0x00, 0x00, 0x00, 0x1d, 0x10, 0x18, 0x5f, 0x31, 0x50, 0x3e, 0xfc,
    0x39, 0x7c, 0x60, 0xfc, 0x1e, 0x48, 0x4c, 0xfc, 0x23, 0x51, 0x5a, 0xff, 0x24, 0x4e, 0x56, 0xff,
    0x22, 0x50, 0x56, 0xff, 0x21, 0x49, 0x53, 0xff, 0x1e, 0x3a, 0x48, 0xff, 0x12, 0x21, 0x23, 0xff,
    0x18, 0x34, 0x37, 0xff, 0x18, 0x34, 0x38, 0xff, 0x18, 0x34, 0x37, 0xff, 0x11, 0x17, 0x1a, 0xff,
    0x14, 0x1d, 0x1e, 0xff, 0x11, 0x17, 0x16, 0xff, 0x0e, 0x12, 0x11, 0xff, 0x11, 0x1c, 0x1e, 0xff,
    0x10, 0x17, 0x19, 0xff, 0x13, 0x22, 0x24, 0xff, 0x19, 0x38, 0x3e, 0xff, 0x17, 0x34, 0x39, 0xff,
    0x0f, 0x1c, 0x1e, 0xff, 0x23, 0x4a, 0x52, 0xff, 0x22, 0x53, 0x56, 0xff, 0x22, 0x53, 0x59, 0xff,
    0x25, 0x58, 0x5e, 0xff, 0x27, 0x56, 0x5d, 0xff, 0x27, 0x58, 0x5c, 0xfc, 0x27, 0x5b, 0x5a, 0xff,
    0x11, 0x1e, 0x1e, 0xf4, 0x1c, 0x14, 0x14, 0x3e, 0x00, 0x00, 0x00, 0x00, 0x00, 0x00, 0x00, 0x04,
    0x00, 0x00, 0x00, 0x00, 0x00, 0x00, 0x00, 0x00, 0x00, 0x00, 0x00, 0x00, 0x00, 0x00, 0x00, 0x00,
    0x00, 0x00, 0x00, 0x00, 0x00, 0x00, 0x00, 0x00, 0x00, 0x00, 0x00, 0x00, 0x00, 0x00, 0x00, 0x00,
    0x00, 0x00, 0x00, 0x00, 0x00, 0x00, 0x00, 0x00, 0x00, 0x00, 0x00, 0x00, 0x00, 0x00, 0x00, 0x00,
    0x00, 0x00, 0x00, 0x00, 0x00, 0x00, 0x00, 0x00, 0x00, 0x00, 0x00, 0x00, 0x00, 0x00, 0x00, 0x04,
    0x00, 0x00, 0x00, 0x00, 0x21, 0x21, 0x21, 0x4d, 0x1a, 0x2a, 0x26, 0xfc, 0x1d, 0x31, 0x28, 0xfd,
    0x23, 0x4f, 0x51, 0xfe, 0x22, 0x4f, 0x54, 0xff, 0x21, 0x4b, 0x4f, 0xff, 0x22, 0x4e, 0x54, 0xff,
    0x22, 0x52, 0x59, 0xff, 0x22, 0x56, 0x5d, 0xff, 0x1e, 0x40, 0x4a, 0xff, 0x0f, 0x16, 0x1a, 0xff,
    0x0d, 0x11, 0x0f, 0xff, 0x1b, 0x33, 0x32, 0xff, 0x18, 0x2b, 0x29, 0xff, 0x1b, 0x35, 0x32, 0xff,
    0x21, 0x45, 0x43, 0xff, 0x22, 0x43, 0x41, 0xff, 0x22, 0x44, 0x43, 0xff, 0x21, 0x43, 0x42, 0xff,
    0x1e, 0x3d, 0x3c, 0xff, 0x14, 0x24, 0x23, 0xff, 0x17, 0x2a, 0x28, 0xff, 0x12, 0x19, 0x18, 0xff,
    0x04, 0x01, 0x03, 0xff, 0x16, 0x26, 0x2f, 0xff, 0x1d, 0x3d, 0x4a, 0xff, 0x24, 0x53, 0x5a, 0xff,
    0x25, 0x54, 0x5a, 0xff, 0x24, 0x52, 0x57, 0xff, 0x26, 0x58, 0x5d, 0xff, 0x21, 0x4a, 0x4e, 0xfc,
    0x10, 0x19, 0x18, 0xff, 0x12, 0x14, 0x12, 0xf2, 0x3a, 0x3a, 0x3e, 0x3d, 0x00, 0x00, 0x00, 0x00,
    0x00, 0x00, 0x00, 0x02, 0x00, 0x00, 0x00, 0x00, 0x00, 0x00, 0x00, 0x00, 0x00, 0x00, 0x00, 0x00,
    0x00, 0x00, 0x00, 0x00, 0x00, 0x00, 0x00, 0x00, 0x00, 0x00, 0x00, 0x00, 0x00, 0x00, 0x00, 0x00,
    0x00, 0x00, 0x00, 0x00, 0x00, 0x00, 0x00, 0x00, 0x00, 0x00, 0x00, 0x00, 0x00, 0x00, 0x00, 0x00,
    0x00, 0x00, 0x00, 0x00, 0x00, 0x00, 0x00, 0x00, 0x00, 0x00, 0x00, 0x01, 0x00, 0x00, 0x00, 0x00,
    0x1e, 0x19, 0x19, 0x64, 0x14, 0x19, 0x18, 0xf4, 0x2a, 0x61, 0x61, 0xff, 0x1c, 0x39, 0x3b, 0xfd,
    0x13, 0x24, 0x26, 0xff, 0x1d, 0x44, 0x49, 0xff, 0x23, 0x52, 0x56, 0xff, 0x20, 0x4f, 0x53, 0xff,
    0x1e, 0x41, 0x46, 0xff, 0x12, 0x23, 0x28, 0xff, 0x10, 0x1b, 0x1b, 0xff, 0x15, 0x29, 0x21, 0xff,
    0x12, 0x1f, 0x1b, 0xff, 0x1e, 0x3b, 0x3a, 0xff, 0x1c, 0x34, 0x34, 0xff, 0x19, 0x2f, 0x30, 0xff,
    0x15, 0x29, 0x2a, 0xff, 0x14, 0x29, 0x2a, 0xff, 0x15, 0x29, 0x2a, 0xff, 0x16, 0x29, 0x2b, 0xff,
    0x16, 0x28, 0x2a, 0xff, 0x16, 0x29, 0x2a, 0xff, 0x18, 0x2c, 0x2b, 0xff, 0x16, 0x21, 0x1e, 0xff,
    0x1f, 0x43, 0x30, 0xff, 0x13, 0x28, 0x1e, 0xff, 0x0e, 0x17, 0x1a, 0xff, 0x13, 0x28, 0x32, 0xff,
    0x1e, 0x45, 0x50, 0xff, 0x23, 0x53, 0x5d, 0xff, 0x1f, 0x4a, 0x51, 0xff, 0x16, 0x26, 0x26, 0xff,
    0x24, 0x4b, 0x4f, 0xfd, 0x21, 0x51, 0x54, 0xff, 0x1e, 0x2c, 0x2c, 0xe4, 0x2d, 0x23, 0x28, 0x33,
    0x00, 0x00, 0x00, 0x03, 0x00, 0x00, 0x00, 0x02, 0x00, 0x00, 0x00, 0x00, 0x00, 0x00, 0x00, 0x00,
    0x00, 0x00, 0x00, 0x00, 0x00, 0x00, 0x00, 0x00, 0x00, 0x00, 0x00, 0x00, 0x00, 0x00, 0x00, 0x00,
    0x00, 0x00, 0x00, 0x00, 0x00, 0x00, 0x00, 0x00, 0x00, 0x00, 0x00, 0x00, 0x00, 0x00, 0x00, 0x00,
    0x00, 0x00, 0x00, 0x00, 0x00, 0x00, 0x00, 0x01, 0x00, 0x7f, 0x7f, 0x02, 0x71, 0x55, 0x71, 0x09,
    0x17, 0x1d, 0x19, 0xe0, 0x3a, 0x77, 0x62, 0xff, 0x22, 0x51, 0x5b, 0xfc, 0x23, 0x53, 0x57, 0xff,
    0x0f, 0x1b, 0x19, 0xff, 0x0f, 0x1f, 0x21, 0xff, 0x16, 0x2d, 0x32, 0xff, 0x11, 0x1e, 0x1f, 0xff,
    0x0e, 0x17, 0x11, 0xff, 0x14, 0x26, 0x1c, 0xff, 0x1c, 0x3f, 0x31, 0xff, 0x24, 0x50, 0x43, 0xff,
    0x1b, 0x37, 0x2e, 0xff, 0x09, 0x0c, 0x07, 0xff, 0x18, 0x2e, 0x1d, 0xff, 0x14, 0x26, 0x16, 0xff,
    0x15, 0x27, 0x16, 0xff, 0x15, 0x25, 0x15, 0xff, 0x15, 0x24, 0x16, 0xff, 0x16, 0x25, 0x17, 0xff,
    0x15, 0x26, 0x18, 0xff, 0x14, 0x29, 0x18, 0xff, 0x0f, 0x1c, 0x12, 0xff, 0x1b, 0x2f, 0x21, 0xff,
    0x45, 0x8d, 0x6b, 0xff, 0x22, 0x56, 0x45, 0xff, 0x1b, 0x3e, 0x2d, 0xff, 0x13, 0x23, 0x19, 0xff,
    0x11, 0x1d, 0x1e, 0xff, 0x0d, 0x1d, 0x23, 0xff, 0x0f, 0x1b, 0x1e, 0xff, 0x1c, 0x3c, 0x3a, 0xff,
    0x23, 0x57, 0x5a, 0xff, 0x24, 0x59, 0x5e, 0xfa, 0x1e, 0x43, 0x45, 0xff, 0x1f, 0x1c, 0x1c, 0xa0,
    0x00, 0x00, 0x00, 0x00, 0x00, 0x00, 0x00, 0x05, 0x00, 0x00, 0x00, 0x00, 0x00, 0x00, 0x00, 0x00,
    0x00, 0x00, 0x00, 0x00, 0x00, 0x00, 0x00, 0x00, 0x00, 0x00, 0x00, 0x00, 0x00, 0x00, 0x00, 0x00,
    0x00, 0x00, 0x00, 0x00, 0x00, 0x00, 0x00, 0x00, 0x00, 0x00, 0x00, 0x00, 0x00, 0x00, 0x00, 0x00,
    0x00, 0x00, 0x00, 0x00, 0x00, 0x00, 0x00, 0x02, 0x00, 0x00, 0x00, 0x00, 0x16, 0x19, 0x18, 0xb2,
    0x4a, 0x80, 0x65, 0xfd, 0x30, 0x6d, 0x63, 0xfc, 0x21, 0x51, 0x59, 0xff, 0x23, 0x51, 0x54, 0xff,
    0x16, 0x2d, 0x2b, 0xff, 0x09, 0x08, 0x06, 0xff, 0x16, 0x2f, 0x24, 0xff, 0x35, 0x6c, 0x4d, 0xff,
    0x43, 0x86, 0x60, 0xff, 0x33, 0x73, 0x5f, 0xff, 0x26, 0x5c, 0x58, 0xff, 0x22, 0x4b, 0x3f, 0xff,
    0x13, 0x20, 0x1c, 0xff, 0x14, 0x22, 0x17, 0xff, 0x28, 0x58, 0x43, 0xff, 0x28, 0x58, 0x4e, 0xff,
    0x28, 0x58, 0x4d, 0xff, 0x28, 0x57, 0x4d, 0xff, 0x26, 0x56, 0x4c, 0xff, 0x26, 0x54, 0x4c, 0xff,
    0x26, 0x54, 0x4c, 0xff, 0x25, 0x56, 0x4d, 0xff, 0x24, 0x4f, 0x3b, 0xff, 0x14, 0x22, 0x1a, 0xff,
    0x20, 0x49, 0x3c, 0xff, 0x2c, 0x66, 0x66, 0xff, 0x31, 0x6b, 0x67, 0xff, 0x2c, 0x63, 0x52, 0xff,
    0x21, 0x45, 0x33, 0xff, 0x15, 0x28, 0x1d, 0xff, 0x0c, 0x0f, 0x0e, 0xff, 0x1f, 0x45, 0x43, 0xff,
    0x21, 0x4f, 0x53, 0xff, 0x23, 0x5a, 0x5f, 0xfe, 0x22, 0x5c, 0x60, 0xfc, 0x0e, 0x12, 0x16, 0xe9,
    0x1f, 0x0f, 0x17, 0x40, 0x00, 0x00, 0x00, 0x00, 0x00, 0x00, 0x00, 0x03, 0x00, 0x00, 0x00, 0x00,
    0x00, 0x00, 0x00, 0x00, 0x00, 0x00, 0x00, 0x00, 0x00, 0x00, 0x00, 0x00, 0x00, 0x00, 0x00, 0x00,
    0x00, 0x00, 0x00, 0x00, 0x00, 0x00, 0x00, 0x00, 0x00, 0x00, 0x00, 0x00, 0x00, 0x00, 0x00, 0x00,
    0x00, 0x00, 0x00, 0x03, 0x00, 0x00, 0x00, 0x00, 0x21, 0x0d, 0x17, 0x4c, 0x13, 0x13, 0x12, 0xff,
    0x28, 0x3d, 0x32, 0xfc, 0x18, 0x34, 0x39, 0xff, 0x22, 0x4f, 0x51, 0xff, 0x22, 0x48, 0x42, 0xff,
    0x14, 0x1f, 0x1e, 0xff, 0x31, 0x61, 0x48, 0xff, 0x3d, 0x8e, 0x6d, 0xff, 0x3c, 0x81, 0x6c, 0xff,
    0x3f, 0x85, 0x71, 0xff, 0x37, 0x7a, 0x73, 0xff, 0x29, 0x62, 0x63, 0xff, 0x1c, 0x3b, 0x34, 0xff,
    0x11, 0x1a, 0x14, 0xff, 0x1f, 0x40, 0x2d, 0xff, 0x25, 0x53, 0x53, 0xff, 0x2a, 0x5c, 0x66, 0xff,
    0x29, 0x5b, 0x64, 0xff, 0x28, 0x5b, 0x64, 0xff, 0x28, 0x5b, 0x63, 0xff, 0x28, 0x5a, 0x62, 0xff,
    0x27, 0x59, 0x61, 0xff, 0x28, 0x5c, 0x66, 0xff, 0x23, 0x50, 0x47, 0xff, 0x1b, 0x37, 0x25, 0xff,
    0x12, 0x20, 0x1e, 0xff, 0x25, 0x55, 0x53, 0xff, 0x2a, 0x60, 0x63, 0xff, 0x2a, 0x60, 0x62, 0xff,
    0x26, 0x57, 0x4f, 0xff, 0x26, 0x57, 0x4b, 0xff, 0x19, 0x33, 0x2b, 0xff, 0x15, 0x28, 0x29, 0xff,
    0x22, 0x52, 0x54, 0xff, 0x1e, 0x44, 0x48, 0xff, 0x12, 0x22, 0x23, 0xfe, 0x2c, 0x57, 0x43, 0xff,
    0x25, 0x38, 0x2d, 0xe0, 0x09, 0x00, 0x00, 0x1b, 0x3f, 0x7f, 0x3f, 0x04, 0x00, 0x00, 0x00, 0x02,
    0x00, 0x00, 0x00, 0x00, 0x00, 0x00, 0x00, 0x00, 0x00, 0x00, 0x00, 0x00, 0x00, 0x00, 0x00, 0x00,
    0x00, 0x00, 0x00, 0x00, 0x00, 0x00, 0x00, 0x00, 0x00, 0x00, 0x00, 0x00, 0x00, 0x00, 0x00, 0x02,
    0x00, 0x7f, 0x00, 0x02, 0x11, 0x17, 0x11, 0x2c, 0x34, 0x4d, 0x3e, 0xea, 0x3e, 0x79, 0x59, 0xfd,
    0x15, 0x2a, 0x1f, 0xfe, 0x17, 0x27, 0x20, 0xff, 0x1a, 0x2d, 0x29, 0xff, 0x1b, 0x34, 0x2e, 0xff,
    0x03, 0x01, 0x01, 0xff, 0x12, 0x1c, 0x14, 0xff, 0x22, 0x4f, 0x4a, 0xff, 0x23, 0x53, 0x5a, 0xff,
    0x1e, 0x4c, 0x51, 0xff, 0x20, 0x4a, 0x46, 0xff, 0x22, 0x44, 0x3b, 0xff, 0x10, 0x1a, 0x17, 0xff,
    0x1d, 0x39, 0x23, 0xff, 0x24, 0x51, 0x4a, 0xff, 0x2a, 0x5c, 0x64, 0xff, 0x28, 0x5a, 0x5f, 0xff,
    0x28, 0x5a, 0x60, 0xff, 0x28, 0x5a, 0x5f, 0xff, 0x27, 0x59, 0x5e, 0xff, 0x28, 0x58, 0x5e, 0xff,
    0x27, 0x58, 0x5d, 0xff, 0x26, 0x58, 0x5f, 0xff, 0x23, 0x52, 0x51, 0xff, 0x20, 0x48, 0x33, 0xff,
    0x17, 0x2a, 0x1d, 0xff, 0x18, 0x2e, 0x2c, 0xff, 0x21, 0x51, 0x4e, 0xff, 0x20, 0x50, 0x50, 0xff,
    0x1d, 0x44, 0x40, 0xff, 0x18, 0x34, 0x2e, 0xff, 0x11, 0x20, 0x19, 0xff, 0x0e, 0x17, 0x13, 0xff,
    0x12, 0x24, 0x25, 0xff, 0x16, 0x28, 0x20, 0xff, 0x2a, 0x5d, 0x42, 0xff, 0x42, 0x90, 0x65, 0xfc,
    0x41, 0x87, 0x65, 0xff, 0x1d, 0x24, 0x1e, 0xc1, 0x00, 0x00, 0x00, 0x00, 0xff, 0xff, 0xff, 0x01,
    0x00, 0x00, 0x00, 0x01, 0x00, 0x00, 0x00, 0x00, 0x00, 0x00, 0x00, 0x00, 0x00, 0x00, 0x00, 0x00,
    0x00, 0x00, 0x00, 0x00, 0x00, 0x00, 0x00, 0x00, 0x00, 0x00, 0x00, 0x00, 0x00, 0x00, 0x00, 0x03,
    0x00, 0x00, 0x00, 0x00, 0x06, 0x00, 0x00, 0x7d, 0x40, 0x6f, 0x52, 0xff, 0x48, 0x91, 0x6e, 0xfc,
    0x1f, 0x48, 0x3f, 0xff, 0x25, 0x4b, 0x46, 0xff, 0x12, 0x1d, 0x1d, 0xff, 0x0a, 0x0f, 0x0c, 0xff,
    0x1f, 0x3a, 0x30, 0xff, 0x1d, 0x3b, 0x2e, 0xff, 0x11, 0x18, 0x16, 0xff, 0x14, 0x24, 0x25, 0xff,
    0x0f, 0x1b, 0x18, 0xff, 0x1c, 0x30, 0x27, 0xff, 0x11, 0x1c, 0x18, 0xff, 0x19, 0x32, 0x21, 0xff,
    0x23, 0x4a, 0x37, 0xff, 0x27, 0x58, 0x5c, 0xff, 0x28, 0x5a, 0x61, 0xff, 0x28, 0x5a, 0x60, 0xff,
    0x28, 0x5a, 0x60, 0xff, 0x27, 0x59, 0x5f, 0xff, 0x27, 0x58, 0x5e, 0xff, 0x29, 0x58, 0x5e, 0xff,
    0x27, 0x58, 0x5e, 0xff, 0x25, 0x57, 0x5d, 0xff, 0x26, 0x59, 0x61, 0xff, 0x24, 0x51, 0x4b, 0xff,
    0x25, 0x4a, 0x33, 0xff, 0x16, 0x26, 0x1c, 0xff, 0x15, 0x2c, 0x2b, 0xff, 0x14, 0x29, 0x2a, 0xff,
    0x0d, 0x15, 0x15, 0xff, 0x12, 0x19, 0x16, 0xff, 0x24, 0x45, 0x31, 0xff, 0x1b, 0x37, 0x24, 0xff,
    0x0c, 0x11, 0x0d, 0xff, 0x1f, 0x4b, 0x3b, 0xff, 0x26, 0x5c, 0x4b, 0xff, 0x1d, 0x3e, 0x3a, 0xfe,
    0x36, 0x81, 0x6e, 0xfc, 0x25, 0x43, 0x38, 0xf9, 0x2d, 0x26, 0x29, 0x43, 0x00, 0xff, 0x00, 0x01,
    0x00, 0x00, 0x00, 0x02, 0x00, 0x00, 0x00, 0x00, 0x00, 0x00, 0x00, 0x00, 0x00, 0x00, 0x00, 0x00,
    0x00, 0x00, 0x00, 0x00, 0x00, 0x00, 0x00, 0x00, 0x00, 0x00, 0x00, 0x00, 0x00, 0x7f, 0x7f, 0x02,
    0x3a, 0x4e, 0x4e, 0x0d, 0x27, 0x33, 0x2c, 0xd3, 0x2f, 0x5f, 0x4b, 0xfd, 0x20, 0x4a, 0x4b, 0xfc,
    0x1e, 0x46, 0x55, 0xff, 0x23, 0x49, 0x50, 0xff, 0x13, 0x21, 0x21, 0xff, 0x1a, 0x2e, 0x1f, 0xff,
    0x29, 0x53, 0x44, 0xff, 0x26, 0x4e, 0x41, 0xff, 0x21, 0x45, 0x33, 0xff, 0x1c, 0x39, 0x24, 0xff,
    0x19, 0x33, 0x21, 0xff, 0x09, 0x0f, 0x0c, 0xff, 0x14, 0x28, 0x1c, 0xff, 0x22, 0x4c, 0x34, 0xff,
    0x25, 0x53, 0x54, 0xff, 0x29, 0x5b, 0x64, 0xff, 0x29, 0x5a, 0x60, 0xff, 0x29, 0x5a, 0x60, 0xff,
    0x27, 0x59, 0x5e, 0xff, 0x25, 0x57, 0x5d, 0xff, 0x25, 0x56, 0x5c, 0xff, 0x27, 0x58, 0x5d, 0xff,
    0x27, 0x58, 0x5e, 0xff, 0x27, 0x59, 0x5e, 0xff, 0x27, 0x5a, 0x60, 0xff, 0x25, 0x54, 0x57, 0xff,
    0x23, 0x4b, 0x32, 0xff, 0x14, 0x25, 0x1a, 0xff, 0x0e, 0x17, 0x11, 0xff, 0x16, 0x27, 0x18, 0xff,
    0x20, 0x3f, 0x2a, 0xff, 0x26, 0x4a, 0x33, 0xff, 0x28, 0x51, 0x44, 0xff, 0x22, 0x4d, 0x3e, 0xff,
    0x14, 0x27, 0x19, 0xff, 0x12, 0x22, 0x20, 0xff, 0x21, 0x4b, 0x46, 0xff, 0x23, 0x4d, 0x54, 0xff,
    0x2b, 0x6b, 0x69, 0xfb, 0x2b, 0x64, 0x5b, 0xff, 0x19, 0x13, 0x13, 0xab, 0x00, 0x00, 0x00, 0x00,
    0x00, 0x00, 0x00, 0x04, 0x00, 0x00, 0x00, 0x00, 0x00, 0x00, 0x00, 0x00, 0x00, 0x00, 0x00, 0x00,
    0x00, 0x00, 0x00, 0x00, 0x00, 0x00, 0x00, 0x00, 0x00, 0x00, 0x00, 0x04, 0x00, 0x7f, 0x7f, 0x02,
    0x10, 0x08, 0x08, 0x7c, 0x2a, 0x4e, 0x3d, 0xfb, 0x2f, 0x67, 0x58, 0xfb, 0x21, 0x45, 0x51, 0xff,
    0x23, 0x46, 0x51, 0xff, 0x1d, 0x39, 0x41, 0xff, 0x0e, 0x17, 0x12, 0xff, 0x21, 0x47, 0x34, 0xff,
    0x26, 0x59, 0x5d, 0xff, 0x28, 0x58, 0x5e, 0xff, 0x26, 0x58, 0x57, 0xff, 0x27, 0x54, 0x4c, 0xff,
    0x25, 0x52, 0x42, 0xff, 0x1b, 0x37, 0x25, 0xff, 0x0e, 0x17, 0x11, 0xff, 0x20, 0x43, 0x2c, 0xff,
    0x27, 0x50, 0x45, 0xff, 0x27, 0x58, 0x5d, 0xff, 0x27, 0x5a, 0x60, 0xff, 0x28, 0x5a, 0x61, 0xff,
    0x28, 0x5b, 0x62, 0xff, 0x27, 0x59, 0x61, 0xff, 0x26, 0x59, 0x61, 0xff, 0x26, 0x59, 0x61, 0xff,
    0x27, 0x5a, 0x62, 0xff, 0x27, 0x5a, 0x61, 0xff, 0x28, 0x5b, 0x64, 0xff, 0x24, 0x4e, 0x44, 0xff,
    0x21, 0x42, 0x29, 0xff, 0x0f, 0x17, 0x10, 0xff, 0x20, 0x40, 0x2a, 0xff, 0x26, 0x57, 0x4a, 0xff,
    0x27, 0x57, 0x54, 0xff, 0x26, 0x54, 0x51, 0xff, 0x28, 0x5a, 0x60, 0xff, 0x28, 0x5a, 0x5d, 0xff,
    0x1b, 0x37, 0x27, 0xff, 0x0e, 0x15, 0x13, 0xff, 0x1b, 0x37, 0x34, 0xff, 0x22, 0x4b, 0x46, 0xff,
    0x27, 0x59, 0x58, 0xfe, 0x26, 0x60, 0x5f, 0xfc, 0x1b, 0x2e, 0x2c, 0xe1, 0x1f, 0x16, 0x19, 0x5a,
    0x00, 0x00, 0x00, 0x02, 0x00, 0x00, 0x00, 0x03, 0x00, 0x00, 0x00, 0x00, 0x00, 0x00, 0x00, 0x00,
    0x00, 0x00, 0x00, 0x00, 0x00, 0x00, 0x00, 0x00, 0x00, 0x00, 0x00, 0x04, 0x00, 0x00, 0x00, 0x00,
    0x04, 0x00, 0x00, 0x77, 0x0f, 0x17, 0x14, 0xff, 0x23, 0x4b, 0x46, 0xfb, 0x28, 0x4f, 0x5a, 0xff,
    0x23, 0x47, 0x53, 0xff, 0x0f, 0x19, 0x1c, 0xff, 0x15, 0x2b, 0x1b, 0xff, 0x20, 0x4b, 0x37, 0xff,
    0x27, 0x59, 0x5f, 0xff, 0x29, 0x5c, 0x63, 0xff, 0x2a, 0x5c, 0x63, 0xff, 0x29, 0x5c, 0x64, 0xff,
    0x27, 0x5a, 0x62, 0xff, 0x22, 0x4e, 0x42, 0xff, 0x1b, 0x30, 0x21, 0xff, 0x14, 0x23, 0x1b, 0xff,
    0x20, 0x46, 0x2d, 0xff, 0x21, 0x4d, 0x43, 0xff, 0x29, 0x5f, 0x69, 0xff, 0x26, 0x59, 0x5d, 0xff,
    0x24, 0x54, 0x53, 0xff, 0x26, 0x55, 0x54, 0xff, 0x27, 0x55, 0x54, 0xff, 0x26, 0x55, 0x54, 0xff,
    0x24, 0x53, 0x52, 0xff, 0x24, 0x53, 0x52, 0xff, 0x23, 0x50, 0x4c, 0xff, 0x24, 0x4b, 0x34, 0xff,
    0x13, 0x22, 0x18, 0xff, 0x17, 0x28, 0x1c, 0xff, 0x25, 0x4d, 0x3e, 0xff, 0x25, 0x57, 0x5e, 0xff,
    0x27, 0x59, 0x61, 0xff, 0x25, 0x58, 0x60, 0xff, 0x26, 0x58, 0x5e, 0xff, 0x26, 0x59, 0x61, 0xff,
    0x26, 0x54, 0x50, 0xff, 0x1a, 0x2b, 0x1e, 0xff, 0x0e, 0x15, 0x13, 0xff, 0x1f, 0x40, 0x38, 0xff,
    0x20, 0x47, 0x36, 0xff, 0x21, 0x4f, 0x41, 0xfa, 0x0d, 0x1b, 0x1a, 0xff, 0x0c, 0x00, 0x00, 0x7e,
    0x00, 0x00, 0x00, 0x00, 0x00, 0x00, 0x00, 0x05, 0x00, 0x00, 0x00, 0x00, 0x00, 0x00, 0x00, 0x00,
    0x00, 0x00, 0x00, 0x00, 0x00, 0x00, 0x00, 0x02, 0x00, 0x00, 0x00, 0x02, 0x25, 0x1a, 0x1f, 0x30,
    0x31, 0x49, 0x3c, 0xc3, 0x28, 0x43, 0x31, 0xfd, 0x0f, 0x18, 0x16, 0xfd, 0x17, 0x2f, 0x30, 0xff,
    0x20, 0x44, 0x4c, 0xff, 0x11, 0x1e, 0x1b, 0xff, 0x1f, 0x42, 0x29, 0xff, 0x20, 0x49, 0x3a, 0xff,
    0x27, 0x5b, 0x63, 0xff, 0x27, 0x5b, 0x61, 0xff, 0x28, 0x5b, 0x61, 0xff, 0x29, 0x5b, 0x60, 0xff,
    0x29, 0x5c, 0x62, 0xff, 0x29, 0x5a, 0x5e, 0xff, 0x23, 0x4c, 0x3a, 0xff, 0x15, 0x24, 0x1a, 0xff,
    0x18, 0x2f, 0x21, 0xff, 0x20, 0x4b, 0x34, 0xff, 0x21, 0x4e, 0x42, 0xff, 0x1f, 0x4a, 0x38, 0xff,
    0x1d, 0x44, 0x2d, 0xff, 0x20, 0x45, 0x30, 0xff, 0x22, 0x46, 0x31, 0xff, 0x22, 0x46, 0x30, 0xff,
    0x21, 0x46, 0x30, 0xff, 0x21, 0x45, 0x2f, 0xff, 0x24, 0x4a, 0x32, 0xff, 0x1e, 0x3b, 0x29, 0xff,
    0x14, 0x24, 0x21, 0xff, 0x23, 0x45, 0x47, 0xff, 0x26, 0x53, 0x56, 0xff, 0x27, 0x5a, 0x61, 0xff,
    0x27, 0x59, 0x5e, 0xff, 0x26, 0x58, 0x5d, 0xff, 0x25, 0x57, 0x5d, 0xff, 0x27, 0x59, 0x5f, 0xff,
    0x25, 0x55, 0x59, 0xff, 0x26, 0x4f, 0x40, 0xff, 0x0e, 0x15, 0x0e, 0xff, 0x17, 0x2e, 0x27, 0xff,
    0x17, 0x2e, 0x24, 0xff, 0x0e, 0x18, 0x12, 0xfd, 0x3d, 0x69, 0x55, 0xfe, 0x37, 0x57, 0x49, 0xca,
    0x0f, 0x0f, 0x0f, 0x10, 0x7f, 0x7f, 0x7f, 0x02, 0x00, 0x00, 0x00, 0x01, 0x00, 0x00, 0x00, 0x00,
    0x00, 0x00, 0x00, 0x00, 0x00, 0x00, 0x00, 0x04, 0x00, 0x00, 0x00, 0x00, 0x08, 0x00, 0x02, 0x5e,
    0x47, 0x7f, 0x5b, 0xff, 0x47, 0x92, 0x75, 0xfc, 0x1b, 0x3a, 0x3e, 0xff, 0x17, 0x2f, 0x2f, 0xff,
    0x09, 0x0f, 0x10, 0xff, 0x14, 0x23, 0x16, 0xff, 0x24, 0x4c, 0x37, 0xff, 0x25, 0x57, 0x5a, 0xff,
    0x26, 0x5a, 0x62, 0xff, 0x26, 0x5a, 0x61, 0xff, 0x27, 0x5b, 0x61, 0xff, 0x28, 0x5b, 0x61, 0xff,
    0x29, 0x5a, 0x60, 0xff, 0x2a, 0x5d, 0x65, 0xff, 0x21, 0x4d, 0x3f, 0xff, 0x20, 0x47, 0x2f, 0xff,
    0x0d, 0x11, 0x0e, 0xff, 0x0d, 0x15, 0x0f, 0xff, 0x0c, 0x13, 0x0c, 0xff, 0x0d, 0x14, 0x0e, 0xff,
    0x0e, 0x14, 0x10, 0xff, 0x0d, 0x13, 0x11, 0xff, 0x0e, 0x14, 0x11, 0xff, 0x0d, 0x15, 0x11, 0xff,
    0x0f, 0x16, 0x12, 0xff, 0x0f, 0x16, 0x13, 0xff, 0x10, 0x17, 0x12, 0xff, 0x10, 0x16, 0x11, 0xff,
    0x26, 0x50, 0x44, 0xff, 0x25, 0x44, 0x4e, 0xff, 0x25, 0x55, 0x5e, 0xff, 0x26, 0x58, 0x5e, 0xff,
    0x26, 0x58, 0x5e, 0xff, 0x28, 0x58, 0x5e, 0xff, 0x27, 0x58, 0x5e, 0xff, 0x27, 0x57, 0x5d, 0xff,
    0x25, 0x59, 0x61, 0xff, 0x24, 0x4f, 0x46, 0xff, 0x1f, 0x3a, 0x29, 0xff, 0x0f, 0x15, 0x12, 0xff,
    0x0b, 0x15, 0x13, 0xff, 0x1a, 0x39, 0x2d, 0xff, 0x36, 0x7a, 0x60, 0xfe, 0x24, 0x41, 0x34, 0xff,
    0x1a, 0x12, 0x12, 0x60, 0x00, 0x00, 0x00, 0x00, 0x00, 0x00, 0x00, 0x02, 0x00, 0x00, 0x00, 0x00,
    0x00, 0x00, 0x00, 0x00, 0x00, 0x00, 0x00, 0x04, 0x7f, 0xff, 0xff, 0x02, 0x05, 0x00, 0x00, 0x59,
    0x3a, 0x64, 0x4a, 0xfd, 0x2e, 0x62, 0x62, 0xfc, 0x25, 0x50, 0x57, 0xff, 0x24, 0x50, 0x54, 0xff,
    0x0d, 0x14, 0x13, 0xff, 0x1e, 0x3e, 0x28, 0xff, 0x23, 0x4b, 0x3d, 0xff, 0x27, 0x5c, 0x64, 0xff,
    0x27, 0x5a, 0x60, 0xff, 0x27, 0x5a, 0x61, 0xff, 0x28, 0x59, 0x60, 0xff, 0x27, 0x59, 0x5e, 0xff,
    0x28, 0x5a, 0x60, 0xff, 0x27, 0x59, 0x5c, 0xff, 0x23, 0x4d, 0x39, 0xff, 0x1e, 0x3d, 0x2a, 0xff,
    0x10, 0x19, 0x14, 0xff, 0x1d, 0x3d, 0x2a, 0xff, 0x1c, 0x3c, 0x2a, 0xff, 0x1c, 0x3c, 0x29, 0xff,
    0x1d, 0x3b, 0x29, 0xff, 0x1c, 0x3b, 0x29, 0xff, 0x1c, 0x3b, 0x29, 0xff, 0x1d, 0x3c, 0x2c, 0xff,
    0x1f, 0x3c, 0x2e, 0xff, 0x20, 0x3f, 0x2e, 0xff, 0x20, 0x3d, 0x2d, 0xff, 0x0e, 0x14, 0x0f, 0xff,
    0x1c, 0x3b, 0x34, 0xff, 0x25, 0x45, 0x4a, 0xff, 0x28, 0x58, 0x60, 0xff, 0x27, 0x59, 0x60, 0xff,
    0x27, 0x58, 0x5e, 0xff, 0x27, 0x57, 0x5d, 0xff, 0x28, 0x58, 0x5e, 0xff, 0x26, 0x58, 0x5d, 0xff,
    0x26, 0x58, 0x5f, 0xff, 0x23, 0x51, 0x4f, 0xff, 0x23, 0x4c, 0x36, 0xff, 0x0e, 0x16, 0x0f, 0xff,
    0x19, 0x3a, 0x39, 0xff, 0x21, 0x4b, 0x45, 0xff, 0x1b, 0x42, 0x3c, 0xfc, 0x1f, 0x40, 0x33, 0xfd,
    0x14, 0x15, 0x12, 0xd1, 0x7f, 0x7f, 0x7f, 0x02, 0x00, 0x00, 0x00, 0x01, 0x00, 0x00, 0x00, 0x00,
    0x00, 0x00, 0x00, 0x00, 0x00, 0xff, 0x00, 0x01, 0x1a, 0x0a, 0x0f, 0x31, 0x34, 0x4b, 0x3d, 0xe8,
    0x47, 0x8c, 0x6c, 0xfd, 0x23, 0x4b, 0x50, 0xff, 0x25, 0x4c, 0x50, 0xff, 0x1e, 0x42, 0x48, 0xff,
    0x0d, 0x16, 0x14, 0xff, 0x20, 0x43, 0x2c, 0xff, 0x24, 0x4c, 0x3d, 0xff, 0x26, 0x5c, 0x63, 0xff,
    0x26, 0x59, 0x5f, 0xff, 0x27, 0x5a, 0x5f, 0xff, 0x27, 0x59, 0x5f, 0xff, 0x26, 0x58, 0x5f, 0xff,
    0x27, 0x5a, 0x62, 0xff, 0x22, 0x4f, 0x45, 0xff, 0x20, 0x44, 0x2c, 0xff, 0x13, 0x1f, 0x18, 0xff,
    0x1d, 0x3a, 0x29, 0xff, 0x25, 0x53, 0x47, 0xff, 0x23, 0x57, 0x56, 0xff, 0x24, 0x57, 0x53, 0xff,
    0x25, 0x58, 0x56, 0xff, 0x26, 0x58, 0x57, 0xff, 0x27, 0x59, 0x59, 0xff, 0x29, 0x5a, 0x5a, 0xff,
    0x28, 0x5a, 0x5a, 0xff, 0x27, 0x57, 0x54, 0xff, 0x27, 0x4e, 0x3a, 0xff, 0x1a, 0x30, 0x23, 0xff,
    0x10, 0x1c, 0x16, 0xff, 0x22, 0x49, 0x3f, 0xff, 0x25, 0x52, 0x52, 0xff, 0x25, 0x55, 0x56, 0xff,
    0x27, 0x5a, 0x61, 0xff, 0x25, 0x59, 0x60, 0xff, 0x25, 0x58, 0x5f, 0xff, 0x25, 0x58, 0x5f, 0xff,
    0x27, 0x59, 0x61, 0xff, 0x25, 0x58, 0x5d, 0xff, 0x1f, 0x48, 0x34, 0xff, 0x0d, 0x13, 0x0c, 0xff,
    0x17, 0x30, 0x31, 0xff, 0x1f, 0x44, 0x44, 0xff, 0x1f, 0x43, 0x43, 0xfc, 0x24, 0x48, 0x3d, 0xff,
    0x1b, 0x1c, 0x17, 0xc2, 0x00, 0x00, 0x00, 0x00, 0x00, 0x00, 0x00, 0x01, 0x00, 0x00, 0x00, 0x00,
    0x00, 0x00, 0x00, 0x00, 0x00, 0xff, 0xff, 0x01, 0x1a, 0x0e, 0x13, 0x6b, 0x29, 0x3c, 0x2c, 0xff,
    0x36, 0x6c, 0x5e, 0xfd, 0x22, 0x47, 0x50, 0xff, 0x29, 0x55, 0x5b, 0xff, 0x17, 0x2e, 0x33, 0xff,
    0x08, 0x09, 0x07, 0xff, 0x20, 0x46, 0x2d, 0xff, 0x21, 0x4a, 0x3b, 0xff, 0x24, 0x57, 0x5d, 0xff,
    0x26, 0x57, 0x5d, 0xff, 0x26, 0x58, 0x5e, 0xff, 0x27, 0x58, 0x5e, 0xff, 0x26, 0x57, 0x5c, 0xff,
    0x20, 0x4f, 0x45, 0xff, 0x20, 0x47, 0x2c, 0xff, 0x19, 0x32, 0x21, 0xff, 0x15, 0x27, 0x1b, 0xff,
    0x21, 0x4b, 0x34, 0xff, 0x25, 0x57, 0x5d, 0xff, 0x27, 0x5a, 0x62, 0xff, 0x25, 0x59, 0x61, 0xff,
    0x26, 0x5a, 0x62, 0xff, 0x27, 0x5a, 0x63, 0xff, 0x28, 0x5a, 0x63, 0xff, 0x29, 0x5b, 0x63, 0xff,
    0x29, 0x5b, 0x62, 0xff, 0x29, 0x5b, 0x63, 0xff, 0x26, 0x53, 0x52, 0xff, 0x22, 0x45, 0x32, 0xff,
    0x14, 0x24, 0x1a, 0xff, 0x1c, 0x32, 0x24, 0xff, 0x22, 0x48, 0x30, 0xff, 0x20, 0x44, 0x32, 0xff,
    0x23, 0x55, 0x55, 0xff, 0x24, 0x55, 0x56, 0xff, 0x25, 0x54, 0x55, 0xff, 0x24, 0x52, 0x53, 0xff,
    0x24, 0x54, 0x54, 0xff, 0x24, 0x4f, 0x47, 0xff, 0x25, 0x4d, 0x37, 0xff, 0x0c, 0x11, 0x0a, 0xff,
    0x0e, 0x16, 0x17, 0xff, 0x21, 0x4a, 0x4a, 0xff, 0x1f, 0x4a, 0x49, 0xfd, 0x13, 0x29, 0x25, 0xfe,
    0x15, 0x0e, 0x0e, 0xd3, 0x31, 0x2d, 0x31, 0x43, 0x00, 0x00, 0x00, 0x01, 0x00, 0x00, 0x00, 0x00,
    0x00, 0x00, 0x00, 0x00, 0x00, 0x00, 0x00, 0x00, 0x15, 0x0f, 0x0f, 0xb0, 0x20, 0x34, 0x28, 0xfe,
    0x19, 0x29, 0x1f, 0xfc, 0x15, 0x22, 0x25, 0xff, 0x1f, 0x3d, 0x41, 0xff, 0x13, 0x1f, 0x20, 0xff,
    0x15, 0x22, 0x1b, 0xff, 0x16, 0x29, 0x1d, 0xff, 0x1f, 0x45, 0x2f, 0xff, 0x21, 0x4a, 0x35, 0xff,
    0x22, 0x4c, 0x3a, 0xff, 0x22, 0x4d, 0x3b, 0xff, 0x27, 0x51, 0x44, 0xff, 0x28, 0x51, 0x42, 0xff,
    0x20, 0x4a, 0x2d, 0xff, 0x1e, 0x41, 0x2b, 0xff, 0x11, 0x1c, 0x14, 0xff, 0x20, 0x43, 0x2f, 0xff,
    0x23, 0x50, 0x4b, 0xff, 0x26, 0x58, 0x5f, 0xff, 0x27, 0x58, 0x5e, 0xff, 0x27, 0x59, 0x5e, 0xff,
    0x28, 0x5a, 0x5f, 0xff, 0x27, 0x59, 0x5f, 0xff, 0x28, 0x5a, 0x5f, 0xff, 0x29, 0x5b, 0x60, 0xff,
    0x2a, 0x5a, 0x60, 0xff, 0x29, 0x59, 0x5e, 0xff, 0x29, 0x5a, 0x62, 0xff, 0x25, 0x4e, 0x47, 0xff,
    0x23, 0x44, 0x2e, 0xff, 0x14, 0x21, 0x19, 0xff, 0x19, 0x30, 0x20, 0xff, 0x22, 0x47, 0x2f, 0xff,
    0x21, 0x45, 0x2f, 0xff, 0x24, 0x47, 0x32, 0xff, 0x25, 0x46, 0x32, 0xff, 0x23, 0x44, 0x30, 0xff,
    0x24, 0x46, 0x31, 0xff, 0x25, 0x48, 0x32, 0xff, 0x1d, 0x38, 0x29, 0xff, 0x11, 0x1b, 0x14, 0xff,
    0x11, 0x1e, 0x1b, 0xff, 0x1b, 0x3a, 0x3b, 0xff, 0x18, 0x33, 0x34, 0xff, 0x1a, 0x2f, 0x26, 0xfb,
    0x20, 0x31, 0x25, 0xff, 0x10, 0x09, 0x09, 0x89, 0x00, 0x00, 0x00, 0x00, 0x00, 0x00, 0x00, 0x00,
    0x00, 0x00, 0x00, 0x00, 0x21, 0x1a, 0x1a, 0x26, 0x24, 0x2d, 0x25, 0xd4, 0x4f, 0xa3, 0x7e, 0xfe,
    0x35, 0x70, 0x61, 0xfd, 0x18, 0x32, 0x31, 0xff, 0x12, 0x23, 0x21, 0xff, 0x0b, 0x0c, 0x09, 0xff,
    0x21, 0x46, 0x33, 0xff, 0x14, 0x24, 0x1e, 0xff, 0x11, 0x19, 0x14, 0xff, 0x13, 0x21, 0x18, 0xff,
    0x12, 0x1e, 0x15, 0xff, 0x13, 0x1f, 0x16, 0xff, 0x12, 0x1f, 0x19, 0xff, 0x12, 0x1f, 0x18, 0xff,
    0x10, 0x1d, 0x13, 0xff, 0x10, 0x1a, 0x13, 0xff, 0x1b, 0x36, 0x26, 0xff, 0x22, 0x4d, 0x3e, 0xff,
    0x27, 0x5a, 0x61, 0xff, 0x27, 0x59, 0x5f, 0xff, 0x28, 0x5a, 0x5f, 0xff, 0x28, 0x5a, 0x60, 0xff,
    0x28, 0x5a, 0x60, 0xff, 0x28, 0x5a, 0x60, 0xff, 0x28, 0x5a, 0x60, 0xff, 0x29, 0x5a, 0x60, 0xff,
    0x2a, 0x5a, 0x60, 0xff, 0x29, 0x59, 0x5f, 0xff, 0x29, 0x58, 0x5e, 0xff, 0x27, 0x57, 0x5c, 0xff,
    0x24, 0x48, 0x36, 0xff, 0x26, 0x44, 0x30, 0xff, 0x15, 0x23, 0x19, 0xff, 0x0f, 0x17, 0x11, 0xff,
    0x11, 0x1b, 0x13, 0xff, 0x12, 0x1b, 0x15, 0xff, 0x13, 0x1c, 0x16, 0xff, 0x12, 0x1c, 0x16, 0xff,
    0x11, 0x1b, 0x15, 0xff, 0x11, 0x1a, 0x15, 0xff, 0x18, 0x2b, 0x1e, 0xff, 0x1c, 0x3b, 0x2d, 0xff,
    0x0c, 0x0e, 0x0b, 0xff, 0x0c, 0x13, 0x0f, 0xff, 0x16, 0x27, 0x1d, 0xff, 0x42, 0x8a, 0x5f, 0xfb,
    0x3d, 0x7e, 0x59, 0xfe, 0x13, 0x06, 0x08, 0x78, 0x00, 0x00, 0x00, 0x00, 0x00, 0x00, 0x00, 0x00,
    0x00, 0x00, 0x00, 0x00, 0x0e, 0x00, 0x00, 0x56, 0x31, 0x59, 0x40, 0xff, 0x3d, 0x8a, 0x74, 0xfd,
    0x21, 0x49, 0x57, 0xff, 0x27, 0x57, 0x5e, 0xff, 0x23, 0x50, 0x4e, 0xff, 0x11, 0x1e, 0x19, 0xff,
    0x1b, 0x37, 0x26, 0xff, 0x2f, 0x65, 0x49, 0xff, 0x3c, 0x7c, 0x5d, 0xff, 0x38, 0x73, 0x56, 0xff,
    0x39, 0x75, 0x57, 0xff, 0x39, 0x75, 0x57, 0xff, 0x3b, 0x79, 0x59, 0xff, 0x32, 0x68, 0x49, 0xff,
    0x1a, 0x36, 0x23, 0xff, 0x11, 0x1c, 0x16, 0xff, 0x1f, 0x46, 0x2f, 0xff, 0x21, 0x4d, 0x47, 0xff,
    0x26, 0x59, 0x60, 0xff, 0x26, 0x58, 0x5e, 0xff, 0x28, 0x5a, 0x60, 0xff, 0x27, 0x59, 0x5f, 0xff,
    0x29, 0x59, 0x5f, 0xff, 0x2a, 0x59, 0x5f, 0xff, 0x2a, 0x5a, 0x60, 0xff, 0x2a, 0x5a, 0x60, 0xff,
    0x2a, 0x5a, 0x60, 0xff, 0x2a, 0x5a, 0x5f, 0xff, 0x29, 0x58, 0x5c, 0xff, 0x27, 0x58, 0x5c, 0xff,
    0x22, 0x48, 0x36, 0xff, 0x25, 0x48, 0x31, 0xff, 0x15, 0x20, 0x18, 0xff, 0x35, 0x6a, 0x4e, 0xff,
    0x3d, 0x81, 0x5c, 0xff, 0x3a, 0x7c, 0x59, 0xff, 0x3f, 0x82, 0x5f, 0xff, 0x3d, 0x7c, 0x59, 0xff,
    0x1f, 0x42, 0x2a, 0xff, 0x1c, 0x3a, 0x25, 0xff, 0x23, 0x48, 0x33, 0xff, 0x24, 0x4f, 0x3a, 0xff,
    0x14, 0x26, 0x1b, 0xff, 0x18, 0x2d, 0x22, 0xff, 0x26, 0x52, 0x37, 0xff, 0x22, 0x4e, 0x43, 0xfe,
    0x24, 0x57, 0x59, 0xfe, 0x1c, 0x2b, 0x2a, 0xe0, 0x14, 0x05, 0x05, 0x31, 0x00, 0x00, 0x00, 0x00,
    0x00, 0x00, 0x00, 0x00, 0x13, 0x00, 0x00, 0x4f, 0x32, 0x58, 0x3f, 0xfe, 0x3a, 0x80, 0x77, 0xfd,
    0x1f, 0x43, 0x4a, 0xff, 0x1d, 0x3f, 0x37, 0xff, 0x1e, 0x45, 0x40, 0xff, 0x10, 0x1c, 0x18, 0xff,
    0x1e, 0x3e, 0x2f, 0xff, 0x27, 0x56, 0x4a, 0xff, 0x28, 0x56, 0x4c, 0xff, 0x28, 0x56, 0x4c, 0xff,
    0x27, 0x57, 0x4c, 0xff, 0x27, 0x56, 0x4c, 0xff, 0x28, 0x58, 0x4c, 0xff, 0x29, 0x59, 0x4b, 0xff,
    0x27, 0x52, 0x3a, 0xff, 0x18, 0x29, 0x1c, 0xff, 0x1b, 0x35, 0x23, 0xff, 0x21, 0x4a, 0x37, 0xff,
    0x25, 0x56, 0x5a, 0xff, 0x26, 0x59, 0x5f, 0xff, 0x27, 0x59, 0x5f, 0xff, 0x28, 0x59, 0x5f, 0xff,
    0x29, 0x59, 0x5e, 0xff, 0x29, 0x59, 0x5e, 0xff, 0x28, 0x58, 0x5e, 0xff, 0x29, 0x59, 0x5e, 0xff,
    0x29, 0x59, 0x5e, 0xff, 0x28, 0x58, 0x5c, 0xff, 0x29, 0x59, 0x5f, 0xff, 0x24, 0x51, 0x4e, 0xff,
    0x25, 0x4c, 0x35, 0xff, 0x18, 0x2c, 0x20, 0xff, 0x15, 0x22, 0x1a, 0xff, 0x2b, 0x5c, 0x47, 0xff,
    0x29, 0x59, 0x50, 0xff, 0x28, 0x58, 0x4e, 0xff, 0x27, 0x58, 0x4e, 0xff, 0x26, 0x55, 0x49, 0xff,
    0x26, 0x52, 0x46, 0xff, 0x24, 0x52, 0x46, 0xff, 0x24, 0x57, 0x58, 0xff, 0x23, 0x50, 0x42, 0xff,
    0x16, 0x2b, 0x1e, 0xff, 0x14, 0x25, 0x19, 0xff, 0x24, 0x4d, 0x3c, 0xff, 0x26, 0x55, 0x5c, 0xff,
    0x29, 0x5f, 0x67, 0xfe, 0x1a, 0x2c, 0x2c, 0xff, 0x1b, 0x03, 0x03, 0x41, 0x00, 0x00, 0x00, 0x00,
    0x00, 0x00, 0x00, 0x00, 0x12, 0x00, 0x00, 0x52, 0x32, 0x5b, 0x43, 0xff, 0x37, 0x77, 0x67, 0xfd,
    0x1b, 0x3a, 0x3b, 0xff, 0x1f, 0x43, 0x3b, 0xff, 0x1d, 0x3c, 0x38, 0xff, 0x0d, 0x12, 0x0e, 0xff,
    0x1f, 0x43, 0x3a, 0xff, 0x2a, 0x5e, 0x66, 0xff, 0x28, 0x59, 0x61, 0xff, 0x28, 0x5a, 0x62, 0xff,
    0x29, 0x5a, 0x62, 0xff, 0x29, 0x5a, 0x62, 0xff, 0x29, 0x5a, 0x61, 0xff, 0x28, 0x5b, 0x64, 0xff,
    0x24, 0x50, 0x40, 0xff, 0x1f, 0x40, 0x28, 0xff, 0x13, 0x1e, 0x16, 0xff, 0x20, 0x41, 0x2d, 0xff,
    0x23, 0x4e, 0x42, 0xff, 0x27, 0x59, 0x60, 0xff, 0x26, 0x58, 0x5e, 0xff, 0x28, 0x59, 0x61, 0xff,
    0x28, 0x5a, 0x62, 0xff, 0x27, 0x5a, 0x62, 0xff, 0x28, 0x5a, 0x62, 0xff, 0x29, 0x5a, 0x61, 0xff,
    0x28, 0x59, 0x5f, 0xff, 0x28, 0x58, 0x5e, 0xff, 0x27, 0x57, 0x5a, 0xff, 0x21, 0x4a, 0x3d, 0xff,
    0x1f, 0x41, 0x2b, 0xff, 0x0f, 0x1c, 0x12, 0xff, 0x1f, 0x3e, 0x30, 0xff, 0x25, 0x4b, 0x4e, 0xff,
    0x27, 0x5b, 0x64, 0xff, 0x26, 0x5a, 0x62, 0xff, 0x26, 0x59, 0x62, 0xff, 0x27, 0x5b, 0x63, 0xff,
    0x29, 0x5c, 0x63, 0xff, 0x29, 0x5b, 0x63, 0xff, 0x25, 0x59, 0x61, 0xff, 0x1f, 0x4e, 0x3f, 0xff,
    0x15, 0x2a, 0x1d, 0xff, 0x17, 0x26, 0x1a, 0xff, 0x24, 0x4f, 0x40, 0xff, 0x26, 0x55, 0x5c, 0xff,
    0x28, 0x5c, 0x62, 0xfe, 0x1a, 0x2c, 0x2c, 0xfe, 0x20, 0x11, 0x0a, 0x47, 0x00, 0x00, 0x00, 0x00,
    0x00, 0x00, 0x00, 0x00, 0x15, 0x03, 0x03, 0x47, 0x31, 0x58, 0x42, 0xff, 0x32, 0x6b, 0x58, 0xfd,
    0x18, 0x33, 0x31, 0xff, 0x20, 0x47, 0x42, 0xff, 0x11, 0x1f, 0x1d, 0xff, 0x18, 0x2f, 0x20, 0xff,
    0x21, 0x4c, 0x3d, 0xff, 0x29, 0x5a, 0x61, 0xff, 0x29, 0x5b, 0x60, 0xff, 0x29, 0x5b, 0x61, 0xff,
    0x29, 0x5a, 0x60, 0xff, 0x29, 0x5b, 0x61, 0xff, 0x29, 0x5b, 0x61, 0xff, 0x29, 0x5c, 0x61, 0xff,
    0x25, 0x57, 0x59, 0xff, 0x22, 0x4d, 0x3c, 0xff, 0x1a, 0x34, 0x24, 0xff, 0x13, 0x22, 0x1a, 0xff,
    0x1e, 0x43, 0x2e, 0xff, 0x25, 0x55, 0x52, 0xff, 0x29, 0x5f, 0x65, 0xff, 0x27, 0x59, 0x57, 0xff,
    0x25, 0x56, 0x52, 0xff, 0x25, 0x56, 0x53, 0xff, 0x26, 0x55, 0x53, 0xff, 0x27, 0x55, 0x52, 0xff,
    0x28, 0x56, 0x51, 0xff, 0x28, 0x57, 0x52, 0xff, 0x24, 0x4b, 0x39, 0xff, 0x22, 0x4a, 0x31, 0xff,
    0x12, 0x22, 0x19, 0xff, 0x16, 0x29, 0x1f, 0xff, 0x21, 0x48, 0x38, 0xff, 0x23, 0x4f, 0x52, 0xff,
    0x28, 0x5c, 0x62, 0xff, 0x28, 0x5a, 0x60, 0xff, 0x28, 0x5a, 0x60, 0xff, 0x27, 0x59, 0x5e, 0xff,
    0x27, 0x59, 0x5f, 0xff, 0x27, 0x59, 0x5e, 0xff, 0x26, 0x58, 0x60, 0xff, 0x24, 0x57, 0x52, 0xff,
    0x14, 0x26, 0x1a, 0xff, 0x19, 0x29, 0x1d, 0xff, 0x24, 0x4d, 0x3b, 0xff, 0x23, 0x52, 0x59, 0xff,
    0x26, 0x5c, 0x63, 0xfc, 0x15, 0x26, 0x25, 0xff, 0x10, 0x06, 0x03, 0x9e, 0x00, 0x00, 0x00, 0x00,
    0x00, 0x00, 0x00, 0x00, 0x1d, 0x20, 0x1c, 0xc7, 0x1e, 0x43, 0x3c, 0xff, 0x1f, 0x49, 0x45, 0xfe,
    0x1e, 0x42, 0x3f, 0xff, 0x1e, 0x47, 0x43, 0xff, 0x0e, 0x1a, 0x17, 0xff, 0x1b, 0x37, 0x24, 0xff,
    0x25, 0x51, 0x4a, 0xff, 0x2a, 0x5c, 0x63, 0xff, 0x29, 0x5b, 0x61, 0xff, 0x29, 0x5b, 0x61, 0xff,
    0x2a, 0x5a, 0x60, 0xff, 0x2a, 0x5a, 0x60, 0xff, 0x29, 0x5b, 0x61, 0xff, 0x28, 0x5a, 0x5f, 0xff,
    0x28, 0x5b, 0x63, 0xff, 0x25, 0x55, 0x56, 0xff, 0x22, 0x4c, 0x33, 0xff, 0x14, 0x23, 0x18, 0xff,
    0x13, 0x26, 0x1a, 0xff, 0x1b, 0x3d, 0x2c, 0xff, 0x1a, 0x38, 0x2c, 0xff, 0x19, 0x38, 0x25, 0xff,
    0x1a, 0x38, 0x24, 0xff, 0x19, 0x37, 0x23, 0xff, 0x18, 0x36, 0x23, 0xff, 0x18, 0x36, 0x23, 0xff,
    0x1b, 0x36, 0x24, 0xff, 0x1f, 0x37, 0x25, 0xff, 0x1f, 0x3b, 0x28, 0xff, 0x19, 0x33, 0x25, 0xff,
    0x12, 0x21, 0x16, 0xff, 0x22, 0x48, 0x33, 0xff, 0x22, 0x51, 0x4d, 0xff, 0x27, 0x59, 0x5d, 0xff,
    0x28, 0x5a, 0x61, 0xff, 0x28, 0x5a, 0x60, 0xff, 0x28, 0x5a, 0x60, 0xff, 0x27, 0x59, 0x5f, 0xff,
    0x27, 0x59, 0x5f, 0xff, 0x27, 0x59, 0x5f, 0xff, 0x28, 0x59, 0x60, 0xff, 0x27, 0x56, 0x57, 0xff,
    0x1c, 0x3a, 0x2c, 0xff, 0x14, 0x1e, 0x16, 0xff, 0x23, 0x45, 0x32, 0xff, 0x24, 0x52, 0x49, 0xff,
    0x26, 0x5f, 0x63, 0xfc, 0x1f, 0x41, 0x3e, 0xff, 0x17, 0x14, 0x0f, 0xb7, 0x00, 0x00, 0x00, 0x00,
    0x00, 0x00, 0x00, 0x00, 0x13, 0x18, 0x13, 0xfd, 0x19, 0x2e, 0x26, 0xff, 0x13, 0x28, 0x29, 0xff,
    0x17, 0x2e, 0x2d, 0xff, 0x17, 0x31, 0x2f, 0xff, 0x10, 0x1b, 0x14, 0xff, 0x20, 0x47, 0x32, 0xff,
    0x28, 0x5a, 0x61, 0xff, 0x27, 0x59, 0x60, 0xff, 0x28, 0x5a, 0x60, 0xff, 0x28, 0x5a, 0x60, 0xff,
    0x29, 0x59, 0x5f, 0xff, 0x2a, 0x5a, 0x60, 0xff, 0x29, 0x5b, 0x61, 0xff, 0x28, 0x5a, 0x60, 0xff,
    0x26, 0x59, 0x5e, 0xff, 0x25, 0x59, 0x5e, 0xff, 0x21, 0x4b, 0x38, 0xff, 0x20, 0x43, 0x2c, 0xff,
    0x0a, 0x0d, 0x0a, 0xff, 0x19, 0x29, 0x1f, 0xff, 0x1e, 0x32, 0x27, 0xff, 0x1c, 0x31, 0x26, 0xff,
    0x1a, 0x2f, 0x25, 0xff, 0x1b, 0x30, 0x26, 0xff, 0x1b, 0x30, 0x27, 0xff, 0x1a, 0x2f, 0x26, 0xff,
    0x1a, 0x2d, 0x25, 0xff, 0x14, 0x24, 0x1d, 0xff, 0x14, 0x24, 0x1e, 0xff, 0x0d, 0x10, 0x0e, 0xff,
    0x1c, 0x39, 0x26, 0xff, 0x20, 0x47, 0x31, 0xff, 0x26, 0x57, 0x5a, 0xff, 0x27, 0x5a, 0x60, 0xff,
    0x27, 0x59, 0x5f, 0xff, 0x27, 0x59, 0x5f, 0xff, 0x29, 0x59, 0x5f, 0xff, 0x29, 0x59, 0x5f, 0xff,
    0x28, 0x58, 0x5e, 0xff, 0x29, 0x59, 0x5f, 0xff, 0x28, 0x58, 0x5e, 0xff, 0x29, 0x59, 0x61, 0xff,
    0x26, 0x52, 0x44, 0xff, 0x10, 0x1a, 0x11, 0xff, 0x15, 0x28, 0x1e, 0xff, 0x19, 0x33, 0x24, 0xff,
    0x17, 0x29, 0x29, 0xff, 0x16, 0x2d, 0x2b, 0xff, 0x14, 0x14, 0x0e, 0xfe, 0x00, 0x00, 0x00, 0x00,
    0x00, 0x00, 0x00, 0x00, 0x1e, 0x2d, 0x23, 0xf1, 0x54, 0xa4, 0x74, 0xff, 0x3e, 0x73, 0x52, 0xff,
    0x14, 0x24, 0x1c, 0xff, 0x10, 0x1a, 0x18, 0xff, 0x0e, 0x14, 0x0e, 0xff, 0x25, 0x4a, 0x33, 0xff,
    0x28, 0x59, 0x5b, 0xff, 0x27, 0x58, 0x60, 0xff, 0x27, 0x59, 0x5e, 0xff, 0x27, 0x58, 0x5e, 0xff,
    0x29, 0x59, 0x5e, 0xff, 0x29, 0x59, 0x5f, 0xff, 0x29, 0x5a, 0x60, 0xff, 0x27, 0x59, 0x5f, 0xff,
    0x25, 0x59, 0x60, 0xff, 0x23, 0x4f, 0x44, 0xff, 0x21, 0x49, 0x31, 0xff, 0x13, 0x20, 0x18, 0xff,
    0x19, 0x36, 0x21, 0xff, 0x34, 0x6f, 0x4f, 0xff, 0x42, 0x87, 0x66, 0xff, 0x3f, 0x82, 0x61, 0xff,
    0x39, 0x78, 0x58, 0xff, 0x3a, 0x78, 0x5b, 0xff, 0x38, 0x75, 0x59, 0xff, 0x39, 0x77, 0x5c, 0xff,
    0x38, 0x73, 0x57, 0xff, 0x2b, 0x5a, 0x42, 0xff, 0x2b, 0x5b, 0x44, 0xff, 0x21, 0x41, 0x30, 0xff,
    0x10, 0x1d, 0x14, 0xff, 0x1f, 0x46, 0x2d, 0xff, 0x1f, 0x49, 0x3c, 0xff, 0x26, 0x59, 0x5e, 0xff,
    0x27, 0x59, 0x5e, 0xff, 0x27, 0x59, 0x5f, 0xff, 0x29, 0x59, 0x5f, 0xff, 0x29, 0x59, 0x5f, 0xff,
    0x28, 0x58, 0x5d, 0xff, 0x27, 0x57, 0x5d, 0xff, 0x28, 0x58, 0x5e, 0xff, 0x24, 0x51, 0x4f, 0xff,
    0x22, 0x4b, 0x34, 0xff, 0x11, 0x1c, 0x14, 0xff, 0x22, 0x3d, 0x2d, 0xff, 0x29, 0x4f, 0x39, 0xff,
    0x49, 0x8c, 0x64, 0xff, 0x4b, 0x91, 0x66, 0xff, 0x17, 0x1c, 0x13, 0xff, 0x00, 0x00, 0x00, 0x00,
    0x00, 0x00, 0x00, 0x00, 0x18, 0x1f, 0x18, 0xf3, 0x56, 0xaa, 0x79, 0xff, 0x46, 0x8a, 0x6c, 0xff,
    0x1e, 0x45, 0x40, 0xff, 0x20, 0x42, 0x40, 0xff, 0x12, 0x1d, 0x17, 0xff, 0x21, 0x43, 0x29, 0xff,
    0x24, 0x4f, 0x3f, 0xff, 0x29, 0x5b, 0x5d, 0xff, 0x25, 0x57, 0x5c, 0xff, 0x27, 0x59, 0x60, 0xff,
    0x2a, 0x5b, 0x63, 0xff, 0x2a, 0x5b, 0x63, 0xff, 0x29, 0x59, 0x5e, 0xff, 0x27, 0x59, 0x61, 0xff,
    0x24, 0x55, 0x56, 0xff, 0x23, 0x4f, 0x35, 0xff, 0x1b, 0x35, 0x25, 0xff, 0x16, 0x27, 0x1c, 0xff,
    0x23, 0x52, 0x43, 0xff, 0x20, 0x4d, 0x4d, 0xff, 0x20, 0x4a, 0x49, 0xff, 0x22, 0x4b, 0x4a, 0xff,
    0x22, 0x4c, 0x4b, 0xff, 0x20, 0x4b, 0x4a, 0xff, 0x1f, 0x4c, 0x4a, 0xff, 0x20, 0x4c, 0x4a, 0xff,
    0x22, 0x4e, 0x4c, 0xff, 0x25, 0x52, 0x4f, 0xff, 0x25, 0x52, 0x50, 0xff, 0x23, 0x4c, 0x38, 0xff,
    0x15, 0x24, 0x19, 0xff, 0x1a, 0x33, 0x21, 0xff, 0x24, 0x4d, 0x3c, 0xff, 0x24, 0x51, 0x56, 0xff,
    0x24, 0x57, 0x5d, 0xff, 0x26, 0x59, 0x5f, 0xff, 0x26, 0x58, 0x5e, 0xff, 0x27, 0x59, 0x5f, 0xff,
    0x28, 0x5a, 0x62, 0xff, 0x27, 0x59, 0x61, 0xff, 0x26, 0x59, 0x61, 0xff, 0x20, 0x48, 0x38, 0xff,
    0x21, 0x48, 0x30, 0xff, 0x0f, 0x1a, 0x13, 0xff, 0x45, 0x91, 0x67, 0xff, 0x46, 0x9a, 0x76, 0xff,
    0x31, 0x69, 0x5e, 0xff, 0x2e, 0x68, 0x5d, 0xff, 0x16, 0x1b, 0x17, 0xff, 0x00, 0x00, 0x00, 0x00,
    0x00, 0x00, 0x00, 0x00, 0x1f, 0x2c, 0x1d, 0xf3, 0x3e, 0x81, 0x64, 0xff, 0x1f, 0x46, 0x52, 0xff,
    0x22, 0x4a, 0x51, 0xff, 0x1c, 0x3b, 0x3a, 0xff, 0x10, 0x18, 0x14, 0xff, 0x21, 0x43, 0x2b, 0xff,
    0x21, 0x4b, 0x2f, 0xff, 0x38, 0x79, 0x5a, 0xff, 0x26, 0x59, 0x4e, 0xff, 0x25, 0x53, 0x52, 0xff,
    0x23, 0x4e, 0x44, 0xff, 0x24, 0x4f, 0x47, 0xff, 0x28, 0x59, 0x62, 0xff, 0x27, 0x57, 0x5e, 0xff,
    0x21, 0x49, 0x36, 0xff, 0x1f, 0x42, 0x2d, 0xff, 0x10, 0x19, 0x13, 0xff, 0x1c, 0x3e, 0x2c, 0xff,
    0x26, 0x57, 0x58, 0xff, 0x27, 0x5a, 0x61, 0xff, 0x28, 0x5b, 0x63, 0xff, 0x28, 0x5b, 0x63, 0xff,
    0x27, 0x5a, 0x62, 0xff, 0x27, 0x5a, 0x61, 0xff, 0x26, 0x5a, 0x61, 0xff, 0x26, 0x5a, 0x61, 0xff,
    0x26, 0x5a, 0x61, 0xff, 0x27, 0x5a, 0x61, 0xff, 0x27, 0x5b, 0x63, 0xff, 0x22, 0x4e, 0x44, 0xff,
    0x20, 0x45, 0x2d, 0xff, 0x13, 0x20, 0x17, 0xff, 0x1d, 0x3e, 0x2f, 0xff, 0x2a, 0x5d, 0x4e, 0xff,
    0x2b, 0x62, 0x5b, 0xff, 0x25, 0x56, 0x5b, 0xff, 0x27, 0x5a, 0x5f, 0xff, 0x25, 0x58, 0x5d, 0xff,
    0x22, 0x4e, 0x46, 0xff, 0x21, 0x4d, 0x45, 0xff, 0x22, 0x4b, 0x40, 0xff, 0x22, 0x49, 0x33, 0xff,
    0x24, 0x4b, 0x35, 0xff, 0x0e, 0x16, 0x10, 0xff, 0x1a, 0x36, 0x34, 0xff, 0x21, 0x4a, 0x51, 0xff,
    0x1f, 0x45, 0x50, 0xff, 0x1e, 0x49, 0x51, 0xff, 0x16, 0x1a, 0x17, 0xff, 0x00, 0x00, 0x00, 0x00,
    0x00, 0x00, 0x00, 0x00, 0x21, 0x2e, 0x1e, 0xf3, 0x40, 0x83, 0x67, 0xff, 0x1f, 0x46, 0x53, 0xff,
    0x22, 0x4a, 0x51, 0xff, 0x1e, 0x3f, 0x3e, 0xff, 0x0c, 0x0e, 0x0d, 0xff, 0x0d, 0x13, 0x0c, 0xff,
    0x1f, 0x41, 0x2c, 0xff, 0x27, 0x51, 0x35, 0xff, 0x25, 0x51, 0x3b, 0xff, 0x23, 0x4e, 0x3b, 0xff,
    0x1f, 0x47, 0x2b, 0xff, 0x21, 0x49, 0x2c, 0xff, 0x24, 0x50, 0x3d, 0xff, 0x24, 0x4f, 0x3c, 0xff,
    0x26, 0x54, 0x36, 0xff, 0x17, 0x2b, 0x1f, 0xff, 0x17, 0x28, 0x1b, 0xff, 0x24, 0x4e, 0x41, 0xff,
    0x26, 0x58, 0x5e, 0xff, 0x25, 0x57, 0x5c, 0xff, 0x26, 0x57, 0x5d, 0xff, 0x26, 0x58, 0x5d, 0xff,
    0x26, 0x57, 0x5d, 0xff, 0x26, 0x56, 0x5c, 0xff, 0x24, 0x56, 0x5c, 0xff, 0x25, 0x56, 0x5c, 0xff,
    0x28, 0x58, 0x5d, 0xff, 0x29, 0x59, 0x5e, 0xff, 0x28, 0x59, 0x5f, 0xff, 0x26, 0x53, 0x56, 0xff,
    0x20, 0x49, 0x31, 0xff, 0x1d, 0x38, 0x27, 0xff, 0x0f, 0x15, 0x10, 0xff, 0x2b, 0x5f, 0x41, 0xff,
    0x2f, 0x61, 0x42, 0xff, 0x22, 0x4a, 0x39, 0xff, 0x25, 0x50, 0x3f, 0xff, 0x22, 0x4d, 0x3b, 0xff,
    0x1f, 0x47, 0x2e, 0xff, 0x20, 0x46, 0x2f, 0xff, 0x22, 0x49, 0x31, 0xff, 0x20, 0x42, 0x2f, 0xff,
    0x15, 0x25, 0x1c, 0xff, 0x09, 0x09, 0x07, 0xff, 0x1a, 0x33, 0x38, 0xff, 0x21, 0x4d, 0x54, 0xff,
    0x22, 0x4b, 0x52, 0xff, 0x21, 0x4d, 0x52, 0xff, 0x17, 0x1a, 0x17, 0xff, 0x00, 0x00, 0x00, 0x00,
    0x00, 0x00, 0x00, 0x00, 0x1f, 0x2c, 0x1e, 0xf3, 0x42, 0x84, 0x69, 0xff, 0x1f, 0x47, 0x52, 0xff,
    0x22, 0x4b, 0x51, 0xff, 0x1e, 0x3f, 0x3f, 0xff, 0x0d, 0x14, 0x12, 0xff, 0x0f, 0x17, 0x12, 0xff,
    0x12, 0x1d, 0x16, 0xff, 0x0e, 0x16, 0x0e, 0xff, 0x0f, 0x1a, 0x10, 0xff, 0x10, 0x1c, 0x11, 0xff,
    0x10, 0x1d, 0x13, 0xff, 0x12, 0x1e, 0x14, 0xff, 0x12, 0x1f, 0x12, 0xff, 0x12, 0x20, 0x13, 0xff,
    0x12, 0x1f, 0x15, 0xff, 0x10, 0x1d, 0x15, 0xff, 0x1e, 0x3c, 0x28, 0xff, 0x24, 0x50, 0x4c, 0xff,
    0x27, 0x5a, 0x62, 0xff, 0x26, 0x58, 0x5d, 0xff, 0x26, 0x58, 0x5e, 0xff, 0x27, 0x58, 0x5e, 0xff,
    0x27, 0x57, 0x5d, 0xff, 0x27, 0x57, 0x5d, 0xff, 0x26, 0x56, 0x5c, 0xff, 0x25, 0x55, 0x5b, 0xff,
    0x27, 0x57, 0x5d, 0xff, 0x29, 0x59, 0x5e, 0xff, 0x29, 0x59, 0x5d, 0xff, 0x27, 0x58, 0x5e, 0xff,
    0x21, 0x4a, 0x3a, 0xff, 0x21, 0x49, 0x30, 0xff, 0x13, 0x26, 0x1b, 0xff, 0x0e, 0x18, 0x12, 0xff,
    0x12, 0x1f, 0x16, 0xff, 0x12, 0x1f, 0x15, 0xff, 0x12, 0x1e, 0x13, 0xff, 0x11, 0x1e, 0x13, 0xff,
    0x11, 0x1e, 0x16, 0xff, 0x11, 0x1e, 0x17, 0xff, 0x12, 0x20, 0x18, 0xff, 0x0e, 0x17, 0x13, 0xff,
    0x1d, 0x3b, 0x33, 0xff, 0x0f, 0x1b, 0x15, 0xff, 0x1a, 0x2f, 0x34, 0xff, 0x21, 0x47, 0x4f, 0xff,
    0x22, 0x4a, 0x52, 0xff, 0x1f, 0x4c, 0x51, 0xff, 0x16, 0x19, 0x16, 0xff, 0x00, 0x00, 0x00, 0x00,
    0x00, 0x00, 0x00, 0x00, 0x20, 0x2c, 0x1d, 0xf3, 0x44, 0x84, 0x68, 0xff, 0x20, 0x46, 0x52, 0xff,
    0x22, 0x4a, 0x50, 0xff, 0x1e, 0x3e, 0x3f, 0xff, 0x0f, 0x16, 0x15, 0xff, 0x20, 0x43, 0x33, 0xff,
    0x19, 0x39, 0x2b, 0xff, 0x2e, 0x5a, 0x41, 0xff, 0x48, 0x91, 0x69, 0xff, 0x43, 0x88, 0x61, 0xff,
    0x43, 0x84, 0x60, 0xff, 0x43, 0x84, 0x60, 0xff, 0x42, 0x83, 0x60, 0xff, 0x41, 0x84, 0x60, 0xff,
    0x3a, 0x76, 0x56, 0xff, 0x12, 0x20, 0x18, 0xff, 0x20, 0x3e, 0x2a, 0xff, 0x23, 0x4a, 0x3c, 0xff,
    0x23, 0x56, 0x5b, 0xff, 0x26, 0x58, 0x60, 0xff, 0x27, 0x59, 0x5e, 0xff, 0x27, 0x59, 0x5f, 0xff,
    0x27, 0x57, 0x5d, 0xff, 0x25, 0x56, 0x5c, 0xff, 0x26, 0x56, 0x5c, 0xff, 0x26, 0x56, 0x5c, 0xff,
    0x26, 0x56, 0x5c, 0xff, 0x28, 0x57, 0x5d, 0xff, 0x29, 0x58, 0x5e, 0xff, 0x28, 0x59, 0x60, 0xff,
    0x22, 0x4a, 0x3a, 0xff, 0x23, 0x49, 0x32, 0xff, 0x0f, 0x18, 0x13, 0xff, 0x2f, 0x5f, 0x45, 0xff,
    0x40, 0x81, 0x5d, 0xff, 0x3e, 0x7c, 0x58, 0xff, 0x3e, 0x7d, 0x5b, 0xff, 0x3d, 0x7c, 0x5a, 0xff,
    0x3e, 0x7b, 0x59, 0xff, 0x3a, 0x77, 0x54, 0xff, 0x24, 0x4c, 0x33, 0xff, 0x19, 0x36, 0x29, 0xff,
    0x22, 0x4a, 0x3d, 0xff, 0x0c, 0x17, 0x11, 0xff, 0x19, 0x2d, 0x33, 0xff, 0x22, 0x46, 0x4e, 0xff,
    0x22, 0x4a, 0x52, 0xff, 0x20, 0x4c, 0x51, 0xff, 0x16, 0x1a, 0x17, 0xfe, 0x00, 0x00, 0x00, 0x00,
    0x00, 0x00, 0x00, 0x00, 0x21, 0x2d, 0x1f, 0xf1, 0x43, 0x82, 0x68, 0xff, 0x1e, 0x47, 0x53, 0xff,
    0x24, 0x4f, 0x57, 0xff, 0x1b, 0x3a, 0x3a, 0xff, 0x0a, 0x0f, 0x0e, 0xff, 0x22, 0x48, 0x35, 0xff,
    0x4c, 0xa7, 0x79, 0xff, 0x4d, 0xa9, 0x78, 0xff, 0x4c, 0xa8, 0x77, 0xff, 0x39, 0x7f, 0x5e, 0xff,
    0x27, 0x58, 0x45, 0xff, 0x29, 0x5d, 0x49, 0xff, 0x28, 0x59, 0x44, 0xff, 0x28, 0x58, 0x43, 0xff,
    0x27, 0x56, 0x3e, 0xff, 0x19, 0x34, 0x23, 0xff, 0x12, 0x1b, 0x14, 0xff, 0x22, 0x44, 0x2c, 0xff,
    0x20, 0x49, 0x3c, 0xff, 0x25, 0x53, 0x56, 0xff, 0x26, 0x59, 0x5f, 0xff, 0x27, 0x58, 0x5d, 0xff,
    0x28, 0x58, 0x5e, 0xff, 0x27, 0x57, 0x5d, 0xff, 0x27, 0x57, 0x5d, 0xff, 0x28, 0x57, 0x5d, 0xff,
    0x29, 0x57, 0x5d, 0xff, 0x29, 0x58, 0x5e, 0xff, 0x28, 0x59, 0x60, 0xff, 0x26, 0x4e, 0x43, 0xff,
    0x25, 0x4d, 0x31, 0xff, 0x17, 0x29, 0x1f, 0xff, 0x18, 0x2f, 0x20, 0xff, 0x27, 0x53, 0x39, 0xff,
    0x25, 0x55, 0x3e, 0xff, 0x27, 0x57, 0x43, 0xff, 0x27, 0x58, 0x45, 0xff, 0x27, 0x58, 0x46, 0xff,
    0x27, 0x57, 0x44, 0xff, 0x23, 0x52, 0x3f, 0xff, 0x21, 0x4c, 0x3d, 0xff, 0x1f, 0x47, 0x38, 0xff,
    0x1f, 0x44, 0x38, 0xff, 0x0e, 0x18, 0x13, 0xff, 0x16, 0x26, 0x2c, 0xff, 0x1f, 0x43, 0x4d, 0xff,
    0x21, 0x4a, 0x52, 0xff, 0x23, 0x4f, 0x53, 0xff, 0x17, 0x1a, 0x17, 0xff, 0x00, 0x00, 0x00, 0x00,
    0x00, 0x00, 0x00, 0x00, 0x22, 0x2f, 0x21, 0xfb, 0x4c, 0x92, 0x75, 0xff, 0x1f, 0x44, 0x4f, 0xff,
    0x1a, 0x32, 0x36, 0xff, 0x0c, 0x17, 0x18, 0xff, 0x06, 0x07, 0x06, 0xff, 0x28, 0x56, 0x3e, 0xff,
    0x47, 0x9d, 0x77, 0xff, 0x2c, 0x65, 0x5e, 0xff, 0x25, 0x57, 0x5c, 0xff, 0x24, 0x55, 0x5b, 0xff,
    0x23, 0x52, 0x5a, 0xff, 0x25, 0x54, 0x5c, 0xff, 0x24, 0x53, 0x5a, 0xff, 0x24, 0x53, 0x5b, 0xff,
    0x21, 0x4c, 0x49, 0xff, 0x23, 0x48, 0x2e, 0xff, 0x1a, 0x2f, 0x21, 0xff, 0x16, 0x2a, 0x1e, 0xff,
    0x22, 0x4a, 0x32, 0xff, 0x1e, 0x43, 0x2f, 0xff, 0x23, 0x50, 0x4b, 0xff, 0x29, 0x5a, 0x62, 0xff,
    0x28, 0x59, 0x5f, 0xff, 0x28, 0x58, 0x5e, 0xff, 0x27, 0x58, 0x5e, 0xff, 0x27, 0x58, 0x5e, 0xff,
    0x28, 0x58, 0x5e, 0xff, 0x26, 0x54, 0x54, 0xff, 0x24, 0x4d, 0x42, 0xff, 0x25, 0x4c, 0x33, 0xff,
    0x1b, 0x30, 0x22, 0xff, 0x15, 0x25, 0x1a, 0xff, 0x21, 0x49, 0x2d, 0xff, 0x1f, 0x49, 0x3b, 0xff,
    0x24, 0x54, 0x5a, 0xff, 0x25, 0x57, 0x5f, 0xff, 0x26, 0x57, 0x5f, 0xff, 0x25, 0x56, 0x5e, 0xff,
    0x24, 0x55, 0x5d, 0xff, 0x24, 0x56, 0x5d, 0xff, 0x25, 0x59, 0x62, 0xff, 0x21, 0x4e, 0x50, 0xff,
    0x1e, 0x41, 0x37, 0xff, 0x11, 0x1b, 0x17, 0xff, 0x0e, 0x17, 0x15, 0xff, 0x12, 0x1e, 0x21, 0xff,
    0x1d, 0x3a, 0x43, 0xff, 0x21, 0x48, 0x4c, 0xff, 0x1c, 0x1e, 0x1a, 0xee, 0x00, 0x00, 0x00, 0x00,
    0x00, 0x00, 0x00, 0x00, 0x23, 0x2c, 0x23, 0xcf, 0x29, 0x43, 0x33, 0xff, 0x08, 0x0c, 0x0d, 0xff,
    0x14, 0x21, 0x1f, 0xff, 0x1f, 0x49, 0x4a, 0xff, 0x0e, 0x17, 0x16, 0xff, 0x24, 0x47, 0x30, 0xff,
    0x29, 0x5d, 0x50, 0xff, 0x22, 0x51, 0x5b, 0xff, 0x25, 0x57, 0x5d, 0xff, 0x25, 0x57, 0x5d, 0xff,
    0x25, 0x58, 0x5d, 0xff, 0x25, 0x58, 0x5d, 0xff, 0x26, 0x58, 0x5e, 0xff, 0x28, 0x59, 0x5e, 0xff,
    0x28, 0x59, 0x5f, 0xff, 0x23, 0x4b, 0x3f, 0xff, 0x25, 0x47, 0x2e, 0xff, 0x19, 0x29, 0x1f, 0xff,
    0x1a, 0x2e, 0x21, 0xff, 0x22, 0x4b, 0x32, 0xff, 0x20, 0x4a, 0x33, 0xff, 0x24, 0x4f, 0x3c, 0xff,
    0x27, 0x4f, 0x3d, 0xff, 0x27, 0x4f, 0x3f, 0xff, 0x26, 0x4f, 0x3e, 0xff, 0x25, 0x4e, 0x3d, 0xff,
    0x25, 0x4e, 0x3e, 0xff, 0x25, 0x4a, 0x35, 0xff, 0x27, 0x4b, 0x34, 0xff, 0x1f, 0x3a, 0x2b, 0xff,
    0x11, 0x1b, 0x14, 0xff, 0x23, 0x46, 0x2e, 0xff, 0x23, 0x4b, 0x3c, 0xff, 0x24, 0x57, 0x5e, 0xff,
    0x26, 0x59, 0x60, 0xff, 0x28, 0x5a, 0x5f, 0xff, 0x27, 0x59, 0x5f, 0xff, 0x27, 0x59, 0x5e, 0xff,
    0x27, 0x59, 0x5f, 0xff, 0x28, 0x59, 0x5e, 0xff, 0x27, 0x58, 0x5e, 0xff, 0x24, 0x51, 0x56, 0xff,
    0x13, 0x27, 0x26, 0xff, 0x0c, 0x11, 0x0e, 0xff, 0x22, 0x4d, 0x48, 0xff, 0x18, 0x2f, 0x2d, 0xff,
    0x13, 0x25, 0x1e, 0xfd, 0x15, 0x20, 0x1a, 0xff, 0x17, 0x0e, 0x0e, 0x57, 0x00, 0x00, 0x00, 0x00,
    0x00, 0x00, 0x00, 0x00, 0x22, 0x18, 0x1b, 0x4a, 0x16, 0x1c, 0x14, 0xfd, 0x34, 0x64, 0x52, 0xfd,
    0x29, 0x5d, 0x5d, 0xff, 0x27, 0x5b, 0x5f, 0xff, 0x0e, 0x19, 0x19, 0xff, 0x19, 0x2f, 0x1d, 0xff,
    0x24, 0x4e, 0x40, 0xff, 0x25, 0x58, 0x5e, 0xff, 0x25, 0x58, 0x5d, 0xff, 0x25, 0x57, 0x5d, 0xff,
    0x25, 0x57, 0x5c, 0xff, 0x26, 0x57, 0x5d, 0xff, 0x26, 0x58, 0x5e, 0xff, 0x27, 0x59, 0x5f, 0xff,
    0x29, 0x59, 0x5e, 0xff, 0x27, 0x56, 0x59, 0xff, 0x21, 0x49, 0x35, 0xff, 0x24, 0x4a, 0x32, 0xff,
    0x0e, 0x13, 0x0f, 0xff, 0x11, 0x1c, 0x16, 0xff, 0x12, 0x1f, 0x17, 0xff, 0x12, 0x1d, 0x12, 0xff,
    0x12, 0x1e, 0x14, 0xff, 0x14, 0x1e, 0x16, 0xff, 0x14, 0x1d, 0x15, 0xff, 0x14, 0x1e, 0x15, 0xff,
    0x13, 0x1d, 0x14, 0xff, 0x15, 0x20, 0x18, 0xff, 0x16, 0x23, 0x1c, 0xff, 0x11, 0x19, 0x14, 0xff,
    0x23, 0x45, 0x2b, 0xff, 0x22, 0x47, 0x35, 0xff, 0x24, 0x53, 0x54, 0xff, 0x26, 0x58, 0x5f, 0xff,
    0x26, 0x59, 0x5e, 0xff, 0x28, 0x5a, 0x60, 0xff, 0x28, 0x5a, 0x60, 0xff, 0x29, 0x59, 0x5f, 0xff,
    0x28, 0x59, 0x5f, 0xff, 0x28, 0x57, 0x5d, 0xff, 0x27, 0x57, 0x5d, 0xff, 0x22, 0x4c, 0x53, 0xff,
    0x13, 0x22, 0x25, 0xff, 0x09, 0x0b, 0x08, 0xff, 0x1f, 0x4a, 0x46, 0xff, 0x24, 0x53, 0x5a, 0xff,
    0x47, 0x99, 0x74, 0xfd, 0x23, 0x40, 0x2b, 0xfd, 0x00, 0x00, 0x00, 0x4c, 0x00, 0x00, 0x00, 0x00,
    0x00, 0x00, 0x00, 0x00, 0x14, 0x02, 0x08, 0x56, 0x2f, 0x47, 0x35, 0xff, 0x63, 0xc0, 0x8e, 0xfd,
    0x2f, 0x67, 0x5c, 0xff, 0x1f, 0x4f, 0x56, 0xff, 0x1b, 0x3e, 0x3f, 0xff, 0x12, 0x1c, 0x18, 0xff,
    0x1e, 0x3e, 0x27, 0xff, 0x23, 0x53, 0x4d, 0xff, 0x26, 0x58, 0x5f, 0xff, 0x25, 0x57, 0x5d, 0xff,
    0x25, 0x57, 0x5d, 0xff, 0x28, 0x57, 0x5d, 0xff, 0x27, 0x57, 0x5d, 0xff, 0x27, 0x58, 0x5d, 0xff,
    0x28, 0x58, 0x5e, 0xff, 0x27, 0x57, 0x5b, 0xff, 0x21, 0x4c, 0x36, 0xff, 0x1c, 0x3c, 0x26, 0xff,
    0x17, 0x26, 0x1f, 0xff, 0x3b, 0x7b, 0x5c, 0xff, 0x39, 0x74, 0x58, 0xff, 0x3a, 0x78, 0x59, 0xff,
    0x38, 0x78, 0x58, 0xff, 0x39, 0x77, 0x58, 0xff, 0x3c, 0x79, 0x59, 0xff, 0x3e, 0x79, 0x5b, 0xff,
    0x40, 0x7b, 0x5e, 0xff, 0x3a, 0x6e, 0x56, 0xff, 0x31, 0x5a, 0x4d, 0xff, 0x13, 0x21, 0x1c, 0xff,
    0x23, 0x40, 0x2a, 0xff, 0x24, 0x49, 0x36, 0xff, 0x23, 0x55, 0x5a, 0xff, 0x26, 0x58, 0x5e, 0xff,
    0x28, 0x5a, 0x5f, 0xff, 0x28, 0x5a, 0x60, 0xff, 0x29, 0x59, 0x5f, 0xff, 0x27, 0x58, 0x5e, 0xff,
    0x28, 0x58, 0x5e, 0xff, 0x26, 0x58, 0x5d, 0xff, 0x27, 0x56, 0x5d, 0xff, 0x1e, 0x3d, 0x44, 0xff,
    0x0f, 0x16, 0x16, 0xff, 0x15, 0x2f, 0x26, 0xff, 0x20, 0x4c, 0x4c, 0xff, 0x23, 0x4f, 0x59, 0xff,
    0x4c, 0xa5, 0x80, 0xfd, 0x2a, 0x48, 0x33, 0xff, 0x08, 0x02, 0x05, 0x5a, 0x00, 0x00, 0x00, 0x00,
    0x00, 0x00, 0x00, 0x00, 0x33, 0x2a, 0x2a, 0x1e, 0x23, 0x26, 0x20, 0xae, 0x49, 0x88, 0x63, 0xfe,
    0x34, 0x74, 0x66, 0xfd, 0x1d, 0x49, 0x53, 0xff, 0x20, 0x4a, 0x4b, 0xff, 0x0c, 0x12, 0x13, 0xff,
    0x19, 0x34, 0x1f, 0xff, 0x1f, 0x48, 0x33, 0xff, 0x25, 0x57, 0x5e, 0xff, 0x25, 0x57, 0x5d, 0xff,
    0x26, 0x57, 0x5d, 0xff, 0x26, 0x56, 0x5c, 0xff, 0x27, 0x57, 0x5d, 0xff, 0x28, 0x58, 0x5c, 0xff,
    0x28, 0x58, 0x5f, 0xff, 0x21, 0x4c, 0x3d, 0xff, 0x24, 0x4b, 0x2f, 0xff, 0x12, 0x1e, 0x16, 0xff,
    0x1e, 0x36, 0x24, 0xff, 0x2d, 0x5f, 0x41, 0xff, 0x2a, 0x5d, 0x4b, 0xff, 0x2b, 0x5d, 0x4c, 0xff,
    0x2c, 0x5f, 0x4d, 0xff, 0x2c, 0x60, 0x4e, 0xff, 0x2c, 0x60, 0x4d, 0xff, 0x2d, 0x62, 0x50, 0xff,
    0x2f, 0x64, 0x52, 0xff, 0x2b, 0x5c, 0x4d, 0xff, 0x27, 0x53, 0x3d, 0xff, 0x1c, 0x35, 0x26, 0xff,
    0x10, 0x1a, 0x13, 0xff, 0x22, 0x48, 0x31, 0xff, 0x22, 0x4f, 0x48, 0xff, 0x26, 0x59, 0x60, 0xff,
    0x27, 0x59, 0x5f, 0xff, 0x28, 0x5a, 0x60, 0xff, 0x28, 0x59, 0x5f, 0xff, 0x26, 0x59, 0x5f, 0xff,
    0x26, 0x57, 0x5d, 0xff, 0x26, 0x58, 0x5d, 0xff, 0x22, 0x4f, 0x57, 0xff, 0x16, 0x2f, 0x37, 0xff,
    0x0f, 0x1b, 0x17, 0xff, 0x1e, 0x45, 0x38, 0xff, 0x1c, 0x41, 0x3b, 0xff, 0x24, 0x55, 0x5b, 0xfd,
    0x3e, 0x81, 0x6a, 0xfe, 0x24, 0x32, 0x24, 0xb7, 0x23, 0x11, 0x1d, 0x2b, 0x00, 0x00, 0x00, 0x00,
    0x00, 0x00, 0x00, 0x00, 0x00, 0x00, 0x00, 0x00, 0x00, 0x00, 0x00, 0x7a, 0x3c, 0x72, 0x53, 0xff,
    0x3b, 0x7c, 0x6a, 0xfb, 0x1d, 0x3d, 0x44, 0xff, 0x18, 0x31, 0x32, 0xff, 0x0e, 0x14, 0x15, 0xff,
    0x17, 0x2e, 0x1d, 0xff, 0x1f, 0x46, 0x2e, 0xff, 0x23, 0x53, 0x53, 0xff, 0x25, 0x56, 0x5c, 0xff,
    0x27, 0x56, 0x5b, 0xff, 0x27, 0x57, 0x5b, 0xff, 0x27, 0x57, 0x5b, 0xff, 0x27, 0x58, 0x5d, 0xff,
    0x24, 0x55, 0x5a, 0xff, 0x23, 0x4a, 0x34, 0xff, 0x19, 0x2d, 0x1e, 0xff, 0x1c, 0x2d, 0x20, 0xff,
    0x26, 0x48, 0x2f, 0xff, 0x22, 0x4d, 0x48, 0xff, 0x24, 0x54, 0x5e, 0xff, 0x23, 0x52, 0x5b, 0xff,
    0x23, 0x52, 0x5b, 0xff, 0x23, 0x53, 0x5b, 0xff, 0x22, 0x53, 0x5c, 0xff, 0x24, 0x54, 0x5c, 0xff,
    0x25, 0x54, 0x5b, 0xff, 0x26, 0x57, 0x61, 0xff, 0x23, 0x4a, 0x3e, 0xff, 0x25, 0x4a, 0x33, 0xff,
    0x14, 0x23, 0x1c, 0xff, 0x1a, 0x31, 0x21, 0xff, 0x22, 0x48, 0x2e, 0xff, 0x21, 0x4c, 0x42, 0xff,
    0x27, 0x59, 0x5f, 0xff, 0x27, 0x59, 0x5f, 0xff, 0x27, 0x59, 0x5f, 0xff, 0x27, 0x59, 0x5e, 0xff,
    0x25, 0x57, 0x5d, 0xff, 0x25, 0x56, 0x5b, 0xff, 0x20, 0x49, 0x49, 0xff, 0x12, 0x24, 0x25, 0xff,
    0x0a, 0x0e, 0x0b, 0xff, 0x18, 0x33, 0x28, 0xff, 0x1c, 0x3f, 0x35, 0xff, 0x24, 0x59, 0x5e, 0xfb,
    0x39, 0x6c, 0x62, 0xff, 0x08, 0x00, 0x00, 0x78, 0x00, 0x00, 0x00, 0x00, 0x00, 0x00, 0x00, 0x00,
    0x00, 0x00, 0x00, 0x00, 0x00, 0xff, 0xff, 0x01, 0x12, 0x0d, 0x0b, 0x71, 0x2c, 0x52, 0x3d, 0xf8,
    0x25, 0x51, 0x47, 0xfc, 0x0e, 0x16, 0x19, 0xff, 0x13, 0x24, 0x26, 0xff, 0x1c, 0x3c, 0x3e, 0xff,
    0x12, 0x1b, 0x16, 0xff, 0x1f, 0x44, 0x2a, 0xff, 0x20, 0x46, 0x31, 0xff, 0x25, 0x56, 0x57, 0xff,
    0x26, 0x57, 0x5d, 0xff, 0x26, 0x58, 0x5f, 0xff, 0x27, 0x59, 0x61, 0xff, 0x26, 0x54, 0x54, 0xff,
    0x1e, 0x46, 0x32, 0xff, 0x23, 0x48, 0x2f, 0xff, 0x11, 0x1b, 0x14, 0xff, 0x20, 0x3b, 0x23, 0xff,
    0x26, 0x51, 0x43, 0xff, 0x27, 0x59, 0x62, 0xff, 0x26, 0x58, 0x5d, 0xff, 0x26, 0x58, 0x5e, 0xff,
    0x25, 0x57, 0x5d, 0xff, 0x24, 0x57, 0x5c, 0xff, 0x26, 0x58, 0x5e, 0xff, 0x28, 0x59, 0x5f, 0xff,
    0x29, 0x59, 0x5e, 0xff, 0x29, 0x5a, 0x60, 0xff, 0x24, 0x52, 0x4f, 0xff, 0x20, 0x47, 0x30, 0xff,
    0x22, 0x47, 0x31, 0xff, 0x15, 0x21, 0x19, 0xff, 0x19, 0x2f, 0x20, 0xff, 0x1e, 0x41, 0x2b, 0xff,
    0x24, 0x56, 0x57, 0xff, 0x26, 0x59, 0x62, 0xff, 0x25, 0x59, 0x60, 0xff, 0x26, 0x5a, 0x61, 0xff,
    0x28, 0x5b, 0x63, 0xff, 0x23, 0x4d, 0x43, 0xff, 0x21, 0x45, 0x32, 0xff, 0x0b, 0x11, 0x0d, 0xff,
    0x15, 0x2d, 0x2c, 0xff, 0x0e, 0x15, 0x13, 0xff, 0x0e, 0x19, 0x14, 0xff, 0x20, 0x51, 0x4d, 0xfb,
    0x3c, 0x6b, 0x5f, 0xfe, 0x24, 0x20, 0x1e, 0x8c, 0x00, 0x00, 0x00, 0x02, 0x00, 0x00, 0x00, 0x00,
    0x00, 0x00, 0x00, 0x00, 0x00, 0x00, 0x00, 0x00, 0x6a, 0x7f, 0x6a, 0x0c, 0x09, 0x07, 0x07, 0xf3,
    0x17, 0x23, 0x1b, 0xff, 0x20, 0x3c, 0x38, 0xfd, 0x23, 0x50, 0x58, 0xff, 0x1e, 0x4a, 0x50, 0xff,
    0x11, 0x1b, 0x19, 0xff, 0x1d, 0x3c, 0x27, 0xff, 0x22, 0x44, 0x2d, 0xff, 0x20, 0x46, 0x35, 0xff,
    0x21, 0x4e, 0x3d, 0xff, 0x25, 0x54, 0x4a, 0xff, 0x24, 0x54, 0x4a, 0xff, 0x24, 0x4d, 0x38, 0xff,
    0x24, 0x4f, 0x33, 0xff, 0x1a, 0x34, 0x23, 0xff, 0x19, 0x2c, 0x20, 0xff, 0x24, 0x50, 0x3e, 0xff,
    0x24, 0x55, 0x58, 0xff, 0x26, 0x58, 0x5e, 0xff, 0x27, 0x59, 0x5f, 0xff, 0x27, 0x59, 0x5f, 0xff,
    0x28, 0x59, 0x5f, 0xff, 0x27, 0x58, 0x5e, 0xff, 0x28, 0x58, 0x5e, 0xff, 0x29, 0x59, 0x5f, 0xff,
    0x29, 0x59, 0x5f, 0xff, 0x27, 0x57, 0x5d, 0xff, 0x26, 0x57, 0x5e, 0xff, 0x23, 0x4e, 0x49, 0xff,
    0x22, 0x48, 0x32, 0xff, 0x22, 0x44, 0x31, 0xff, 0x0d, 0x12, 0x0d, 0xff, 0x20, 0x42, 0x2e, 0xff,
    0x25, 0x4e, 0x3c, 0xff, 0x23, 0x4c, 0x3e, 0xff, 0x23, 0x4b, 0x3d, 0xff, 0x21, 0x4a, 0x3d, 0xff,
    0x22, 0x4b, 0x3d, 0xff, 0x22, 0x47, 0x33, 0xff, 0x1c, 0x3a, 0x29, 0xff, 0x0c, 0x11, 0x0f, 0xff,
    0x1c, 0x3e, 0x3c, 0xff, 0x21, 0x4b, 0x4d, 0xff, 0x12, 0x24, 0x24, 0xfd, 0x10, 0x19, 0x13, 0xff,
    0x16, 0x1d, 0x19, 0xe4, 0x4d, 0x42, 0x42, 0x17, 0x00, 0x00, 0x00, 0x00, 0x00, 0x00, 0x00, 0x00,
    0x00, 0x00, 0x00, 0x00, 0x00, 0x00, 0x00, 0x00, 0x73, 0x8b, 0x8b, 0x0b, 0x13, 0x0a, 0x0d, 0xab,
    0x45, 0x77, 0x4f, 0xfb, 0x43, 0x8a, 0x70, 0xfe, 0x1b, 0x41, 0x4d, 0xff, 0x22, 0x4e, 0x54, 0xff,
    0x1a, 0x35, 0x3b, 0xff, 0x10, 0x1a, 0x14, 0xff, 0x21, 0x42, 0x2c, 0xff, 0x1e, 0x3b, 0x27, 0xff,
    0x15, 0x2a, 0x1b, 0xff, 0x12, 0x21, 0x13, 0xff, 0x13, 0x21, 0x14, 0xff, 0x13, 0x23, 0x18, 0xff,
    0x14, 0x26, 0x1b, 0xff, 0x07, 0x03, 0x02, 0xff, 0x1a, 0x30, 0x20, 0xff, 0x26, 0x57, 0x48, 0xff,
    0x25, 0x55, 0x59, 0xff, 0x26, 0x58, 0x5f, 0xff, 0x28, 0x59, 0x5f, 0xff, 0x29, 0x5a, 0x5f, 0xff,
    0x29, 0x59, 0x5f, 0xff, 0x29, 0x59, 0x5f, 0xff, 0x28, 0x58, 0x5e, 0xff, 0x28, 0x58, 0x5e, 0xff,
    0x29, 0x58, 0x5e, 0xff, 0x28, 0x57, 0x5d, 0xff, 0x27, 0x57, 0x5f, 0xff, 0x24, 0x4f, 0x4b, 0xff,
    0x21, 0x49, 0x32, 0xff, 0x22, 0x43, 0x30, 0xff, 0x09, 0x07, 0x06, 0xff, 0x0b, 0x0e, 0x0a, 0xff,
    0x11, 0x1c, 0x11, 0xff, 0x11, 0x1b, 0x10, 0xff, 0x16, 0x26, 0x19, 0xff, 0x18, 0x2f, 0x1f, 0xff,
    0x1a, 0x38, 0x24, 0xff, 0x21, 0x45, 0x30, 0xff, 0x10, 0x1a, 0x14, 0xff, 0x1a, 0x34, 0x33, 0xff,
    0x1c, 0x3e, 0x3c, 0xff, 0x23, 0x4e, 0x55, 0xff, 0x27, 0x5a, 0x61, 0xfd, 0x13, 0x22, 0x21, 0xfe,
    0x0c, 0x05, 0x02, 0xe9, 0xbf, 0xff, 0xff, 0x04, 0x00, 0x00, 0x00, 0x00, 0x00, 0x00, 0x00, 0x00,
    0x00, 0x00, 0x00, 0x00, 0x00, 0x00, 0x00, 0x02, 0x00, 0x00, 0x00, 0x00, 0x0c, 0x0c, 0x0c, 0x15,
    0x28, 0x42, 0x2b, 0xff, 0x49, 0x96, 0x73, 0xff, 0x20, 0x4a, 0x54, 0xfe, 0x21, 0x4a, 0x52, 0xff,
    0x1b, 0x41, 0x47, 0xff, 0x11, 0x23, 0x23, 0xff, 0x0f, 0x1f, 0x13, 0xff, 0x1e, 0x33, 0x25, 0xff,
    0x31, 0x59, 0x40, 0xff, 0x2f, 0x5b, 0x43, 0xff, 0x31, 0x61, 0x45, 0xff, 0x32, 0x61, 0x45, 0xff,
    0x2e, 0x57, 0x41, 0xff, 0x1e, 0x41, 0x36, 0xff, 0x17, 0x25, 0x1d, 0xff, 0x1f, 0x3d, 0x26, 0xff,
    0x25, 0x4d, 0x3c, 0xff, 0x25, 0x57, 0x5b, 0xff, 0x27, 0x5a, 0x61, 0xff, 0x28, 0x59, 0x5e, 0xff,
    0x29, 0x5a, 0x5f, 0xff, 0x29, 0x59, 0x5f, 0xff, 0x29, 0x58, 0x5e, 0xff, 0x27, 0x58, 0x5d, 0xff,
    0x27, 0x58, 0x5d, 0xff, 0x27, 0x59, 0x60, 0xff, 0x25, 0x51, 0x4e, 0xff, 0x22, 0x48, 0x32, 0xff,
    0x1e, 0x3b, 0x29, 0xff, 0x13, 0x20, 0x18, 0xff, 0x2c, 0x54, 0x3c, 0xff, 0x3b, 0x76, 0x53, 0xff,
    0x3b, 0x75, 0x55, 0xff, 0x41, 0x7e, 0x5f, 0xff, 0x30, 0x5a, 0x42, 0xff, 0x1b, 0x35, 0x24, 0xff,
    0x19, 0x2a, 0x20, 0xff, 0x0f, 0x1d, 0x14, 0xff, 0x11, 0x1b, 0x18, 0xff, 0x23, 0x47, 0x45, 0xff,
    0x1f, 0x3f, 0x41, 0xff, 0x23, 0x4f, 0x55, 0xff, 0x27, 0x5a, 0x61, 0xfd, 0x18, 0x32, 0x33, 0xff,
    0x1a, 0x13, 0x0f, 0xb9, 0xcc, 0xff, 0xff, 0x05, 0x00, 0x00, 0x00, 0x01, 0x00, 0x00, 0x00, 0x00,
    0x00, 0x00, 0x00, 0x00, 0x00, 0x00, 0x00, 0x02, 0x00, 0x00, 0x00, 0x01, 0x1c, 0x25, 0x25, 0x1b,
    0x19, 0x1b, 0x17, 0xdc, 0x44, 0x85, 0x62, 0xfe, 0x32, 0x6d, 0x64, 0xfd, 0x20, 0x46, 0x53, 0xff,
    0x1e, 0x45, 0x49, 0xff, 0x0b, 0x12, 0x12, 0xff, 0x12, 0x1f, 0x17, 0xff, 0x37, 0x75, 0x59, 0xff,
    0x48, 0x9a, 0x73, 0xff, 0x50, 0xb0, 0x7f, 0xff, 0x45, 0x9a, 0x75, 0xff, 0x41, 0x8d, 0x6e, 0xff,
    0x2e, 0x67, 0x5c, 0xff, 0x29, 0x62, 0x5d, 0xff, 0x23, 0x4b, 0x45, 0xff, 0x13, 0x1f, 0x19, 0xff,
    0x21, 0x42, 0x30, 0xff, 0x22, 0x4b, 0x3b, 0xff, 0x26, 0x56, 0x57, 0xff, 0x28, 0x5b, 0x64, 0xff,
    0x26, 0x5a, 0x60, 0xff, 0x27, 0x59, 0x60, 0xff, 0x28, 0x59, 0x60, 0xff, 0x26, 0x58, 0x60, 0xff,
    0x25, 0x58, 0x5f, 0xff, 0x24, 0x58, 0x5b, 0xff, 0x22, 0x4b, 0x3b, 0xff, 0x20, 0x41, 0x2e, 0xff,
    0x14, 0x1f, 0x18, 0xff, 0x27, 0x4d, 0x3f, 0xff, 0x36, 0x76, 0x5e, 0xff, 0x43, 0x93, 0x73, 0xff,
    0x43, 0x90, 0x72, 0xff, 0x43, 0x90, 0x75, 0xff, 0x47, 0x96, 0x7a, 0xff, 0x3a, 0x83, 0x6b, 0xff,
    0x30, 0x6e, 0x58, 0xff, 0x12, 0x1e, 0x17, 0xff, 0x0b, 0x11, 0x12, 0xff, 0x17, 0x2a, 0x29, 0xff,
    0x1e, 0x3f, 0x42, 0xff, 0x24, 0x50, 0x57, 0xfe, 0x27, 0x58, 0x5e, 0xfc, 0x1d, 0x2f, 0x30, 0xe2,
    0x2c, 0x21, 0x21, 0x2e, 0x00, 0x00, 0x00, 0x01, 0x00, 0x00, 0x00, 0x02, 0x00, 0x00, 0x00, 0x00,
    0x00, 0x00, 0x00, 0x00, 0x00, 0x00, 0x00, 0x00, 0x00, 0x00, 0x00, 0x03, 0x00, 0x00, 0x00, 0x00,
    0x0e, 0x07, 0x0a, 0x46, 0x23, 0x3a, 0x2c, 0xff, 0x36, 0x77, 0x72, 0xfb, 0x1f, 0x3b, 0x4a, 0xff,
    0x12, 0x1b, 0x1b, 0xff, 0x1c, 0x3b, 0x42, 0xff, 0x16, 0x29, 0x2d, 0xff, 0x10, 0x1a, 0x1b, 0xff,
    0x1c, 0x3f, 0x47, 0xff, 0x27, 0x54, 0x56, 0xff, 0x21, 0x4d, 0x56, 0xff, 0x20, 0x4c, 0x54, 0xff,
    0x23, 0x50, 0x57, 0xff, 0x24, 0x52, 0x58, 0xff, 0x26, 0x57, 0x5a, 0xff, 0x1d, 0x3c, 0x33, 0xff,
    0x10, 0x1d, 0x15, 0xff, 0x1e, 0x41, 0x2f, 0xff, 0x1f, 0x48, 0x39, 0xff, 0x21, 0x4d, 0x48, 0xff,
    0x26, 0x55, 0x55, 0xff, 0x26, 0x56, 0x57, 0xff, 0x24, 0x54, 0x54, 0xff, 0x25, 0x54, 0x53, 0xff,
    0x24, 0x52, 0x4f, 0xff, 0x20, 0x48, 0x34, 0xff, 0x24, 0x4a, 0x35, 0xff, 0x12, 0x1f, 0x18, 0xff,
    0x1a, 0x34, 0x23, 0xff, 0x26, 0x54, 0x4e, 0xff, 0x23, 0x52, 0x5c, 0xff, 0x20, 0x4f, 0x58, 0xff,
    0x21, 0x4e, 0x57, 0xff, 0x22, 0x4f, 0x58, 0xff, 0x21, 0x4f, 0x59, 0xff, 0x25, 0x50, 0x5d, 0xff,
    0x18, 0x29, 0x28, 0xff, 0x12, 0x22, 0x25, 0xff, 0x21, 0x4a, 0x53, 0xff, 0x1a, 0x30, 0x33, 0xff,
    0x16, 0x25, 0x24, 0xff, 0x21, 0x4c, 0x54, 0xfa, 0x1e, 0x43, 0x4a, 0xff, 0x1b, 0x15, 0x12, 0x8d,
    0x00, 0x00, 0x00, 0x00, 0x00, 0x00, 0x00, 0x05, 0x00, 0x00, 0x00, 0x00, 0x00, 0x00, 0x00, 0x00,
    0x00, 0x00, 0x00, 0x00, 0x00, 0x00, 0x00, 0x00, 0x00, 0x00, 0x00, 0x00, 0x00, 0x00, 0x00, 0x01,
    0x7f, 0x7f, 0x7f, 0x06, 0x22, 0x27, 0x25, 0xb0, 0x1a, 0x2f, 0x39, 0xff, 0x11, 0x1a, 0x1c, 0xfd,
    0x20, 0x45, 0x48, 0xff, 0x24, 0x52, 0x5b, 0xff, 0x1e, 0x44, 0x50, 0xff, 0x13, 0x24, 0x26, 0xff,
    0x10, 0x1b, 0x1b, 0xff, 0x1b, 0x39, 0x46, 0xff, 0x23, 0x50, 0x57, 0xff, 0x24, 0x56, 0x59, 0xff,
    0x24, 0x54, 0x57, 0xff, 0x24, 0x55, 0x59, 0xff, 0x24, 0x52, 0x55, 0xff, 0x21, 0x46, 0x38, 0xff,
    0x1b, 0x34, 0x2b, 0xff, 0x11, 0x19, 0x15, 0xff, 0x1d, 0x3d, 0x2e, 0xff, 0x20, 0x48, 0x32, 0xff,
    0x21, 0x48, 0x33, 0xff, 0x21, 0x48, 0x35, 0xff, 0x22, 0x47, 0x34, 0xff, 0x21, 0x46, 0x32, 0xff,
    0x20, 0x46, 0x32, 0xff, 0x22, 0x48, 0x36, 0xff, 0x15, 0x27, 0x1e, 0xff, 0x15, 0x2a, 0x1f, 0xff,
    0x22, 0x4b, 0x38, 0xff, 0x22, 0x51, 0x53, 0xff, 0x24, 0x56, 0x5c, 0xff, 0x24, 0x56, 0x5b, 0xff,
    0x23, 0x55, 0x5b, 0xff, 0x25, 0x57, 0x5c, 0xff, 0x25, 0x4e, 0x58, 0xff, 0x19, 0x29, 0x30, 0xff,
    0x0e, 0x17, 0x19, 0xff, 0x19, 0x3a, 0x43, 0xff, 0x21, 0x49, 0x51, 0xff, 0x26, 0x52, 0x59, 0xff,
    0x1b, 0x37, 0x38, 0xfe, 0x10, 0x1b, 0x1d, 0xfd, 0x15, 0x1f, 0x20, 0xe6, 0x36, 0x36, 0x30, 0x2a,
    0x00, 0x00, 0x00, 0x01, 0x00, 0x00, 0x00, 0x01, 0x00, 0x00, 0x00, 0x00, 0x00, 0x00, 0x00, 0x00,
    0x00, 0x00, 0x00, 0x00, 0x00, 0x00, 0x00, 0x00, 0x00, 0x00, 0x00, 0x00, 0x00, 0x00, 0x00, 0x02,
    0x00, 0x00, 0x00, 0x01, 0x2a, 0x2a, 0x33, 0x1e, 0x11, 0x10, 0x0d, 0xeb, 0x1d, 0x3e, 0x41, 0xfc,
    0x24, 0x54, 0x5c, 0xfd, 0x21, 0x4e, 0x55, 0xff, 0x22, 0x51, 0x57, 0xff, 0x20, 0x49, 0x53, 0xff,
    0x15, 0x27, 0x28, 0xff, 0x11, 0x1c, 0x1e, 0xff, 0x1e, 0x3d, 0x48, 0xff, 0x20, 0x49, 0x53, 0xff,
    0x23, 0x53, 0x57, 0xff, 0x25, 0x55, 0x5b, 0xff, 0x24, 0x57, 0x5e, 0xff, 0x24, 0x54, 0x59, 0xff,
    0x23, 0x4a, 0x43, 0xff, 0x1a, 0x34, 0x2e, 0xff, 0x09, 0x0a, 0x08, 0xff, 0x0c, 0x13, 0x0e, 0xff,
    0x0c, 0x13, 0x0c, 0xff, 0x0d, 0x14, 0x0e, 0xff, 0x0d, 0x14, 0x0f, 0xff, 0x0e, 0x14, 0x10, 0xff,
    0x0c, 0x14, 0x10, 0xff, 0x0c, 0x0f, 0x0d, 0xff, 0x11, 0x1d, 0x17, 0xff, 0x21, 0x4a, 0x35, 0xff,
    0x1f, 0x4d, 0x48, 0xff, 0x23, 0x57, 0x5f, 0xff, 0x24, 0x56, 0x5c, 0xff, 0x24, 0x57, 0x5d, 0xff,
    0x22, 0x52, 0x59, 0xff, 0x1f, 0x46, 0x4f, 0xff, 0x17, 0x2a, 0x32, 0xff, 0x0f, 0x1b, 0x1a, 0xff,
    0x1c, 0x3e, 0x43, 0xff, 0x1d, 0x40, 0x47, 0xff, 0x20, 0x48, 0x4f, 0xff, 0x21, 0x47, 0x4c, 0xff,
    0x24, 0x54, 0x58, 0xfb, 0x12, 0x1c, 0x1b, 0xff, 0x13, 0x0e, 0x0b, 0x5b, 0x00, 0x00, 0x00, 0x00,
    0x00, 0x00, 0x00, 0x03, 0x00, 0x00, 0x00, 0x00, 0x00, 0x00, 0x00, 0x00, 0x00, 0x00, 0x00, 0x00,
    0x00, 0x00, 0x00, 0x00, 0x00, 0x00, 0x00, 0x00, 0x00, 0x00, 0x00, 0x00, 0x00, 0x00, 0x00, 0x00,
    0x00, 0x00, 0x00, 0x03, 0x00, 0x00, 0x00, 0x00, 0x28, 0x2a, 0x28, 0x6c, 0x1e, 0x3c, 0x3e, 0xff,
    0x21, 0x53, 0x5a, 0xfb, 0x22, 0x4f, 0x56, 0xff, 0x23, 0x51, 0x58, 0xff, 0x23, 0x4f, 0x56, 0xff,
    0x20, 0x4a, 0x50, 0xff, 0x10, 0x20, 0x1e, 0xff, 0x0b, 0x0f, 0x12, 0xff, 0x15, 0x2a, 0x30, 0xff,
    0x1d, 0x42, 0x48, 0xff, 0x24, 0x50, 0x53, 0xff, 0x24, 0x52, 0x55, 0xff, 0x22, 0x4b, 0x4d, 0xff,
    0x1f, 0x45, 0x3f, 0xff, 0x18, 0x33, 0x2c, 0xff, 0x0f, 0x1b, 0x1a, 0xff, 0x1e, 0x44, 0x45, 0xff,
    0x1d, 0x3f, 0x40, 0xff, 0x1f, 0x41, 0x42, 0xff, 0x1f, 0x42, 0x44, 0xff, 0x20, 0x42, 0x45, 0xff,
    0x1e, 0x42, 0x45, 0xff, 0x1c, 0x3c, 0x3f, 0xff, 0x12, 0x1b, 0x17, 0xff, 0x1f, 0x42, 0x35, 0xff,
    0x22, 0x49, 0x43, 0xff, 0x21, 0x4d, 0x4f, 0xff, 0x23, 0x53, 0x57, 0xff, 0x22, 0x4e, 0x53, 0xff,
    0x1d, 0x3a, 0x42, 0xff, 0x11, 0x19, 0x1f, 0xff, 0x08, 0x09, 0x0a, 0xff, 0x1d, 0x46, 0x4c, 0xff,
    0x20, 0x4b, 0x54, 0xff, 0x1f, 0x45, 0x4d, 0xff, 0x20, 0x47, 0x4c, 0xff, 0x21, 0x50, 0x55, 0xfa,
    0x1e, 0x39, 0x3b, 0xff, 0x23, 0x23, 0x21, 0x91, 0x00, 0x00, 0x00, 0x00, 0x00, 0x00, 0x00, 0x04,
    0x00, 0x00, 0x00, 0x00, 0x00, 0x00, 0x00, 0x00, 0x00, 0x00, 0x00, 0x00, 0x00, 0x00, 0x00, 0x00,
    0x00, 0x00, 0x00, 0x00, 0x00, 0x00, 0x00, 0x00, 0x00, 0x00, 0x00, 0x00, 0x00, 0x00, 0x00, 0x00,
    0x00, 0x00, 0x00, 0x01, 0x00, 0x00, 0x00, 0x04, 0x1f, 0x00, 0x00, 0x08, 0x1b, 0x1b, 0x19, 0xa0,
    0x1e, 0x34, 0x38, 0xff, 0x20, 0x48, 0x52, 0xfb, 0x25, 0x51, 0x59, 0xff, 0x25, 0x4d, 0x54, 0xff,
    0x16, 0x26, 0x29, 0xff, 0x13, 0x24, 0x20, 0xff, 0x13, 0x2b, 0x28, 0xff, 0x11, 0x21, 0x20, 0xff,
    0x0c, 0x11, 0x12, 0xff, 0x14, 0x29, 0x25, 0xff, 0x1b, 0x3e, 0x3a, 0xff, 0x1e, 0x43, 0x3f, 0xff,
    0x1f, 0x43, 0x3f, 0xff, 0x11, 0x19, 0x15, 0xff, 0x20, 0x45, 0x40, 0xff, 0x25, 0x5a, 0x5b, 0xff,
    0x26, 0x57, 0x5a, 0xff, 0x26, 0x57, 0x5a, 0xff, 0x24, 0x58, 0x5b, 0xff, 0x24, 0x56, 0x5a, 0xff,
    0x23, 0x56, 0x5b, 0xff, 0x22, 0x55, 0x55, 0xff, 0x16, 0x2a, 0x22, 0xff, 0x13, 0x21, 0x1b, 0xff,
    0x22, 0x48, 0x3d, 0xff, 0x1e, 0x44, 0x3c, 0xff, 0x1b, 0x40, 0x3a, 0xff, 0x14, 0x22, 0x21, 0xff,
    0x0d, 0x13, 0x13, 0xff, 0x10, 0x1c, 0x1c, 0xff, 0x10, 0x1e, 0x1b, 0xff, 0x14, 0x24, 0x24, 0xff,
    0x1e, 0x42, 0x49, 0xff, 0x21, 0x49, 0x51, 0xff, 0x1d, 0x49, 0x4e, 0xfc, 0x1a, 0x39, 0x3b, 0xff,
    0x1b, 0x1f, 0x1f, 0xc1, 0x48, 0x36, 0x36, 0x0e, 0x00, 0x00, 0x00, 0x03, 0x00, 0x00, 0x00, 0x01,
    0x00, 0x00, 0x00, 0x00, 0x00, 0x00, 0x00, 0x00, 0x00, 0x00, 0x00, 0x00, 0x00, 0x00, 0x00, 0x00,
    0x00, 0x00, 0x00, 0x00, 0x00, 0x00, 0x00, 0x00, 0x00, 0x00, 0x00, 0x00, 0x00, 0x00, 0x00, 0x00,
    0x00, 0x00, 0x00, 0x00, 0x00, 0x00, 0x00, 0x01, 0x00, 0x00, 0x00, 0x01, 0x55, 0x55, 0x55, 0x0f,
    0x1e, 0x1c, 0x1a, 0x99, 0x19, 0x2c, 0x30, 0xff, 0x21, 0x47, 0x4f, 0xfc, 0x13, 0x1f, 0x25, 0xfc,
    0x14, 0x1b, 0x15, 0xff, 0x23, 0x4a, 0x40, 0xff, 0x24, 0x54, 0x59, 0xff, 0x22, 0x4f, 0x55, 0xff,
    0x18, 0x30, 0x36, 0xff, 0x0d, 0x19, 0x1b, 0xff, 0x0b, 0x11, 0x10, 0xff, 0x11, 0x20, 0x1e, 0xff,
    0x11, 0x22, 0x1f, 0xff, 0x1d, 0x33, 0x28, 0xff, 0x28, 0x57, 0x49, 0xff, 0x22, 0x47, 0x3c, 0xff,
    0x24, 0x47, 0x3b, 0xff, 0x22, 0x48, 0x3a, 0xff, 0x22, 0x4b, 0x42, 0xff, 0x22, 0x4c, 0x46, 0xff,
    0x22, 0x4c, 0x46, 0xff, 0x22, 0x4a, 0x3f, 0xff, 0x22, 0x44, 0x33, 0xff, 0x13, 0x22, 0x19, 0xff,
    0x17, 0x31, 0x2c, 0xff, 0x16, 0x29, 0x25, 0xff, 0x13, 0x1f, 0x1f, 0xff, 0x17, 0x2a, 0x30, 0xff,
    0x1e, 0x3d, 0x42, 0xff, 0x24, 0x4e, 0x53, 0xff, 0x23, 0x4d, 0x4f, 0xff, 0x1c, 0x39, 0x34, 0xff,
    0x0e, 0x18, 0x17, 0xfe, 0x19, 0x3d, 0x45, 0xfb, 0x1a, 0x38, 0x3b, 0xff, 0x19, 0x16, 0x14, 0xb7,
    0x33, 0x28, 0x28, 0x19, 0x00, 0x00, 0x00, 0x00, 0x00, 0x00, 0x00, 0x01, 0x00, 0x00, 0x00, 0x00,
    0x00, 0x00, 0x00, 0x00, 0x00, 0x00, 0x00, 0x00, 0x00, 0x00, 0x00, 0x00, 0x00, 0x00, 0x00, 0x00,
    0x00, 0x00, 0x00, 0x00, 0x00, 0x00, 0x00, 0x00, 0x00, 0x00, 0x00, 0x00, 0x00, 0x00, 0x00, 0x00,
    0x00, 0x00, 0x00, 0x00, 0x00, 0x00, 0x00, 0x00, 0x00, 0x00, 0x00, 0x01, 0x00, 0x00, 0x00, 0x00,
    0x00, 0x00, 0x00, 0x00, 0x19, 0x1b, 0x19, 0x94, 0x11, 0x17, 0x17, 0xff, 0x10, 0x19, 0x16, 0xff,
    0x20, 0x45, 0x42, 0xfd, 0x25, 0x54, 0x58, 0xfd, 0x24, 0x51, 0x59, 0xff, 0x23, 0x50, 0x58, 0xff,
    0x23, 0x53, 0x5b, 0xff, 0x20, 0x48, 0x50, 0xff, 0x18, 0x2f, 0x34, 0xff, 0x12, 0x1b, 0x1c, 0xff,
    0x0b, 0x10, 0x10, 0xff, 0x11, 0x1b, 0x15, 0xff, 0x16, 0x29, 0x1e, 0xff, 0x1e, 0x3b, 0x26, 0xff,
    0x1f, 0x3b, 0x27, 0xff, 0x20, 0x3c, 0x28, 0xff, 0x20, 0x3d, 0x28, 0xff, 0x1e, 0x3b, 0x26, 0xff,
    0x1e, 0x3a, 0x26, 0xff, 0x1f, 0x3a, 0x28, 0xff, 0x21, 0x40, 0x2f, 0xff, 0x12, 0x1f, 0x19, 0xff,
    0x06, 0x0b, 0x0c, 0xff, 0x11, 0x1d, 0x26, 0xff, 0x23, 0x46, 0x56, 0xff, 0x23, 0x48, 0x54, 0xff,
    0x21, 0x46, 0x50, 0xff, 0x21, 0x45, 0x4d, 0xff, 0x22, 0x45, 0x4e, 0xff, 0x23, 0x4b, 0x4f, 0xfd,
    0x1f, 0x34, 0x30, 0xfd, 0x10, 0x14, 0x14, 0xff, 0x22, 0x26, 0x27, 0x9a, 0x00, 0x00, 0x00, 0x00,
    0x00, 0x00, 0x00, 0x00, 0x00, 0x00, 0x00, 0x01, 0x00, 0x00, 0x00, 0x00, 0x00, 0x00, 0x00, 0x00,
    0x00, 0x00, 0x00, 0x00, 0x00, 0x00, 0x00, 0x00, 0x00, 0x00, 0x00, 0x00, 0x00, 0x00, 0x00, 0x00,
    0x00, 0x00, 0x00, 0x00, 0x00, 0x00, 0x00, 0x00, 0x00, 0x00, 0x00, 0x00, 0x00, 0x00, 0x00, 0x00,
    0x00, 0x00, 0x00, 0x00, 0x00, 0x00, 0x00, 0x00, 0x00, 0x00, 0x00, 0x00, 0x00, 0x00, 0x00, 0x02,
    0x00, 0x00, 0x00, 0x04, 0x00, 0x00, 0x00, 0x00, 0x21, 0x1f, 0x1d, 0x79, 0x1b, 0x1b, 0x1a, 0xcc,
    0x19, 0x2a, 0x29, 0xff, 0x21, 0x4f, 0x55, 0xff, 0x22, 0x56, 0x5b, 0xfd, 0x22, 0x55, 0x5b, 0xfc,
    0x22, 0x4f, 0x56, 0xfe, 0x25, 0x55, 0x5c, 0xfe, 0x1b, 0x37, 0x3b, 0xff, 0x13, 0x22, 0x21, 0xff,
    0x22, 0x47, 0x4c, 0xff, 0x19, 0x30, 0x33, 0xff, 0x0e, 0x15, 0x17, 0xff, 0x0f, 0x1a, 0x18, 0xff,
    0x0f, 0x1b, 0x1a, 0xff, 0x0e, 0x15, 0x14, 0xff, 0x0e, 0x15, 0x12, 0xff, 0x11, 0x1d, 0x1b, 0xff,
    0x0d, 0x17, 0x16, 0xff, 0x0e, 0x18, 0x17, 0xff, 0x0f, 0x16, 0x15, 0xff, 0x18, 0x2b, 0x2e, 0xff,
    0x22, 0x47, 0x4f, 0xff, 0x11, 0x1a, 0x1d, 0xff, 0x17, 0x2d, 0x33, 0xff, 0x24, 0x4a, 0x54, 0xff,
    0x21, 0x45, 0x4f, 0xfe, 0x21, 0x4a, 0x52, 0xfb, 0x1f, 0x4a, 0x52, 0xfe, 0x1c, 0x3e, 0x42, 0xff,
    0x18, 0x1f, 0x1e, 0xfd, 0x20, 0x20, 0x1e, 0x8f, 0x6d, 0x6d, 0x6d, 0x07, 0x00, 0x00, 0x00, 0x02,
    0x00, 0x00, 0x00, 0x02, 0x00, 0x00, 0x00, 0x00, 0x00, 0x00, 0x00, 0x00, 0x00, 0x00, 0x00, 0x00,
    0x00, 0x00, 0x00, 0x00, 0x00, 0x00, 0x00, 0x00, 0x00, 0x00, 0x00, 0x00, 0x00, 0x00, 0x00, 0x00,
    0x00, 0x00, 0x00, 0x00, 0x00, 0x00, 0x00, 0x00, 0x00, 0x00, 0x00, 0x00, 0x00, 0x00, 0x00, 0x00,
    0x00, 0x00, 0x00, 0x00, 0x00, 0x00, 0x00, 0x00, 0x00, 0x00, 0x00, 0x00, 0x00, 0x00, 0x00, 0x00,
    0x00, 0x00, 0x00, 0x00, 0x00, 0x00, 0x00, 0x01, 0x00, 0x00, 0x00, 0x00, 0x00, 0x00, 0x00, 0x00,
    0x19, 0x11, 0x14, 0x65, 0x18, 0x1c, 0x1c, 0xd9, 0x1b, 0x33, 0x35, 0xff, 0x23, 0x4c, 0x51, 0xff,
    0x26, 0x58, 0x60, 0xff, 0x24, 0x52, 0x59, 0xff, 0x12, 0x1e, 0x1d, 0xfd, 0x17, 0x2d, 0x2e, 0xff,
    0x21, 0x45, 0x4a, 0xff, 0x20, 0x46, 0x4a, 0xff, 0x21, 0x47, 0x4b, 0xff, 0x21, 0x45, 0x4a, 0xff,
    0x23, 0x4b, 0x50, 0xff, 0x19, 0x33, 0x35, 0xff, 0x11, 0x20, 0x1f, 0xff, 0x21, 0x4a, 0x4c, 0xff,
    0x1f, 0x41, 0x46, 0xff, 0x1e, 0x42, 0x46, 0xff, 0x1f, 0x42, 0x47, 0xff, 0x1f, 0x42, 0x48, 0xff,
    0x20, 0x42, 0x49, 0xff, 0x1f, 0x40, 0x46, 0xfe, 0x10, 0x1b, 0x1b, 0xfc, 0x1f, 0x3e, 0x45, 0xfd,
    0x20, 0x45, 0x4c, 0xff, 0x1a, 0x38, 0x3d, 0xff, 0x18, 0x28, 0x2a, 0xfe, 0x1b, 0x1c, 0x1c, 0xba,
    0x1e, 0x16, 0x16, 0x44, 0x00, 0x00, 0x00, 0x00, 0x00, 0x00, 0x00, 0x00, 0x00, 0x00, 0x00, 0x01,
    0x00, 0x00, 0x00, 0x00, 0x00, 0x00, 0x00, 0x00, 0x00, 0x00, 0x00, 0x00, 0x00, 0x00, 0x00, 0x00,
    0x00, 0x00, 0x00, 0x00, 0x00, 0x00, 0x00, 0x00, 0x00, 0x00, 0x00, 0x00, 0x00, 0x00, 0x00, 0x00,
    0x00, 0x00, 0x00, 0x00, 0x00, 0x00, 0x00, 0x00, 0x00, 0x00, 0x00, 0x00, 0x00, 0x00, 0x00, 0x00,
    0x00, 0x00, 0x00, 0x00, 0x00, 0x00, 0x00, 0x00, 0x00, 0x00, 0x00, 0x00, 0x00, 0x00, 0x00, 0x00,
    0x00, 0x00, 0x00, 0x00, 0x00, 0x00, 0x00, 0x00, 0x00, 0x00, 0x00, 0x02, 0x00, 0x00, 0x00, 0x01,
    0x00, 0x00, 0x00, 0x00, 0x4f, 0x2f, 0x2f, 0x10, 0x20, 0x15, 0x15, 0x6d, 0x1e, 0x20, 0x1e, 0xba,
    0x18, 0x2a, 0x2c, 0xf8, 0x0f, 0x17, 0x17, 0xfd, 0x12, 0x22, 0x22, 0xff, 0x22, 0x4e, 0x53, 0xff,
    0x1f, 0x46, 0x4a, 0xfd, 0x20, 0x46, 0x4a, 0xfe, 0x20, 0x44, 0x48, 0xff, 0x20, 0x44, 0x48, 0xff,
    0x22, 0x4b, 0x4f, 0xff, 0x1a, 0x36, 0x37, 0xff, 0x13, 0x21, 0x21, 0xff, 0x22, 0x49, 0x4c, 0xff,
    0x1d, 0x40, 0x44, 0xff, 0x1f, 0x42, 0x46, 0xff, 0x1f, 0x42, 0x47, 0xff, 0x20, 0x42, 0x48, 0xfe,
    0x1f, 0x45, 0x4b, 0xfd, 0x1f, 0x48, 0x4f, 0xff, 0x17, 0x2e, 0x32, 0xff, 0x11, 0x14, 0x14, 0xff,
    0x1a, 0x22, 0x22, 0xe1, 0x17, 0x11, 0x0f, 0x80, 0x28, 0x22, 0x22, 0x4b, 0xff, 0xff, 0xff, 0x03,
    0x00, 0x00, 0x00, 0x00, 0x00, 0x00, 0x00, 0x02, 0x00, 0x00, 0x00, 0x01, 0x00, 0x00, 0x00, 0x00,
    0x00, 0x00, 0x00, 0x00, 0x00, 0x00, 0x00, 0x00, 0x00, 0x00, 0x00, 0x00, 0x00, 0x00, 0x00, 0x00,
    0x00, 0x00, 0x00, 0x00, 0x00, 0x00, 0x00, 0x00, 0x00, 0x00, 0x00, 0x00, 0x00, 0x00, 0x00, 0x00,
    0x00, 0x00, 0x00, 0x00, 0x00, 0x00, 0x00, 0x00, 0x00, 0x00, 0x00, 0x00, 0x00, 0x00, 0x00, 0x00,
    0x00, 0x00, 0x00, 0x00, 0x00, 0x00, 0x00, 0x00, 0x00, 0x00, 0x00, 0x00, 0x00, 0x00, 0x00, 0x00,
    0x00, 0x00, 0x00, 0x00, 0x00, 0x00, 0x00, 0x00, 0x00, 0x00, 0x00, 0x00, 0x00, 0x00, 0x00, 0x00,
    0x00, 0x00, 0x00, 0x03, 0x00, 0x00, 0x00, 0x00, 0x00, 0x00, 0x00, 0x00, 0xff, 0xff, 0xff, 0x02,
    0x19, 0x00, 0x00, 0x1e, 0x1c, 0x14, 0x11, 0x58, 0x1b, 0x1c, 0x1a, 0xcc, 0x16, 0x26, 0x26, 0xfb,
    0x17, 0x2b, 0x2c, 0xff, 0x1c, 0x34, 0x38, 0xff, 0x1e, 0x43, 0x46, 0xff, 0x1e, 0x40, 0x43, 0xff,
    0x1f, 0x44, 0x48, 0xff, 0x15, 0x2f, 0x30, 0xff, 0x11, 0x1f, 0x22, 0xff, 0x1f, 0x48, 0x4d, 0xff,
    0x1a, 0x3b, 0x3c, 0xff, 0x1b, 0x3d, 0x40, 0xff, 0x1d, 0x3f, 0x43, 0xff, 0x1e, 0x3c, 0x3f, 0xff,
    0x17, 0x27, 0x29, 0xff, 0x13, 0x1c, 0x1d, 0xe1, 0x0b, 0x0e, 0x0e, 0xb1, 0x14, 0x10, 0x10, 0x9f,
    0x6f, 0x5f, 0x4f, 0x10, 0x00, 0x00, 0x00, 0x00, 0x00, 0x00, 0x00, 0x00, 0x00, 0x00, 0x00, 0x00,
    0x00, 0x00, 0x00, 0x03, 0x00, 0x00, 0x00, 0x00, 0x00, 0x00, 0x00, 0x00, 0x00, 0x00, 0x00, 0x00,
    0x00, 0x00, 0x00, 0x00, 0x00, 0x00, 0x00, 0x00, 0x00, 0x00, 0x00, 0x00, 0x00, 0x00, 0x00, 0x00,
    0x00, 0x00, 0x00, 0x00, 0x00, 0x00, 0x00, 0x00, 0x00, 0x00, 0x00, 0x00, 0x00, 0x00, 0x00, 0x00,
    0x00, 0x00, 0x00, 0x00, 0x00, 0x00, 0x00, 0x00, 0x00, 0x00, 0x00, 0x00, 0x00, 0x00, 0x00, 0x00,
    0x00, 0x00, 0x00, 0x00, 0x00, 0x00, 0x00, 0x00, 0x00, 0x00, 0x00, 0x00, 0x00, 0x00, 0x00, 0x00,
    0x00, 0x00, 0x00, 0x00, 0x00, 0x00, 0x00, 0x00, 0x00, 0x00, 0x00, 0x00, 0x00, 0x00, 0x00, 0x00,
    0x00, 0x00, 0x00, 0x00, 0x00, 0x00, 0x00, 0x01, 0x00, 0x00, 0x00, 0x03, 0x00, 0x00, 0x00, 0x00,
    0x00, 0x00, 0x00, 0x00, 0x00, 0x00, 0x00, 0x00, 0x00, 0x00, 0x00, 0x00, 0x23, 0x19, 0x19, 0x50,
    0x1f, 0x14, 0x12, 0x62, 0x1d, 0x19, 0x19, 0xbe, 0x19, 0x1a, 0x19, 0xff, 0x17, 0x16, 0x16, 0xfd,
    0x16, 0x16, 0x16, 0xff, 0x15, 0x14, 0x14, 0xff, 0x13, 0x12, 0x12, 0xff, 0x15, 0x18, 0x17, 0xff,
    0x15, 0x16, 0x16, 0xff, 0x15, 0x16, 0x15, 0xfc, 0x19, 0x19, 0x17, 0xfe, 0x1a, 0x1d, 0x1d, 0xa4,
    0x0f, 0x03, 0x00, 0x51, 0x1c, 0x0b, 0x05, 0x2c, 0x00, 0x00, 0x00, 0x00, 0x00, 0x00, 0x00, 0x00,
    0x00, 0x00, 0x00, 0x00, 0x00, 0x00, 0x00, 0x04, 0x00, 0x00, 0x00, 0x03, 0x00, 0x00, 0x00, 0x01,
    0x00, 0x00, 0x00, 0x00, 0x00, 0x00, 0x00, 0x00, 0x00, 0x00, 0x00, 0x00, 0x00, 0x00, 0x00, 0x00,
    0x00, 0x00, 0x00, 0x00, 0x00, 0x00, 0x00, 0x00, 0x00, 0x00, 0x00, 0x00, 0x00, 0x00, 0x00, 0x00,
    0x00, 0x00, 0x00, 0x00, 0x00, 0x00, 0x00, 0x00, 0x00, 0x00, 0x00, 0x00, 0x00, 0x00, 0x00, 0x00,
    0x00, 0x00, 0x00, 0x00, 0x00, 0x00, 0x00, 0x00, 0x00, 0x00, 0x00, 0x00, 0x00, 0x00, 0x00, 0x00,
    0x00, 0x00, 0x00, 0x00, 0x00, 0x00, 0x00, 0x00, 0x00, 0x00, 0x00, 0x00, 0x00, 0x00, 0x00, 0x00,
    0x00, 0x00, 0x00, 0x00, 0x00, 0x00, 0x00, 0x00, 0x00, 0x00, 0x00, 0x00, 0x00, 0x00, 0x00, 0x00,
    0x00, 0x00, 0x00, 0x00, 0x00, 0x00, 0x00, 0x00, 0x00, 0x00, 0x00, 0x00, 0x00, 0x00, 0x00, 0x00,
    0x00, 0x00, 0x00, 0x00, 0x00, 0x00, 0x00, 0x00, 0x00, 0x00, 0x00, 0x00, 0x00, 0x00, 0x00, 0x00,
    0x00, 0x00, 0x00, 0x00, 0x00, 0x00, 0x00, 0x00, 0x00, 0x00, 0x00, 0x00, 0x00, 0x00, 0x00, 0x00,
    0x00, 0x00, 0x00, 0x00, 0x00, 0x00, 0x00, 0x00, 0x00, 0x00, 0x00, 0x00, 0x00, 0x00, 0x00, 0x00,
    0x00, 0x00, 0x00, 0x00, 0x00, 0x00, 0x00, 0x00, 0x00, 0x00, 0x00, 0x00, 0x00, 0x00, 0x00, 0x00,
    0x00, 0x00, 0x00, 0x00, 0x00, 0x00, 0x00, 0x00, 0x00, 0x00, 0x00, 0x00, 0x00, 0x00, 0x00, 0x00,
    0x00, 0x00, 0x00, 0x00, 0x00, 0x00, 0x00, 0x00, 0x00, 0x00, 0x00, 0x00, 0x00, 0x00, 0x00, 0x00,
    0x00, 0x00, 0x00, 0x00, 0x00, 0x00, 0x00, 0x00, 0x00, 0x00, 0x00, 0x00, 0x00, 0x00, 0x00, 0x00,
    0x00, 0x00, 0x00, 0x00, 0x00, 0x00, 0x00, 0x00, 0x00, 0x00, 0x00, 0x00, 0x00, 0x00, 0x00, 0x00,
    0x00, 0x00, 0x00, 0x00, 0x00, 0x00, 0x00, 0x00, 0x00, 0x00, 0x00, 0x00, 0x00, 0x00, 0x00, 0x00,
};

const lv_image_dsc_t yaogui_shell_back = {
    .header.magic = LV_IMAGE_HEADER_MAGIC,
    .header.cf = LV_COLOR_FORMAT_ARGB8888,
    .header.flags = 0,
    .header.w = 52,
    .header.h = 64,
    .header.stride = 208,
    .data_size = 13312,
    .data = yaogui_shell_back_map,
};

static const uint8_t yaogui_shell_belly_map[] = {
    0x00, 0x00, 0x00, 0x00, 0x00, 0x00, 0x00, 0x00, 0x00, 0x00, 0x00, 0x00, 0x00, 0x00, 0x00, 0x00,
    0x00, 0x00, 0x00, 0x00, 0x00, 0x00, 0x00, 0x00, 0x00, 0x00, 0x00, 0x00, 0x00, 0x00, 0x00, 0x00,
    0x00, 0x00, 0x00, 0x00, 0x00, 0x00, 0x00, 0x00, 0x00, 0x00, 0x00, 0x00, 0x00, 0x00, 0x00, 0x00,
    0x00, 0x00, 0x00, 0x00, 0x00, 0x00, 0x00, 0x00, 0x00, 0x00, 0x00, 0x00, 0x00, 0x00, 0x00, 0x00,
    0x00, 0x00, 0x00, 0x00, 0x00, 0x00, 0x00, 0x00, 0x00, 0x00, 0x00, 0x00, 0x00, 0x00, 0x00, 0x00,
    0x00, 0x00, 0x00, 0x00, 0x00, 0x00, 0x00, 0x00, 0x00, 0x00, 0x00, 0x00, 0x00, 0x00, 0x00, 0x00,
    0x00, 0x00, 0x00, 0x00, 0x00, 0x00, 0x00, 0x00, 0x00, 0x00, 0x00, 0x00, 0x00, 0x00, 0x00, 0x00,
    0x00, 0x00, 0x00, 0x00, 0x00, 0x00, 0x00, 0x00, 0x00, 0x00, 0x00, 0x00, 0x00, 0x00, 0x00, 0x00,
    0x00, 0x00, 0x00, 0x00, 0x00, 0x00, 0x00, 0x00, 0x00, 0x00, 0x00, 0x00, 0x00, 0x00, 0x00, 0x00,
    0x00, 0x00, 0x00, 0x00, 0x00, 0x00, 0x00, 0x00, 0x00, 0x00, 0x00, 0x00, 0x00, 0x00, 0x00, 0x00,
    0x00, 0x00, 0x00, 0x00, 0x00, 0x00, 0x00, 0x00, 0x00, 0x00, 0x00, 0x00, 0x00, 0x00, 0x00, 0x00,
    0x00, 0x00, 0x00, 0x00, 0x00, 0x00, 0x00, 0x00, 0x00, 0x00, 0x00, 0x00, 0x00, 0x00, 0x00, 0x00,
    0x00, 0x00, 0x00, 0x00, 0x00, 0x00, 0x00, 0x00, 0x00, 0x00, 0x00, 0x00, 0x00, 0x00, 0x00, 0x00,
    0x00, 0x00, 0x00, 0x00, 0x00, 0x00, 0x00, 0x00, 0x00, 0x00, 0x00, 0x00, 0x00, 0x00, 0x00, 0x00,
    0x00, 0x00, 0x00, 0x00, 0x00, 0x00, 0x00, 0x00, 0x00, 0x00, 0x00, 0x00, 0x00, 0x00, 0x00, 0x00,
    0x00, 0x00, 0x00, 0x00, 0x00, 0x00, 0x00, 0x00, 0x00, 0x00, 0x00, 0x00, 0x00, 0x00, 0x00, 0x00,
    0x00, 0x00, 0x00, 0x00, 0x00, 0x00, 0x00, 0x00, 0x00, 0x00, 0x00, 0x00, 0x00, 0x00, 0x00, 0x00,
    0x00, 0x00, 0x00, 0x00, 0x00, 0x00, 0x00, 0x00, 0x00, 0x00, 0x00, 0x00, 0x00, 0x00, 0x00, 0x03,
    0x00, 0x00, 0x00, 0x00, 0x00, 0x00, 0x00, 0x16, 0x32, 0x2d, 0x2c, 0xa7, 0x4d, 0x4f, 0x51, 0xf2,
    0x4a, 0x4b, 0x4c, 0xf2, 0x50, 0x50, 0x52, 0xff, 0x4e, 0x50, 0x52, 0xfd, 0x4d, 0x50, 0x52, 0xfe,
    0x1d, 0x17, 0x19, 0x8c, 0x00, 0x00, 0x00, 0x1a, 0x00, 0x00, 0x00, 0x00, 0x00, 0x00, 0x00, 0x03,
    0x00, 0x00, 0x00, 0x00, 0x00, 0x00, 0x00, 0x00, 0x00, 0x00, 0x00, 0x00, 0x00, 0x00, 0x00, 0x00,
    0x00, 0x00, 0x00, 0x00, 0x00, 0x00, 0x00, 0x00, 0x00, 0x00, 0x00, 0x00, 0x00, 0x00, 0x00, 0x00,
    0x00, 0x00, 0x00, 0x00, 0x00, 0x00, 0x00, 0x00, 0x00, 0x00, 0x00, 0x00, 0x00, 0x00, 0x00, 0x00,
    0x00, 0x00, 0x00, 0x00, 0x00, 0x00, 0x00, 0x00, 0x00, 0x00, 0x00, 0x00, 0x00, 0x00, 0x00, 0x00,
    0x00, 0x00, 0x00, 0x00, 0x00, 0x00, 0x00, 0x00, 0x00, 0x00, 0x00, 0x00, 0x00, 0x00, 0x00, 0x00,
    0x00, 0x00, 0x00, 0x00, 0x00, 0x00, 0x00, 0x00, 0x00, 0x00, 0x00, 0x00, 0x00, 0x00, 0x00, 0x00,
    0x00, 0x00, 0x00, 0x00, 0x00, 0x00, 0x00, 0x00, 0x00, 0x00, 0x00, 0x00, 0x00, 0x00, 0x00, 0x00,
    0x00, 0x00, 0x00, 0x00, 0x00, 0x00, 0x00, 0x00, 0x00, 0x00, 0x00, 0x00, 0x00, 0x00, 0x00, 0x00,
    0x00, 0x00, 0x00, 0x00, 0x00, 0x00, 0x00, 0x00, 0x00, 0x00, 0x00, 0x00, 0x00, 0x00, 0x00, 0x00,
    0x00, 0x00, 0x00, 0x00, 0x00, 0x00, 0x00, 0x00, 0x33, 0x33, 0x33, 0x05, 0x00, 0x00, 0x00, 0x00,
    0x4a, 0x44, 0x2b, 0x29, 0x1a, 0x1a, 0x30, 0xd1, 0x6e, 0x7f, 0x9d, 0xfe, 0xdc, 0xf9, 0xfc, 0xff,
    0xd4, 0xf0, 0xf9, 0xff, 0xd3, 0xf1, 0xf9, 0xff, 0xd3, 0xf1, 0xfa, 0xff, 0xd1, 0xf0, 0xf8, 0xfe,
    0x83, 0x90, 0x94, 0xff, 0x2b, 0x2b, 0x2c, 0xe1, 0x28, 0x28, 0x2d, 0x32, 0x00, 0x00, 0x00, 0x00,
    0x00, 0x00, 0x00, 0x05, 0x00, 0x00, 0x00, 0x01, 0x00, 0x00, 0x00, 0x00, 0x00, 0x00, 0x00, 0x00,
    0x00, 0x00, 0x00, 0x00, 0x00, 0x00, 0x00, 0x00, 0x00, 0x00, 0x00, 0x00, 0x00, 0x00, 0x00, 0x00,
    0x00, 0x00, 0x00, 0x00, 0x00, 0x00, 0x00, 0x00, 0x00, 0x00, 0x00, 0x00, 0x00, 0x00, 0x00, 0x00,
    0x00, 0x00, 0x00, 0x00, 0x00, 0x00, 0x00, 0x00, 0x00, 0x00, 0x00, 0x00, 0x00, 0x00, 0x00, 0x00,
    0x00, 0x00, 0x00, 0x00, 0x00, 0x00, 0x00, 0x00, 0x00, 0x00, 0x00, 0x00, 0x00, 0x00, 0x00, 0x00,
    0x00, 0x00, 0x00, 0x00, 0x00, 0x00, 0x00, 0x00, 0x00, 0x00, 0x00, 0x00, 0x00, 0x00, 0x00, 0x00,
    0x00, 0x00, 0x00, 0x00, 0x00, 0x00, 0x00, 0x00, 0x00, 0x00, 0x00, 0x00, 0x00, 0x00, 0x00, 0x00,
    0x00, 0x00, 0x00, 0x00, 0x00, 0x00, 0x00, 0x00, 0x00, 0x00, 0x00, 0x00, 0x00, 0x00, 0x00, 0x00,
    0x00, 0x00, 0x00, 0x00, 0x00, 0x00, 0x00, 0x00, 0x00, 0x00, 0x00, 0x01, 0x00, 0x00, 0x00, 0x03,
    0x00, 0x00, 0x00, 0x04, 0x00, 0x00, 0x00, 0x03, 0x00, 0x00, 0x00, 0x00, 0x3f, 0x3f, 0x3f, 0x2c,
    0x2c, 0x2f, 0x2f, 0xe3, 0x4d, 0x6f, 0xc6, 0xff, 0xc3, 0xe8, 0xff, 0xfe, 0xe9, 0xff, 0xff, 0xff,
    0xdf, 0xff, 0xff, 0xff, 0xe0, 0xff, 0xff, 0xff, 0xe1, 0xff, 0xff, 0xff, 0xe0, 0xff, 0xff, 0xff,
    0xef, 0xff, 0xff, 0xfd, 0xcd, 0xe9, 0xf1, 0xff, 0x34, 0x33, 0x34, 0xed, 0x34, 0x34, 0x39, 0x31,
    0x00, 0x00, 0x00, 0x00, 0x00, 0x00, 0x00, 0x01, 0x00, 0x00, 0x00, 0x04, 0x00, 0x00, 0x00, 0x04,
    0x00, 0x00, 0x00, 0x02, 0x00, 0x00, 0x00, 0x00, 0x00, 0x00, 0x00, 0x00, 0x00, 0x00, 0x00, 0x00,
    0x00, 0x00, 0x00, 0x00, 0x00, 0x00, 0x00, 0x00, 0x00, 0x00, 0x00, 0x00, 0x00, 0x00, 0x00, 0x00,
    0x00, 0x00, 0x00, 0x00, 0x00, 0x00, 0x00, 0x00, 0x00, 0x00, 0x00, 0x00, 0x00, 0x00, 0x00, 0x00,
    0x00, 0x00, 0x00, 0x00, 0x00, 0x00, 0x00, 0x00, 0x00, 0x00, 0x00, 0x00, 0x00, 0x00, 0x00, 0x00,
    0x00, 0x00, 0x00, 0x00, 0x00, 0x00, 0x00, 0x00, 0x00, 0x00, 0x00, 0x00, 0x00, 0x00, 0x00, 0x00,
    0x00, 0x00, 0x00, 0x00, 0x00, 0x00, 0x00, 0x00, 0x00, 0x00, 0x00, 0x00, 0x00, 0x00, 0x00, 0x00,
    0x00, 0x00, 0x00, 0x00, 0x00, 0x00, 0x00, 0x00, 0x00, 0x00, 0x00, 0x00, 0x00, 0x00, 0x00, 0x00,
    0x00, 0x00, 0x00, 0x00, 0x00, 0x00, 0x00, 0x03, 0x00, 0x00, 0x00, 0x00, 0x00, 0x00, 0x00, 0x00,
    0x00, 0x00, 0x00, 0x00, 0x00, 0x00, 0xff, 0x01, 0x17, 0x14, 0x14, 0x56, 0x0e, 0x07, 0x05, 0xc8,
    0x17, 0x15, 0x15, 0xff, 0x53, 0x68, 0x82, 0xfa, 0x74, 0x7f, 0x89, 0xff, 0x79, 0x83, 0x88, 0xff,
    0x74, 0x7e, 0x84, 0xff, 0x74, 0x7d, 0x81, 0xff, 0x78, 0x80, 0x83, 0xff, 0x75, 0x7e, 0x82, 0xff,
    0x76, 0x80, 0x82, 0xff, 0x83, 0x8e, 0x90, 0xfc, 0x1b, 0x18, 0x15, 0xff, 0x0b, 0x06, 0x02, 0xdd,
    0x0e, 0x08, 0x08, 0x56, 0x5f, 0x7f, 0x7f, 0x08, 0x00, 0x00, 0x00, 0x00, 0x00, 0x00, 0x00, 0x00,
    0x00, 0x00, 0x00, 0x00, 0x00, 0x00, 0x00, 0x03, 0x00, 0x00, 0x00, 0x00, 0x00, 0x00, 0x00, 0x00,
    0x00, 0x00, 0x00, 0x00, 0x00, 0x00, 0x00, 0x00, 0x00, 0x00, 0x00, 0x00, 0x00, 0x00, 0x00, 0x00,
    0x00, 0x00, 0x00, 0x00, 0x00, 0x00, 0x00, 0x00, 0x00, 0x00, 0x00, 0x00, 0x00, 0x00, 0x00, 0x00,
    0x00, 0x00, 0x00, 0x00, 0x00, 0x00, 0x00, 0x00, 0x00, 0x00, 0x00, 0x00, 0x00, 0x00, 0x00, 0x00,
    0x00, 0x00, 0x00, 0x00, 0x00, 0x00, 0x00, 0x00, 0x00, 0x00, 0x00, 0x00, 0x00, 0x00, 0x00, 0x00,
    0x00, 0x00, 0x00, 0x00, 0x00, 0x00, 0x00, 0x00, 0x00, 0x00, 0x00, 0x00, 0x00, 0x00, 0x00, 0x00,
    0x00, 0x00, 0x00, 0x00, 0x00, 0x00, 0x00, 0x00, 0x00, 0x00, 0x00, 0x00, 0x00, 0x00, 0x00, 0x01,
    0x00, 0x55, 0x55, 0x03, 0x00, 0x00, 0x00, 0x00, 0x38, 0x38, 0x38, 0x09, 0x00, 0x00, 0x00, 0x3c,
    0x1f, 0x1b, 0x16, 0x7a, 0x2f, 0x2d, 0x25, 0x96, 0x1b, 0x15, 0x12, 0xff, 0x93, 0xa3, 0xa8, 0xff,
    0xa6, 0xbb, 0xc2, 0xfe, 0xa2, 0xb6, 0xb4, 0xff, 0x3e, 0x3f, 0x41, 0xff, 0x82, 0x90, 0x90, 0xff,
    0xa0, 0xb2, 0xb5, 0xff, 0x97, 0xa9, 0xae, 0xff, 0x99, 0xaa, 0xaf, 0xff, 0xa9, 0xb8, 0xb7, 0xff,
    0x60, 0x69, 0x71, 0xff, 0x55, 0x60, 0x6f, 0xff, 0xae, 0xc4, 0xc3, 0xfe, 0x9d, 0xb2, 0xb9, 0xff,
    0x46, 0x46, 0x46, 0xff, 0x14, 0x0f, 0x0a, 0x95, 0x15, 0x0c, 0x09, 0x69, 0x00, 0x00, 0x00, 0x61,
    0x05, 0x00, 0x00, 0x32, 0x00, 0x00, 0x00, 0x00, 0x55, 0x55, 0x55, 0x03, 0x00, 0x00, 0x00, 0x02,
    0x00, 0x00, 0x00, 0x00, 0x00, 0x00, 0x00, 0x00, 0x00, 0x00, 0x00, 0x00, 0x00, 0x00, 0x00, 0x00,
    0x00, 0x00, 0x00, 0x00, 0x00, 0x00, 0x00, 0x00, 0x00, 0x00, 0x00, 0x00, 0x00, 0x00, 0x00, 0x00,
    0x00, 0x00, 0x00, 0x00, 0x00, 0x00, 0x00, 0x00, 0x00, 0x00, 0x00, 0x00, 0x00, 0x00, 0x00, 0x00,
    0x00, 0x00, 0x00, 0x00, 0x00, 0x00, 0x00, 0x00, 0x00, 0x00, 0x00, 0x00, 0x00, 0x00, 0x00, 0x00,
    0x00, 0x00, 0x00, 0x00, 0x00, 0x00, 0x00, 0x00, 0x00, 0x00, 0x00, 0x00, 0x00, 0x00, 0x00, 0x00,
    0x00, 0x00, 0x00, 0x00, 0x00, 0x00, 0x00, 0x00, 0x00, 0x00, 0x00, 0x01, 0x00, 0x00, 0x00, 0x00,
    0x00, 0x00, 0x00, 0x00, 0x15, 0x08, 0x0c, 0x3c, 0x16, 0x10, 0x0f, 0xb8, 0x5c, 0x61, 0x61, 0xff,
    0x4b, 0x4f, 0x50, 0xff, 0x8d, 0x98, 0xa9, 0xff, 0xc4, 0xdc, 0xdd, 0xfc, 0xd2, 0xf2, 0xfd, 0xfe,
    0xd7, 0xf9, 0xff, 0xff, 0xe7, 0xff, 0xff, 0xff, 0x5f, 0x6c, 0x77, 0xff, 0x86, 0x9b, 0xcf, 0xff,
    0xe6, 0xff, 0xff, 0xff, 0xdb, 0xfe, 0xff, 0xff, 0xdc, 0xff, 0xff, 0xff, 0xdb, 0xfd, 0xff, 0xff,
    0x74, 0x81, 0x8b, 0xff, 0xb7, 0xd5, 0xe9, 0xff, 0xdf, 0xff, 0xff, 0xff, 0xd6, 0xfa, 0xff, 0xfe,
    0xd5, 0xf4, 0xff, 0xfc, 0x95, 0xaa, 0xb3, 0xff, 0x44, 0x45, 0x42, 0xff, 0x72, 0x78, 0x74, 0xff,
    0x4f, 0x50, 0x52, 0xdb, 0x03, 0x00, 0x00, 0x53, 0x00, 0x00, 0x00, 0x00, 0x00, 0x00, 0x00, 0x00,
    0x00, 0x00, 0x00, 0x01, 0x00, 0x00, 0x00, 0x00, 0x00, 0x00, 0x00, 0x00, 0x00, 0x00, 0x00, 0x00,
    0x00, 0x00, 0x00, 0x00, 0x00, 0x00, 0x00, 0x00, 0x00, 0x00, 0x00, 0x00, 0x00, 0x00, 0x00, 0x00,
    0x00, 0x00, 0x00, 0x00, 0x00, 0x00, 0x00, 0x00, 0x00, 0x00, 0x00, 0x00, 0x00, 0x00, 0x00, 0x00,
    0x00, 0x00, 0x00, 0x00, 0x00, 0x00, 0x00, 0x00, 0x00, 0x00, 0x00, 0x00, 0x00, 0x00, 0x00, 0x00,
    0x00, 0x00, 0x00, 0x00, 0x00, 0x00, 0x00, 0x00, 0x00, 0x00, 0x00, 0x00, 0x00, 0x00, 0x00, 0x00,
    0x00, 0x00, 0x00, 0x00, 0x00, 0x00, 0x00, 0x02, 0x00, 0x00, 0x00, 0x01, 0x00, 0x00, 0x00, 0x08,
    0x1d, 0x1b, 0x1e, 0x8c, 0x56, 0x5d, 0x5f, 0xff, 0xb4, 0xcc, 0xd2, 0xff, 0xe7, 0xff, 0xff, 0xfd,
    0x86, 0x99, 0xbb, 0xfb, 0x49, 0x58, 0xbe, 0xfb, 0xe6, 0xff, 0xff, 0xff, 0xd2, 0xf1, 0xfb, 0xff,
    0xce, 0xed, 0xf7, 0xff, 0xe1, 0xff, 0xfe, 0xff, 0x57, 0x63, 0x76, 0xff, 0x46, 0x53, 0xb4, 0xff,
    0xd6, 0xf6, 0xfc, 0xff, 0xcb, 0xeb, 0xf6, 0xff, 0xd1, 0xf1, 0xfc, 0xff, 0xbc, 0xd9, 0xe4, 0xff,
    0x4a, 0x4e, 0x52, 0xff, 0xd7, 0xf6, 0xfc, 0xff, 0xd0, 0xf1, 0xfb, 0xff, 0xcc, 0xed, 0xf7, 0xff,
    0xdc, 0xfe, 0xff, 0xff, 0xa0, 0xb8, 0xd0, 0xfc, 0x1e, 0x25, 0x95, 0xfb, 0xd1, 0xed, 0xff, 0xfa,
    0xd6, 0xf0, 0xf2, 0xff, 0x71, 0x7e, 0x80, 0xf7, 0x25, 0x24, 0x25, 0xc4, 0x00, 0x00, 0x00, 0x32,
    0x00, 0x00, 0x00, 0x00, 0x00, 0x00, 0x00, 0x04, 0x00, 0x00, 0x00, 0x00, 0x00, 0x00, 0x00, 0x00,
    0x00, 0x00, 0x00, 0x00, 0x00, 0x00, 0x00, 0x00, 0x00, 0x00, 0x00, 0x00, 0x00, 0x00, 0x00, 0x00,
    0x00, 0x00, 0x00, 0x00, 0x00, 0x00, 0x00, 0x00, 0x00, 0x00, 0x00, 0x00, 0x00, 0x00, 0x00, 0x00,
    0x00, 0x00, 0x00, 0x00, 0x00, 0x00, 0x00, 0x00, 0x00, 0x00, 0x00, 0x00, 0x00, 0x00, 0x00, 0x00,
    0x00, 0x00, 0x00, 0x00, 0x00, 0x00, 0x00, 0x00, 0x00, 0x00, 0x00, 0x00, 0x00, 0x00, 0x00, 0x00,
    0x00, 0x00, 0x00, 0x01, 0x00, 0x00, 0x00, 0x00, 0x91, 0xb6, 0xb6, 0x07, 0x47, 0x4b, 0x4b, 0xb2,
    0x9c, 0xb4, 0xb6, 0xff, 0xd6, 0xfc, 0xff, 0xfc, 0xd3, 0xf8, 0xff, 0xfc, 0xc8, 0xef, 0xfb, 0xff,
    0x9f, 0xc6, 0xee, 0xff, 0x47, 0x51, 0x71, 0xff, 0xaf, 0xd4, 0xea, 0xff, 0xb2, 0xd7, 0xef, 0xff,
    0xac, 0xd0, 0xe8, 0xff, 0xb8, 0xe1, 0xf7, 0xff, 0x41, 0x51, 0x68, 0xff, 0x63, 0x7f, 0xc2, 0xff,
    0xdd, 0xff, 0xff, 0xff, 0xcd, 0xeb, 0xf7, 0xff, 0xd6, 0xf7, 0xff, 0xff, 0xcc, 0xeb, 0xf4, 0xff,
    0x46, 0x4b, 0x51, 0xff, 0xb6, 0xdb, 0xed, 0xff, 0xbd, 0xe2, 0xf4, 0xff, 0xbb, 0xde, 0xf0, 0xff,
    0xcd, 0xf1, 0xf9, 0xff, 0x77, 0x88, 0xab, 0xff, 0x49, 0x5f, 0xb7, 0xff, 0xc1, 0xe4, 0xf9, 0xff,
    0xd6, 0xf4, 0xf8, 0xfd, 0xd8, 0xfa, 0xff, 0xff, 0xb8, 0xd3, 0xd9, 0xff, 0x66, 0x6b, 0x6a, 0xf1,
    0x33, 0x33, 0x30, 0x55, 0x00, 0x00, 0x00, 0x00, 0x3f, 0x3f, 0x3f, 0x04, 0x00, 0x00, 0x00, 0x00,
    0x00, 0x00, 0x00, 0x00, 0x00, 0x00, 0x00, 0x00, 0x00, 0x00, 0x00, 0x00, 0x00, 0x00, 0x00, 0x00,
    0x00, 0x00, 0x00, 0x00, 0x00, 0x00, 0x00, 0x00, 0x00, 0x00, 0x00, 0x00, 0x00, 0x00, 0x00, 0x00,
    0x00, 0x00, 0x00, 0x00, 0x00, 0x00, 0x00, 0x00, 0x00, 0x00, 0x00, 0x00, 0x00, 0x00, 0x00, 0x00,
    0x00, 0x00, 0x00, 0x00, 0x00, 0x00, 0x00, 0x00, 0x00, 0x00, 0x00, 0x00, 0x00, 0x00, 0x00, 0x01,
    0xaa, 0xaa, 0xaa, 0x03, 0x33, 0x44, 0x44, 0x0f, 0x1b, 0x13, 0x10, 0x9d, 0xb5, 0xca, 0xd1, 0xff,
    0xe5, 0xff, 0xff, 0xfb, 0xbd, 0xe5, 0xfc, 0xff, 0xb1, 0xdf, 0xff, 0xff, 0x9b, 0xc8, 0xf6, 0xff,
    0x7c, 0xa3, 0xcd, 0xff, 0x35, 0x3b, 0x4d, 0xff, 0x49, 0x57, 0x80, 0xff, 0x46, 0x55, 0x86, 0xff,
    0x49, 0x57, 0x89, 0xff, 0x53, 0x64, 0x8a, 0xff, 0x41, 0x4b, 0x5d, 0xff, 0x34, 0x3f, 0x77, 0xff,
    0x87, 0xa2, 0xe8, 0xff, 0xe5, 0xff, 0xff, 0xff, 0xcc, 0xea, 0xf0, 0xff, 0x64, 0x6f, 0x78, 0xff,
    0x3c, 0x42, 0x54, 0xff, 0x50, 0x62, 0x86, 0xff, 0x4f, 0x5f, 0x86, 0xff, 0x50, 0x5f, 0x88, 0xff,
    0x59, 0x6b, 0x8f, 0xff, 0x2f, 0x32, 0x61, 0xff, 0x5a, 0x74, 0x9c, 0xff, 0xb2, 0xd8, 0xf7, 0xff,
    0xd5, 0xf5, 0xff, 0xff, 0xd8, 0xf8, 0xfb, 0xfe, 0xe1, 0xff, 0xff, 0xfc, 0xce, 0xf1, 0xff, 0xff,
    0x43, 0x48, 0x51, 0xf5, 0x13, 0x06, 0x00, 0x4e, 0x00, 0x00, 0x00, 0x00, 0x00, 0x00, 0x00, 0x03,
    0x00, 0x00, 0x00, 0x00, 0x00, 0x00, 0x00, 0x00, 0x00, 0x00, 0x00, 0x00, 0x00, 0x00, 0x00, 0x00,
    0x00, 0x00, 0x00, 0x00, 0x00, 0x00, 0x00, 0x00, 0x00, 0x00, 0x00, 0x00, 0x00, 0x00, 0x00, 0x00,
    0x00, 0x00, 0x00, 0x00, 0x00, 0x00, 0x00, 0x00, 0x00, 0x00, 0x00, 0x00, 0x00, 0x00, 0x00, 0x00,
    0x00, 0x00, 0x00, 0x00, 0x00, 0x00, 0x00, 0x00, 0x00, 0x00, 0x00, 0x01, 0x00, 0x00, 0x00, 0x00,
    0x2d, 0x1e, 0x1e, 0x11, 0x38, 0x3b, 0x3e, 0xd5, 0x72, 0x87, 0x98, 0xff, 0x50, 0x58, 0x5e, 0xfb,
    0x90, 0xb2, 0xdd, 0xff, 0x89, 0xb1, 0xe2, 0xff, 0x76, 0x95, 0xb4, 0xff, 0x58, 0x6a, 0x87, 0xff,
    0x41, 0x4e, 0x6a, 0xff, 0x7f, 0x9f, 0xc1, 0xff, 0xaa, 0xd3, 0xf5, 0xff, 0x74, 0x8f, 0xd4, 0xff,
    0x78, 0x91, 0xd3, 0xff, 0xc1, 0xe8, 0xf9, 0xff, 0xb8, 0xe0, 0xfc, 0xff, 0xa2, 0xc5, 0xe1, 0xff,
    0x49, 0x52, 0x7f, 0xff, 0x53, 0x58, 0x6a, 0xff, 0x48, 0x4e, 0x60, 0xff, 0x66, 0x7f, 0x98, 0xff,
    0xaf, 0xda, 0xfa, 0xff, 0xb0, 0xd9, 0xf7, 0xff, 0xb1, 0xdb, 0xf5, 0xff, 0x4f, 0x66, 0xb0, 0xff,
    0x9c, 0xc3, 0xed, 0xff, 0x9b, 0xbf, 0xd6, 0xff, 0x4b, 0x5b, 0x74, 0xff, 0x36, 0x3f, 0x63, 0xff,
    0x54, 0x66, 0x9f, 0xff, 0x71, 0x8c, 0xe1, 0xff, 0x87, 0xad, 0xff, 0xff, 0x52, 0x63, 0x9a, 0xfd,
    0x32, 0x41, 0x6b, 0xff, 0x4a, 0x5b, 0x71, 0xfa, 0x26, 0x1c, 0x16, 0x50, 0x00, 0x00, 0x00, 0x00,
    0x00, 0x00, 0x00, 0x03, 0x00, 0x00, 0x00, 0x00, 0x00, 0x00, 0x00, 0x00, 0x00, 0x00, 0x00, 0x00,
    0x00, 0x00, 0x00, 0x00, 0x00, 0x00, 0x00, 0x00, 0x00, 0x00, 0x00, 0x00, 0x00, 0x00, 0x00, 0x00,
    0x00, 0x00, 0x00, 0x00, 0x00, 0x00, 0x00, 0x00, 0x00, 0x00, 0x00, 0x00, 0x00, 0x00, 0x00, 0x00,
    0x00, 0x00, 0x00, 0x00, 0x00, 0x00, 0x00, 0x00, 0x3f, 0x3f, 0x3f, 0x04, 0x7f, 0xff, 0xff, 0x02,
    0x2a, 0x28, 0x26, 0x7d, 0x83, 0x99, 0xa7, 0xff, 0xbc, 0xee, 0xff, 0xfa, 0x85, 0xa7, 0xc0, 0xff,
    0x35, 0x44, 0x6c, 0xff, 0x2e, 0x32, 0x47, 0xff, 0x61, 0x75, 0x87, 0xff, 0xa0, 0xc5, 0xe3, 0xff,
    0xc3, 0xe9, 0xff, 0xff, 0xcd, 0xf0, 0xff, 0xff, 0xd1, 0xf0, 0xf9, 0xff, 0xd8, 0xf7, 0xfc, 0xff,
    0x67, 0x82, 0xb1, 0xff, 0x82, 0xa2, 0xd1, 0xff, 0xcb, 0xee, 0xfd, 0xff, 0xbd, 0xe3, 0xfc, 0xff,
    0xc8, 0xec, 0xf6, 0xff, 0x5d, 0x71, 0x94, 0xff, 0x9e, 0xbe, 0xd7, 0xff, 0xcd, 0xf6, 0xff, 0xff,
    0xc8, 0xeb, 0xfa, 0xff, 0xcf, 0xf1, 0xfb, 0xff, 0x6d, 0x84, 0xc3, 0xff, 0x86, 0x9a, 0xc6, 0xff,
    0xd5, 0xf2, 0xfb, 0xff, 0xce, 0xf1, 0xff, 0xff, 0xc4, 0xeb, 0xff, 0xff, 0xa6, 0xce, 0xea, 0xff,
    0x67, 0x7f, 0x96, 0xff, 0x2c, 0x36, 0x62, 0xff, 0x1e, 0x27, 0x9b, 0xff, 0x45, 0x53, 0x89, 0xff,
    0x8c, 0xb4, 0xdc, 0xfd, 0xce, 0xf5, 0xff, 0xff, 0x5f, 0x68, 0x6b, 0xeb, 0x00, 0x00, 0x00, 0x1e,
    0xff, 0xff, 0xff, 0x01, 0x00, 0x00, 0x00, 0x02, 0x00, 0x00, 0x00, 0x00, 0x00, 0x00, 0x00, 0x00,
    0x00, 0x00, 0x00, 0x00, 0x00, 0x00, 0x00, 0x00, 0x00, 0x00, 0x00, 0x00, 0x00, 0x00, 0x00, 0x00,
    0x00, 0x00, 0x00, 0x00, 0x00, 0x00, 0x00, 0x00, 0x00, 0x00, 0x00, 0x00, 0x00, 0x00, 0x00, 0x00,
    0x00, 0x00, 0x00, 0x00, 0x00, 0x00, 0x00, 0x03, 0x00, 0x00, 0x00, 0x00, 0x05, 0x05, 0x05, 0x2d,
    0x7d, 0x88, 0x87, 0xfc, 0xbf, 0xe9, 0xff, 0xfc, 0xa5, 0xd0, 0xf4, 0xfe, 0xa2, 0xcc, 0xed, 0xff,
    0x67, 0x7e, 0x8b, 0xff, 0x9e, 0xc4, 0xe3, 0xff, 0xb6, 0xe0, 0xff, 0xff, 0xce, 0xef, 0xfe, 0xff,
    0xd2, 0xf2, 0xf9, 0xff, 0xd2, 0xf1, 0xf8, 0xff, 0xd2, 0xf1, 0xfa, 0xff, 0xd6, 0xf6, 0xfd, 0xff,
    0xc1, 0xdf, 0xec, 0xff, 0x5a, 0x6d, 0xab, 0xff, 0xc1, 0xdb, 0xed, 0xff, 0xd2, 0xf2, 0xfc, 0xff,
    0xd3, 0xf7, 0xff, 0xff, 0x77, 0x92, 0xb4, 0xff, 0xb0, 0xd0, 0xe9, 0xff, 0xce, 0xf0, 0xfd, 0xff,
    0xde, 0xfe, 0xff, 0xff, 0x83, 0x99, 0xca, 0xff, 0x62, 0x73, 0xbe, 0xff, 0xda, 0xf7, 0xfe, 0xff,
    0xd4, 0xf2, 0xfb, 0xff, 0xd1, 0xee, 0xf8, 0xff, 0xd3, 0xf1, 0xf8, 0xff, 0xd0, 0xf1, 0xff, 0xff,
    0xb8, 0xe6, 0xff, 0xff, 0xa1, 0xcf, 0xec, 0xff, 0x4b, 0x54, 0x65, 0xff, 0x7d, 0xa3, 0xd2, 0xff,
    0xb8, 0xe4, 0xff, 0xff, 0xda, 0xf8, 0xfc, 0xfc, 0xb0, 0xcb, 0xd1, 0xff, 0x3f, 0x42, 0x42, 0xcc,
    0x00, 0x1c, 0x1c, 0x09, 0x3f, 0x3f, 0x3f, 0x04, 0x00, 0x00, 0x00, 0x01, 0x00, 0x00, 0x00, 0x00,
    0x00, 0x00, 0x00, 0x00, 0x00, 0x00, 0x00, 0x00, 0x00, 0x00, 0x00, 0x00, 0x00, 0x00, 0x00, 0x00,
    0x00, 0x00, 0x00, 0x00, 0x00, 0x00, 0x00, 0x00, 0x00, 0x00, 0x00, 0x00, 0x00, 0x00, 0x00, 0x00,
    0x00, 0x00, 0x00, 0x00, 0x00, 0x00, 0x00, 0x01, 0xff, 0xff, 0xff, 0x04, 0x45, 0x45, 0x44, 0xb7,
    0xbf, 0xdc, 0xe5, 0xff, 0xa6, 0xd3, 0xf6, 0xfd, 0xa9, 0xd8, 0xfa, 0xff, 0x5f, 0x73, 0x83, 0xff,
    0x86, 0xab, 0xc9, 0xff, 0xb8, 0xe3, 0xff, 0xff, 0xc8, 0xe8, 0xf5, 0xff, 0xd2, 0xf1, 0xf9, 0xff,
    0xcf, 0xef, 0xfa, 0xff, 0xd0, 0xef, 0xfb, 0xff, 0xd3, 0xf2, 0xfb, 0xff, 0xd0, 0xef, 0xfa, 0xff,
    0xe4, 0xff, 0xff, 0xff, 0xa3, 0xbe, 0xd9, 0xff, 0x62, 0x76, 0xa5, 0xff, 0xd9, 0xf8, 0xfe, 0xff,
    0xd8, 0xf9, 0xfe, 0xff, 0x74, 0x8e, 0xb2, 0xff, 0xb1, 0xce, 0xe2, 0xff, 0xda, 0xf9, 0xff, 0xff,
    0xbf, 0xdd, 0xef, 0xff, 0x62, 0x77, 0xb1, 0xff, 0xd2, 0xed, 0xf5, 0xff, 0xd5, 0xf3, 0xfc, 0xff,
    0xcf, 0xee, 0xfa, 0xff, 0xd1, 0xf0, 0xfb, 0xff, 0xd0, 0xf0, 0xfb, 0xff, 0xc9, 0xe8, 0xfb, 0xff,
    0xca, 0xeb, 0xf6, 0xff, 0xb9, 0xe3, 0xff, 0xff, 0x9e, 0xc6, 0xe4, 0xff, 0x57, 0x6a, 0x79, 0xff,
    0x9e, 0xca, 0xf1, 0xff, 0xc1, 0xe6, 0xf6, 0xff, 0xdd, 0xff, 0xff, 0xfc, 0xac, 0xc6, 0xd0, 0xff,
    0x28, 0x28, 0x26, 0x8a, 0x00, 0x00, 0x00, 0x00, 0x7f, 0x7f, 0x7f, 0x02, 0x00, 0x00, 0x00, 0x00,
    0x00, 0x00, 0x00, 0x00, 0x00, 0x00, 0x00, 0x00, 0x00, 0x00, 0x00, 0x00, 0x00, 0x00, 0x00, 0x00,
    0x00, 0x00, 0x00, 0x00, 0x00, 0x00, 0x00, 0x00, 0x00, 0x00, 0x00, 0x00, 0x00, 0x00, 0x00, 0x00,
    0x3f, 0x3f, 0x3f, 0x04, 0xff, 0xff, 0xff, 0x02, 0x10, 0x0b, 0x0b, 0x6e, 0x94, 0xa6, 0xa9, 0xff,
    0xb0, 0xe1, 0xff, 0xfb, 0xac, 0xde, 0xff, 0xff, 0x70, 0x8c, 0xa0, 0xff, 0x6b, 0x83, 0x96, 0xff,
    0xaf, 0xdd, 0xff, 0xff, 0xc8, 0xe8, 0xf6, 0xff, 0xd5, 0xf3, 0xfb, 0xff, 0xd1, 0xf0, 0xfa, 0xff,
    0xd2, 0xf2, 0xfa, 0xff, 0xd3, 0xf2, 0xfb, 0xff, 0xd5, 0xf3, 0xfc, 0xff, 0xd5, 0xf3, 0xfb, 0xff,
    0xd3, 0xf0, 0xf7, 0xff, 0xd8, 0xf6, 0xfc, 0xff, 0x85, 0x99, 0xae, 0xff, 0x91, 0xa5, 0xb7, 0xff,
    0xe4, 0xfe, 0xfe, 0xff, 0x72, 0x8b, 0xad, 0xff, 0xb2, 0xce, 0xe1, 0xff, 0xd4, 0xf0, 0xf7, 0xff,
    0x71, 0x84, 0xab, 0xff, 0xb4, 0xcf, 0xe3, 0xff, 0xd8, 0xf6, 0xfc, 0xff, 0xce, 0xee, 0xfa, 0xff,
    0xd0, 0xf1, 0xfb, 0xff, 0xd1, 0xf1, 0xfc, 0xff, 0xd1, 0xf2, 0xfb, 0xff, 0xd2, 0xf1, 0xfb, 0xff,
    0xd7, 0xf5, 0xfc, 0xff, 0xc4, 0xe7, 0xf5, 0xff, 0xac, 0xda, 0xff, 0xff, 0x75, 0x91, 0xab, 0xff,
    0x5d, 0x74, 0x8b, 0xff, 0xa8, 0xd8, 0xff, 0xff, 0xb3, 0xd5, 0xee, 0xfe, 0xd9, 0xff, 0xff, 0xfa,
    0x6d, 0x7b, 0x7f, 0xfa, 0x14, 0x14, 0x11, 0x58, 0x55, 0xaa, 0xaa, 0x03, 0x00, 0x00, 0x00, 0x03,
    0x00, 0x00, 0x00, 0x00, 0x00, 0x00, 0x00, 0x00, 0x00, 0x00, 0x00, 0x00, 0x00, 0x00, 0x00, 0x00,
    0x00, 0x00, 0x00, 0x00, 0x00, 0x00, 0x00, 0x00, 0x00, 0x00, 0x00, 0x00, 0x00, 0x00, 0x00, 0x03,
    0x00, 0x00, 0x00, 0x00, 0x00, 0x00, 0x00, 0x2f, 0x5f, 0x64, 0x62, 0xeb, 0xc2, 0xe5, 0xf4, 0xfd,
    0xa3, 0xd4, 0xfa, 0xfe, 0x8c, 0xb5, 0xd4, 0xff, 0x63, 0x79, 0x8c, 0xff, 0xa7, 0xd3, 0xf2, 0xff,
    0xb9, 0xe0, 0xf8, 0xff, 0xd6, 0xf3, 0xfa, 0xff, 0xd4, 0xf2, 0xfa, 0xff, 0xd4, 0xf2, 0xfa, 0xff,
    0xd3, 0xf1, 0xfa, 0xff, 0xd4, 0xf2, 0xfb, 0xff, 0xd6, 0xf2, 0xfb, 0xff, 0xd5, 0xf2, 0xfa, 0xff,
    0xd3, 0xef, 0xf7, 0xff, 0xea, 0xff, 0xff, 0xff, 0xc2, 0xdb, 0xea, 0xff, 0x71, 0x80, 0x9a, 0xff,
    0xed, 0xff, 0xff, 0xff, 0x77, 0x91, 0xba, 0xff, 0xc4, 0xe2, 0xf2, 0xff, 0xd0, 0xef, 0xf8, 0xff,
    0x74, 0x85, 0xa0, 0xff, 0xeb, 0xff, 0xff, 0xff, 0xce, 0xee, 0xfa, 0xff, 0xd0, 0xef, 0xfb, 0xff,
    0xd1, 0xf1, 0xfc, 0xff, 0xd1, 0xf1, 0xfb, 0xff, 0xd2, 0xf2, 0xfb, 0xff, 0xd3, 0xf2, 0xfb, 0xff,
    0xd1, 0xf1, 0xfa, 0xff, 0xd4, 0xf3, 0xfa, 0xff, 0xbe, 0xe2, 0xf6, 0xff, 0xb2, 0xdd, 0xff, 0xff,
    0x61, 0x74, 0x89, 0xff, 0x72, 0x90, 0xb1, 0xff, 0xad, 0xd9, 0xfc, 0xff, 0xcf, 0xf3, 0xfc, 0xfe,
    0xa7, 0xce, 0xe8, 0xfe, 0x11, 0x0f, 0x11, 0xf6, 0x28, 0x28, 0x28, 0x38, 0x00, 0x00, 0x00, 0x01,
    0x55, 0x55, 0x55, 0x03, 0x00, 0x00, 0x00, 0x00, 0x00, 0x00, 0x00, 0x00, 0x00, 0x00, 0x00, 0x00,
    0x00, 0x00, 0x00, 0x00, 0x00, 0x00, 0x00, 0x00, 0x00, 0x00, 0x00, 0x00, 0x00, 0x00, 0x00, 0x02,
    0x7f, 0x7f, 0x9f, 0x08, 0x2d, 0x2b, 0x29, 0x87, 0x5b, 0x5e, 0x62, 0xff, 0xaa, 0xd6, 0xf8, 0xfd,
    0xb1, 0xe8, 0xff, 0xff, 0x56, 0x6c, 0x83, 0xff, 0x6c, 0x84, 0x9c, 0xff, 0xbb, 0xe8, 0xff, 0xff,
    0xcb, 0xea, 0xf5, 0xff, 0xd2, 0xf0, 0xfa, 0xff, 0xd1, 0xec, 0xfa, 0xff, 0xd3, 0xf1, 0xf9, 0xff,
    0xd2, 0xf1, 0xfa, 0xff, 0xd3, 0xf1, 0xfb, 0xff, 0xd3, 0xf1, 0xfb, 0xff, 0xd5, 0xf3, 0xfa, 0xff,
    0xdf, 0xfd, 0xff, 0xff, 0xb1, 0xc6, 0xdb, 0xff, 0x44, 0x51, 0xaa, 0xff, 0x71, 0x84, 0xbd, 0xff,
    0xba, 0xd2, 0xde, 0xff, 0x66, 0x7d, 0xb6, 0xff, 0x91, 0xac, 0xcb, 0xff, 0xa1, 0xbc, 0xd0, 0xff,
    0x65, 0x7b, 0xa7, 0xff, 0x88, 0xa3, 0xc6, 0xff, 0xd4, 0xf1, 0xfa, 0xff, 0xd8, 0xf7, 0xff, 0xff,
    0xd0, 0xee, 0xf9, 0xff, 0xd2, 0xf1, 0xfa, 0xff, 0xd2, 0xf1, 0xfa, 0xff, 0xd2, 0xf1, 0xfa, 0xff,
    0xd3, 0xf2, 0xfb, 0xff, 0xd3, 0xf2, 0xfb, 0xff, 0xd6, 0xf4, 0xfa, 0xff, 0xb4, 0xdb, 0xf6, 0xff,
    0xa1, 0xcc, 0xf0, 0xff, 0x57, 0x6a, 0x7d, 0xff, 0x9b, 0xc8, 0xec, 0xff, 0xc4, 0xee, 0xff, 0xff,
    0x61, 0x74, 0x9c, 0xfc, 0x44, 0x50, 0x5b, 0xff, 0x3b, 0x36, 0x30, 0x5e, 0x7f, 0x7f, 0x7f, 0x02,
    0x55, 0x55, 0x55, 0x03, 0x00, 0x00, 0x00, 0x00, 0x00, 0x00, 0x00, 0x00, 0x00, 0x00, 0x00, 0x00,
    0x00, 0x00, 0x00, 0x00, 0x00, 0x00, 0x00, 0x00, 0x00, 0x00, 0x00, 0x01, 0x00, 0x00, 0x00, 0x00,
    0x00, 0x00, 0x00, 0x00, 0x3b, 0x38, 0x38, 0xeb, 0x94, 0xab, 0xb8, 0xfe, 0x44, 0x4b, 0x68, 0xfd,
    0x5a, 0x6f, 0x8e, 0xff, 0x35, 0x3d, 0x43, 0xff, 0x9a, 0xc0, 0xdc, 0xff, 0xc2, 0xe7, 0xf9, 0xff,
    0xd2, 0xf0, 0xf8, 0xff, 0xcf, 0xee, 0xf9, 0xff, 0xcc, 0xe9, 0xfc, 0xff, 0xd1, 0xf0, 0xfb, 0xff,
    0xd2, 0xf1, 0xfc, 0xff, 0xd1, 0xf0, 0xfb, 0xff, 0xd3, 0xf2, 0xfc, 0xff, 0xd6, 0xf2, 0xf9, 0xff,
    0x87, 0x9a, 0xbb, 0xff, 0x78, 0x8d, 0xb5, 0xff, 0x95, 0xad, 0xc9, 0xff, 0xa0, 0xb8, 0xcd, 0xff,
    0xa0, 0xb8, 0xc9, 0xff, 0x52, 0x62, 0xb6, 0xff, 0x7c, 0x92, 0xbf, 0xff, 0x94, 0xac, 0xc5, 0xff,
    0x93, 0xae, 0xcb, 0xff, 0x81, 0x9a, 0xbb, 0xff, 0x6b, 0x7d, 0xa2, 0xff, 0xc6, 0xe1, 0xec, 0xff,
    0xda, 0xf8, 0xff, 0xff, 0xcf, 0xef, 0xf9, 0xff, 0xd2, 0xf2, 0xfa, 0xff, 0xd2, 0xf1, 0xfa, 0xff,
    0xd3, 0xf2, 0xfb, 0xff, 0xd2, 0xf1, 0xfa, 0xff, 0xd3, 0xf1, 0xfa, 0xff, 0xc0, 0xe3, 0xf3, 0xff,
    0xb2, 0xe2, 0xff, 0xff, 0x67, 0x7e, 0x93, 0xff, 0x3f, 0x50, 0x65, 0xff, 0x63, 0x7f, 0x9d, 0xff,
    0x62, 0x81, 0xa3, 0xfd, 0xb9, 0xe2, 0xf7, 0xfe, 0x43, 0x3e, 0x3b, 0xdb, 0x00, 0x00, 0x00, 0x00,
    0x00, 0x00, 0x00, 0x00, 0x00, 0x00, 0x00, 0x01, 0x00, 0x00, 0x00, 0x00, 0x00, 0x00, 0x00, 0x00,
    0x00, 0x00, 0x00, 0x00, 0x00, 0x00, 0x00, 0x00, 0x55, 0x55, 0x00, 0x03, 0x00, 0xff, 0xff, 0x01,
    0x23, 0x20, 0x20, 0x57, 0x82, 0x89, 0x88, 0xf1, 0xc3, 0xeb, 0xff, 0xfd, 0x85, 0xa6, 0xce, 0xfe,
    0x3b, 0x44, 0x56, 0xff, 0x65, 0x78, 0x84, 0xff, 0xbc, 0xea, 0xff, 0xff, 0xcb, 0xeb, 0xf6, 0xff,
    0xd0, 0xef, 0xfa, 0xff, 0xd0, 0xf0, 0xfb, 0xff, 0xd0, 0xf1, 0xfb, 0xff, 0xd1, 0xf1, 0xfc, 0xff,
    0xd1, 0xf0, 0xfc, 0xff, 0xd3, 0xf0, 0xfc, 0xff, 0xe0, 0xff, 0xff, 0xff, 0x83, 0x98, 0xb7, 0xff,
    0x86, 0x95, 0xba, 0xff, 0xe3, 0xfe, 0xff, 0xff, 0xe2, 0xff, 0xff, 0xff, 0xdc, 0xf9, 0xff, 0xff,
    0xea, 0xff, 0xff, 0xff, 0x74, 0x8c, 0xcf, 0xff, 0xc1, 0xdb, 0xf2, 0xff, 0xe8, 0xff, 0xff, 0xff,
    0xdf, 0xfd, 0xff, 0xff, 0xe0, 0xfd, 0xff, 0xff, 0x8a, 0x9f, 0xba, 0xff, 0x63, 0x76, 0x9e, 0xff,
    0xc1, 0xdb, 0xe9, 0xff, 0xdb, 0xfc, 0xff, 0xff, 0xcf, 0xf0, 0xfa, 0xff, 0xd1, 0xf1, 0xfa, 0xff,
    0xd2, 0xf1, 0xfa, 0xff, 0xd2, 0xf1, 0xfa, 0xff, 0xd2, 0xf2, 0xfb, 0xff, 0xd0, 0xf1, 0xf9, 0xff,
    0xa9, 0xd5, 0xf4, 0xff, 0x96, 0xbe, 0xde, 0xff, 0x38, 0x3d, 0x46, 0xff, 0x61, 0x7a, 0x96, 0xff,
    0xa5, 0xd9, 0xff, 0xfe, 0xc5, 0xe9, 0xfd, 0xfd, 0x83, 0x8d, 0x8e, 0xee, 0x1d, 0x19, 0x19, 0x3d,
    0xff, 0xff, 0xff, 0x01, 0x00, 0x7f, 0x7f, 0x02, 0x00, 0x00, 0x00, 0x00, 0x00, 0x00, 0x00, 0x00,
    0x00, 0x00, 0x00, 0x00, 0x00, 0x00, 0x00, 0x00, 0x3f, 0x3f, 0x00, 0x04, 0x00, 0x00, 0x00, 0x00,
    0x1b, 0x11, 0x0d, 0x94, 0xbd, 0xd3, 0xdb, 0xff, 0xce, 0xf4, 0xff, 0xfb, 0xa4, 0xd5, 0xff, 0xff,
    0x56, 0x6f, 0x8d, 0xff, 0x97, 0xb7, 0xcf, 0xff, 0xc1, 0xe9, 0xfe, 0xff, 0xcf, 0xee, 0xf7, 0xff,
    0xcf, 0xef, 0xfb, 0xff, 0xd0, 0xf0, 0xfb, 0xff, 0xd0, 0xf0, 0xfb, 0xff, 0xd0, 0xf0, 0xfa, 0xff,
    0xd1, 0xef, 0xfa, 0xff, 0xe4, 0xff, 0xff, 0xff, 0x8a, 0xa0, 0xc7, 0xff, 0x7d, 0x93, 0xca, 0xff,
    0xe5, 0xff, 0xff, 0xff, 0xd5, 0xf1, 0xf9, 0xff, 0xd3, 0xf0, 0xf8, 0xff, 0xd4, 0xf0, 0xf8, 0xff,
    0xd9, 0xf6, 0xfa, 0xff, 0x8b, 0xa5, 0xd2, 0xff, 0xbe, 0xdb, 0xec, 0xff, 0xd6, 0xf4, 0xfa, 0xff,
    0xd0, 0xee, 0xf7, 0xff, 0xd0, 0xed, 0xf5, 0xff, 0xe7, 0xff, 0xff, 0xff, 0xb1, 0xca, 0xdf, 0xff,
    0x4c, 0x5e, 0x9b, 0xff, 0xbf, 0xdc, 0xea, 0xff, 0xd5, 0xf5, 0xfc, 0xff, 0xcf, 0xef, 0xf9, 0xff,
    0xd2, 0xf1, 0xfa, 0xff, 0xd1, 0xf1, 0xfa, 0xff, 0xd2, 0xf2, 0xfb, 0xff, 0xce, 0xf1, 0xfa, 0xff,
    0xa7, 0xd1, 0xf1, 0xff, 0xb1, 0xe2, 0xff, 0xff, 0x5c, 0x70, 0x7f, 0xff, 0x82, 0xad, 0xd8, 0xff,
    0xaf, 0xdb, 0xfc, 0xff, 0xee, 0xff, 0xff, 0xfa, 0xa1, 0xb5, 0xb9, 0xff, 0x04, 0x00, 0x00, 0x7f,
    0x00, 0x00, 0x00, 0x00, 0x3f, 0x00, 0x00, 0x04, 0x00, 0x00, 0x00, 0x00, 0x00, 0x00, 0x00, 0x00,
    0x00, 0x00, 0x00, 0x00, 0x00, 0x00, 0x00, 0x02, 0xff, 0xff, 0xff, 0x01, 0x00, 0x00, 0x00, 0x1f,
    0x4b, 0x52, 0x51, 0xdc, 0xca, 0xe8, 0xeb, 0xfe, 0xd4, 0xfb, 0xff, 0xfe, 0xa7, 0xcb, 0xdf, 0xff,
    0x2b, 0x30, 0x39, 0xff, 0xa5, 0xc8, 0xe0, 0xff, 0xbc, 0xe5, 0xff, 0xff, 0xc5, 0xe8, 0xf7, 0xff,
    0xd2, 0xf1, 0xf9, 0xff, 0xd1, 0xf1, 0xfb, 0xff, 0xd1, 0xf2, 0xfb, 0xff, 0xd4, 0xf3, 0xfa, 0xff,
    0xdb, 0xf9, 0xff, 0xff, 0x80, 0x92, 0xc6, 0xff, 0x6b, 0x7b, 0xbb, 0xff, 0xd5, 0xf0, 0xfb, 0xff,
    0xd4, 0xf0, 0xf6, 0xff, 0xd4, 0xf0, 0xf8, 0xff, 0xd6, 0xf2, 0xf9, 0xff, 0xd5, 0xf1, 0xf9, 0xff,
    0xe1, 0xfd, 0xfd, 0xff, 0x76, 0x8a, 0xd6, 0xff, 0xb5, 0xd0, 0xee, 0xff, 0xdb, 0xf9, 0xfb, 0xff,
    0xd4, 0xf1, 0xf8, 0xff, 0xd6, 0xf2, 0xf9, 0xff, 0xd1, 0xed, 0xf5, 0xff, 0xe1, 0xff, 0xff, 0xff,
    0x96, 0xaf, 0xcc, 0xff, 0x52, 0x63, 0x97, 0xff, 0xdd, 0xfa, 0xfc, 0xff, 0xd6, 0xf4, 0xfc, 0xff,
    0xd1, 0xf0, 0xf9, 0xff, 0xd4, 0xf3, 0xfa, 0xff, 0xca, 0xec, 0xf9, 0xff, 0xb1, 0xd9, 0xf4, 0xff,
    0xa6, 0xcf, 0xf1, 0xff, 0xb6, 0xe7, 0xff, 0xff, 0x6b, 0x83, 0x93, 0xff, 0x54, 0x69, 0x7e, 0xff,
    0xa9, 0xd6, 0xfc, 0xff, 0x65, 0x78, 0xb0, 0xfd, 0x7f, 0x8c, 0x96, 0xff, 0x52, 0x55, 0x53, 0xc6,
    0x0b, 0x0b, 0x0b, 0x16, 0x7f, 0x00, 0x7f, 0x02, 0x00, 0x00, 0x00, 0x01, 0x00, 0x00, 0x00, 0x00,
    0x00, 0x00, 0x00, 0x00, 0x00, 0x00, 0x00, 0x02, 0x00, 0x00, 0x00, 0x00, 0x20, 0x20, 0x1e, 0x74,
    0x83, 0x93, 0x97, 0xff, 0xd9, 0xff, 0xff, 0xfe, 0xbd, 0xe7, 0xfe, 0xff, 0x85, 0x9d, 0xad, 0xff,
    0x48, 0x57, 0x76, 0xff, 0x86, 0xa7, 0xdb, 0xff, 0xa8, 0xd1, 0xee, 0xff, 0xba, 0xe2, 0xfb, 0xff,
    0xcf, 0xf4, 0xff, 0xff, 0xcf, 0xf2, 0xfd, 0xff, 0xcb, 0xec, 0xf7, 0xff, 0xcc, 0xef, 0xff, 0xff,
    0x8b, 0xa6, 0xcd, 0xff, 0x74, 0x84, 0xbe, 0xff, 0xd7, 0xf2, 0xfd, 0xff, 0xd8, 0xf4, 0xf8, 0xff,
    0xd4, 0xf0, 0xf8, 0xff, 0xd6, 0xf2, 0xf9, 0xff, 0xd6, 0xf2, 0xf9, 0xff, 0xd5, 0xf1, 0xf9, 0xff,
    0xdf, 0xfb, 0xfd, 0xff, 0x82, 0x99, 0xd6, 0xff, 0xb8, 0xd3, 0xec, 0xff, 0xdb, 0xf8, 0xfc, 0xff,
    0xd5, 0xf1, 0xf9, 0xff, 0xd7, 0xf3, 0xfa, 0xff, 0xd5, 0xf2, 0xf9, 0xff, 0xd2, 0xef, 0xf7, 0xff,
    0xdf, 0xfe, 0xfe, 0xff, 0x86, 0x9a, 0xb7, 0xff, 0x6d, 0x80, 0xab, 0xff, 0xd3, 0xf0, 0xfe, 0xff,
    0xd4, 0xf4, 0xfc, 0xff, 0xc4, 0xe7, 0xf7, 0xff, 0xb3, 0xdc, 0xf6, 0xff, 0xad, 0xd9, 0xf7, 0xff,
    0xa8, 0xd6, 0xf4, 0xff, 0x8f, 0xb6, 0xe5, 0xff, 0x58, 0x69, 0x92, 0xff, 0x46, 0x51, 0x65, 0xff,
    0x97, 0xbf, 0xdb, 0xff, 0x93, 0xba, 0xe1, 0xff, 0xe0, 0xff, 0xff, 0xff, 0x60, 0x67, 0x67, 0xff,
    0x00, 0x00, 0x00, 0x37, 0x00, 0x00, 0x00, 0x00, 0x00, 0x00, 0x00, 0x02, 0x00, 0x00, 0x00, 0x00,
    0x00, 0x00, 0x00, 0x00, 0x00, 0x00, 0x00, 0x00, 0x00, 0x00, 0x00, 0x02, 0x2e, 0x2b, 0x28, 0xdf,
    0xc7, 0xe2, 0xea, 0xfd, 0xcb, 0xf0, 0xff, 0xfd, 0xa2, 0xcc, 0xf4, 0xff, 0x4c, 0x56, 0x67, 0xff,
    0x9d, 0xc3, 0xeb, 0xff, 0x61, 0x7f, 0xbb, 0xff, 0x55, 0x70, 0xa7, 0xff, 0x84, 0xa5, 0xce, 0xff,
    0x8f, 0xb3, 0xda, 0xff, 0xa3, 0xc9, 0xea, 0xff, 0xc8, 0xf1, 0xff, 0xff, 0x83, 0xa1, 0xd1, 0xff,
    0x66, 0x7b, 0xb1, 0xff, 0xde, 0xfb, 0xfb, 0xff, 0xd5, 0xf1, 0xf7, 0xff, 0xd5, 0xf1, 0xf8, 0xff,
    0xd6, 0xf2, 0xf9, 0xff, 0xd7, 0xf3, 0xfa, 0xff, 0xd7, 0xf3, 0xfa, 0xff, 0xd5, 0xf1, 0xf9, 0xff,
    0xe0, 0xfc, 0xff, 0xff, 0x7e, 0x98, 0xba, 0xff, 0xbc, 0xd7, 0xe7, 0xff, 0xdd, 0xf9, 0xfe, 0xff,
    0xd5, 0xf1, 0xf9, 0xff, 0xd7, 0xf3, 0xfa, 0xff, 0xd6, 0xf3, 0xfa, 0xff, 0xd4, 0xf1, 0xf8, 0xff,
    0xd3, 0xef, 0xf7, 0xff, 0xdf, 0xff, 0xff, 0xff, 0x80, 0x96, 0xc8, 0xff, 0x50, 0x65, 0xb6, 0xff,
    0xc0, 0xe7, 0xf9, 0xff, 0xc5, 0xef, 0xff, 0xff, 0xa9, 0xd3, 0xf6, 0xff, 0x65, 0x7e, 0xc1, 0xff,
    0x47, 0x55, 0x9c, 0xff, 0x4a, 0x5c, 0xa3, 0xff, 0x9a, 0xc4, 0xef, 0xff, 0x85, 0xa6, 0xc1, 0xff,
    0x53, 0x64, 0x7e, 0xff, 0xbd, 0xef, 0xff, 0xff, 0xcb, 0xf2, 0xff, 0xfc, 0x94, 0xa5, 0xa8, 0xfd,
    0x20, 0x1c, 0x1b, 0xba, 0x7f, 0xff, 0xff, 0x02, 0x00, 0xff, 0xff, 0x01, 0x00, 0x00, 0x00, 0x00,
    0x00, 0x00, 0x00, 0x00, 0x00, 0x00, 0x00, 0x00, 0x00, 0x00, 0x00, 0x00, 0x29, 0x23, 0x1d, 0xd2,
    0xc6, 0xe9, 0xf5, 0xff, 0xcb, 0xf0, 0xff, 0xfd, 0x94, 0xbe, 0xe6, 0xff, 0x41, 0x4e, 0x5c, 0xff,
    0xa0, 0xca, 0xef, 0xff, 0xc2, 0xea, 0xff, 0xff, 0xd2, 0xee, 0xf8, 0xff, 0x77, 0x89, 0xad, 0xff,
    0x64, 0x75, 0x9d, 0xff, 0x5a, 0x6d, 0xa4, 0xff, 0x6c, 0x89, 0xbe, 0xff, 0x82, 0x98, 0xc0, 0xff,
    0xd3, 0xed, 0xf4, 0xff, 0xd6, 0xf2, 0xfb, 0xff, 0xd4, 0xef, 0xf7, 0xff, 0xd5, 0xf2, 0xf8, 0xff,
    0xd6, 0xf2, 0xf9, 0xff, 0xd6, 0xf2, 0xf9, 0xff, 0xd7, 0xf3, 0xfa, 0xff, 0xd6, 0xf2, 0xfa, 0xff,
    0xe0, 0xfd, 0xff, 0xff, 0x7e, 0x99, 0xbb, 0xff, 0xbc, 0xd7, 0xe7, 0xff, 0xdd, 0xf9, 0xfe, 0xff,
    0xd5, 0xf2, 0xf9, 0xff, 0xd7, 0xf3, 0xfa, 0xff, 0xd5, 0xf2, 0xf9, 0xff, 0xd4, 0xf1, 0xf8, 0xff,
    0xd4, 0xf1, 0xf9, 0xff, 0xd2, 0xef, 0xf8, 0xff, 0xe2, 0xff, 0xff, 0xff, 0x93, 0xa9, 0xc5, 0xff,
    0x56, 0x66, 0xaf, 0xff, 0x7c, 0x92, 0xcc, 0xff, 0x69, 0x7e, 0xc0, 0xff, 0x9c, 0xae, 0xd9, 0xff,
    0xc6, 0xdc, 0xe9, 0xff, 0xc2, 0xe3, 0xf2, 0xff, 0xb2, 0xdd, 0xf8, 0xff, 0xa4, 0xd2, 0xf9, 0xff,
    0x47, 0x57, 0x75, 0xff, 0x8a, 0xac, 0xc7, 0xff, 0xb7, 0xe4, 0xff, 0xfc, 0xd6, 0xf6, 0xfb, 0xff,
    0x36, 0x34, 0x31, 0xc8, 0x00, 0x00, 0x00, 0x00, 0xff, 0xff, 0xff, 0x01, 0x00, 0x00, 0x00, 0x00,
    0x00, 0x00, 0x00, 0x00, 0x00, 0x00, 0x00, 0x01, 0x2d, 0x2f, 0x2d, 0x66, 0x64, 0x69, 0x69, 0xf2,
    0x80, 0x91, 0x96, 0xfc, 0xcf, 0xf9, 0xff, 0xfe, 0x84, 0xa7, 0xc8, 0xff, 0x68, 0x7f, 0x93, 0xff,
    0xb3, 0xde, 0xfc, 0xff, 0xce, 0xee, 0xf7, 0xff, 0xd4, 0xf2, 0xfc, 0xff, 0xdb, 0xfa, 0xff, 0xff,
    0xdf, 0xff, 0xff, 0xff, 0xb1, 0xd1, 0xef, 0xff, 0x5e, 0x75, 0xba, 0xff, 0x58, 0x64, 0xb8, 0xff,
    0xd8, 0xf3, 0xfa, 0xff, 0xd6, 0xf2, 0xf9, 0xff, 0xd6, 0xf2, 0xfa, 0xff, 0xd6, 0xf2, 0xf9, 0xff,
    0xd6, 0xf2, 0xf9, 0xff, 0xd6, 0xf2, 0xf9, 0xff, 0xd6, 0xf2, 0xf9, 0xff, 0xd5, 0xf1, 0xf9, 0xff,
    0xdf, 0xfc, 0xff, 0xff, 0x7e, 0x99, 0xbb, 0xff, 0xbd, 0xd7, 0xe7, 0xff, 0xdd, 0xf9, 0xfe, 0xff,
    0xd5, 0xf2, 0xf9, 0xff, 0xd5, 0xf2, 0xf9, 0xff, 0xd4, 0xf1, 0xf8, 0xff, 0xd4, 0xf1, 0xf8, 0xff,
    0xd4, 0xf1, 0xf9, 0xff, 0xd3, 0xf0, 0xfa, 0xff, 0xdc, 0xf8, 0xfc, 0xff, 0x9f, 0xb7, 0xe4, 0xff,
    0x70, 0x85, 0xcc, 0xff, 0x93, 0xaf, 0xdf, 0xff, 0xa9, 0xc6, 0xe4, 0xff, 0xdf, 0xfd, 0xfe, 0xff,
    0xd6, 0xf5, 0xfd, 0xff, 0xd9, 0xf6, 0xfb, 0xff, 0xb6, 0xdb, 0xf3, 0xff, 0xac, 0xdc, 0xff, 0xff,
    0x34, 0x39, 0x45, 0xff, 0x3e, 0x47, 0x54, 0xff, 0xbd, 0xf1, 0xff, 0xfe, 0xbd, 0xe4, 0xf4, 0xfd,
    0x68, 0x6c, 0x6c, 0xeb, 0x2c, 0x27, 0x24, 0x68, 0x7f, 0xff, 0xff, 0x02, 0x00, 0x00, 0x00, 0x00,
    0x00, 0x00, 0x00, 0x00, 0x00, 0x00, 0x00, 0x00, 0x14, 0x0d, 0x06, 0x93, 0xa1, 0xba, 0xca, 0xff,
    0x77, 0x8d, 0x9a, 0xfb, 0x5e, 0x72, 0x92, 0xff, 0x4d, 0x5f, 0x75, 0xff, 0x88, 0xa7, 0xc1, 0xff,
    0xc8, 0xee, 0xfe, 0xff, 0xd2, 0xf0, 0xf9, 0xff, 0xd2, 0xf1, 0xfc, 0xff, 0xd1, 0xef, 0xfa, 0xff,
    0xce, 0xed, 0xf9, 0xff, 0xd6, 0xf5, 0xfd, 0xff, 0xd3, 0xf9, 0xff, 0xff, 0x66, 0x80, 0xc1, 0xff,
    0x84, 0x96, 0xbc, 0xff, 0xe2, 0xfe, 0xff, 0xff, 0xd4, 0xf0, 0xf8, 0xff, 0xd7, 0xf3, 0xfa, 0xff,
    0xd7, 0xf3, 0xfa, 0xff, 0xd7, 0xf3, 0xfa, 0xff, 0xd7, 0xf3, 0xfa, 0xff, 0xd5, 0xf1, 0xf9, 0xff,
    0xe0, 0xfc, 0xff, 0xff, 0x7f, 0x9a, 0xbd, 0xff, 0xbc, 0xd7, 0xe7, 0xff, 0xdc, 0xf9, 0xfe, 0xff,
    0xd4, 0xf1, 0xf8, 0xff, 0xd4, 0xf1, 0xf8, 0xff, 0xd4, 0xf1, 0xf8, 0xff, 0xd5, 0xf2, 0xf9, 0xff,
    0xd4, 0xf1, 0xf8, 0xff, 0xd9, 0xf6, 0xfc, 0xff, 0xc5, 0xe0, 0xec, 0xff, 0x53, 0x6b, 0xb0, 0xff,
    0xbc, 0xe5, 0xff, 0xff, 0xc3, 0xec, 0xfe, 0xff, 0xd2, 0xf3, 0xfb, 0xff, 0xd1, 0xed, 0xf8, 0xff,
    0xd3, 0xf0, 0xf9, 0xff, 0xd4, 0xf1, 0xfa, 0xff, 0xcf, 0xee, 0xf7, 0xff, 0xb5, 0xe0, 0xfd, 0xff,
    0x88, 0xa7, 0xc4, 0xff, 0x56, 0x64, 0x73, 0xff, 0x94, 0xbe, 0xd3, 0xff, 0x4b, 0x58, 0x70, 0xfa,
    0x54, 0x5a, 0x5e, 0xff, 0x1d, 0x15, 0x14, 0xa4, 0x00, 0x00, 0x00, 0x00, 0x00, 0x00, 0x00, 0x00,
    0x00, 0x00, 0x00, 0x00, 0x12, 0x12, 0x12, 0x0e, 0x32, 0x2d, 0x29, 0xa7, 0x9c, 0xbd, 0xd3, 0xfe,
    0xbe, 0xf0, 0xff, 0xfc, 0x4a, 0x60, 0xb1, 0xff, 0x35, 0x42, 0x60, 0xff, 0xac, 0xd9, 0xf8, 0xff,
    0xcc, 0xec, 0xf9, 0xff, 0xd3, 0xf2, 0xfa, 0xff, 0xd3, 0xf2, 0xfb, 0xff, 0xd4, 0xf2, 0xfb, 0xff,
    0xd3, 0xf1, 0xfa, 0xff, 0xd2, 0xf0, 0xf9, 0xff, 0xce, 0xef, 0xfb, 0xff, 0xbc, 0xe4, 0xf8, 0xff,
    0x56, 0x69, 0xa3, 0xff, 0xb4, 0xcc, 0xdf, 0xff, 0xdc, 0xf8, 0xfd, 0xff, 0xd2, 0xee, 0xf6, 0xff,
    0xd3, 0xf0, 0xf8, 0xff, 0xd4, 0xf1, 0xf8, 0xff, 0xd5, 0xf1, 0xf8, 0xff, 0xd3, 0xef, 0xf8, 0xff,
    0xdf, 0xfb, 0xfe, 0xff, 0x7d, 0x99, 0xbc, 0xff, 0xb8, 0xd5, 0xe5, 0xff, 0xd9, 0xf6, 0xfc, 0xff,
    0xd1, 0xee, 0xf6, 0xff, 0xd2, 0xef, 0xf7, 0xff, 0xd3, 0xf0, 0xf8, 0xff, 0xd3, 0xf0, 0xf8, 0xff,
    0xd1, 0xed, 0xf7, 0xff, 0xe1, 0xff, 0xff, 0xff, 0x83, 0x96, 0xbe, 0xff, 0x83, 0xa3, 0xce, 0xff,
    0xb5, 0xde, 0xfb, 0xff, 0xc0, 0xe3, 0xf7, 0xff, 0xd4, 0xf2, 0xf9, 0xff, 0xd5, 0xf2, 0xfb, 0xff,
    0xd5, 0xf2, 0xfb, 0xff, 0xd5, 0xf2, 0xfb, 0xff, 0xd7, 0xf3, 0xf8, 0xff, 0xb6, 0xdd, 0xf5, 0xff,
    0xa8, 0xd4, 0xf6, 0xff, 0x30, 0x34, 0x3e, 0xff, 0x3a, 0x42, 0x53, 0xff, 0xc2, 0xde, 0xe2, 0xfd,
    0xb7, 0xd2, 0xd7, 0xfd, 0x31, 0x2d, 0x2d, 0xd0, 0x1d, 0x1d, 0x1d, 0x2b, 0x00, 0x00, 0x00, 0x00,
    0x00, 0x00, 0x00, 0x00, 0x03, 0x00, 0x03, 0x42, 0x65, 0x6b, 0x69, 0xff, 0xbd, 0xe9, 0xff, 0xfe,
    0xa8, 0xd8, 0xfd, 0xff, 0x70, 0x8c, 0xa6, 0xff, 0x65, 0x7a, 0x8f, 0xff, 0xb1, 0xdd, 0xfe, 0xff,
    0xcc, 0xeb, 0xf5, 0xff, 0xd4, 0xf2, 0xfa, 0xff, 0xd3, 0xf2, 0xfb, 0xff, 0xd5, 0xf2, 0xf9, 0xff,
    0xd4, 0xf1, 0xf8, 0xff, 0xd1, 0xf1, 0xfa, 0xff, 0xcd, 0xee, 0xfd, 0xff, 0xd2, 0xf6, 0xff, 0xff,
    0x9c, 0xbb, 0xdf, 0xff, 0x6e, 0x7e, 0xbb, 0xff, 0xe7, 0xff, 0xff, 0xff, 0xde, 0xfb, 0xff, 0xff,
    0xdf, 0xfc, 0xff, 0xff, 0xdf, 0xfc, 0xff, 0xff, 0xdf, 0xfc, 0xff, 0xff, 0xdf, 0xfb, 0xff, 0xff,
    0xeb, 0xff, 0xff, 0xff, 0x82, 0x9d, 0xc1, 0xff, 0xc3, 0xdf, 0xee, 0xff, 0xe7, 0xff, 0xff, 0xff,
    0xde, 0xfb, 0xff, 0xff, 0xe0, 0xfd, 0xff, 0xff, 0xe0, 0xfd, 0xff, 0xff, 0xdd, 0xfa, 0xff, 0xff,
    0xe6, 0xff, 0xff, 0xff, 0xa9, 0xbf, 0xd6, 0xff, 0x6b, 0x82, 0xb7, 0xff, 0xb5, 0xdd, 0xf9, 0xff,
    0xbb, 0xe0, 0xf9, 0xff, 0xd0, 0xf0, 0xfa, 0xff, 0xd4, 0xf2, 0xfb, 0xff, 0xd4, 0xf1, 0xfa, 0xff,
    0xd5, 0xf2, 0xfa, 0xff, 0xd5, 0xf2, 0xf9, 0xff, 0xd9, 0xf5, 0xfa, 0xff, 0xbf, 0xe2, 0xf4, 0xff,
    0xb1, 0xe0, 0xfe, 0xff, 0x57, 0x69, 0x78, 0xff, 0x54, 0x74, 0xa9, 0xff, 0xc5, 0xee, 0xff, 0xff,
    0xe3, 0xff, 0xff, 0xfd, 0x6e, 0x79, 0x7b, 0xff, 0x00, 0x00, 0x00, 0x56, 0x00, 0x00, 0x00, 0x00,
    0x00, 0x00, 0x00, 0x00, 0x00, 0x00, 0x00, 0x3e, 0x61, 0x66, 0x65, 0xfe, 0xbd, 0xe9, 0xff, 0xfe,
    0xac, 0xdd, 0xff, 0xff, 0x77, 0x97, 0xb0, 0xff, 0x5c, 0x6f, 0x83, 0xff, 0xb3, 0xe1, 0xff, 0xff,
    0xcc, 0xec, 0xf6, 0xff, 0xd4, 0xf2, 0xfa, 0xff, 0xd5, 0xf2, 0xf9, 0xff, 0xd5, 0xf2, 0xf9, 0xff,
    0xd4, 0xf1, 0xf8, 0xff, 0xd0, 0xf0, 0xfc, 0xff, 0xcc, 0xef, 0xfd, 0xff, 0xca, 0xeb, 0xfc, 0xff,
    0xc9, 0xed, 0xfe, 0xff, 0x71, 0x83, 0xb8, 0xff, 0x98, 0xaf, 0xc9, 0xff, 0xa7, 0xc5, 0xda, 0xff,
    0xa7, 0xc2, 0xd9, 0xff, 0xa6, 0xc2, 0xda, 0xff, 0xa6, 0xc2, 0xda, 0xff, 0xa6, 0xc2, 0xda, 0xff,
    0xad, 0xc9, 0xdc, 0xff, 0x6a, 0x82, 0xc5, 0xff, 0x93, 0xab, 0xd1, 0xff, 0xa8, 0xc3, 0xd9, 0xff,
    0xa2, 0xbe, 0xd7, 0xff, 0xa4, 0xbf, 0xd7, 0xff, 0xa3, 0xbd, 0xd5, 0xff, 0xa4, 0xbe, 0xd5, 0xff,
    0x98, 0xaf, 0xc9, 0xff, 0x63, 0x76, 0xa3, 0xff, 0xac, 0xd7, 0xf7, 0xff, 0xbb, 0xe1, 0xf9, 0xff,
    0xd1, 0xf1, 0xf9, 0xff, 0xd4, 0xf2, 0xfc, 0xff, 0xd5, 0xf2, 0xfb, 0xff, 0xd4, 0xf1, 0xf8, 0xff,
    0xd4, 0xf1, 0xf8, 0xff, 0xd4, 0xf1, 0xf8, 0xff, 0xd9, 0xf5, 0xfa, 0xff, 0xc0, 0xe4, 0xf5, 0xff,
    0xaf, 0xe0, 0xff, 0xff, 0x55, 0x68, 0x76, 0xff, 0x5b, 0x7c, 0xab, 0xff, 0xbf, 0xe8, 0xff, 0xff,
    0xde, 0xff, 0xff, 0xfd, 0x64, 0x70, 0x72, 0xfd, 0x00, 0x00, 0x00, 0x4f, 0x00, 0x00, 0x00, 0x00,
    0x00, 0x00, 0x00, 0x00, 0x00, 0x00, 0x00, 0x47, 0x5b, 0x5d, 0x5b, 0xff, 0xc1, 0xee, 0xff, 0xfe,
    0xa2, 0xcf, 0xf2, 0xff, 0x55, 0x66, 0x77, 0xff, 0x6d, 0x88, 0xa3, 0xff, 0xc0, 0xe9, 0xfe, 0xff,
    0xd3, 0xf1, 0xf8, 0xff, 0xd3, 0xf2, 0xfb, 0xff, 0xd5, 0xf2, 0xf9, 0xff, 0xd4, 0xf1, 0xf8, 0xff,
    0xd4, 0xf1, 0xf8, 0xff, 0xd1, 0xf1, 0xfb, 0xff, 0xcb, 0xee, 0xfc, 0xff, 0xc9, 0xea, 0xfa, 0xff,
    0xd1, 0xf3, 0xfe, 0xff, 0xa0, 0xbe, 0xd3, 0xff, 0x4f, 0x61, 0x91, 0xff, 0x9b, 0xb7, 0xcf, 0xff,
    0x93, 0xae, 0xcb, 0xff, 0x96, 0xb0, 0xcd, 0xff, 0x95, 0xb0, 0xcd, 0xff, 0x95, 0xaf, 0xcd, 0xff,
    0x9a, 0xb5, 0xd0, 0xff, 0x5d, 0x78, 0xad, 0xff, 0x82, 0x9d, 0xc1, 0xff, 0x96, 0xb1, 0xcd, 0xff,
    0x93, 0xad, 0xcb, 0xff, 0x93, 0xad, 0xcb, 0xff, 0x91, 0xab, 0xca, 0xff, 0x95, 0xb1, 0xce, 0xff,
    0x84, 0xa0, 0xc0, 0xff, 0x62, 0x78, 0xa4, 0xff, 0xb5, 0xdf, 0xfe, 0xff, 0xc0, 0xe3, 0xf7, 0xff,
    0xd3, 0xf1, 0xfa, 0xff, 0xd2, 0xf1, 0xfa, 0xff, 0xd4, 0xf1, 0xfa, 0xff, 0xd4, 0xf1, 0xf8, 0xff,
    0xd5, 0xf2, 0xf9, 0xff, 0xd5, 0xf2, 0xf9, 0xff, 0xd6, 0xf3, 0xf9, 0xff, 0xc9, 0xe9, 0xf4, 0xff,
    0xb0, 0xdf, 0xfd, 0xff, 0x62, 0x79, 0x8b, 0xff, 0x58, 0x72, 0x91, 0xff, 0x9f, 0xd0, 0xf9, 0xff,
    0xce, 0xf7, 0xff, 0xfd, 0x69, 0x73, 0x75, 0xff, 0x03, 0x03, 0x03, 0x52, 0x00, 0x00, 0x00, 0x00,
    0x00, 0x00, 0x00, 0x00, 0x22, 0x1f, 0x1d, 0x9b, 0x91, 0xa7, 0xaa, 0xff, 0xbb, 0xe6, 0xff, 0xfc,
    0x92, 0xb8, 0xd7, 0xff, 0x4b, 0x58, 0x66, 0xff, 0xab, 0xd9, 0xff, 0xff, 0xc6, 0xe8, 0xf7, 0xff,
    0xd5, 0xf3, 0xfb, 0xff, 0xd2, 0xf1, 0xfa, 0xff, 0xd4, 0xf1, 0xf8, 0xff, 0xd4, 0xf1, 0xf8, 0xff,
    0xd4, 0xf2, 0xf9, 0xff, 0xd2, 0xf1, 0xf9, 0xff, 0xcd, 0xee, 0xfb, 0xff, 0xc8, 0xeb, 0xfc, 0xff,
    0xcc, 0xee, 0xfc, 0xff, 0x5a, 0x6d, 0x8a, 0xff, 0xbd, 0xd6, 0xeb, 0xff, 0xe6, 0xff, 0xff, 0xff,
    0xdf, 0xfd, 0xff, 0xff, 0xe1, 0xfe, 0xff, 0xff, 0xe2, 0xfe, 0xff, 0xff, 0xe0, 0xfc, 0xff, 0xff,
    0xec, 0xff, 0xff, 0xff, 0x7f, 0x9c, 0xc1, 0xff, 0xc2, 0xdf, 0xec, 0xff, 0xe7, 0xff, 0xff, 0xff,
    0xdf, 0xfc, 0xff, 0xff, 0xe0, 0xfd, 0xff, 0xff, 0xe0, 0xfe, 0xff, 0xff, 0xdc, 0xfa, 0xff, 0xff,
    0xe3, 0xff, 0xff, 0xff, 0x7a, 0x93, 0xb2, 0xff, 0x7d, 0x9a, 0xc1, 0xff, 0xba, 0xe4, 0xff, 0xff,
    0xc8, 0xe9, 0xf8, 0xff, 0xd6, 0xf3, 0xfa, 0xff, 0xd5, 0xf2, 0xf9, 0xff, 0xd5, 0xf2, 0xf9, 0xff,
    0xd5, 0xf2, 0xf9, 0xff, 0xd5, 0xf2, 0xf9, 0xff, 0xd4, 0xf1, 0xf9, 0xff, 0xd4, 0xf2, 0xfa, 0xff,
    0xac, 0xd5, 0xf2, 0xff, 0xa5, 0xd0, 0xf5, 0xff, 0x46, 0x53, 0x5f, 0xff, 0x89, 0xb1, 0xdb, 0xff,
    0xd0, 0xfb, 0xff, 0xfd, 0x66, 0x6d, 0x6c, 0xff, 0x00, 0x00, 0x00, 0x45, 0x00, 0x00, 0x00, 0x00,
    0x00, 0x00, 0x00, 0x00, 0x29, 0x29, 0x31, 0xb8, 0x81, 0xab, 0xf5, 0xff, 0xbb, 0xe9, 0xff, 0xfc,
    0xa2, 0xca, 0xe8, 0xff, 0x52, 0x61, 0x72, 0xff, 0xae, 0xdb, 0xfd, 0xff, 0xc5, 0xe6, 0xf6, 0xff,
    0xd2, 0xf0, 0xf9, 0xff, 0xd1, 0xf1, 0xfa, 0xff, 0xd2, 0xf1, 0xfa, 0xff, 0xd4, 0xf2, 0xfb, 0xff,
    0xd3, 0xf2, 0xfb, 0xff, 0xd2, 0xf1, 0xf9, 0xff, 0xc7, 0xea, 0xf9, 0xff, 0xcf, 0xf6, 0xff, 0xff,
    0x9d, 0xb9, 0xcb, 0xff, 0x81, 0x93, 0xa6, 0xff, 0xde, 0xfc, 0xfc, 0xff, 0xd2, 0xee, 0xf7, 0xff,
    0xd3, 0xf0, 0xf7, 0xff, 0xd4, 0xf0, 0xf8, 0xff, 0xd4, 0xf0, 0xf8, 0xff, 0xd2, 0xee, 0xf7, 0xff,
    0xdd, 0xf9, 0xfd, 0xff, 0x7d, 0x99, 0xbd, 0xff, 0xb8, 0xd4, 0xe5, 0xff, 0xd9, 0xf6, 0xfb, 0xff,
    0xd1, 0xee, 0xf6, 0xff, 0xd2, 0xef, 0xf7, 0xff, 0xd2, 0xef, 0xf7, 0xff, 0xd1, 0xed, 0xf6, 0xff,
    0xd3, 0xf1, 0xfa, 0xff, 0xc0, 0xdf, 0xed, 0xff, 0x66, 0x7e, 0xaa, 0xff, 0xac, 0xd4, 0xf4, 0xff,
    0xc8, 0xeb, 0xfa, 0xff, 0xd5, 0xf3, 0xfa, 0xff, 0xd5, 0xf2, 0xf9, 0xff, 0xd5, 0xf2, 0xf9, 0xff,
    0xd4, 0xf1, 0xf9, 0xff, 0xd3, 0xf1, 0xf8, 0xff, 0xd6, 0xf3, 0xfb, 0xff, 0xd3, 0xf3, 0xfa, 0xff,
    0xaa, 0xd4, 0xf3, 0xff, 0xa3, 0xd1, 0xf3, 0xff, 0x48, 0x55, 0x64, 0xff, 0x8f, 0xba, 0xe4, 0xff,
    0xcc, 0xfb, 0xff, 0xfe, 0x98, 0xb1, 0xb7, 0xff, 0x2e, 0x34, 0x35, 0x89, 0x00, 0x00, 0x00, 0x00,
    0x00, 0x00, 0x00, 0x00, 0x1f, 0x1a, 0x1d, 0xff, 0x41, 0x51, 0x84, 0xff, 0x54, 0x62, 0x7b, 0xff,
    0x75, 0x91, 0xa9, 0xff, 0x50, 0x5e, 0x6e, 0xff, 0xa8, 0xd6, 0xfa, 0xff, 0xb6, 0xdc, 0xf5, 0xff,
    0xd2, 0xf0, 0xf8, 0xff, 0xd0, 0xf0, 0xfa, 0xff, 0xd2, 0xf2, 0xfb, 0xff, 0xd3, 0xf2, 0xfb, 0xff,
    0xd2, 0xf1, 0xfa, 0xff, 0xcd, 0xed, 0xfa, 0xff, 0xc8, 0xec, 0xfd, 0xff, 0xb9, 0xde, 0xee, 0xff,
    0x48, 0x59, 0x94, 0xff, 0xc0, 0xd9, 0xe9, 0xff, 0xdc, 0xfa, 0xfd, 0xff, 0xd3, 0xf0, 0xf8, 0xff,
    0xd5, 0xf1, 0xf8, 0xff, 0xd5, 0xf1, 0xf8, 0xff, 0xd7, 0xf3, 0xfa, 0xff, 0xd5, 0xf1, 0xf8, 0xff,
    0xe0, 0xfc, 0xff, 0xff, 0x7f, 0x9b, 0xbf, 0xff, 0xb9, 0xd6, 0xe6, 0xff, 0xdb, 0xf8, 0xfd, 0xff,
    0xd4, 0xf1, 0xf8, 0xff, 0xd5, 0xf2, 0xf9, 0xff, 0xd6, 0xf2, 0xf9, 0xff, 0xd4, 0xf1, 0xf9, 0xff,
    0xd1, 0xee, 0xf8, 0xff, 0xdd, 0xfd, 0xff, 0xff, 0x97, 0xb3, 0xca, 0xff, 0x7d, 0x9d, 0xc7, 0xff,
    0xc8, 0xec, 0xfd, 0xff, 0xd4, 0xf3, 0xf9, 0xff, 0xd3, 0xf3, 0xfc, 0xff, 0xd2, 0xf2, 0xfb, 0xff,
    0xd3, 0xf2, 0xfb, 0xff, 0xd7, 0xf3, 0xf9, 0xff, 0xd3, 0xf0, 0xf9, 0xff, 0xbc, 0xe0, 0xf6, 0xff,
    0xa5, 0xcf, 0xf2, 0xff, 0xa7, 0xd4, 0xf6, 0xff, 0x47, 0x53, 0x62, 0xff, 0x81, 0xab, 0xcc, 0xff,
    0x62, 0x77, 0xa4, 0xff, 0x5a, 0x6a, 0x83, 0xff, 0x2b, 0x2c, 0x2b, 0xff, 0x00, 0x00, 0x00, 0x00,
    0x00, 0x00, 0x00, 0x00, 0x38, 0x35, 0x31, 0xff, 0xbd, 0xdc, 0xe2, 0xff, 0x75, 0x8d, 0xa8, 0xff,
    0x50, 0x61, 0x72, 0xff, 0x52, 0x62, 0x6d, 0xff, 0xb5, 0xe8, 0xff, 0xff, 0xbd, 0xe6, 0xfe, 0xff,
    0xd7, 0xf8, 0xff, 0xff, 0xd1, 0xf1, 0xf9, 0xff, 0xd1, 0xf1, 0xf9, 0xff, 0xd0, 0xf0, 0xf9, 0xff,
    0xd1, 0xf1, 0xfa, 0xff, 0xc1, 0xe3, 0xf7, 0xff, 0xc4, 0xec, 0xff, 0xff, 0x80, 0x9f, 0xbe, 0xff,
    0x5b, 0x6c, 0xa5, 0xff, 0xd7, 0xf6, 0xff, 0xff, 0xd3, 0xf0, 0xf6, 0xff, 0xd5, 0xf2, 0xf9, 0xff,
    0xd6, 0xf2, 0xf9, 0xff, 0xd5, 0xf1, 0xf8, 0xff, 0xd5, 0xf1, 0xf8, 0xff, 0xd5, 0xf1, 0xf9, 0xff,
    0xe0, 0xfc, 0xff, 0xff, 0x7f, 0x99, 0xbf, 0xff, 0xb9, 0xd5, 0xe6, 0xff, 0xdc, 0xf9, 0xfd, 0xff,
    0xd5, 0xf1, 0xf8, 0xff, 0xd5, 0xf2, 0xf9, 0xff, 0xd5, 0xf2, 0xf9, 0xff, 0xd4, 0xf1, 0xf9, 0xff,
    0xd2, 0xef, 0xf9, 0xff, 0xd6, 0xf5, 0xfc, 0xff, 0xb3, 0xd2, 0xe9, 0xff, 0x52, 0x6b, 0xa0, 0xff,
    0xb2, 0xda, 0xf9, 0xff, 0xc7, 0xe8, 0xf7, 0xff, 0xd6, 0xf4, 0xfb, 0xff, 0xd5, 0xf3, 0xfa, 0xff,
    0xcf, 0xef, 0xf8, 0xff, 0xc0, 0xe3, 0xf5, 0xff, 0xb2, 0xda, 0xf7, 0xff, 0xae, 0xdc, 0xfd, 0xff,
    0xad, 0xda, 0xfb, 0xff, 0xb0, 0xe1, 0xff, 0xff, 0x44, 0x51, 0x5f, 0xff, 0x50, 0x61, 0x74, 0xff,
    0x6b, 0x8c, 0xb2, 0xff, 0xa9, 0xc4, 0xd2, 0xff, 0x30, 0x2c, 0x28, 0xf5, 0x00, 0x00, 0x00, 0x00,
    0x00, 0x00, 0x00, 0x00, 0x3d, 0x3a, 0x36, 0xff, 0xbd, 0xe2, 0xf7, 0xff, 0xb1, 0xdf, 0xff, 0xff,
    0xa8, 0xd5, 0xee, 0xff, 0x28, 0x29, 0x57, 0xff, 0x6f, 0x88, 0xc8, 0xff, 0x96, 0xbc, 0xd4, 0xff,
    0xa1, 0xc1, 0xd8, 0xff, 0xca, 0xef, 0xff, 0xff, 0xca, 0xf2, 0xff, 0xff, 0xc0, 0xe9, 0xff, 0xff,
    0xba, 0xe3, 0xfe, 0xff, 0xb8, 0xe1, 0xfe, 0xff, 0xb7, 0xe4, 0xff, 0xff, 0x4e, 0x64, 0x8c, 0xff,
    0xb3, 0xc9, 0xcc, 0xff, 0xde, 0xfb, 0xfd, 0xff, 0xd3, 0xf0, 0xf7, 0xff, 0xd6, 0xf2, 0xf9, 0xff,
    0xd6, 0xf2, 0xf9, 0xff, 0xd6, 0xf2, 0xf9, 0xff, 0xd5, 0xf1, 0xf8, 0xff, 0xd4, 0xf0, 0xf8, 0xff,
    0xe0, 0xfc, 0xff, 0xff, 0x7e, 0x99, 0xbe, 0xff, 0xbb, 0xd6, 0xe6, 0xff, 0xdd, 0xf9, 0xfe, 0xff,
    0xd5, 0xf0, 0xf8, 0xff, 0xd5, 0xf1, 0xf8, 0xff, 0xd4, 0xf2, 0xf9, 0xff, 0xd5, 0xf2, 0xfa, 0xff,
    0xd3, 0xf1, 0xfa, 0xff, 0xd1, 0xef, 0xfa, 0xff, 0xd0, 0xf1, 0xfc, 0xff, 0x69, 0x7f, 0xae, 0xff,
    0x83, 0xa4, 0xd0, 0xff, 0xc1, 0xec, 0xff, 0xff, 0xc4, 0xea, 0xfb, 0xff, 0xbf, 0xe8, 0xfd, 0xff,
    0xb9, 0xe5, 0xff, 0xff, 0xb0, 0xdf, 0xff, 0xff, 0x9f, 0xc8, 0xeb, 0xff, 0x89, 0xa8, 0xcb, 0xff,
    0x89, 0xa9, 0xce, 0xff, 0x8a, 0xab, 0xd2, 0xff, 0x46, 0x53, 0x66, 0xff, 0x9b, 0xc9, 0xf3, 0xff,
    0xbc, 0xea, 0xff, 0xff, 0xd2, 0xf1, 0xfa, 0xff, 0x32, 0x30, 0x2e, 0xf2, 0x00, 0x00, 0x00, 0x00,
    0x00, 0x00, 0x00, 0x00, 0x3c, 0x39, 0x34, 0xff, 0xb3, 0xd8, 0xf2, 0xff, 0xa1, 0xce, 0xfa, 0xff,
    0x98, 0xc2, 0xdd, 0xff, 0x39, 0x3f, 0x50, 0xff, 0x62, 0x72, 0x91, 0xff, 0x69, 0x7b, 0x90, 0xff,
    0x54, 0x63, 0x7d, 0xff, 0x5b, 0x6e, 0xa1, 0xff, 0x5e, 0x71, 0xa9, 0xff, 0x74, 0x8d, 0xb8, 0xff,
    0x9a, 0xc0, 0xdc, 0xff, 0x9a, 0xc0, 0xdb, 0xff, 0x7c, 0x9a, 0xca, 0xff, 0x91, 0xa5, 0xc3, 0xff,
    0xdc, 0xf8, 0xfc, 0xff, 0xd3, 0xf0, 0xf8, 0xff, 0xd5, 0xf2, 0xf9, 0xff, 0xd6, 0xf2, 0xf9, 0xff,
    0xd6, 0xf2, 0xf9, 0xff, 0xd6, 0xf2, 0xf9, 0xff, 0xd6, 0xf2, 0xf9, 0xff, 0xd3, 0xef, 0xf7, 0xff,
    0xdf, 0xfb, 0xff, 0xff, 0x80, 0x9a, 0xbd, 0xff, 0xbb, 0xd6, 0xe6, 0xff, 0xdc, 0xf8, 0xfd, 0xff,
    0xd5, 0xf1, 0xf8, 0xff, 0xd4, 0xf1, 0xf8, 0xff, 0xd4, 0xf1, 0xf8, 0xff, 0xd3, 0xf1, 0xf9, 0xff,
    0xd2, 0xf1, 0xfa, 0xff, 0xd1, 0xef, 0xfa, 0xff, 0xd5, 0xf3, 0xfd, 0xff, 0xc6, 0xe3, 0xef, 0xff,
    0x68, 0x7c, 0xab, 0xff, 0x7a, 0x99, 0xcd, 0xff, 0x99, 0xc1, 0xe0, 0xff, 0x8f, 0xb4, 0xd8, 0xff,
    0x63, 0x78, 0xa3, 0xff, 0x64, 0x79, 0xa3, 0xff, 0x52, 0x60, 0x83, 0xff, 0x5c, 0x6f, 0x92, 0xff,
    0x5e, 0x73, 0x9c, 0xff, 0x5c, 0x6f, 0x95, 0xff, 0x3b, 0x45, 0x55, 0xff, 0x97, 0xc2, 0xe8, 0xff,
    0xc6, 0xeb, 0xfd, 0xff, 0xcf, 0xec, 0xf6, 0xff, 0x30, 0x2f, 0x2e, 0xf3, 0x00, 0x00, 0x00, 0x00,
    0x00, 0x00, 0x00, 0x00, 0x3c, 0x38, 0x34, 0xff, 0xb9, 0xdd, 0xf1, 0xff, 0xa6, 0xd5, 0xfc, 0xff,
    0x95, 0xbc, 0xd9, 0xff, 0x5b, 0x6d, 0x79, 0xff, 0xc2, 0xf0, 0xff, 0xff, 0xb6, 0xe2, 0xff, 0xff,
    0xb2, 0xdc, 0xf9, 0xff, 0xa0, 0xbf, 0xd9, 0xff, 0xa1, 0xc1, 0xdb, 0xff, 0x61, 0x6f, 0x85, 0xff,
    0x55, 0x63, 0x74, 0xff, 0x55, 0x65, 0x74, 0xff, 0x50, 0x5d, 0x77, 0xff, 0x92, 0xa4, 0xb5, 0xff,
    0xdb, 0xf9, 0xfd, 0xff, 0xd3, 0xf0, 0xf7, 0xff, 0xd5, 0xf2, 0xf8, 0xff, 0xd6, 0xf2, 0xf9, 0xff,
    0xd6, 0xf2, 0xf9, 0xff, 0xd6, 0xf2, 0xf9, 0xff, 0xd6, 0xf2, 0xf9, 0xff, 0xd4, 0xf0, 0xf7, 0xff,
    0xde, 0xfa, 0xff, 0xff, 0x81, 0x9a, 0xbe, 0xff, 0xba, 0xd6, 0xe6, 0xff, 0xdb, 0xf8, 0xfd, 0xff,
    0xd4, 0xf1, 0xf8, 0xff, 0xd4, 0xf1, 0xf8, 0xff, 0xd4, 0xf1, 0xf8, 0xff, 0xd4, 0xf1, 0xf8, 0xff,
    0xd3, 0xf1, 0xf8, 0xff, 0xd2, 0xf0, 0xf9, 0xff, 0xd3, 0xef, 0xfb, 0xff, 0xdd, 0xfc, 0xff, 0xff,
    0x83, 0x94, 0xc9, 0xff, 0x4b, 0x55, 0x86, 0xff, 0x58, 0x69, 0x8c, 0xff, 0x4e, 0x5c, 0x7e, 0xff,
    0x95, 0xa9, 0xbe, 0xff, 0xbf, 0xd6, 0xdf, 0xff, 0xc1, 0xdd, 0xe7, 0xff, 0xd0, 0xf7, 0xff, 0xff,
    0xba, 0xe6, 0xff, 0xff, 0xab, 0xdc, 0xff, 0xff, 0x4c, 0x5d, 0x6b, 0xff, 0x92, 0xbd, 0xe1, 0xff,
    0xc5, 0xed, 0xff, 0xff, 0xd0, 0xec, 0xf6, 0xff, 0x33, 0x2f, 0x2f, 0xf3, 0x00, 0x00, 0x00, 0x00,
    0x00, 0x00, 0x00, 0x00, 0x36, 0x34, 0x35, 0xff, 0xa6, 0xd1, 0xf0, 0xff, 0xa9, 0xd8, 0xfc, 0xff,
    0x92, 0xbc, 0xda, 0xff, 0x54, 0x63, 0x71, 0xff, 0xb3, 0xdf, 0xfc, 0xff, 0xba, 0xde, 0xf5, 0xff,
    0xc2, 0xe4, 0xf8, 0xff, 0xce, 0xf1, 0xff, 0xff, 0xcc, 0xf3, 0xff, 0xff, 0xc6, 0xf2, 0xff, 0xff,
    0xc3, 0xee, 0xff, 0xff, 0xc2, 0xef, 0xff, 0xff, 0xb4, 0xde, 0xf2, 0xff, 0x5c, 0x70, 0x94, 0xff,
    0x9d, 0xb5, 0xc8, 0xff, 0xdf, 0xfc, 0xfe, 0xff, 0xd3, 0xef, 0xf7, 0xff, 0xd6, 0xf2, 0xf9, 0xff,
    0xd7, 0xf3, 0xfa, 0xff, 0xd6, 0xf2, 0xf9, 0xff, 0xd5, 0xf1, 0xf8, 0xff, 0xd3, 0xef, 0xf7, 0xff,
    0xde, 0xfa, 0xff, 0xff, 0x81, 0x9b, 0xbe, 0xff, 0xba, 0xd5, 0xe6, 0xff, 0xdb, 0xf8, 0xfd, 0xff,
    0xd4, 0xf1, 0xf8, 0xff, 0xd5, 0xf2, 0xf9, 0xff, 0xd5, 0xf2, 0xf9, 0xff, 0xd4, 0xf1, 0xf9, 0xff,
    0xd3, 0xf0, 0xf9, 0xff, 0xd1, 0xee, 0xf8, 0xff, 0xdc, 0xfb, 0xfc, 0xff, 0x82, 0x94, 0xc9, 0xff,
    0x6b, 0x80, 0xc8, 0xff, 0xc2, 0xec, 0xff, 0xff, 0xc7, 0xeb, 0xff, 0xff, 0xd0, 0xf0, 0xff, 0xff,
    0xd4, 0xf5, 0xff, 0xff, 0xd9, 0xf9, 0xff, 0xff, 0xd6, 0xf5, 0xfe, 0xff, 0xd7, 0xf3, 0xf8, 0xff,
    0xb9, 0xde, 0xf4, 0xff, 0xa0, 0xcc, 0xf5, 0xff, 0x4b, 0x5a, 0x69, 0xff, 0x93, 0xbe, 0xe3, 0xff,
    0xc6, 0xed, 0xff, 0xff, 0xd2, 0xec, 0xf6, 0xff, 0x33, 0x31, 0x32, 0xf3, 0x00, 0x00, 0x00, 0x00,
    0x00, 0x00, 0x00, 0x00, 0x37, 0x37, 0x36, 0xfd, 0xa7, 0xd0, 0xee, 0xff, 0xab, 0xdb, 0xfd, 0xff,
    0x93, 0xbd, 0xda, 0xff, 0x53, 0x62, 0x71, 0xff, 0xb7, 0xe3, 0xff, 0xff, 0xcf, 0xef, 0xf9, 0xff,
    0xd2, 0xf1, 0xfb, 0xff, 0xcf, 0xef, 0xfa, 0xff, 0xd0, 0xef, 0xfa, 0xff, 0xcc, 0xec, 0xf9, 0xff,
    0xc2, 0xe6, 0xfb, 0xff, 0xc6, 0xeb, 0xfa, 0xff, 0xbb, 0xe5, 0xfd, 0xff, 0xb5, 0xe1, 0xfc, 0xff,
    0x60, 0x79, 0xa5, 0xff, 0xba, 0xd2, 0xe2, 0xff, 0xdc, 0xf8, 0xfc, 0xff, 0xd6, 0xf2, 0xf9, 0xff,
    0xd7, 0xf3, 0xfa, 0xff, 0xd6, 0xf2, 0xf9, 0xff, 0xd5, 0xf1, 0xf8, 0xff, 0xd4, 0xf0, 0xf7, 0xff,
    0xdf, 0xfa, 0xff, 0xff, 0x80, 0x9b, 0xbc, 0xff, 0xb9, 0xd5, 0xe6, 0xff, 0xdb, 0xf8, 0xfe, 0xff,
    0xd4, 0xf1, 0xf8, 0xff, 0xd5, 0xf2, 0xf9, 0xff, 0xd5, 0xf2, 0xf9, 0xff, 0xd5, 0xf2, 0xf9, 0xff,
    0xd1, 0xee, 0xf9, 0xff, 0xdd, 0xfc, 0xff, 0xff, 0x9d, 0xb2, 0xdb, 0xff, 0x66, 0x7f, 0xc0, 0xff,
    0xbe, 0xe6, 0xfb, 0xff, 0xc4, 0xe5, 0xf7, 0xff, 0xd3, 0xf0, 0xf7, 0xff, 0xd3, 0xf2, 0xf9, 0xff,
    0xd2, 0xf1, 0xf9, 0xff, 0xd2, 0xf1, 0xfa, 0xff, 0xd3, 0xf0, 0xf9, 0xff, 0xd5, 0xf4, 0xfb, 0xff,
    0xb8, 0xe0, 0xf6, 0xff, 0xa1, 0xcd, 0xf6, 0xff, 0x4e, 0x5e, 0x6d, 0xff, 0x95, 0xc0, 0xe6, 0xff,
    0xc2, 0xe8, 0xfd, 0xff, 0xd0, 0xec, 0xf5, 0xff, 0x32, 0x32, 0x34, 0xf3, 0x00, 0x00, 0x00, 0x00,
    0x00, 0x00, 0x00, 0x00, 0x3d, 0x39, 0x35, 0xff, 0xc7, 0xee, 0xff, 0xff, 0xa0, 0xce, 0xf8, 0xff,
    0x92, 0xbb, 0xda, 0xff, 0x58, 0x69, 0x7a, 0xff, 0xbb, 0xe3, 0xfe, 0xff, 0xd2, 0xf0, 0xf7, 0xff,
    0xd1, 0xf0, 0xfa, 0xff, 0xd2, 0xf1, 0xfb, 0xff, 0xd3, 0xf2, 0xfb, 0xff, 0xd3, 0xf0, 0xfa, 0xff,
    0xc1, 0xe0, 0xf8, 0xff, 0x9d, 0xbc, 0xf1, 0xff, 0xc2, 0xe6, 0xf7, 0xff, 0xbc, 0xe7, 0xff, 0xff,
    0x8c, 0xb2, 0xd8, 0xff, 0x83, 0x98, 0xbb, 0xff, 0xe3, 0xff, 0xff, 0xff, 0xd3, 0xef, 0xf7, 0xff,
    0xd5, 0xf1, 0xf8, 0xff, 0xd5, 0xf1, 0xf8, 0xff, 0xd5, 0xf1, 0xf8, 0xff, 0xd5, 0xf1, 0xf8, 0xff,
    0xe0, 0xfc, 0xff, 0xff, 0x7f, 0x99, 0xbc, 0xff, 0xb9, 0xd5, 0xe6, 0xff, 0xdb, 0xf8, 0xfe, 0xff,
    0xd3, 0xf0, 0xf7, 0xff, 0xd4, 0xf1, 0xf8, 0xff, 0xd5, 0xf2, 0xf9, 0xff, 0xd4, 0xf0, 0xf8, 0xff,
    0xd7, 0xf4, 0xfb, 0xff, 0xcd, 0xe8, 0xef, 0xff, 0x68, 0x7c, 0xba, 0xff, 0xb2, 0xda, 0xf7, 0xff,
    0xc1, 0xe6, 0xf8, 0xff, 0xd4, 0xf1, 0xfa, 0xff, 0xd2, 0xf0, 0xfa, 0xff, 0xd4, 0xf2, 0xfb, 0xff,
    0xd4, 0xf2, 0xfb, 0xff, 0xd4, 0xf1, 0xf9, 0xff, 0xd4, 0xf1, 0xf8, 0xff, 0xd7, 0xf4, 0xfa, 0xff,
    0xb9, 0xdd, 0xf4, 0xff, 0xa4, 0xd0, 0xf5, 0xff, 0x44, 0x51, 0x5e, 0xff, 0x86, 0xaf, 0xda, 0xff,
    0xd2, 0xfa, 0xff, 0xff, 0xd7, 0xf6, 0xfd, 0xff, 0x37, 0x37, 0x39, 0xf1, 0x00, 0x00, 0x00, 0x00,
    0x00, 0x00, 0x00, 0x00, 0x3a, 0x35, 0x35, 0xdb, 0x7f, 0x93, 0x9b, 0xff, 0x4f, 0x5d, 0x86, 0xff,
    0x52, 0x5e, 0x7c, 0xff, 0x54, 0x62, 0x70, 0xff, 0xb9, 0xe5, 0xff, 0xff, 0xcd, 0xec, 0xf6, 0xff,
    0xd2, 0xf2, 0xfa, 0xff, 0xd2, 0xf1, 0xfa, 0xff, 0xd5, 0xf2, 0xf9, 0xff, 0xd5, 0xf1, 0xf8, 0xff,
    0xdc, 0xf8, 0xf8, 0xff, 0x8f, 0xa7, 0xe5, 0xff, 0xaf, 0xcc, 0xeb, 0xff, 0xc5, 0xeb, 0xfc, 0xff,
    0xaf, 0xdb, 0xf9, 0xff, 0x6f, 0x88, 0xaf, 0xff, 0xc1, 0xdb, 0xe7, 0xff, 0xd6, 0xf4, 0xfa, 0xff,
    0xd3, 0xf0, 0xf7, 0xff, 0xd4, 0xf1, 0xf8, 0xff, 0xd4, 0xf1, 0xf9, 0xff, 0xd3, 0xef, 0xf8, 0xff,
    0xdf, 0xfc, 0xfe, 0xff, 0x80, 0x9b, 0xba, 0xff, 0xb8, 0xd2, 0xe5, 0xff, 0xd9, 0xf5, 0xfd, 0xff,
    0xd2, 0xef, 0xf7, 0xff, 0xd4, 0xf1, 0xf8, 0xff, 0xd3, 0xf0, 0xf8, 0xff, 0xd1, 0xee, 0xf6, 0xff,
    0xdb, 0xf9, 0xfc, 0xff, 0x8a, 0x9d, 0xb4, 0xff, 0x88, 0xa5, 0xc4, 0xff, 0xc0, 0xeb, 0xff, 0xff,
    0xca, 0xed, 0xf8, 0xff, 0xbd, 0xdf, 0xf7, 0xff, 0xcd, 0xea, 0xfa, 0xff, 0xd7, 0xf3, 0xfa, 0xff,
    0xd6, 0xf3, 0xfb, 0xff, 0xd6, 0xf2, 0xf9, 0xff, 0xd5, 0xf2, 0xf9, 0xff, 0xd6, 0xf4, 0xfa, 0xff,
    0xb2, 0xd8, 0xf4, 0xff, 0xab, 0xdb, 0xfc, 0xff, 0x42, 0x4a, 0x52, 0xff, 0x47, 0x52, 0x6b, 0xff,
    0x77, 0x99, 0xc8, 0xff, 0x77, 0x97, 0xc9, 0xff, 0x23, 0x23, 0x27, 0xfd, 0x00, 0x00, 0x00, 0x00,
    0x00, 0x00, 0x00, 0x00, 0x10, 0x10, 0x10, 0x4c, 0x42, 0x3e, 0x3d, 0xff, 0xb2, 0xd2, 0xdb, 0xfd,
    0x95, 0xbe, 0xe0, 0xff, 0x44, 0x50, 0x61, 0xff, 0x85, 0xa7, 0xc7, 0xff, 0xd0, 0xf3, 0xfc, 0xff,
    0xd4, 0xf3, 0xfa, 0xff, 0xd2, 0xf2, 0xfb, 0xff, 0xd4, 0xf1, 0xf8, 0xff, 0xd4, 0xf1, 0xf9, 0xff,
    0xda, 0xf5, 0xfa, 0xff, 0xd1, 0xec, 0xf7, 0xff, 0x70, 0x83, 0xd9, 0xff, 0xbe, 0xdd, 0xf0, 0xff,
    0xcd, 0xf3, 0xfe, 0xff, 0x98, 0xb5, 0xcf, 0xff, 0xa1, 0xb8, 0xcd, 0xff, 0xe3, 0xff, 0xff, 0xff,
    0xd8, 0xf4, 0xfd, 0xff, 0xdc, 0xf8, 0xfe, 0xff, 0xdc, 0xf9, 0xfe, 0xff, 0xda, 0xf7, 0xfd, 0xff,
    0xe0, 0xfc, 0xff, 0xff, 0x70, 0x87, 0xc5, 0xff, 0xbe, 0xd9, 0xeb, 0xff, 0xde, 0xfb, 0xff, 0xff,
    0xd9, 0xf6, 0xfd, 0xff, 0xdb, 0xf8, 0xfe, 0xff, 0xdb, 0xf7, 0xfe, 0xff, 0xdc, 0xf9, 0xff, 0xff,
    0xd5, 0xf2, 0xf8, 0xff, 0x6c, 0x7d, 0x95, 0xff, 0xb9, 0xe1, 0xfb, 0xff, 0xba, 0xe1, 0xf9, 0xff,
    0xc9, 0xec, 0xfa, 0xff, 0xa5, 0xce, 0xf3, 0xff, 0xce, 0xec, 0xf7, 0xff, 0xd6, 0xf3, 0xf9, 0xff,
    0xd6, 0xf2, 0xf9, 0xff, 0xd6, 0xf2, 0xf9, 0xff, 0xd8, 0xf3, 0xfa, 0xff, 0xca, 0xeb, 0xf7, 0xff,
    0xaf, 0xdd, 0xfb, 0xff, 0x74, 0x8f, 0xa4, 0xff, 0x55, 0x71, 0xb0, 0xff, 0x9b, 0xb8, 0xcd, 0xff,
    0x6a, 0x77, 0x81, 0xfe, 0x2d, 0x2c, 0x35, 0xff, 0x1a, 0x17, 0x13, 0x85, 0x00, 0x00, 0x00, 0x00,
    0x00, 0x00, 0x00, 0x00, 0x00, 0x00, 0x00, 0x50, 0x78, 0x7c, 0x7b, 0xfd, 0xca, 0xf2, 0xff, 0xfd,
    0xaa, 0xdb, 0xff, 0xff, 0x72, 0x91, 0xab, 0xff, 0x68, 0x81, 0x9d, 0xff, 0xc0, 0xe9, 0xff, 0xff,
    0xd0, 0xf0, 0xf9, 0xff, 0xd5, 0xf4, 0xfc, 0xff, 0xd5, 0xf2, 0xf9, 0xff, 0xd5, 0xf2, 0xf9, 0xff,
    0xd5, 0xf2, 0xfa, 0xff, 0xdc, 0xf8, 0xfa, 0xff, 0x4c, 0x5a, 0xd9, 0xff, 0xa9, 0xc1, 0xee, 0xff,
    0xe2, 0xff, 0xff, 0xff, 0x97, 0xb1, 0xcd, 0xff, 0x5b, 0x6e, 0xa4, 0xff, 0x82, 0x9e, 0xc3, 0xff,
    0x7c, 0x97, 0xbc, 0xff, 0x7e, 0x99, 0xbd, 0xff, 0x7f, 0x9b, 0xbc, 0xff, 0x86, 0xa2, 0xbc, 0xff,
    0x80, 0x9c, 0xbe, 0xff, 0x43, 0x57, 0xa4, 0xff, 0x7c, 0x95, 0xb5, 0xff, 0x8a, 0xa6, 0xbc, 0xff,
    0x83, 0x9d, 0xbb, 0xff, 0x7c, 0x95, 0xba, 0xff, 0x7c, 0x95, 0xb9, 0xff, 0x7a, 0x94, 0xb8, 0xff,
    0x74, 0x8f, 0xb2, 0xff, 0x55, 0x68, 0x96, 0xff, 0xa9, 0xcf, 0xed, 0xff, 0xc9, 0xed, 0xfc, 0xff,
    0xc0, 0xe1, 0xf7, 0xff, 0xa5, 0xcc, 0xf4, 0xff, 0xd1, 0xee, 0xf8, 0xff, 0xd5, 0xf2, 0xf9, 0xff,
    0xd5, 0xf2, 0xf9, 0xff, 0xd5, 0xf1, 0xf9, 0xff, 0xd9, 0xf4, 0xfa, 0xff, 0xbf, 0xe2, 0xf3, 0xff,
    0xb4, 0xe9, 0xff, 0xff, 0x5b, 0x6e, 0x7f, 0xff, 0x5b, 0x7a, 0xb7, 0xff, 0xcf, 0xf4, 0xff, 0xff,
    0xea, 0xff, 0xff, 0xfd, 0x68, 0x72, 0x74, 0xfe, 0x00, 0x00, 0x00, 0x45, 0x00, 0x00, 0x00, 0x00,
    0x00, 0x00, 0x00, 0x00, 0x03, 0x03, 0x03, 0x55, 0x72, 0x76, 0x74, 0xff, 0xd0, 0xf6, 0xff, 0xfd,
    0xa0, 0xcf, 0xf6, 0xff, 0x95, 0xbc, 0xdd, 0xff, 0x4b, 0x5a, 0x69, 0xff, 0xa6, 0xd0, 0xf4, 0xff,
    0xce, 0xee, 0xf9, 0xff, 0xd6, 0xf2, 0xfb, 0xff, 0xd6, 0xf3, 0xfa, 0xff, 0xd6, 0xf3, 0xfa, 0xff,
    0xd5, 0xf2, 0xf9, 0xff, 0xda, 0xf6, 0xfa, 0xff, 0xb3, 0xd3, 0xf3, 0xff, 0xb4, 0xda, 0xf7, 0xff,
    0xc7, 0xe9, 0xfb, 0xff, 0x53, 0x60, 0xa1, 0xff, 0xa6, 0xbe, 0xda, 0xff, 0xc5, 0xe4, 0xf2, 0xff,
    0xc0, 0xde, 0xef, 0xff, 0xc2, 0xe0, 0xee, 0xff, 0xbb, 0xda, 0xeb, 0xff, 0x99, 0xb9, 0xe3, 0xff,
    0xb2, 0xd1, 0xeb, 0xff, 0x7b, 0x96, 0xb0, 0xff, 0x95, 0xaf, 0xd7, 0xff, 0x93, 0xae, 0xe7, 0xff,
    0xa4, 0xc0, 0xe4, 0xff, 0xc3, 0xe1, 0xec, 0xff, 0xbf, 0xdd, 0xed, 0xff, 0xbf, 0xdd, 0xec, 0xff,
    0xbe, 0xe0, 0xf0, 0xff, 0x93, 0xaf, 0xd6, 0xff, 0x60, 0x75, 0xb2, 0xff, 0xcb, 0xed, 0xfb, 0xff,
    0xc2, 0xe4, 0xf9, 0xff, 0xc9, 0xe9, 0xf8, 0xff, 0xd4, 0xf1, 0xf8, 0xff, 0xd4, 0xf1, 0xf8, 0xff,
    0xd5, 0xf2, 0xf9, 0xff, 0xd6, 0xf2, 0xfa, 0xff, 0xd9, 0xf4, 0xf9, 0xff, 0xc2, 0xe9, 0xfa, 0xff,
    0x8f, 0xb5, 0xcf, 0xff, 0x57, 0x6c, 0x7f, 0xff, 0x98, 0xbc, 0xd4, 0xff, 0xd4, 0xf3, 0xf9, 0xff,
    0xdb, 0xff, 0xff, 0xfd, 0x65, 0x6f, 0x70, 0xff, 0x02, 0x02, 0x02, 0x57, 0x00, 0x00, 0x00, 0x00,
    0x00, 0x00, 0x00, 0x00, 0x12, 0x12, 0x12, 0x1c, 0x3c, 0x3c, 0x3b, 0xac, 0xb4, 0xcf, 0xd5, 0xfe,
    0xaa, 0xda, 0xfd, 0xfc, 0x9e, 0xca, 0xea, 0xff, 0x44, 0x51, 0x61, 0xff, 0x99, 0xc5, 0xf4, 0xff,
    0xc4, 0xe8, 0xf9, 0xff, 0xd5, 0xf2, 0xfb, 0xff, 0xd4, 0xf1, 0xfa, 0xff, 0xd6, 0xf3, 0xfa, 0xff,
    0xd5, 0xf2, 0xfa, 0xff, 0xd7, 0xf3, 0xfa, 0xff, 0xcc, 0xed, 0xf9, 0xff, 0xcb, 0xf2, 0xff, 0xff,
    0x6b, 0x80, 0x9b, 0xff, 0x99, 0xad, 0xc8, 0xff, 0xe0, 0xff, 0xff, 0xff, 0xd3, 0xf3, 0xfe, 0xff,
    0xd6, 0xf5, 0xff, 0xff, 0xd9, 0xf7, 0xff, 0xff, 0xd4, 0xf5, 0xfe, 0xff, 0xb0, 0xd2, 0xf4, 0xff,
    0xc7, 0xe7, 0xfc, 0xff, 0x83, 0xa0, 0xbc, 0xff, 0x95, 0xac, 0xe0, 0xff, 0x83, 0x99, 0xf0, 0xff,
    0xa4, 0xbd, 0xee, 0xff, 0xdd, 0xfb, 0xfe, 0xff, 0xd7, 0xf6, 0xff, 0xff, 0xd8, 0xf7, 0xfe, 0xff,
    0xce, 0xf1, 0xfe, 0xff, 0xc7, 0xef, 0xff, 0xff, 0x85, 0xa2, 0xd7, 0xff, 0x75, 0x8c, 0xc6, 0xff,
    0xcf, 0xee, 0xfa, 0xff, 0xd3, 0xf0, 0xf8, 0xff, 0xd4, 0xf1, 0xfa, 0xff, 0xd5, 0xf2, 0xfa, 0xff,
    0xd5, 0xf3, 0xfa, 0xff, 0xd5, 0xf3, 0xfb, 0xff, 0xd2, 0xef, 0xf6, 0xff, 0xbc, 0xeb, 0xff, 0xff,
    0x6b, 0x85, 0x9c, 0xff, 0x62, 0x7a, 0x91, 0xff, 0xb3, 0xe3, 0xff, 0xff, 0xd3, 0xf5, 0xff, 0xfc,
    0xb6, 0xd0, 0xd7, 0xfe, 0x34, 0x34, 0x2e, 0xbf, 0x27, 0x31, 0x31, 0x1a, 0x00, 0x00, 0x00, 0x00,
    0x00, 0x00, 0x00, 0x00, 0x00, 0x00, 0x00, 0x00, 0x08, 0x04, 0x00, 0x75, 0xab, 0xbf, 0xc6, 0xfe,
    0xaf, 0xe4, 0xff, 0xfb, 0x97, 0xc4, 0xe7, 0xff, 0x27, 0x30, 0x5e, 0xff, 0x5f, 0x78, 0xab, 0xff,
    0xb8, 0xe2, 0xff, 0xff, 0xd6, 0xf4, 0xf7, 0xff, 0xd5, 0xf2, 0xfb, 0xff, 0xd3, 0xf2, 0xfa, 0xff,
    0xd4, 0xf2, 0xf9, 0xff, 0xc9, 0xe9, 0xf7, 0xff, 0xc8, 0xf1, 0xff, 0xff, 0x7f, 0x99, 0xba, 0xff,
    0x7f, 0x92, 0xa2, 0xff, 0xdd, 0xfb, 0xfb, 0xff, 0xd0, 0xed, 0xf9, 0xff, 0xd1, 0xf0, 0xfb, 0xff,
    0xd2, 0xf1, 0xfb, 0xff, 0xd3, 0xf1, 0xf9, 0xff, 0xd5, 0xf3, 0xf9, 0xff, 0xdb, 0xf8, 0xfa, 0xff,
    0xe3, 0xff, 0xff, 0xff, 0x7b, 0x97, 0xbc, 0xff, 0xc0, 0xdd, 0xe6, 0xff, 0xe6, 0xff, 0xfe, 0xff,
    0xda, 0xf8, 0xfa, 0xff, 0xd4, 0xf1, 0xf9, 0xff, 0xd4, 0xf2, 0xf9, 0xff, 0xd3, 0xf0, 0xfa, 0xff,
    0xd4, 0xf1, 0xfa, 0xff, 0xca, 0xeb, 0xf9, 0xff, 0xbf, 0xe7, 0xff, 0xff, 0x5c, 0x73, 0xb1, 0xff,
    0xc8, 0xe4, 0xef, 0xff, 0xd7, 0xf6, 0xfc, 0xff, 0xd1, 0xee, 0xf9, 0xff, 0xd3, 0xf1, 0xfb, 0xff,
    0xd3, 0xf2, 0xfa, 0xff, 0xd4, 0xf2, 0xfa, 0xff, 0xc4, 0xe8, 0xf9, 0xff, 0xa7, 0xd3, 0xef, 0xff,
    0x53, 0x62, 0x71, 0xff, 0x57, 0x69, 0x86, 0xff, 0xb8, 0xe4, 0xff, 0xff, 0xd9, 0xfb, 0xff, 0xfb,
    0xaf, 0xc6, 0xcf, 0xff, 0x1a, 0x12, 0x0d, 0x9a, 0x00, 0x00, 0x00, 0x00, 0x00, 0x00, 0x00, 0x00,
    0x00, 0x00, 0x00, 0x00, 0x00, 0x00, 0x00, 0x01, 0x14, 0x0e, 0x09, 0x8a, 0xae, 0xbe, 0xc4, 0xff,
    0x9e, 0xd1, 0xf4, 0xfb, 0x54, 0x65, 0x7f, 0xff, 0x68, 0x7f, 0x9e, 0xff, 0x43, 0x50, 0x63, 0xff,
    0x9a, 0xc7, 0xf8, 0xff, 0xac, 0xcc, 0xf2, 0xff, 0xd3, 0xf0, 0xf8, 0xff, 0xd0, 0xf0, 0xfb, 0xff,
    0xc4, 0xe8, 0xf8, 0xff, 0xcd, 0xf4, 0xff, 0xff, 0x9e, 0xc2, 0xde, 0xff, 0x5f, 0x6f, 0x99, 0xff,
    0xd8, 0xf3, 0xfa, 0xff, 0xd4, 0xf3, 0xfd, 0xff, 0xd2, 0xf0, 0xfb, 0xff, 0xd4, 0xf1, 0xfb, 0xff,
    0xd3, 0xf1, 0xf9, 0xff, 0xd4, 0xf1, 0xf8, 0xff, 0xd4, 0xf1, 0xf8, 0xff, 0xd3, 0xef, 0xf7, 0xff,
    0xde, 0xfa, 0xff, 0xff, 0x7d, 0x99, 0xbd, 0xff, 0xb9, 0xd6, 0xe6, 0xff, 0xd9, 0xf6, 0xfe, 0xff,
    0xd3, 0xf1, 0xfa, 0xff, 0xd6, 0xf3, 0xfa, 0xff, 0xd6, 0xf2, 0xfa, 0xff, 0xd6, 0xf2, 0xfa, 0xff,
    0xd5, 0xf2, 0xfa, 0xff, 0xd8, 0xf2, 0xf9, 0xff, 0xcb, 0xef, 0xff, 0xff, 0x7c, 0x9a, 0xcb, 0xff,
    0x6f, 0x7e, 0xc1, 0xff, 0xd5, 0xf3, 0xff, 0xff, 0xd5, 0xf3, 0xfd, 0xff, 0xd0, 0xee, 0xf9, 0xff,
    0xd0, 0xf0, 0xfc, 0xff, 0xd2, 0xf1, 0xf8, 0xff, 0xc7, 0xef, 0xff, 0xff, 0x87, 0xa5, 0xbd, 0xff,
    0x44, 0x52, 0x60, 0xff, 0x62, 0x7e, 0x98, 0xff, 0x5f, 0x6d, 0x79, 0xff, 0xe5, 0xff, 0xff, 0xfb,
    0xaa, 0xbf, 0xc6, 0xff, 0x1f, 0x17, 0x13, 0xa1, 0x00, 0x00, 0xff, 0x01, 0x00, 0x00, 0x00, 0x00,
    0x00, 0x00, 0x00, 0x00, 0x00, 0x00, 0xff, 0x01, 0x2d, 0x28, 0x23, 0x33, 0x44, 0x47, 0x49, 0xdc,
    0x50, 0x5e, 0x73, 0xfe, 0x87, 0xa6, 0xc3, 0xfd, 0xb4, 0xe5, 0xff, 0xff, 0x45, 0x53, 0x64, 0xff,
    0x5b, 0x72, 0xa1, 0xff, 0x80, 0x9d, 0xfe, 0xff, 0xcf, 0xee, 0xf5, 0xff, 0xc9, 0xe9, 0xf8, 0xff,
    0xcf, 0xf5, 0xff, 0xff, 0x9f, 0xbe, 0xd2, 0xff, 0x66, 0x75, 0x90, 0xff, 0xca, 0xe4, 0xea, 0xff,
    0xd9, 0xf6, 0xfd, 0xff, 0xd1, 0xef, 0xfa, 0xff, 0xd4, 0xf1, 0xfb, 0xff, 0xd5, 0xf2, 0xfa, 0xff,
    0xd5, 0xf2, 0xf9, 0xff, 0xd5, 0xf2, 0xf9, 0xff, 0xd5, 0xf2, 0xf9, 0xff, 0xd4, 0xf0, 0xf7, 0xff,
    0xdf, 0xfa, 0xff, 0xff, 0x7c, 0x98, 0xbb, 0xff, 0xba, 0xd6, 0xe5, 0xff, 0xdc, 0xf9, 0xfe, 0xff,
    0xd5, 0xf2, 0xf9, 0xff, 0xd7, 0xf3, 0xfa, 0xff, 0xd7, 0xf3, 0xfa, 0xff, 0xd7, 0xf3, 0xfa, 0xff,
    0xd6, 0xf3, 0xf9, 0xff, 0xd6, 0xf2, 0xf9, 0xff, 0xd2, 0xf0, 0xf8, 0xff, 0xd0, 0xf4, 0xfe, 0xff,
    0x71, 0x84, 0xb9, 0xff, 0x61, 0x73, 0xa2, 0xff, 0xce, 0xeb, 0xf7, 0xff, 0xd4, 0xf4, 0xfe, 0xff,
    0xca, 0xea, 0xfa, 0xff, 0xc9, 0xea, 0xfa, 0xff, 0xc2, 0xe9, 0xfc, 0xff, 0x65, 0x79, 0x89, 0xff,
    0x80, 0xa3, 0xc0, 0xff, 0xb0, 0xe6, 0xff, 0xff, 0x70, 0x81, 0x8b, 0xff, 0x82, 0x93, 0x9d, 0xfd,
    0x6b, 0x76, 0x79, 0xfc, 0x10, 0x10, 0x0d, 0x4d, 0x00, 0x00, 0x00, 0x00, 0x00, 0x00, 0x00, 0x00,
    0x00, 0x00, 0x00, 0x00, 0x00, 0x00, 0x00, 0x01, 0x00, 0x00, 0x00, 0x00, 0x1a, 0x12, 0x10, 0xcd,
    0x94, 0xa5, 0xaa, 0xff, 0xcc, 0xf3, 0xff, 0xfc, 0xa2, 0xce, 0xf3, 0xff, 0x9e, 0xc9, 0xeb, 0xff,
    0x42, 0x4f, 0x66, 0xff, 0x86, 0xab, 0xe8, 0xff, 0xcd, 0xef, 0xfb, 0xff, 0xd8, 0xfa, 0xff, 0xff,
    0xa5, 0xc3, 0xdf, 0xff, 0x61, 0x71, 0x99, 0xff, 0xc6, 0xe1, 0xea, 0xff, 0xd8, 0xf8, 0xff, 0xff,
    0xcf, 0xef, 0xfb, 0xff, 0xd2, 0xf1, 0xfa, 0xff, 0xd4, 0xf1, 0xf9, 0xff, 0xd4, 0xf1, 0xf8, 0xff,
    0xd4, 0xf1, 0xf8, 0xff, 0xd5, 0xf2, 0xf9, 0xff, 0xd5, 0xf2, 0xf9, 0xff, 0xd4, 0xf1, 0xf8, 0xff,
    0xe1, 0xfd, 0xff, 0xff, 0x7a, 0x96, 0xbb, 0xff, 0xb9, 0xd5, 0xe6, 0xff, 0xdc, 0xf9, 0xfd, 0xff,
    0xd4, 0xf1, 0xf8, 0xff, 0xd6, 0xf2, 0xf9, 0xff, 0xd6, 0xf2, 0xf9, 0xff, 0xd6, 0xf2, 0xfa, 0xff,
    0xd6, 0xf2, 0xf9, 0xff, 0xd6, 0xf2, 0xf9, 0xff, 0xd6, 0xf2, 0xf8, 0xff, 0xcf, 0xef, 0xf9, 0xff,
    0xcc, 0xf3, 0xfe, 0xff, 0x86, 0xa6, 0xc9, 0xff, 0x5d, 0x6a, 0x9d, 0xff, 0xc8, 0xe5, 0xee, 0xff,
    0xd6, 0xf8, 0xfe, 0xff, 0xcf, 0xf2, 0xf9, 0xff, 0xc0, 0xe5, 0xf7, 0xff, 0x50, 0x5e, 0x6c, 0xff,
    0xa2, 0xcf, 0xf8, 0xff, 0xa4, 0xd2, 0xf6, 0xff, 0xd7, 0xfb, 0xff, 0xfc, 0x8a, 0x98, 0x9c, 0xfe,
    0x1a, 0x19, 0x17, 0xd6, 0x99, 0x99, 0x99, 0x05, 0x00, 0x00, 0x00, 0x01, 0x00, 0x00, 0x00, 0x00,
    0x00, 0x00, 0x00, 0x00, 0x00, 0x00, 0x00, 0x01, 0xff, 0xff, 0xff, 0x02, 0x1e, 0x19, 0x17, 0x98,
    0x94, 0xa3, 0xa8, 0xff, 0xd9, 0xfd, 0xff, 0xfd, 0x9f, 0xca, 0xee, 0xff, 0xac, 0xdb, 0xff, 0xff,
    0x73, 0x91, 0xad, 0xff, 0x44, 0x59, 0x84, 0xff, 0xad, 0xd8, 0xff, 0xff, 0xc3, 0xde, 0xe5, 0xff,
    0x70, 0x81, 0xaa, 0xff, 0xc2, 0xde, 0xec, 0xff, 0xda, 0xfc, 0xff, 0xff, 0xcf, 0xee, 0xfd, 0xff,
    0xd2, 0xf1, 0xfc, 0xff, 0xd2, 0xf1, 0xfa, 0xff, 0xd4, 0xf1, 0xf9, 0xff, 0xd4, 0xf1, 0xf8, 0xff,
    0xd4, 0xf1, 0xf8, 0xff, 0xd4, 0xf1, 0xf8, 0xff, 0xd4, 0xf1, 0xf8, 0xff, 0xd4, 0xf1, 0xf9, 0xff,
    0xdd, 0xfb, 0xfe, 0xff, 0x90, 0xad, 0xc9, 0xff, 0xc1, 0xdc, 0xea, 0xff, 0xdb, 0xf8, 0xfd, 0xff,
    0xd5, 0xf2, 0xf9, 0xff, 0xd7, 0xf2, 0xf9, 0xff, 0xd6, 0xf2, 0xf9, 0xff, 0xd6, 0xf2, 0xf9, 0xff,
    0xd6, 0xf2, 0xf9, 0xff, 0xd6, 0xf2, 0xf9, 0xff, 0xd5, 0xf2, 0xf8, 0xff, 0xd1, 0xef, 0xf9, 0xff,
    0xc6, 0xe7, 0xfa, 0xff, 0xcb, 0xf4, 0xff, 0xff, 0x9b, 0xb8, 0xcf, 0xff, 0x5e, 0x69, 0x9e, 0xff,
    0xa5, 0xc1, 0xe3, 0xff, 0x97, 0xba, 0xfe, 0xff, 0x53, 0x63, 0x8b, 0xff, 0x8b, 0xad, 0xc5, 0xff,
    0xa1, 0xcf, 0xf9, 0xff, 0xba, 0xe0, 0xf3, 0xff, 0xe1, 0xff, 0xff, 0xfc, 0x99, 0xac, 0xb2, 0xff,
    0x0c, 0x08, 0x08, 0x7b, 0x00, 0x00, 0x00, 0x00, 0x00, 0x00, 0x00, 0x02, 0x00, 0x00, 0x00, 0x00,
    0x00, 0x00, 0x00, 0x00, 0x00, 0x00, 0x00, 0x02, 0x00, 0x00, 0x00, 0x00, 0x00, 0x00, 0x08, 0x1f,
    0x5a, 0x60, 0x61, 0xf4, 0xd9, 0xf8, 0xf8, 0xfe, 0xab, 0xd3, 0xf2, 0xff, 0xa7, 0xd9, 0xff, 0xff,
    0x6d, 0x89, 0xa5, 0xff, 0x25, 0x2c, 0x3f, 0xff, 0x4c, 0x63, 0x98, 0xff, 0x65, 0x74, 0xd6, 0xff,
    0xbc, 0xd9, 0xeb, 0xff, 0xd4, 0xf8, 0xfd, 0xff, 0xce, 0xef, 0xfc, 0xff, 0xd2, 0xf2, 0xfd, 0xff,
    0xd3, 0xf1, 0xfc, 0xff, 0xd3, 0xf2, 0xfa, 0xff, 0xd4, 0xf2, 0xfa, 0xff, 0xd5, 0xf2, 0xf9, 0xff,
    0xd5, 0xf1, 0xf8, 0xff, 0xd5, 0xf2, 0xf9, 0xff, 0xd4, 0xf1, 0xf8, 0xff, 0xd4, 0xf1, 0xf8, 0xff,
    0xdb, 0xf9, 0xfa, 0xff, 0x80, 0x96, 0xe1, 0xff, 0xbe, 0xd7, 0xf1, 0xff, 0xdb, 0xf8, 0xfb, 0xff,
    0xd5, 0xf2, 0xf9, 0xff, 0xd6, 0xf2, 0xf9, 0xff, 0xd7, 0xf3, 0xfa, 0xff, 0xd5, 0xf2, 0xf9, 0xff,
    0xd6, 0xf2, 0xf9, 0xff, 0xd6, 0xf2, 0xf9, 0xff, 0xd4, 0xf1, 0xf8, 0xff, 0xd4, 0xf1, 0xf8, 0xff,
    0xd5, 0xf2, 0xf9, 0xff, 0xd2, 0xee, 0xf6, 0xff, 0xc8, 0xef, 0xff, 0xff, 0x97, 0xb6, 0xdc, 0xff,
    0x53, 0x68, 0xc9, 0xff, 0x1d, 0x27, 0x81, 0xff, 0x31, 0x3a, 0x4c, 0xff, 0x96, 0xbc, 0xda, 0xff,
    0xaf, 0xdf, 0xff, 0xff, 0xc9, 0xee, 0xfb, 0xfe, 0xd0, 0xef, 0xf4, 0xfc, 0x52, 0x57, 0x5a, 0xee,
    0x0d, 0x14, 0x14, 0x26, 0x7f, 0x7f, 0x7f, 0x02, 0x00, 0x00, 0x00, 0x02, 0x00, 0x00, 0x00, 0x00,
    0x00, 0x00, 0x00, 0x00, 0x00, 0x00, 0x00, 0x00, 0x00, 0x00, 0x00, 0x04, 0x7f, 0xbf, 0xbf, 0x04,
    0x07, 0x07, 0x05, 0x90, 0x97, 0xae, 0xb7, 0xff, 0xde, 0xff, 0xff, 0xfb, 0x7f, 0xa2, 0xc4, 0xff,
    0x49, 0x5b, 0x72, 0xff, 0xa0, 0xcb, 0xea, 0xff, 0x53, 0x6a, 0x7d, 0xff, 0x64, 0x78, 0xa7, 0xff,
    0xbf, 0xe8, 0xff, 0xff, 0xcc, 0xee, 0xf7, 0xff, 0xd2, 0xf2, 0xff, 0xff, 0xd1, 0xf1, 0xfc, 0xff,
    0xcf, 0xec, 0xfb, 0xff, 0xcd, 0xe9, 0xfa, 0xff, 0xd4, 0xf1, 0xf9, 0xff, 0xd5, 0xf2, 0xf9, 0xff,
    0xd5, 0xf1, 0xf9, 0xff, 0xd6, 0xf2, 0xf9, 0xff, 0xd4, 0xf1, 0xf8, 0xff, 0xd3, 0xf0, 0xf9, 0xff,
    0xde, 0xfc, 0xfc, 0xff, 0x71, 0x88, 0xdf, 0xff, 0xb7, 0xd0, 0xee, 0xff, 0xdc, 0xf8, 0xfa, 0xff,
    0xd5, 0xf1, 0xf9, 0xff, 0xd7, 0xf2, 0xf9, 0xff, 0xd6, 0xf2, 0xf9, 0xff, 0xd5, 0xf2, 0xf9, 0xff,
    0xd4, 0xf1, 0xf8, 0xff, 0xd5, 0xf2, 0xf9, 0xff, 0xd4, 0xf1, 0xf9, 0xff, 0xd4, 0xf1, 0xf9, 0xff,
    0xd8, 0xf4, 0xfc, 0xff, 0xd0, 0xf0, 0xfb, 0xff, 0xab, 0xd2, 0xf4, 0xff, 0xc1, 0xeb, 0xff, 0xff,
    0x75, 0x92, 0xb0, 0xff, 0x5f, 0x78, 0x89, 0xff, 0x89, 0xae, 0xca, 0xff, 0x59, 0x6c, 0x7f, 0xff,
    0x9d, 0xc0, 0xd8, 0xff, 0xcf, 0xf1, 0xfd, 0xfb, 0x70, 0x78, 0x79, 0xff, 0x14, 0x0d, 0x0d, 0x6e,
    0x00, 0x00, 0x00, 0x00, 0x00, 0x00, 0x00, 0x03, 0x00, 0x00, 0x00, 0x00, 0x00, 0x00, 0x00, 0x00,
    0x00, 0x00, 0x00, 0x00, 0x00, 0x00, 0x00, 0x00, 0x00, 0x00, 0x00, 0x02, 0x00, 0x00, 0x00, 0x00,
    0x18, 0x15, 0x15, 0x48, 0x54, 0x60, 0x6d, 0xf2, 0x94, 0xae, 0xc4, 0xfb, 0x48, 0x4e, 0x51, 0xfe,
    0xb4, 0xd9, 0xf3, 0xff, 0xa4, 0xd2, 0xfc, 0xff, 0xa2, 0xd1, 0xf9, 0xff, 0x52, 0x69, 0x7d, 0xff,
    0x80, 0xa1, 0xc9, 0xff, 0xc0, 0xe9, 0xff, 0xff, 0xce, 0xed, 0xf7, 0xff, 0xd3, 0xf1, 0xfc, 0xff,
    0xd4, 0xf2, 0xfb, 0xff, 0xd3, 0xf2, 0xfb, 0xff, 0xd4, 0xf1, 0xf9, 0xff, 0xd5, 0xf2, 0xf9, 0xff,
    0xd4, 0xf1, 0xf9, 0xff, 0xd4, 0xf2, 0xf9, 0xff, 0xd5, 0xf2, 0xfa, 0xff, 0xd4, 0xf1, 0xf9, 0xff,
    0xdc, 0xf9, 0xfd, 0xff, 0x7f, 0x96, 0xde, 0xff, 0xbb, 0xd6, 0xee, 0xff, 0xda, 0xf7, 0xfa, 0xff,
    0xd4, 0xf1, 0xf9, 0xff, 0xd6, 0xf2, 0xf9, 0xff, 0xd5, 0xf2, 0xf9, 0xff, 0xd5, 0xf2, 0xf9, 0xff,
    0xd4, 0xf1, 0xf8, 0xff, 0xd4, 0xf1, 0xfa, 0xff, 0xd7, 0xf3, 0xfb, 0xff, 0xd2, 0xf1, 0xfa, 0xff,
    0xc2, 0xe6, 0xf7, 0xff, 0xae, 0xd6, 0xf2, 0xff, 0xaf, 0xe0, 0xff, 0xff, 0x84, 0xa3, 0xc1, 0xff,
    0x58, 0x6b, 0x80, 0xff, 0xa9, 0xd4, 0xfa, 0xff, 0xaf, 0xde, 0xff, 0xff, 0xaf, 0xd6, 0xf6, 0xff,
    0x78, 0x97, 0xc4, 0xfd, 0x5f, 0x74, 0xa3, 0xff, 0x2c, 0x2c, 0x28, 0xb1, 0x00, 0x00, 0x00, 0x00,
    0x55, 0x55, 0x55, 0x03, 0x00, 0x00, 0x00, 0x00, 0x00, 0x00, 0x00, 0x00, 0x00, 0x00, 0x00, 0x00,
    0x00, 0x00, 0x00, 0x00, 0x00, 0x00, 0x00, 0x00, 0x00, 0x00, 0x00, 0x00, 0x00, 0x00, 0x00, 0x02,
    0x00, 0x00, 0x00, 0x00, 0x15, 0x15, 0x15, 0x52, 0x3c, 0x49, 0x55, 0xff, 0x9f, 0xc4, 0xdb, 0xfc,
    0xd4, 0xef, 0xfa, 0xff, 0xab, 0xd3, 0xf4, 0xff, 0xa3, 0xd0, 0xfa, 0xff, 0xa0, 0xcd, 0xee, 0xff,
    0x3c, 0x4b, 0x5e, 0xff, 0x7c, 0x9b, 0xc1, 0xff, 0xb9, 0xe3, 0xff, 0xff, 0xbd, 0xe3, 0xf7, 0xff,
    0xc9, 0xeb, 0xf7, 0xff, 0xd0, 0xf0, 0xf9, 0xff, 0xd6, 0xf3, 0xfa, 0xff, 0xd6, 0xf3, 0xfa, 0xff,
    0xd8, 0xf5, 0xfb, 0xff, 0xd9, 0xf5, 0xfa, 0xff, 0xd9, 0xf5, 0xfa, 0xff, 0xd8, 0xf3, 0xf9, 0xff,
    0xe3, 0xfe, 0xff, 0xff, 0x72, 0x89, 0xbf, 0xff, 0xb8, 0xd2, 0xe6, 0xff, 0xe1, 0xfc, 0xfe, 0xff,
    0xd8, 0xf3, 0xf8, 0xff, 0xd5, 0xf2, 0xf8, 0xff, 0xd5, 0xf2, 0xf9, 0xff, 0xd5, 0xf3, 0xfa, 0xff,
    0xd6, 0xf3, 0xf9, 0xff, 0xd8, 0xf4, 0xfb, 0xff, 0xca, 0xea, 0xf8, 0xff, 0xad, 0xd7, 0xf4, 0xff,
    0xa5, 0xd1, 0xf3, 0xff, 0xb5, 0xe5, 0xff, 0xff, 0x89, 0xa9, 0xbe, 0xff, 0x4b, 0x5a, 0x65, 0xff,
    0xa3, 0xc9, 0xe9, 0xff, 0xad, 0xd9, 0xfb, 0xff, 0xb4, 0xde, 0xf7, 0xff, 0xbc, 0xe5, 0xfc, 0xfe,
    0xd4, 0xff, 0xff, 0xfb, 0x5e, 0x71, 0x7d, 0xe7, 0x00, 0x00, 0x00, 0x2f, 0x7f, 0x7f, 0x7f, 0x02,
    0x00, 0x00, 0x55, 0x03, 0x00, 0x00, 0x00, 0x00, 0x00, 0x00, 0x00, 0x00, 0x00, 0x00, 0x00, 0x00,
    0x00, 0x00, 0x00, 0x00, 0x00, 0x00, 0x00, 0x00, 0x00, 0x00, 0x00, 0x00, 0x00, 0x00, 0x00, 0x01,
    0x33, 0x33, 0x33, 0x05, 0x00, 0x00, 0x00, 0x05, 0x2f, 0x2f, 0x2d, 0x9c, 0x93, 0xb6, 0xce, 0xff,
    0xb9, 0xe9, 0xff, 0xfa, 0xc6, 0xe7, 0xf7, 0xff, 0xab, 0xd4, 0xf3, 0xff, 0xb1, 0xe5, 0xff, 0xff,
    0x6b, 0x88, 0xab, 0xff, 0x23, 0x29, 0x4a, 0xff, 0x68, 0x86, 0xb5, 0xff, 0x97, 0xbf, 0xf8, 0xff,
    0xb4, 0xe0, 0xff, 0xff, 0xb0, 0xd7, 0xf3, 0xff, 0xc5, 0xe7, 0xf5, 0xff, 0xcf, 0xed, 0xfa, 0xff,
    0xca, 0xe7, 0xf8, 0xff, 0xc0, 0xe0, 0xf7, 0xff, 0xc1, 0xe5, 0xf6, 0xff, 0xbf, 0xe1, 0xf6, 0xff,
    0xcb, 0xee, 0xfd, 0xff, 0x78, 0x95, 0xbb, 0xff, 0xad, 0xcd, 0xe5, 0xff, 0xc5, 0xe7, 0xf9, 0xff,
    0xbd, 0xe0, 0xf4, 0xff, 0xce, 0xed, 0xf9, 0xff, 0xd3, 0xf0, 0xf8, 0xff, 0xd0, 0xef, 0xf8, 0xff,
    0xbc, 0xdf, 0xf3, 0xff, 0xb6, 0xda, 0xf3, 0xff, 0xaa, 0xd3, 0xf2, 0xff, 0xac, 0xda, 0xfd, 0xff,
    0xae, 0xdb, 0xfb, 0xff, 0x6e, 0x87, 0x9d, 0xff, 0x45, 0x51, 0x67, 0xff, 0x85, 0xa2, 0xc6, 0xff,
    0xb1, 0xdf, 0xff, 0xff, 0xaa, 0xd4, 0xf8, 0xff, 0xc1, 0xe5, 0xf8, 0xfe, 0xd7, 0xfa, 0xff, 0xf9,
    0x74, 0x82, 0x8b, 0xff, 0x0e, 0x0c, 0x0c, 0x6a, 0x00, 0x00, 0x00, 0x00, 0x00, 0x00, 0x00, 0x04,
    0x00, 0x00, 0x00, 0x00, 0x00, 0x00, 0x00, 0x00, 0x00, 0x00, 0x00, 0x00, 0x00, 0x00, 0x00, 0x00,
    0x00, 0x00, 0x00, 0x00, 0x00, 0x00, 0x00, 0x00, 0x00, 0x00, 0x00, 0x00, 0x00, 0x00, 0x00, 0x00,
    0x00, 0x00, 0x00, 0x01, 0xff, 0xff, 0xff, 0x01, 0x00, 0x00, 0x00, 0x0a, 0x39, 0x39, 0x3b, 0xa3,
    0x91, 0xb5, 0xce, 0xff, 0xbd, 0xec, 0xff, 0xfc, 0xd3, 0xf5, 0xfd, 0xff, 0x78, 0x94, 0xce, 0xff,
    0x57, 0x70, 0xa5, 0xff, 0x93, 0xba, 0xe4, 0xff, 0x5d, 0x76, 0x91, 0xff, 0x40, 0x4c, 0x7d, 0xff,
    0x83, 0xa1, 0xc1, 0xff, 0xb4, 0xe0, 0xff, 0xff, 0xb1, 0xdf, 0xff, 0xff, 0xaf, 0xd6, 0xf3, 0xff,
    0x99, 0xbf, 0xea, 0xff, 0x9f, 0xcc, 0xef, 0xff, 0xa5, 0xd1, 0xf4, 0xff, 0xa3, 0xd0, 0xf3, 0xff,
    0xac, 0xdb, 0xfc, 0xff, 0x6c, 0x8c, 0xbc, 0xff, 0x91, 0xba, 0xe0, 0xff, 0xa4, 0xd2, 0xf5, 0xff,
    0x9f, 0xcc, 0xf0, 0xff, 0xaa, 0xd6, 0xf1, 0xff, 0x9c, 0xc0, 0xef, 0xff, 0x9a, 0xc0, 0xed, 0xff,
    0xa9, 0xd6, 0xfb, 0xff, 0xa7, 0xd5, 0xfc, 0xff, 0xad, 0xda, 0xf9, 0xff, 0x8e, 0xb0, 0xc8, 0xff,
    0x40, 0x4b, 0x61, 0xff, 0x5c, 0x74, 0x96, 0xff, 0x9f, 0xcc, 0xf5, 0xff, 0x58, 0x6a, 0x9f, 0xff,
    0x57, 0x68, 0x94, 0xff, 0xd0, 0xf0, 0xff, 0xfe, 0xe4, 0xff, 0xff, 0xfe, 0x72, 0x80, 0x8d, 0xff,
    0x0f, 0x0f, 0x11, 0xa1, 0x66, 0x99, 0x66, 0x05, 0x00, 0x00, 0x00, 0x04, 0x00, 0x00, 0x00, 0x00,
    0x00, 0x00, 0x00, 0x00, 0x00, 0x00, 0x00, 0x00, 0x00, 0x00, 0x00, 0x00, 0x00, 0x00, 0x00, 0x00,
    0x00, 0x00, 0x00, 0x00, 0x00, 0x00, 0x00, 0x00, 0x00, 0x00, 0x00, 0x00, 0x00, 0x00, 0x00, 0x00,
    0x00, 0x00, 0x00, 0x00, 0x00, 0x00, 0x00, 0x02, 0x00, 0x00, 0x00, 0x00, 0x00, 0x00, 0x00, 0x03,
    0x30, 0x35, 0x39, 0x98, 0x7e, 0xa0, 0xba, 0xff, 0x70, 0x86, 0xd5, 0xfb, 0x60, 0x77, 0xc9, 0xfd,
    0xad, 0xd7, 0xfb, 0xff, 0xc3, 0xea, 0xfd, 0xff, 0xc9, 0xf1, 0xff, 0xff, 0xa5, 0xc1, 0xcf, 0xff,
    0x54, 0x60, 0x7b, 0xff, 0x64, 0x7f, 0xb2, 0xff, 0x6b, 0x89, 0xbc, 0xff, 0x96, 0xc3, 0xf2, 0xff,
    0xb6, 0xe9, 0xff, 0xff, 0xb1, 0xe1, 0xff, 0xff, 0xaa, 0xd8, 0xf9, 0xff, 0xab, 0xd8, 0xf8, 0xff,
    0xb4, 0xe2, 0xff, 0xff, 0x6a, 0x8c, 0xb9, 0xff, 0x92, 0xbc, 0xe1, 0xff, 0xab, 0xd9, 0xf9, 0xff,
    0xa7, 0xd3, 0xf4, 0xff, 0xa9, 0xd9, 0xfd, 0xff, 0xaa, 0xdc, 0xff, 0xff, 0xa5, 0xd6, 0xff, 0xff,
    0x83, 0xa4, 0xc5, 0xff, 0x7e, 0xa0, 0xc5, 0xff, 0x4d, 0x5d, 0x7d, 0xff, 0x4a, 0x5a, 0x79, 0xff,
    0x85, 0xa6, 0xca, 0xff, 0xc1, 0xeb, 0xff, 0xff, 0xbe, 0xe7, 0xfc, 0xff, 0xb5, 0xe3, 0xfd, 0xff,
    0x6d, 0x7e, 0xaf, 0xfd, 0x69, 0x7e, 0xb2, 0xff, 0x72, 0x8a, 0xa2, 0xfb, 0x22, 0x22, 0x34, 0x87,
    0x7f, 0xaa, 0xaa, 0x06, 0x00, 0x00, 0x00, 0x00, 0x00, 0x00, 0x00, 0x01, 0x00, 0x00, 0x00, 0x00,
    0x00, 0x00, 0x00, 0x00, 0x00, 0x00, 0x00, 0x00, 0x00, 0x00, 0x00, 0x00, 0x00, 0x00, 0x00, 0x00,
    0x00, 0x00, 0x00, 0x00, 0x00, 0x00, 0x00, 0x00, 0x00, 0x00, 0x00, 0x00, 0x00, 0x00, 0x00, 0x00,
    0x00, 0x00, 0x00, 0x00, 0x00, 0x00, 0x00, 0x00, 0x00, 0x00, 0x00, 0x02, 0xff, 0xff, 0xff, 0x01,
    0x00, 0x00, 0x7f, 0x02, 0x19, 0x16, 0x08, 0xbe, 0x21, 0x27, 0x6b, 0xff, 0xaf, 0xd5, 0xf9, 0xff,
    0xd5, 0xfa, 0xff, 0xfd, 0xc6, 0xe7, 0xf5, 0xfe, 0xc5, 0xe5, 0xf3, 0xff, 0xd6, 0xfa, 0xff, 0xff,
    0xc3, 0xe5, 0xfa, 0xff, 0x32, 0x39, 0x4d, 0xff, 0x4f, 0x62, 0x7c, 0xff, 0x48, 0x57, 0x79, 0xff,
    0x57, 0x67, 0x80, 0xff, 0x6a, 0x80, 0x99, 0xff, 0xa1, 0xcd, 0xeb, 0xff, 0x9e, 0xc8, 0xe7, 0xff,
    0xa8, 0xd2, 0xf0, 0xff, 0x66, 0x87, 0xb3, 0xff, 0x8a, 0xb3, 0xd8, 0xff, 0x9f, 0xca, 0xea, 0xff,
    0x9e, 0xc9, 0xea, 0xff, 0x81, 0xa3, 0xb8, 0xff, 0x4b, 0x5b, 0x77, 0xff, 0x4a, 0x5b, 0x73, 0xff,
    0x52, 0x66, 0x88, 0xff, 0x23, 0x28, 0x41, 0xff, 0x64, 0x7f, 0x9e, 0xff, 0xbd, 0xea, 0xff, 0xff,
    0xca, 0xef, 0xff, 0xff, 0xca, 0xeb, 0xf7, 0xfe, 0xc4, 0xe7, 0xf6, 0xfe, 0xd0, 0xf5, 0xff, 0xfb,
    0xce, 0xf7, 0xff, 0xff, 0x31, 0x36, 0x4a, 0xf7, 0x02, 0x04, 0x08, 0x75, 0x00, 0x00, 0x00, 0x00,
    0x00, 0x00, 0x00, 0x02, 0x00, 0x00, 0x00, 0x01, 0x00, 0x00, 0x00, 0x00, 0x00, 0x00, 0x00, 0x00,
    0x00, 0x00, 0x00, 0x00, 0x00, 0x00, 0x00, 0x00, 0x00, 0x00, 0x00, 0x00, 0x00, 0x00, 0x00, 0x00,
    0x00, 0x00, 0x00, 0x00, 0x00, 0x00, 0x00, 0x00, 0x00, 0x00, 0x00, 0x00, 0x00, 0x00, 0x00, 0x00,
    0x00, 0x00, 0x00, 0x00, 0x00, 0x00, 0x00, 0x00, 0x00, 0x00, 0x00, 0x00, 0x00, 0x00, 0x00, 0x02,
    0x00, 0x00, 0x00, 0x00, 0x46, 0x55, 0x46, 0x12, 0x27, 0x26, 0x25, 0xb3, 0x42, 0x45, 0x47, 0xdd,
    0x9d, 0xb5, 0xbf, 0xff, 0xda, 0xfe, 0xff, 0xff, 0xd6, 0xf9, 0xff, 0xfd, 0xce, 0xf0, 0xf6, 0xfd,
    0x75, 0x86, 0x9c, 0xff, 0x89, 0xa4, 0xc2, 0xff, 0xc1, 0xf3, 0xff, 0xff, 0x86, 0xa7, 0xc5, 0xff,
    0x87, 0xad, 0xc2, 0xff, 0x57, 0x6d, 0x84, 0xff, 0x46, 0x48, 0x50, 0xff, 0x5e, 0x66, 0x71, 0xff,
    0x5f, 0x69, 0x72, 0xff, 0x38, 0x3e, 0x56, 0xff, 0x50, 0x5a, 0x6b, 0xff, 0x5e, 0x6a, 0x77, 0xff,
    0x59, 0x63, 0x70, 0xff, 0x52, 0x61, 0x90, 0xff, 0x89, 0xa7, 0xbd, 0xff, 0x84, 0xa3, 0xc0, 0xff,
    0xb1, 0xe1, 0xff, 0xff, 0x8f, 0xb1, 0xd0, 0xff, 0x4e, 0x5a, 0x7d, 0xff, 0xc5, 0xe6, 0xf1, 0xff,
    0xd0, 0xf4, 0xff, 0xfd, 0xcf, 0xf4, 0xff, 0xff, 0xd5, 0xfb, 0xff, 0xff, 0xa5, 0xc0, 0xca, 0xff,
    0x49, 0x4e, 0x50, 0xed, 0x32, 0x32, 0x2f, 0x70, 0x00, 0x00, 0x00, 0x00, 0x3f, 0x3f, 0x3f, 0x04,
    0x00, 0x00, 0x00, 0x00, 0x00, 0x00, 0x00, 0x00, 0x00, 0x00, 0x00, 0x00, 0x00, 0x00, 0x00, 0x00,
    0x00, 0x00, 0x00, 0x00, 0x00, 0x00, 0x00, 0x00, 0x00, 0x00, 0x00, 0x00, 0x00, 0x00, 0x00, 0x00,
    0x00, 0x00, 0x00, 0x00, 0x00, 0x00, 0x00, 0x00, 0x00, 0x00, 0x00, 0x00, 0x00, 0x00, 0x00, 0x00,
    0x00, 0x00, 0x00, 0x00, 0x00, 0x00, 0x00, 0x00, 0x00, 0x00, 0x00, 0x00, 0x00, 0x00, 0x00, 0x00,
    0x00, 0x00, 0x00, 0x00, 0x00, 0x00, 0x00, 0x00, 0x00, 0x00, 0x00, 0x00, 0x00, 0x00, 0x00, 0x15,
    0x2a, 0x26, 0x27, 0xcd, 0x5d, 0x64, 0x67, 0xf4, 0x82, 0x92, 0x96, 0xff, 0xa9, 0xc5, 0xd0, 0xff,
    0x64, 0x72, 0x93, 0xfb, 0xec, 0xff, 0xff, 0xfd, 0xc9, 0xe7, 0xf1, 0xff, 0xc9, 0xf3, 0xff, 0xff,
    0xab, 0xcd, 0xdf, 0xff, 0x6b, 0x7b, 0x88, 0xff, 0xc5, 0xdc, 0xdd, 0xff, 0xd4, 0xf2, 0xf9, 0xff,
    0xd5, 0xf4, 0xfd, 0xff, 0x56, 0x5f, 0x91, 0xff, 0xae, 0xc5, 0xd6, 0xff, 0xd9, 0xf8, 0xfe, 0xff,
    0xd7, 0xf7, 0xfa, 0xff, 0x7a, 0x90, 0xdd, 0xff, 0x55, 0x70, 0xd2, 0xff, 0xc9, 0xf2, 0xff, 0xff,
    0xc1, 0xe2, 0xf3, 0xff, 0xda, 0xff, 0xff, 0xff, 0x7c, 0x90, 0xa5, 0xfd, 0x80, 0x92, 0xa2, 0xfa,
    0xd6, 0xed, 0xee, 0xff, 0x83, 0x94, 0x99, 0xff, 0x54, 0x5b, 0x5d, 0xe8, 0x2b, 0x2a, 0x2a, 0xa3,
    0x10, 0x08, 0x08, 0x3f, 0x00, 0x00, 0x00, 0x00, 0x00, 0x00, 0x00, 0x03, 0x00, 0x00, 0x00, 0x00,
    0x00, 0x00, 0x00, 0x00, 0x00, 0x00, 0x00, 0x00, 0x00, 0x00, 0x00, 0x00, 0x00, 0x00, 0x00, 0x00,
    0x00, 0x00, 0x00, 0x00, 0x00, 0x00, 0x00, 0x00, 0x00, 0x00, 0x00, 0x00, 0x00, 0x00, 0x00, 0x00,
    0x00, 0x00, 0x00, 0x00, 0x00, 0x00, 0x00, 0x00, 0x00, 0x00, 0x00, 0x00, 0x00, 0x00, 0x00, 0x00,
    0x00, 0x00, 0x00, 0x00, 0x00, 0x00, 0x00, 0x00, 0x00, 0x00, 0x00, 0x00, 0x00, 0x00, 0x00, 0x00,
    0x00, 0x00, 0x00, 0x00, 0x00, 0x00, 0x00, 0x01, 0x00, 0x00, 0x00, 0x01, 0x00, 0x00, 0x00, 0x00,
    0x6d, 0x6d, 0x6d, 0x0e, 0x00, 0x00, 0x00, 0x22, 0x1c, 0x16, 0x16, 0xbd, 0x2b, 0x2b, 0x2a, 0xe3,
    0x76, 0x83, 0x88, 0xff, 0xc1, 0xd9, 0xdc, 0xff, 0xe2, 0xff, 0xff, 0xfe, 0xe3, 0xff, 0xff, 0xff,
    0x50, 0x4e, 0x4e, 0xff, 0x96, 0xa7, 0xac, 0xff, 0xe0, 0xff, 0xff, 0xff, 0xd6, 0xf4, 0xf9, 0xff,
    0xa9, 0xcb, 0xf3, 0xff, 0x2a, 0x39, 0xb4, 0xff, 0xba, 0xd3, 0xe9, 0xff, 0xd7, 0xf7, 0xfe, 0xff,
    0xcf, 0xed, 0xf9, 0xff, 0xdb, 0xfc, 0xfe, 0xff, 0x5f, 0x6c, 0xb1, 0xff, 0xa0, 0xb7, 0xc5, 0xff,
    0xe4, 0xff, 0xff, 0xff, 0xd7, 0xfb, 0xff, 0xff, 0xaf, 0xcf, 0xd6, 0xff, 0x3f, 0x45, 0x48, 0xff,
    0x2b, 0x27, 0x27, 0xce, 0x1e, 0x1e, 0x1e, 0x6b, 0x00, 0x00, 0x00, 0x10, 0x00, 0x00, 0x00, 0x00,
    0x00, 0x00, 0x00, 0x00, 0x00, 0x00, 0x00, 0x03, 0x00, 0x00, 0x00, 0x00, 0x00, 0x00, 0x00, 0x00,
    0x00, 0x00, 0x00, 0x00, 0x00, 0x00, 0x00, 0x00, 0x00, 0x00, 0x00, 0x00, 0x00, 0x00, 0x00, 0x00,
    0x00, 0x00, 0x00, 0x00, 0x00, 0x00, 0x00, 0x00, 0x00, 0x00, 0x00, 0x00, 0x00, 0x00, 0x00, 0x00,
    0x00, 0x00, 0x00, 0x00, 0x00, 0x00, 0x00, 0x00, 0x00, 0x00, 0x00, 0x00, 0x00, 0x00, 0x00, 0x00,
    0x00, 0x00, 0x00, 0x00, 0x00, 0x00, 0x00, 0x00, 0x00, 0x00, 0x00, 0x00, 0x00, 0x00, 0x00, 0x00,
    0x00, 0x00, 0x00, 0x00, 0x00, 0x00, 0x00, 0x00, 0x00, 0x00, 0x00, 0x00, 0x00, 0x00, 0x00, 0x01,
    0x00, 0x00, 0x00, 0x00, 0x00, 0x00, 0x00, 0x00, 0x00, 0x00, 0x00, 0x00, 0x35, 0x2a, 0x2a, 0x18,
    0x1b, 0x15, 0x11, 0x82, 0x31, 0x30, 0x30, 0xd7, 0x60, 0x62, 0x62, 0xff, 0x3e, 0x40, 0x43, 0xff,
    0x6c, 0x74, 0x77, 0xff, 0xde, 0xf8, 0xfc, 0xff, 0xd0, 0xec, 0xf6, 0xff, 0xd4, 0xf2, 0xf9, 0xff,
    0xd4, 0xf1, 0xfc, 0xff, 0x54, 0x5e, 0x92, 0xff, 0xad, 0xc4, 0xd2, 0xff, 0xd9, 0xf8, 0xfd, 0xff,
    0xcf, 0xec, 0xf6, 0xff, 0xd4, 0xf1, 0xf9, 0xff, 0xd2, 0xed, 0xee, 0xff, 0x59, 0x5e, 0x66, 0xff,
    0x4f, 0x53, 0x53, 0xfc, 0x55, 0x5a, 0x5b, 0xfe, 0x23, 0x20, 0x1e, 0xba, 0x11, 0x0b, 0x09, 0x83,
    0x05, 0x0b, 0x0b, 0x2e, 0x00, 0x00, 0x00, 0x00, 0x00, 0x00, 0x00, 0x00, 0x00, 0x00, 0x00, 0x00,
    0x00, 0x00, 0x00, 0x03, 0x00, 0x00, 0x00, 0x00, 0x00, 0x00, 0x00, 0x00, 0x00, 0x00, 0x00, 0x00,
    0x00, 0x00, 0x00, 0x00, 0x00, 0x00, 0x00, 0x00, 0x00, 0x00, 0x00, 0x00, 0x00, 0x00, 0x00, 0x00,
    0x00, 0x00, 0x00, 0x00, 0x00, 0x00, 0x00, 0x00, 0x00, 0x00, 0x00, 0x00, 0x00, 0x00, 0x00, 0x00,
    0x00, 0x00, 0x00, 0x00, 0x00, 0x00, 0x00, 0x00, 0x00, 0x00, 0x00, 0x00, 0x00, 0x00, 0x00, 0x00,
    0x00, 0x00, 0x00, 0x00, 0x00, 0x00, 0x00, 0x00, 0x00, 0x00, 0x00, 0x00, 0x00, 0x00, 0x00, 0x00,
    0x00, 0x00, 0x00, 0x00, 0x00, 0x00, 0x00, 0x00, 0x00, 0x00, 0x00, 0x00, 0x00, 0x00, 0x00, 0x00,
    0x00, 0x00, 0x00, 0x01, 0x00, 0x00, 0x00, 0x01, 0x00, 0x00, 0x00, 0x01, 0x00, 0x00, 0x00, 0x00,
    0x00, 0x00, 0x00, 0x00, 0x3f, 0x38, 0x38, 0x24, 0x0f, 0x07, 0x03, 0x44, 0x07, 0x00, 0x00, 0x40,
    0x4b, 0x4c, 0x4d, 0xc1, 0x49, 0x4b, 0x49, 0xff, 0x43, 0x44, 0x44, 0xfc, 0x43, 0x44, 0x43, 0xff,
    0x4e, 0x4d, 0x49, 0xff, 0x30, 0x2b, 0x22, 0xff, 0x39, 0x36, 0x35, 0xff, 0x46, 0x44, 0x43, 0xff,
    0x43, 0x42, 0x41, 0xff, 0x3f, 0x3e, 0x3f, 0xfc, 0x47, 0x46, 0x46, 0xfd, 0x39, 0x35, 0x33, 0x8f,
    0x00, 0x00, 0x00, 0x32, 0x00, 0x00, 0x00, 0x36, 0x22, 0x22, 0x22, 0x0f, 0x00, 0x00, 0x00, 0x00,
    0x00, 0x00, 0x00, 0x00, 0x00, 0x00, 0x00, 0x03, 0x00, 0x00, 0x00, 0x01, 0x00, 0x00, 0x00, 0x01,
    0x00, 0x00, 0x00, 0x00, 0x00, 0x00, 0x00, 0x00, 0x00, 0x00, 0x00, 0x00, 0x00, 0x00, 0x00, 0x00,
    0x00, 0x00, 0x00, 0x00, 0x00, 0x00, 0x00, 0x00, 0x00, 0x00, 0x00, 0x00, 0x00, 0x00, 0x00, 0x00,
    0x00, 0x00, 0x00, 0x00, 0x00, 0x00, 0x00, 0x00, 0x00, 0x00, 0x00, 0x00, 0x00, 0x00, 0x00, 0x00,
    0x00, 0x00, 0x00, 0x00, 0x00, 0x00, 0x00, 0x00, 0x00, 0x00, 0x00, 0x00, 0x00, 0x00, 0x00, 0x00,
    0x00, 0x00, 0x00, 0x00, 0x00, 0x00, 0x00, 0x00, 0x00, 0x00, 0x00, 0x00, 0x00, 0x00, 0x00, 0x00,
    0x00, 0x00, 0x00, 0x00, 0x00, 0x00, 0x00, 0x00, 0x00, 0x00, 0x00, 0x00, 0x00, 0x00, 0x00, 0x00,
    0x00, 0x00, 0x00, 0x00, 0x00, 0x00, 0x00, 0x00, 0x00, 0x00, 0x00, 0x00, 0x00, 0x00, 0x00, 0x00,
    0x00, 0x00, 0x00, 0x00, 0x00, 0x00, 0x00, 0x00, 0x00, 0x00, 0x00, 0x00, 0x00, 0x00, 0x00, 0x00,
    0x00, 0x00, 0x00, 0x00, 0x00, 0x00, 0x00, 0x00, 0x00, 0x00, 0x00, 0x00, 0x00, 0x00, 0x00, 0x00,
    0x00, 0x00, 0x00, 0x00, 0x00, 0x00, 0x00, 0x00, 0x00, 0x00, 0x00, 0x00, 0x00, 0x00, 0x00, 0x00,
    0x00, 0x00, 0x00, 0x00, 0x00, 0x00, 0x00, 0x00, 0x00, 0x00, 0x00, 0x00, 0x00, 0x00, 0x00, 0x00,
    0x00, 0x00, 0x00, 0x00, 0x00, 0x00, 0x00, 0x00, 0x00, 0x00, 0x00, 0x00, 0x00, 0x00, 0x00, 0x00,
    0x00, 0x00, 0x00, 0x00, 0x00, 0x00, 0x00, 0x00, 0x00, 0x00, 0x00, 0x00, 0x00, 0x00, 0x00, 0x00,
    0x00, 0x00, 0x00, 0x00, 0x00, 0x00, 0x00, 0x00, 0x00, 0x00, 0x00, 0x00, 0x00, 0x00, 0x00, 0x00,
    0x00, 0x00, 0x00, 0x00, 0x00, 0x00, 0x00, 0x00, 0x00, 0x00, 0x00, 0x00, 0x00, 0x00, 0x00, 0x00,
    0x00, 0x00, 0x00, 0x00, 0x00, 0x00, 0x00, 0x00, 0x00, 0x00, 0x00, 0x00, 0x00, 0x00, 0x00, 0x00,
};

const lv_image_dsc_t yaogui_shell_belly = {
    .header.magic = LV_IMAGE_HEADER_MAGIC,
    .header.cf = LV_COLOR_FORMAT_ARGB8888,
    .header.flags = 0,
    .header.w = 52,
    .header.h = 64,
    .header.stride = 208,
    .data_size = 13312,
    .data = yaogui_shell_belly_map,
};
